key,reason,sequence_hash
PQ271605.1,should_have_merged_bug,ee59282e8491d88e34bf3c1bd2f235f6
PQ271604.1,should_have_merged_bug,ee59282e8491d88e34bf3c1bd2f235f6
PQ271603.1,should_have_merged_bug,ee59282e8491d88e34bf3c1bd2f235f6
PQ271602.1,should_have_merged_bug,ee59282e8491d88e34bf3c1bd2f235f6
PQ271601.1,should_have_merged_bug,ee59282e8491d88e34bf3c1bd2f235f6
PQ271600.1,should_have_merged_bug,ee59282e8491d88e34bf3c1bd2f235f6
PQ271599.1,should_have_merged_bug,ee59282e8491d88e34bf3c1bd2f235f6
PQ271598.1,should_have_merged_bug,ee59282e8491d88e34bf3c1bd2f235f6
PQ271597.1,should_have_merged_bug,ee59282e8491d88e34bf3c1bd2f235f6
PQ271596.1,should_have_merged_bug,ee59282e8491d88e34bf3c1bd2f235f6
PQ271595.1,should_have_merged_bug,ee59282e8491d88e34bf3c1bd2f235f6
PQ271594.1,should_have_merged_bug,ee59282e8491d88e34bf3c1bd2f235f6
PQ271593.1,should_have_merged_bug,ee59282e8491d88e34bf3c1bd2f235f6
OR248642.1,should_have_merged_bug,b4ec3de549a94545d3f7d3b696274454
OR248641.1,should_have_merged_bug,b4ec3de549a94545d3f7d3b696274454
OR248640.1,should_have_merged_bug,b4ec3de549a94545d3f7d3b696274454
OR248639.1,should_have_merged_bug,b4ec3de549a94545d3f7d3b696274454
OR248638.1,should_have_merged_bug,b4ec3de549a94545d3f7d3b696274454
OR248637.1,should_have_merged_bug,b4ec3de549a94545d3f7d3b696274454
OR248636.1,should_have_merged_bug,b4ec3de549a94545d3f7d3b696274454
OR248633.1,should_have_merged_bug,4e9d78f54f7a6039e15f4504e1096697
OR248632.1,should_have_merged_bug,4e9d78f54f7a6039e15f4504e1096697
OR248631.1,should_have_merged_bug,4e9d78f54f7a6039e15f4504e1096697
OR248630.1,should_have_merged_bug,4e9d78f54f7a6039e15f4504e1096697
OR248629.1,should_have_merged_bug,4e9d78f54f7a6039e15f4504e1096697
OR248626.1,should_have_merged_bug,e6414eb3e2a29014cda03f3a919a55cf
OR248625.1,should_have_merged_bug,e6414eb3e2a29014cda03f3a919a55cf
OR248624.1,should_have_merged_bug,e6414eb3e2a29014cda03f3a919a55cf
OR248623.1,should_have_merged_bug,e6414eb3e2a29014cda03f3a919a55cf
OR248622.1,should_have_merged_bug,e6414eb3e2a29014cda03f3a919a55cf
OR248619.1,should_have_merged_bug,a92dcf77f491f04e723f49fdae37dba3
OR248618.1,should_have_merged_bug,a92dcf77f491f04e723f49fdae37dba3
OR248617.1,should_have_merged_bug,a92dcf77f491f04e723f49fdae37dba3
OR248616.1,should_have_merged_bug,a92dcf77f491f04e723f49fdae37dba3
OR248615.1,should_have_merged_bug,a92dcf77f491f04e723f49fdae37dba3
OR248614.1,should_have_merged_bug,a92dcf77f491f04e723f49fdae37dba3
OR248613.1,should_have_merged_bug,a92dcf77f491f04e723f49fdae37dba3
OR248612.1,should_have_merged_bug,a92dcf77f491f04e723f49fdae37dba3
OR248609.1,should_have_merged_bug,c5a463ad958b28acfc55192e859f1aa7
OR248608.1,should_have_merged_bug,c5a463ad958b28acfc55192e859f1aa7
OR248607.1,should_have_merged_bug,c5a463ad958b28acfc55192e859f1aa7
OR248606.1,should_have_merged_bug,c5a463ad958b28acfc55192e859f1aa7
OR248605.1,should_have_merged_bug,c5a463ad958b28acfc55192e859f1aa7
OR248604.1,should_have_merged_bug,c5a463ad958b28acfc55192e859f1aa7
OR248603.1,should_have_merged_bug,c5a463ad958b28acfc55192e859f1aa7
OR248602.1,should_have_merged_bug,c5a463ad958b28acfc55192e859f1aa7
OR248595.1,should_have_merged_bug,f0ab0abf0a957a3c7b3a7d608cbe647f
OR248594.1,should_have_merged_bug,f0ab0abf0a957a3c7b3a7d608cbe647f
OR248591.1,should_have_merged_bug,af54fd8e9f85df5e126177ac0f1b96ef
OR248588.1,should_have_merged_bug,a7ec49b20fb3cdeacd3c31a2509a0606
OR248586.1,should_have_merged_bug,a7ec49b20fb3cdeacd3c31a2509a0606
OR248584.1,should_have_merged_bug,d361c215ffab33b0d54774a26c7d207a
OR248580.1,should_have_merged_bug,a32a16fa0294c126cfbd56556a2b9251
OR248579.1,should_have_merged_bug,a32a16fa0294c126cfbd56556a2b9251
OR248576.1,should_have_merged_bug,324e15249715a0552464dcbdb7ddbfcb
OR248575.1,should_have_merged_bug,324e15249715a0552464dcbdb7ddbfcb
MW460265.1,should_have_merged_bug,090c7305876ad3b89cba0b58a8348abb
MW460264.1,should_have_merged_bug,090c7305876ad3b89cba0b58a8348abb
MW460263.1,should_have_merged_bug,090c7305876ad3b89cba0b58a8348abb
MW460260.1,should_have_merged_bug,6de791c129753c9c75570ea57aa3ca06
MW460259.1,should_have_merged_bug,53d2c454374fc51c251305c8a5302b6b
MW460258.1,should_have_merged_bug,6de791c129753c9c75570ea57aa3ca06
MW460257.1,should_have_merged_bug,53d2c454374fc51c251305c8a5302b6b
MQ190613.1,should_have_merged_bug,a691a10e679cf222f101546816e6cd2e
MQ190596.1,should_have_merged_bug,a691a10e679cf222f101546816e6cd2e
MQ190594.1,should_have_merged_bug,490110cf3ea23c4310fa053e286278e0
PA267584.1,should_have_merged_bug,41f1eef86b36f76f0283ec3eb5b1d16a
PA267583.1,should_have_merged_bug,f546e226eb136de2406fac57d2980eb9
PA267582.1,should_have_merged_bug,4e41c89f4d8095c21e7abb94ff4cce90
PA267581.1,should_have_merged_bug,977ef74efdbfe8338ef30956fc0f08f8
PA267580.1,should_have_merged_bug,111005f05e7aa07258fc6ce7994b25be
PA267579.1,should_have_merged_bug,8261b72d273f6809904434b70a8593f5
PA267574.1,should_have_merged_bug,9da3f6af1ebecbd56a4e2dd19349d98c
PA267573.1,should_have_merged_bug,2d17f81e99678e4d81fb132aea541d0b
PA267571.1,should_have_merged_bug,a691a10e679cf222f101546816e6cd2e
PA267570.1,should_have_merged_bug,490110cf3ea23c4310fa053e286278e0
MD388851.1,should_have_merged_bug,a691a10e679cf222f101546816e6cd2e
MD388850.1,should_have_merged_bug,490110cf3ea23c4310fa053e286278e0
MD388849.1,should_have_merged_bug,41f1eef86b36f76f0283ec3eb5b1d16a
MD388848.1,should_have_merged_bug,f546e226eb136de2406fac57d2980eb9
MD388847.1,should_have_merged_bug,4e41c89f4d8095c21e7abb94ff4cce90
MD388846.1,should_have_merged_bug,977ef74efdbfe8338ef30956fc0f08f8
MD388845.1,should_have_merged_bug,111005f05e7aa07258fc6ce7994b25be
MD388844.1,should_have_merged_bug,8261b72d273f6809904434b70a8593f5
MD388843.1,should_have_merged_bug,a691a10e679cf222f101546816e6cd2e
MD388842.1,should_have_merged_bug,490110cf3ea23c4310fa053e286278e0
MD388837.1,should_have_merged_bug,9da3f6af1ebecbd56a4e2dd19349d98c
MD388836.1,should_have_merged_bug,2d17f81e99678e4d81fb132aea541d0b
MN862651.1,should_have_merged_bug,ad1fb342a53db8dccf23aae0d1e5b1ca
MN862650.1,should_have_merged_bug,ad1fb342a53db8dccf23aae0d1e5b1ca
MN862649.1,should_have_merged_bug,ad1fb342a53db8dccf23aae0d1e5b1ca
MN862648.1,should_have_merged_bug,ad1fb342a53db8dccf23aae0d1e5b1ca
MN862647.1,should_have_merged_bug,ad1fb342a53db8dccf23aae0d1e5b1ca
MB126322.1,should_have_merged_bug,41f1eef86b36f76f0283ec3eb5b1d16a
MB126321.1,should_have_merged_bug,f546e226eb136de2406fac57d2980eb9
MG784338.1,should_have_merged_bug,012b69b94b679ac6a0be9457a0045c50
MG784337.1,should_have_merged_bug,012b69b94b679ac6a0be9457a0045c50
MG784336.1,should_have_merged_bug,a9620fa6e9306e74074e799c8fe2e705
MG784335.1,should_have_merged_bug,012b69b94b679ac6a0be9457a0045c50
MG784334.1,should_have_merged_bug,012b69b94b679ac6a0be9457a0045c50
MG784332.1,should_have_merged_bug,012b69b94b679ac6a0be9457a0045c50
MG784331.1,should_have_merged_bug,012b69b94b679ac6a0be9457a0045c50
MG784330.1,should_have_merged_bug,012b69b94b679ac6a0be9457a0045c50
MG784329.1,should_have_merged_bug,012b69b94b679ac6a0be9457a0045c50
MG784328.1,should_have_merged_bug,012b69b94b679ac6a0be9457a0045c50
MG784327.1,should_have_merged_bug,012b69b94b679ac6a0be9457a0045c50
MG784326.1,should_have_merged_bug,012b69b94b679ac6a0be9457a0045c50
MG784325.1,should_have_merged_bug,012b69b94b679ac6a0be9457a0045c50
MG784324.1,should_have_merged_bug,012b69b94b679ac6a0be9457a0045c50
MG784323.1,should_have_merged_bug,012b69b94b679ac6a0be9457a0045c50
MG784321.1,should_have_merged_bug,090c7305876ad3b89cba0b58a8348abb
MG784320.1,should_have_merged_bug,090c7305876ad3b89cba0b58a8348abb
MG784319.1,should_have_merged_bug,090c7305876ad3b89cba0b58a8348abb
MG784318.1,should_have_merged_bug,090c7305876ad3b89cba0b58a8348abb
MG755070.1,should_have_merged_bug,6de791c129753c9c75570ea57aa3ca06
MG755069.1,should_have_merged_bug,6de791c129753c9c75570ea57aa3ca06
MG755066.1,should_have_merged_bug,e922213fe7bad99fb372dbab3b510564
MG755065.1,should_have_merged_bug,e922213fe7bad99fb372dbab3b510564
MG755064.1,should_have_merged_bug,6de791c129753c9c75570ea57aa3ca06
MG755063.1,should_have_merged_bug,6de791c129753c9c75570ea57aa3ca06
MG755062.1,should_have_merged_bug,6de791c129753c9c75570ea57aa3ca06
MG755061.1,should_have_merged_bug,6de791c129753c9c75570ea57aa3ca06
MG755060.1,should_have_merged_bug,6de791c129753c9c75570ea57aa3ca06
MG755058.1,should_have_merged_bug,e922213fe7bad99fb372dbab3b510564
MG755057.1,should_have_merged_bug,e922213fe7bad99fb372dbab3b510564
MG755056.1,should_have_merged_bug,e922213fe7bad99fb372dbab3b510564
MG755055.1,should_have_merged_bug,e922213fe7bad99fb372dbab3b510564
MG755054.1,should_have_merged_bug,e922213fe7bad99fb372dbab3b510564
MG755053.1,should_have_merged_bug,e922213fe7bad99fb372dbab3b510564
MG755052.1,should_have_merged_bug,e922213fe7bad99fb372dbab3b510564
MG755050.1,should_have_merged_bug,53d2c454374fc51c251305c8a5302b6b
MG755049.1,should_have_merged_bug,53d2c454374fc51c251305c8a5302b6b
MG755048.1,should_have_merged_bug,53d2c454374fc51c251305c8a5302b6b
MG755047.1,should_have_merged_bug,53d2c454374fc51c251305c8a5302b6b
GeneID:110716514,should_have_merged_bug,a2fb3fb6e48dec0b280774af30c0657c
GeneID:110714703,should_have_merged_bug,8cb2f5bdd5b8399fe00a3d87b0de0ef9
GeneID:110714383,should_have_merged_bug,a2fb3fb6e48dec0b280774af30c0657c
GeneID:110712516,should_have_merged_bug,c8c708fe3ba480e834ca1cd7e47c5fa8
GeneID:110712307,should_have_merged_bug,492fa356476c6df90630106331d98449
GeneID:110711638,should_have_merged_bug,63802ebf00fcc2665c8bafc1c22bb12b
GeneID:110709572,should_have_merged_bug,e21568ddf59dcc400a8e2bab4f6e5711
GeneID:110708280,should_have_merged_bug,6021077ad7446a1fd23e3b9273bdaad9
GeneID:110704286,should_have_merged_bug,7df547f0c6d5c81ac2b53d3bdc6fafc6
GeneID:110703787,should_have_merged_bug,e5f931c8d2b8bbcca9ffdd58e86c6acf
GeneID:110703706,should_have_merged_bug,19a06121e2f1191f87bc7b99e3deb62e
XM_021880481.1,should_have_merged_bug,8cb2f5bdd5b8399fe00a3d87b0de0ef9
GeneID:110702328,should_have_merged_bug,eb8cadb5c704d1663e3fbbbde6ce5211
GeneID:110702226,should_have_merged_bug,3ff4cfa969998fba083d6bf87dee0a18
GeneID:110698931,should_have_merged_bug,99917c83517d593021dd94d58a1cb787
GeneID:110698847,should_have_merged_bug,2e78226321b17a8fd750b99ca48fedc1
GeneID:110698348,should_have_merged_bug,5fe80f5f453ebfbe233d830ad5638cff
GeneID:110698347,should_have_merged_bug,4ee8047a6f8359da1be27f153260f886
WXH74587.1,should_have_merged_bug,353d06a42e0055c5c0e52343d0d825e2
WXH74586.1,should_have_merged_bug,3c48aad9cbd9ecf5622fce318055305d
WXH74585.1,should_have_merged_bug,0fa92bc2c1e9998053925620b8df6317
WXH74520.1,should_have_merged_bug,4ad8e8bc37098c383e2da5337bcc062e
WXH74429.1,should_have_merged_bug,0fa92bc2c1e9998053925620b8df6317
WXH74428.1,should_have_merged_bug,3c48aad9cbd9ecf5622fce318055305d
WXH74427.1,should_have_merged_bug,353d06a42e0055c5c0e52343d0d825e2
WXH74424.1,should_have_merged_bug,11da34f9045ae010e9afe3fa0dd9f641
WXH74423.1,should_have_merged_bug,80c60ceedd0a7e632b3b87b6bdc9f5da
WXH74422.1,should_have_merged_bug,9be22daf1b32efff4aa334e444eaa71a
WXH74419.1,should_have_merged_bug,970fe0eb427721cae83f2d983ea78016
WXH74413.1,should_have_merged_bug,353d06a42e0055c5c0e52343d0d825e2
WXH74412.1,should_have_merged_bug,3c48aad9cbd9ecf5622fce318055305d
WXH74411.1,should_have_merged_bug,0fa92bc2c1e9998053925620b8df6317
WXH74405.1,should_have_merged_bug,2a19b95f974fba94baeba5aaacc9e04a
WXH74404.1,should_have_merged_bug,399cd951e228ec57b0a031da14216f3d
WXH74399.1,should_have_merged_bug,108c3ba13e5817b53c6d761cdff28cc2
WXH74397.1,should_have_merged_bug,484ff9e50d320581688fb375591aa5cc
WXH74396.1,should_have_merged_bug,aba2a715a9d860af8c9e5d0e058528f6
WXH74392.1,should_have_merged_bug,0607a4731442f08842b6d66e9ef7acbf
WXH74391.1,should_have_merged_bug,425f065337cfd0dd55e29b9d8df55f1c
WXH74390.1,should_have_merged_bug,4ad8e8bc37098c383e2da5337bcc062e
WXH74388.1,should_have_merged_bug,359eb1d1f0568b5a86ab449e83ff29ae
WXH74387.1,should_have_merged_bug,cb969fb89bf9e75bb31c94dd45265692
WXH74383.1,should_have_merged_bug,1e9bcc81ad606818b9d199dc7a0e0d50
WXH74374.1,should_have_merged_bug,cbd70d2afccd8936057fbe60fa050177
WXH74373.1,should_have_merged_bug,d7e912310a936cafe8630eeb7146d1cf
WXH74371.1,should_have_merged_bug,8afdfcac68d714460a9864f1ae80b5ee
WXH74370.1,should_have_merged_bug,fa67c89aa7291df47d31ddbd5a9fe0a7
WXH74369.1,should_have_merged_bug,8b9302905600bc67e2c57badba8ee1f9
WXH74367.1,should_have_merged_bug,1e88ee1fe22f92376957f80f9f24786a
WXH74366.1,should_have_merged_bug,6233af294bd9fb19c448e7cdaa7ddbec
WXH74365.1,should_have_merged_bug,8542cba8de2c8fdf50094552d9002328
WXH74364.1,should_have_merged_bug,1b0b60f1203d70b4dde734d5199723c9
WXH74363.1,should_have_merged_bug,38c8536bb9efe8e55a49ace60a96ac6a
WXH74362.1,should_have_merged_bug,88f8e32b61d315c809c8c30dafe94c1a
WXH74358.1,should_have_merged_bug,5bc9791b87d98b2a85f28000b7a1412c
WXH74356.1,should_have_merged_bug,f404498e4476ead125c9c949eedad5dc
WXH74355.1,should_have_merged_bug,0fa8d15b8a1de2b9cf586bc3c9d13bdd
WXH74354.1,should_have_merged_bug,70210b53947ab3b4782b1f4f29926949
WXH74352.1,should_have_merged_bug,94454f579817d4353dd371bf62983515
WXH74350.1,should_have_merged_bug,df9adbd395e7a6189dd250de5eb9914b
WXH74349.1,should_have_merged_bug,8cef2557e77b36eaaffaa7b72d652191
WXH74346.1,should_have_merged_bug,4ad8e8bc37098c383e2da5337bcc062e
WXH74342.1,should_have_merged_bug,0fa92bc2c1e9998053925620b8df6317
WXH74341.1,should_have_merged_bug,3c48aad9cbd9ecf5622fce318055305d
WXH74337.1,should_have_merged_bug,11da34f9045ae010e9afe3fa0dd9f641
WXH74336.1,should_have_merged_bug,80c60ceedd0a7e632b3b87b6bdc9f5da
WXH74335.1,should_have_merged_bug,9be22daf1b32efff4aa334e444eaa71a
WXH74334.1,should_have_merged_bug,7ccbf0d12c514e18562b7eab0463d343
WXH74332.1,should_have_merged_bug,970fe0eb427721cae83f2d983ea78016
WXH74331.1,should_have_merged_bug,8df22fd054c9e7c1f6b030deb0af0c9a
WXH74330.1,should_have_merged_bug,84ea45de54dab1be070cbdfe27692b61
WXH74325.1,should_have_merged_bug,3c48aad9cbd9ecf5622fce318055305d
WXH74324.1,should_have_merged_bug,0fa92bc2c1e9998053925620b8df6317
WXH74319.1,should_have_merged_bug,f30d11aa8dcc2aca124b9d60d728a556
WXH74318.1,should_have_merged_bug,2a19b95f974fba94baeba5aaacc9e04a
WXH74317.1,should_have_merged_bug,399cd951e228ec57b0a031da14216f3d
WXH74312.1,should_have_merged_bug,108c3ba13e5817b53c6d761cdff28cc2
WXH74310.1,should_have_merged_bug,484ff9e50d320581688fb375591aa5cc
WXH74309.1,should_have_merged_bug,aba2a715a9d860af8c9e5d0e058528f6
WXH74305.1,should_have_merged_bug,0607a4731442f08842b6d66e9ef7acbf
WXH74304.1,should_have_merged_bug,425f065337cfd0dd55e29b9d8df55f1c
WXH74303.1,should_have_merged_bug,4ad8e8bc37098c383e2da5337bcc062e
WXH74301.1,should_have_merged_bug,359eb1d1f0568b5a86ab449e83ff29ae
WXH74300.1,should_have_merged_bug,cb969fb89bf9e75bb31c94dd45265692
WXH74296.1,should_have_merged_bug,1e9bcc81ad606818b9d199dc7a0e0d50
WXH74291.1,should_have_merged_bug,71d909524d847a57c4f32d487fc52598
WXH74287.1,should_have_merged_bug,cbd70d2afccd8936057fbe60fa050177
WXH74286.1,should_have_merged_bug,d7e912310a936cafe8630eeb7146d1cf
WXH74285.1,should_have_merged_bug,1840573e52bdbad2b2e1e4ec370a95bd
WXH74284.1,should_have_merged_bug,8afdfcac68d714460a9864f1ae80b5ee
WXH74283.1,should_have_merged_bug,fa67c89aa7291df47d31ddbd5a9fe0a7
WXH74282.1,should_have_merged_bug,8b9302905600bc67e2c57badba8ee1f9
WXH74280.1,should_have_merged_bug,1e88ee1fe22f92376957f80f9f24786a
WXH74279.1,should_have_merged_bug,6233af294bd9fb19c448e7cdaa7ddbec
WXH74278.1,should_have_merged_bug,8542cba8de2c8fdf50094552d9002328
WXH74277.1,should_have_merged_bug,1b0b60f1203d70b4dde734d5199723c9
WXH74276.1,should_have_merged_bug,38c8536bb9efe8e55a49ace60a96ac6a
WXH74275.1,should_have_merged_bug,88f8e32b61d315c809c8c30dafe94c1a
WXH74272.1,should_have_merged_bug,a4279acba60a6e33db5b26c5e45f7d7d
WXH74271.1,should_have_merged_bug,5bc9791b87d98b2a85f28000b7a1412c
WXH74269.1,should_have_merged_bug,f404498e4476ead125c9c949eedad5dc
WXH74268.1,should_have_merged_bug,0fa8d15b8a1de2b9cf586bc3c9d13bdd
WXH74267.1,should_have_merged_bug,70210b53947ab3b4782b1f4f29926949
WXH74265.1,should_have_merged_bug,94454f579817d4353dd371bf62983515
WXH74263.1,should_have_merged_bug,df9adbd395e7a6189dd250de5eb9914b
WXH74262.1,should_have_merged_bug,8cef2557e77b36eaaffaa7b72d652191
WXH74261.1,should_have_merged_bug,ecc6d2e0eb1be519f83f5b129eca4619
WXH74259.1,should_have_merged_bug,4ad8e8bc37098c383e2da5337bcc062e
WXH74255.1,should_have_merged_bug,0fa92bc2c1e9998053925620b8df6317
WXH74254.1,should_have_merged_bug,3c48aad9cbd9ecf5622fce318055305d
WXH74253.1,should_have_merged_bug,353d06a42e0055c5c0e52343d0d825e2
WXH74250.1,should_have_merged_bug,11da34f9045ae010e9afe3fa0dd9f641
WXH74249.1,should_have_merged_bug,80c60ceedd0a7e632b3b87b6bdc9f5da
WXH74248.1,should_have_merged_bug,9be22daf1b32efff4aa334e444eaa71a
WXH74247.1,should_have_merged_bug,baf5fa04af56ebb543dfd7bb08ab4161
WXH74245.1,should_have_merged_bug,970fe0eb427721cae83f2d983ea78016
WXH74244.1,should_have_merged_bug,06e1e1781412103fb9628ed3c56701f8
WXH74243.1,should_have_merged_bug,cef996439f1421acf9e93435bfec07ac
WXH74239.1,should_have_merged_bug,353d06a42e0055c5c0e52343d0d825e2
WXH74238.1,should_have_merged_bug,3c48aad9cbd9ecf5622fce318055305d
WXH74237.1,should_have_merged_bug,0fa92bc2c1e9998053925620b8df6317
WXH74232.1,should_have_merged_bug,15b2343718619fa554e556bb9fef0339
WXH74231.1,should_have_merged_bug,2a19b95f974fba94baeba5aaacc9e04a
WXH74230.1,should_have_merged_bug,399cd951e228ec57b0a031da14216f3d
WXH74225.1,should_have_merged_bug,108c3ba13e5817b53c6d761cdff28cc2
WXH74223.1,should_have_merged_bug,484ff9e50d320581688fb375591aa5cc
WXH74222.1,should_have_merged_bug,aba2a715a9d860af8c9e5d0e058528f6
WXH74218.1,should_have_merged_bug,0607a4731442f08842b6d66e9ef7acbf
WXH74217.1,should_have_merged_bug,425f065337cfd0dd55e29b9d8df55f1c
WXH74216.1,should_have_merged_bug,4ad8e8bc37098c383e2da5337bcc062e
WXH74214.1,should_have_merged_bug,359eb1d1f0568b5a86ab449e83ff29ae
WXH74213.1,should_have_merged_bug,cb969fb89bf9e75bb31c94dd45265692
WXH74209.1,should_have_merged_bug,1e9bcc81ad606818b9d199dc7a0e0d50
WXH74204.1,should_have_merged_bug,161c600292ef7c69aec15b117d249b4b
WXH74200.1,should_have_merged_bug,cbd70d2afccd8936057fbe60fa050177
WXH74199.1,should_have_merged_bug,d7e912310a936cafe8630eeb7146d1cf
WXH74198.1,should_have_merged_bug,70f1867d4d9f543fc7211f79d6614196
WXH74197.1,should_have_merged_bug,8afdfcac68d714460a9864f1ae80b5ee
WXH74196.1,should_have_merged_bug,fa67c89aa7291df47d31ddbd5a9fe0a7
WXH74195.1,should_have_merged_bug,8b9302905600bc67e2c57badba8ee1f9
WXH74193.1,should_have_merged_bug,1e88ee1fe22f92376957f80f9f24786a
WXH74192.1,should_have_merged_bug,6233af294bd9fb19c448e7cdaa7ddbec
WXH74191.1,should_have_merged_bug,8542cba8de2c8fdf50094552d9002328
WXH74190.1,should_have_merged_bug,1b0b60f1203d70b4dde734d5199723c9
WXH74189.1,should_have_merged_bug,38c8536bb9efe8e55a49ace60a96ac6a
WXH74188.1,should_have_merged_bug,88f8e32b61d315c809c8c30dafe94c1a
WXH74185.1,should_have_merged_bug,8e033be43cbbf9185302237d29384278
WXH74184.1,should_have_merged_bug,5bc9791b87d98b2a85f28000b7a1412c
WXH74182.1,should_have_merged_bug,f404498e4476ead125c9c949eedad5dc
WXH74181.1,should_have_merged_bug,0fa8d15b8a1de2b9cf586bc3c9d13bdd
WXH74180.1,should_have_merged_bug,70210b53947ab3b4782b1f4f29926949
WXH74178.1,should_have_merged_bug,94454f579817d4353dd371bf62983515
WXH74176.1,should_have_merged_bug,df9adbd395e7a6189dd250de5eb9914b
WXH74175.1,should_have_merged_bug,8cef2557e77b36eaaffaa7b72d652191
WXH74174.1,should_have_merged_bug,4c09b7d330a63a8e77c5ee220bf094d8
WXH74172.1,should_have_merged_bug,4ad8e8bc37098c383e2da5337bcc062e
WXH74168.1,should_have_merged_bug,0fa92bc2c1e9998053925620b8df6317
WXH74167.1,should_have_merged_bug,3c48aad9cbd9ecf5622fce318055305d
WXH74166.1,should_have_merged_bug,353d06a42e0055c5c0e52343d0d825e2
WXH74163.1,should_have_merged_bug,11da34f9045ae010e9afe3fa0dd9f641
WXH74162.1,should_have_merged_bug,80c60ceedd0a7e632b3b87b6bdc9f5da
WXH74161.1,should_have_merged_bug,9be22daf1b32efff4aa334e444eaa71a
WXH74160.1,should_have_merged_bug,7ccbf0d12c514e18562b7eab0463d343
WXH74158.1,should_have_merged_bug,970fe0eb427721cae83f2d983ea78016
WXH74157.1,should_have_merged_bug,8df22fd054c9e7c1f6b030deb0af0c9a
WXH74156.1,should_have_merged_bug,84ea45de54dab1be070cbdfe27692b61
WXH74152.1,should_have_merged_bug,353d06a42e0055c5c0e52343d0d825e2
WXH74151.1,should_have_merged_bug,3c48aad9cbd9ecf5622fce318055305d
WXH74150.1,should_have_merged_bug,0fa92bc2c1e9998053925620b8df6317
WXH74145.1,should_have_merged_bug,f30d11aa8dcc2aca124b9d60d728a556
WXH74144.1,should_have_merged_bug,2a19b95f974fba94baeba5aaacc9e04a
WXH74143.1,should_have_merged_bug,399cd951e228ec57b0a031da14216f3d
WXH74138.1,should_have_merged_bug,108c3ba13e5817b53c6d761cdff28cc2
WXH74136.1,should_have_merged_bug,484ff9e50d320581688fb375591aa5cc
WXH74135.1,should_have_merged_bug,aba2a715a9d860af8c9e5d0e058528f6
WXH74131.1,should_have_merged_bug,0607a4731442f08842b6d66e9ef7acbf
WXH74130.1,should_have_merged_bug,425f065337cfd0dd55e29b9d8df55f1c
WXH74129.1,should_have_merged_bug,4ad8e8bc37098c383e2da5337bcc062e
WXH74127.1,should_have_merged_bug,359eb1d1f0568b5a86ab449e83ff29ae
WXH74126.1,should_have_merged_bug,cb969fb89bf9e75bb31c94dd45265692
WXH74122.1,should_have_merged_bug,1e9bcc81ad606818b9d199dc7a0e0d50
WXH74117.1,should_have_merged_bug,71d909524d847a57c4f32d487fc52598
WXH74113.1,should_have_merged_bug,cbd70d2afccd8936057fbe60fa050177
WXH74112.1,should_have_merged_bug,d7e912310a936cafe8630eeb7146d1cf
WXH74111.1,should_have_merged_bug,1840573e52bdbad2b2e1e4ec370a95bd
WXH74110.1,should_have_merged_bug,8afdfcac68d714460a9864f1ae80b5ee
WXH74109.1,should_have_merged_bug,fa67c89aa7291df47d31ddbd5a9fe0a7
WXH74108.1,should_have_merged_bug,8b9302905600bc67e2c57badba8ee1f9
WXH74106.1,should_have_merged_bug,1e88ee1fe22f92376957f80f9f24786a
WXH74105.1,should_have_merged_bug,6233af294bd9fb19c448e7cdaa7ddbec
WXH74104.1,should_have_merged_bug,8542cba8de2c8fdf50094552d9002328
WXH74103.1,should_have_merged_bug,1b0b60f1203d70b4dde734d5199723c9
WXH74102.1,should_have_merged_bug,38c8536bb9efe8e55a49ace60a96ac6a
WXH74101.1,should_have_merged_bug,88f8e32b61d315c809c8c30dafe94c1a
WXH74098.1,should_have_merged_bug,a4279acba60a6e33db5b26c5e45f7d7d
WXH74097.1,should_have_merged_bug,5bc9791b87d98b2a85f28000b7a1412c
WXH74095.1,should_have_merged_bug,f404498e4476ead125c9c949eedad5dc
WXH74094.1,should_have_merged_bug,0fa8d15b8a1de2b9cf586bc3c9d13bdd
WXH74093.1,should_have_merged_bug,70210b53947ab3b4782b1f4f29926949
WXH74091.1,should_have_merged_bug,94454f579817d4353dd371bf62983515
WXH74089.1,should_have_merged_bug,df9adbd395e7a6189dd250de5eb9914b
WXH74088.1,should_have_merged_bug,8cef2557e77b36eaaffaa7b72d652191
WXH74087.1,should_have_merged_bug,ecc6d2e0eb1be519f83f5b129eca4619
WXH74085.1,should_have_merged_bug,4ad8e8bc37098c383e2da5337bcc062e
WXH74081.1,should_have_merged_bug,0fa92bc2c1e9998053925620b8df6317
WXH74080.1,should_have_merged_bug,3c48aad9cbd9ecf5622fce318055305d
WXH74079.1,should_have_merged_bug,353d06a42e0055c5c0e52343d0d825e2
WXH74076.1,should_have_merged_bug,11da34f9045ae010e9afe3fa0dd9f641
WXH74075.1,should_have_merged_bug,80c60ceedd0a7e632b3b87b6bdc9f5da
WXH74074.1,should_have_merged_bug,9be22daf1b32efff4aa334e444eaa71a
WXH74073.1,should_have_merged_bug,baf5fa04af56ebb543dfd7bb08ab4161
WXH74071.1,should_have_merged_bug,970fe0eb427721cae83f2d983ea78016
WXH74070.1,should_have_merged_bug,06e1e1781412103fb9628ed3c56701f8
WXH74069.1,should_have_merged_bug,cef996439f1421acf9e93435bfec07ac
WXH74065.1,should_have_merged_bug,353d06a42e0055c5c0e52343d0d825e2
WXH74064.1,should_have_merged_bug,3c48aad9cbd9ecf5622fce318055305d
WXH74063.1,should_have_merged_bug,0fa92bc2c1e9998053925620b8df6317
WXH74058.1,should_have_merged_bug,15b2343718619fa554e556bb9fef0339
WXH74057.1,should_have_merged_bug,2a19b95f974fba94baeba5aaacc9e04a
WXH74056.1,should_have_merged_bug,399cd951e228ec57b0a031da14216f3d
WXH74051.1,should_have_merged_bug,108c3ba13e5817b53c6d761cdff28cc2
WXH74049.1,should_have_merged_bug,484ff9e50d320581688fb375591aa5cc
WXH74048.1,should_have_merged_bug,aba2a715a9d860af8c9e5d0e058528f6
WXH74044.1,should_have_merged_bug,0607a4731442f08842b6d66e9ef7acbf
WXH74043.1,should_have_merged_bug,425f065337cfd0dd55e29b9d8df55f1c
WXH74042.1,should_have_merged_bug,4ad8e8bc37098c383e2da5337bcc062e
WXH74040.1,should_have_merged_bug,359eb1d1f0568b5a86ab449e83ff29ae
WXH74039.1,should_have_merged_bug,cb969fb89bf9e75bb31c94dd45265692
WXH74035.1,should_have_merged_bug,1e9bcc81ad606818b9d199dc7a0e0d50
WXH74030.1,should_have_merged_bug,71d909524d847a57c4f32d487fc52598
WXH74026.1,should_have_merged_bug,cbd70d2afccd8936057fbe60fa050177
WXH74025.1,should_have_merged_bug,d7e912310a936cafe8630eeb7146d1cf
WXH74024.1,should_have_merged_bug,70f1867d4d9f543fc7211f79d6614196
WXH74023.1,should_have_merged_bug,8afdfcac68d714460a9864f1ae80b5ee
WXH74022.1,should_have_merged_bug,fa67c89aa7291df47d31ddbd5a9fe0a7
WXH74021.1,should_have_merged_bug,8b9302905600bc67e2c57badba8ee1f9
WXH74019.1,should_have_merged_bug,1e88ee1fe22f92376957f80f9f24786a
WXH74018.1,should_have_merged_bug,6233af294bd9fb19c448e7cdaa7ddbec
WXH74017.1,should_have_merged_bug,8542cba8de2c8fdf50094552d9002328
WXH74016.1,should_have_merged_bug,1b0b60f1203d70b4dde734d5199723c9
WXH74015.1,should_have_merged_bug,38c8536bb9efe8e55a49ace60a96ac6a
WXH74014.1,should_have_merged_bug,88f8e32b61d315c809c8c30dafe94c1a
WXH74011.1,should_have_merged_bug,8e033be43cbbf9185302237d29384278
WXH74010.1,should_have_merged_bug,5bc9791b87d98b2a85f28000b7a1412c
WXH74008.1,should_have_merged_bug,f404498e4476ead125c9c949eedad5dc
WXH74007.1,should_have_merged_bug,0fa8d15b8a1de2b9cf586bc3c9d13bdd
WXH74006.1,should_have_merged_bug,70210b53947ab3b4782b1f4f29926949
WXH74004.1,should_have_merged_bug,94454f579817d4353dd371bf62983515
WXH74002.1,should_have_merged_bug,df9adbd395e7a6189dd250de5eb9914b
WXH74001.1,should_have_merged_bug,8cef2557e77b36eaaffaa7b72d652191
WXH74000.1,should_have_merged_bug,4c09b7d330a63a8e77c5ee220bf094d8
WXH73998.1,should_have_merged_bug,4ad8e8bc37098c383e2da5337bcc062e
WXH73994.1,should_have_merged_bug,0fa92bc2c1e9998053925620b8df6317
WXH73993.1,should_have_merged_bug,3c48aad9cbd9ecf5622fce318055305d
WXH73992.1,should_have_merged_bug,353d06a42e0055c5c0e52343d0d825e2
WXH73989.1,should_have_merged_bug,11da34f9045ae010e9afe3fa0dd9f641
WXH73987.1,should_have_merged_bug,9be22daf1b32efff4aa334e444eaa71a
WXH73986.1,should_have_merged_bug,baf5fa04af56ebb543dfd7bb08ab4161
WXH73984.1,should_have_merged_bug,970fe0eb427721cae83f2d983ea78016
WXH73983.1,should_have_merged_bug,8df22fd054c9e7c1f6b030deb0af0c9a
WXH73982.1,should_have_merged_bug,cef996439f1421acf9e93435bfec07ac
WXH73978.1,should_have_merged_bug,353d06a42e0055c5c0e52343d0d825e2
WXH73977.1,should_have_merged_bug,3c48aad9cbd9ecf5622fce318055305d
WXH73976.1,should_have_merged_bug,0fa92bc2c1e9998053925620b8df6317
WXH73971.1,should_have_merged_bug,f30d11aa8dcc2aca124b9d60d728a556
WXH73969.1,should_have_merged_bug,399cd951e228ec57b0a031da14216f3d
WXH73964.1,should_have_merged_bug,108c3ba13e5817b53c6d761cdff28cc2
WXH73962.1,should_have_merged_bug,484ff9e50d320581688fb375591aa5cc
WXH73961.1,should_have_merged_bug,aba2a715a9d860af8c9e5d0e058528f6
WXH73957.1,should_have_merged_bug,0607a4731442f08842b6d66e9ef7acbf
WXH73956.1,should_have_merged_bug,425f065337cfd0dd55e29b9d8df55f1c
WXH73955.1,should_have_merged_bug,4ad8e8bc37098c383e2da5337bcc062e
WXH73953.1,should_have_merged_bug,359eb1d1f0568b5a86ab449e83ff29ae
WXH73948.1,should_have_merged_bug,1e9bcc81ad606818b9d199dc7a0e0d50
WXH73943.1,should_have_merged_bug,71d909524d847a57c4f32d487fc52598
WXH73938.1,should_have_merged_bug,d7e912310a936cafe8630eeb7146d1cf
WXH73937.1,should_have_merged_bug,1840573e52bdbad2b2e1e4ec370a95bd
WXH73936.1,should_have_merged_bug,8afdfcac68d714460a9864f1ae80b5ee
WXH73935.1,should_have_merged_bug,fa67c89aa7291df47d31ddbd5a9fe0a7
WXH73934.1,should_have_merged_bug,8b9302905600bc67e2c57badba8ee1f9
WXH73932.1,should_have_merged_bug,1e88ee1fe22f92376957f80f9f24786a
WXH73931.1,should_have_merged_bug,6233af294bd9fb19c448e7cdaa7ddbec
WXH73929.1,should_have_merged_bug,1b0b60f1203d70b4dde734d5199723c9
WXH73928.1,should_have_merged_bug,38c8536bb9efe8e55a49ace60a96ac6a
WXH73927.1,should_have_merged_bug,88f8e32b61d315c809c8c30dafe94c1a
WXH73923.1,should_have_merged_bug,5bc9791b87d98b2a85f28000b7a1412c
WXH73921.1,should_have_merged_bug,f404498e4476ead125c9c949eedad5dc
WXH73920.1,should_have_merged_bug,0fa8d15b8a1de2b9cf586bc3c9d13bdd
WXH73919.1,should_have_merged_bug,70210b53947ab3b4782b1f4f29926949
WXH73917.1,should_have_merged_bug,94454f579817d4353dd371bf62983515
WXH73915.1,should_have_merged_bug,df9adbd395e7a6189dd250de5eb9914b
WXH73914.1,should_have_merged_bug,8cef2557e77b36eaaffaa7b72d652191
WXH73911.1,should_have_merged_bug,4ad8e8bc37098c383e2da5337bcc062e
WXH73907.1,should_have_merged_bug,0fa92bc2c1e9998053925620b8df6317
WXH73906.1,should_have_merged_bug,3c48aad9cbd9ecf5622fce318055305d
WXH73905.1,should_have_merged_bug,353d06a42e0055c5c0e52343d0d825e2
WXH73902.1,should_have_merged_bug,11da34f9045ae010e9afe3fa0dd9f641
WXH73901.1,should_have_merged_bug,80c60ceedd0a7e632b3b87b6bdc9f5da
WXH73900.1,should_have_merged_bug,9be22daf1b32efff4aa334e444eaa71a
WXH73899.1,should_have_merged_bug,baf5fa04af56ebb543dfd7bb08ab4161
WXH73897.1,should_have_merged_bug,970fe0eb427721cae83f2d983ea78016
WXH73896.1,should_have_merged_bug,06e1e1781412103fb9628ed3c56701f8
WXH73895.1,should_have_merged_bug,cef996439f1421acf9e93435bfec07ac
WXH73891.1,should_have_merged_bug,353d06a42e0055c5c0e52343d0d825e2
WXH73890.1,should_have_merged_bug,3c48aad9cbd9ecf5622fce318055305d
WXH73889.1,should_have_merged_bug,0fa92bc2c1e9998053925620b8df6317
WXH73884.1,should_have_merged_bug,15b2343718619fa554e556bb9fef0339
WXH73883.1,should_have_merged_bug,2a19b95f974fba94baeba5aaacc9e04a
WXH73882.1,should_have_merged_bug,399cd951e228ec57b0a031da14216f3d
WXH73877.1,should_have_merged_bug,108c3ba13e5817b53c6d761cdff28cc2
WXH73875.1,should_have_merged_bug,484ff9e50d320581688fb375591aa5cc
WXH73874.1,should_have_merged_bug,aba2a715a9d860af8c9e5d0e058528f6
WXH73870.1,should_have_merged_bug,0607a4731442f08842b6d66e9ef7acbf
WXH73869.1,should_have_merged_bug,425f065337cfd0dd55e29b9d8df55f1c
WXH73868.1,should_have_merged_bug,4ad8e8bc37098c383e2da5337bcc062e
WXH73866.1,should_have_merged_bug,359eb1d1f0568b5a86ab449e83ff29ae
WXH73865.1,should_have_merged_bug,cb969fb89bf9e75bb31c94dd45265692
WXH73861.1,should_have_merged_bug,1e9bcc81ad606818b9d199dc7a0e0d50
WXH73852.1,should_have_merged_bug,cbd70d2afccd8936057fbe60fa050177
WXH73851.1,should_have_merged_bug,d7e912310a936cafe8630eeb7146d1cf
WXH73850.1,should_have_merged_bug,70f1867d4d9f543fc7211f79d6614196
WXH73849.1,should_have_merged_bug,8afdfcac68d714460a9864f1ae80b5ee
WXH73848.1,should_have_merged_bug,fa67c89aa7291df47d31ddbd5a9fe0a7
WXH73847.1,should_have_merged_bug,8b9302905600bc67e2c57badba8ee1f9
WXH73845.1,should_have_merged_bug,1e88ee1fe22f92376957f80f9f24786a
WXH73844.1,should_have_merged_bug,6233af294bd9fb19c448e7cdaa7ddbec
WXH73843.1,should_have_merged_bug,8542cba8de2c8fdf50094552d9002328
WXH73842.1,should_have_merged_bug,1b0b60f1203d70b4dde734d5199723c9
WXH73841.1,should_have_merged_bug,38c8536bb9efe8e55a49ace60a96ac6a
WXH73840.1,should_have_merged_bug,88f8e32b61d315c809c8c30dafe94c1a
WXH73837.1,should_have_merged_bug,8e033be43cbbf9185302237d29384278
WXH73836.1,should_have_merged_bug,5bc9791b87d98b2a85f28000b7a1412c
WXH73834.1,should_have_merged_bug,f404498e4476ead125c9c949eedad5dc
WXH73833.1,should_have_merged_bug,0fa8d15b8a1de2b9cf586bc3c9d13bdd
WXH73832.1,should_have_merged_bug,70210b53947ab3b4782b1f4f29926949
WXH73830.1,should_have_merged_bug,94454f579817d4353dd371bf62983515
WXH73828.1,should_have_merged_bug,df9adbd395e7a6189dd250de5eb9914b
WXH73827.1,should_have_merged_bug,8cef2557e77b36eaaffaa7b72d652191
WXH73826.1,should_have_merged_bug,4c09b7d330a63a8e77c5ee220bf094d8
WXH73824.1,should_have_merged_bug,4ad8e8bc37098c383e2da5337bcc062e
WXH73820.1,should_have_merged_bug,0fa92bc2c1e9998053925620b8df6317
WXH73819.1,should_have_merged_bug,3c48aad9cbd9ecf5622fce318055305d
WXH73818.1,should_have_merged_bug,353d06a42e0055c5c0e52343d0d825e2
WXH73815.1,should_have_merged_bug,11da34f9045ae010e9afe3fa0dd9f641
WXH73814.1,should_have_merged_bug,80c60ceedd0a7e632b3b87b6bdc9f5da
WXH73813.1,should_have_merged_bug,9be22daf1b32efff4aa334e444eaa71a
WXH73812.1,should_have_merged_bug,7ccbf0d12c514e18562b7eab0463d343
WXH73810.1,should_have_merged_bug,970fe0eb427721cae83f2d983ea78016
WXH73809.1,should_have_merged_bug,8df22fd054c9e7c1f6b030deb0af0c9a
WXH73808.1,should_have_merged_bug,84ea45de54dab1be070cbdfe27692b61
WXH73804.1,should_have_merged_bug,353d06a42e0055c5c0e52343d0d825e2
WXH73803.1,should_have_merged_bug,3c48aad9cbd9ecf5622fce318055305d
WXH73802.1,should_have_merged_bug,0fa92bc2c1e9998053925620b8df6317
WXH73797.1,should_have_merged_bug,f30d11aa8dcc2aca124b9d60d728a556
WXH73796.1,should_have_merged_bug,2a19b95f974fba94baeba5aaacc9e04a
WXH73795.1,should_have_merged_bug,399cd951e228ec57b0a031da14216f3d
WXH73790.1,should_have_merged_bug,108c3ba13e5817b53c6d761cdff28cc2
WXH73788.1,should_have_merged_bug,484ff9e50d320581688fb375591aa5cc
WXH73787.1,should_have_merged_bug,aba2a715a9d860af8c9e5d0e058528f6
WXH73783.1,should_have_merged_bug,0607a4731442f08842b6d66e9ef7acbf
WXH73782.1,should_have_merged_bug,425f065337cfd0dd55e29b9d8df55f1c
WXH73781.1,should_have_merged_bug,4ad8e8bc37098c383e2da5337bcc062e
WXH73779.1,should_have_merged_bug,359eb1d1f0568b5a86ab449e83ff29ae
WXH73778.1,should_have_merged_bug,cb969fb89bf9e75bb31c94dd45265692
WXH73774.1,should_have_merged_bug,1e9bcc81ad606818b9d199dc7a0e0d50
WXH73769.1,should_have_merged_bug,71d909524d847a57c4f32d487fc52598
WXH73765.1,should_have_merged_bug,cbd70d2afccd8936057fbe60fa050177
WXH73764.1,should_have_merged_bug,d7e912310a936cafe8630eeb7146d1cf
WXH73763.1,should_have_merged_bug,1840573e52bdbad2b2e1e4ec370a95bd
WXH73762.1,should_have_merged_bug,8afdfcac68d714460a9864f1ae80b5ee
WXH73761.1,should_have_merged_bug,fa67c89aa7291df47d31ddbd5a9fe0a7
WXH73760.1,should_have_merged_bug,8b9302905600bc67e2c57badba8ee1f9
WXH73758.1,should_have_merged_bug,1e88ee1fe22f92376957f80f9f24786a
WXH73757.1,should_have_merged_bug,6233af294bd9fb19c448e7cdaa7ddbec
WXH73756.1,should_have_merged_bug,8542cba8de2c8fdf50094552d9002328
WXH73755.1,should_have_merged_bug,1b0b60f1203d70b4dde734d5199723c9
WXH73754.1,should_have_merged_bug,38c8536bb9efe8e55a49ace60a96ac6a
WXH73753.1,should_have_merged_bug,88f8e32b61d315c809c8c30dafe94c1a
WXH73750.1,should_have_merged_bug,a4279acba60a6e33db5b26c5e45f7d7d
WXH73749.1,should_have_merged_bug,5bc9791b87d98b2a85f28000b7a1412c
WXH73747.1,should_have_merged_bug,f404498e4476ead125c9c949eedad5dc
WXH73746.1,should_have_merged_bug,0fa8d15b8a1de2b9cf586bc3c9d13bdd
WXH73745.1,should_have_merged_bug,70210b53947ab3b4782b1f4f29926949
WXH73743.1,should_have_merged_bug,94454f579817d4353dd371bf62983515
WXH73741.1,should_have_merged_bug,df9adbd395e7a6189dd250de5eb9914b
WXH73740.1,should_have_merged_bug,8cef2557e77b36eaaffaa7b72d652191
WXH73739.1,should_have_merged_bug,ecc6d2e0eb1be519f83f5b129eca4619
WXH73737.1,should_have_merged_bug,4ad8e8bc37098c383e2da5337bcc062e
WXH73733.1,should_have_merged_bug,0fa92bc2c1e9998053925620b8df6317
WXH73732.1,should_have_merged_bug,3c48aad9cbd9ecf5622fce318055305d
WXH73731.1,should_have_merged_bug,353d06a42e0055c5c0e52343d0d825e2
WXH73728.1,should_have_merged_bug,11da34f9045ae010e9afe3fa0dd9f641
WXH73727.1,should_have_merged_bug,80c60ceedd0a7e632b3b87b6bdc9f5da
WXH73726.1,should_have_merged_bug,9be22daf1b32efff4aa334e444eaa71a
WXH73725.1,should_have_merged_bug,7ccbf0d12c514e18562b7eab0463d343
WXH73723.1,should_have_merged_bug,970fe0eb427721cae83f2d983ea78016
WXH73722.1,should_have_merged_bug,8df22fd054c9e7c1f6b030deb0af0c9a
WXH73721.1,should_have_merged_bug,84ea45de54dab1be070cbdfe27692b61
WXH73717.1,should_have_merged_bug,353d06a42e0055c5c0e52343d0d825e2
WXH73716.1,should_have_merged_bug,3c48aad9cbd9ecf5622fce318055305d
WXH73710.1,should_have_merged_bug,f30d11aa8dcc2aca124b9d60d728a556
WXH73709.1,should_have_merged_bug,2a19b95f974fba94baeba5aaacc9e04a
WXH73703.1,should_have_merged_bug,108c3ba13e5817b53c6d761cdff28cc2
WXH73701.1,should_have_merged_bug,484ff9e50d320581688fb375591aa5cc
WXH73700.1,should_have_merged_bug,aba2a715a9d860af8c9e5d0e058528f6
WXH73696.1,should_have_merged_bug,0607a4731442f08842b6d66e9ef7acbf
WXH73694.1,should_have_merged_bug,4ad8e8bc37098c383e2da5337bcc062e
WXH73692.1,should_have_merged_bug,359eb1d1f0568b5a86ab449e83ff29ae
WXH73691.1,should_have_merged_bug,cb969fb89bf9e75bb31c94dd45265692
WXH73687.1,should_have_merged_bug,1e9bcc81ad606818b9d199dc7a0e0d50
WXH73682.1,should_have_merged_bug,71d909524d847a57c4f32d487fc52598
WXH73678.1,should_have_merged_bug,cbd70d2afccd8936057fbe60fa050177
WXH73677.1,should_have_merged_bug,d7e912310a936cafe8630eeb7146d1cf
WXH73676.1,should_have_merged_bug,1840573e52bdbad2b2e1e4ec370a95bd
WXH73675.1,should_have_merged_bug,8afdfcac68d714460a9864f1ae80b5ee
WXH73674.1,should_have_merged_bug,fa67c89aa7291df47d31ddbd5a9fe0a7
WXH73673.1,should_have_merged_bug,8b9302905600bc67e2c57badba8ee1f9
WXH73671.1,should_have_merged_bug,1e88ee1fe22f92376957f80f9f24786a
WXH73670.1,should_have_merged_bug,6233af294bd9fb19c448e7cdaa7ddbec
WXH73669.1,should_have_merged_bug,8542cba8de2c8fdf50094552d9002328
WXH73668.1,should_have_merged_bug,1b0b60f1203d70b4dde734d5199723c9
WXH73667.1,should_have_merged_bug,38c8536bb9efe8e55a49ace60a96ac6a
WXH73666.1,should_have_merged_bug,88f8e32b61d315c809c8c30dafe94c1a
WXH73663.1,should_have_merged_bug,a4279acba60a6e33db5b26c5e45f7d7d
WXH73662.1,should_have_merged_bug,5bc9791b87d98b2a85f28000b7a1412c
WXH73660.1,should_have_merged_bug,f404498e4476ead125c9c949eedad5dc
WXH73659.1,should_have_merged_bug,0fa8d15b8a1de2b9cf586bc3c9d13bdd
WXH73658.1,should_have_merged_bug,70210b53947ab3b4782b1f4f29926949
WXH73656.1,should_have_merged_bug,94454f579817d4353dd371bf62983515
WXH73654.1,should_have_merged_bug,df9adbd395e7a6189dd250de5eb9914b
WXH73653.1,should_have_merged_bug,8cef2557e77b36eaaffaa7b72d652191
WXH73652.1,should_have_merged_bug,ecc6d2e0eb1be519f83f5b129eca4619
WXH73650.1,should_have_merged_bug,4ad8e8bc37098c383e2da5337bcc062e
GeneID:32959046,should_have_merged_bug,3c48aad9cbd9ecf5622fce318055305d
GeneID:32958967,should_have_merged_bug,4ad8e8bc37098c383e2da5337bcc062e
GeneID:32959000,should_have_merged_bug,11da34f9045ae010e9afe3fa0dd9f641
GeneID:32958999,should_have_merged_bug,80c60ceedd0a7e632b3b87b6bdc9f5da
GeneID:32958998,should_have_merged_bug,9be22daf1b32efff4aa334e444eaa71a
GeneID:32958997,should_have_merged_bug,7ccbf0d12c514e18562b7eab0463d343
GeneID:32958995,should_have_merged_bug,970fe0eb427721cae83f2d983ea78016
GeneID:32959039,should_have_merged_bug,84ea45de54dab1be070cbdfe27692b61
GeneID:32958987,should_have_merged_bug,3c48aad9cbd9ecf5622fce318055305d
GeneID:32959031,should_have_merged_bug,3ef2b73d255e6d70b49572f049896150
GeneID:32958982,should_have_merged_bug,f30d11aa8dcc2aca124b9d60d728a556
GeneID:32958981,should_have_merged_bug,2a19b95f974fba94baeba5aaacc9e04a
GeneID:32958980,should_have_merged_bug,399cd951e228ec57b0a031da14216f3d
GeneID:32958975,should_have_merged_bug,108c3ba13e5817b53c6d761cdff28cc2
GeneID:32958973,should_have_merged_bug,484ff9e50d320581688fb375591aa5cc
GeneID:32958972,should_have_merged_bug,aba2a715a9d860af8c9e5d0e058528f6
GeneID:32958968,should_have_merged_bug,0607a4731442f08842b6d66e9ef7acbf
GeneID:32958965,should_have_merged_bug,359eb1d1f0568b5a86ab449e83ff29ae
GeneID:32958964,should_have_merged_bug,cb969fb89bf9e75bb31c94dd45265692
GeneID:32958960,should_have_merged_bug,1e9bcc81ad606818b9d199dc7a0e0d50
GeneID:32958954,should_have_merged_bug,71d909524d847a57c4f32d487fc52598
GeneID:32958949,should_have_merged_bug,cbd70d2afccd8936057fbe60fa050177
GeneID:32958948,should_have_merged_bug,d7e912310a936cafe8630eeb7146d1cf
GeneID:32958947,should_have_merged_bug,1840573e52bdbad2b2e1e4ec370a95bd
GeneID:32958946,should_have_merged_bug,8afdfcac68d714460a9864f1ae80b5ee
GeneID:32959026,should_have_merged_bug,fa67c89aa7291df47d31ddbd5a9fe0a7
GeneID:32959024,should_have_merged_bug,8b9302905600bc67e2c57badba8ee1f9
GeneID:32958941,should_have_merged_bug,1e88ee1fe22f92376957f80f9f24786a
GeneID:32958940,should_have_merged_bug,6233af294bd9fb19c448e7cdaa7ddbec
GeneID:32959023,should_have_merged_bug,8542cba8de2c8fdf50094552d9002328
GeneID:32959021,should_have_merged_bug,1b0b60f1203d70b4dde734d5199723c9
GeneID:32958937,should_have_merged_bug,38c8536bb9efe8e55a49ace60a96ac6a
GeneID:32959020,should_have_merged_bug,88f8e32b61d315c809c8c30dafe94c1a
GeneID:32958933,should_have_merged_bug,a4279acba60a6e33db5b26c5e45f7d7d
GeneID:32958932,should_have_merged_bug,5bc9791b87d98b2a85f28000b7a1412c
GeneID:32958930,should_have_merged_bug,f404498e4476ead125c9c949eedad5dc
GeneID:32958929,should_have_merged_bug,0fa8d15b8a1de2b9cf586bc3c9d13bdd
GeneID:32958928,should_have_merged_bug,70210b53947ab3b4782b1f4f29926949
GeneID:32959015,should_have_merged_bug,94454f579817d4353dd371bf62983515
GeneID:32959013,should_have_merged_bug,df9adbd395e7a6189dd250de5eb9914b
GeneID:32959012,should_have_merged_bug,ecc6d2e0eb1be519f83f5b129eca4619
GeneID:32959010,should_have_merged_bug,4ad8e8bc37098c383e2da5337bcc062e
QPN53763.1,should_have_merged_bug,3ef2b73d255e6d70b49572f049896150
QPN53762.1,should_have_merged_bug,3c48aad9cbd9ecf5622fce318055305d
QPN53759.1,should_have_merged_bug,11da34f9045ae010e9afe3fa0dd9f641
QPN53757.1,should_have_merged_bug,9be22daf1b32efff4aa334e444eaa71a
QPN53756.1,should_have_merged_bug,7ccbf0d12c514e18562b7eab0463d343
QPN53754.1,should_have_merged_bug,970fe0eb427721cae83f2d983ea78016
QPN53753.1,should_have_merged_bug,68c6c3c6f49911a33c8de66150fd200e
QPN53752.1,should_have_merged_bug,84ea45de54dab1be070cbdfe27692b61
QPN53747.1,should_have_merged_bug,3ef2b73d255e6d70b49572f049896150
QPN53743.1,should_have_merged_bug,f30d11aa8dcc2aca124b9d60d728a556
QPN53742.1,should_have_merged_bug,2a19b95f974fba94baeba5aaacc9e04a
QPN53741.1,should_have_merged_bug,399cd951e228ec57b0a031da14216f3d
QPN53736.1,should_have_merged_bug,108c3ba13e5817b53c6d761cdff28cc2
QPN53734.1,should_have_merged_bug,484ff9e50d320581688fb375591aa5cc
QPN53733.1,should_have_merged_bug,aba2a715a9d860af8c9e5d0e058528f6
QPN53732.1,should_have_merged_bug,694a9fe80be68d3162ce932d51a11491
QPN53729.1,should_have_merged_bug,0607a4731442f08842b6d66e9ef7acbf
QPN53728.1,should_have_merged_bug,7e10372de6c22604b06f4b1c64be7bf0
QPN53727.1,should_have_merged_bug,4ad8e8bc37098c383e2da5337bcc062e
QPN53726.1,should_have_merged_bug,4ad8e8bc37098c383e2da5337bcc062e
QPN53724.1,should_have_merged_bug,359eb1d1f0568b5a86ab449e83ff29ae
QPN53723.1,should_have_merged_bug,cb969fb89bf9e75bb31c94dd45265692
QPN53719.1,should_have_merged_bug,1e9bcc81ad606818b9d199dc7a0e0d50
QPN53713.1,should_have_merged_bug,71d909524d847a57c4f32d487fc52598
QPN53709.1,should_have_merged_bug,cbd70d2afccd8936057fbe60fa050177
QPN53708.1,should_have_merged_bug,d7e912310a936cafe8630eeb7146d1cf
QPN53707.1,should_have_merged_bug,1840573e52bdbad2b2e1e4ec370a95bd
QPN53706.1,should_have_merged_bug,8afdfcac68d714460a9864f1ae80b5ee
QPN53705.1,should_have_merged_bug,fa67c89aa7291df47d31ddbd5a9fe0a7
QPN53704.1,should_have_merged_bug,8b9302905600bc67e2c57badba8ee1f9
QPN53702.1,should_have_merged_bug,1e88ee1fe22f92376957f80f9f24786a
QPN53701.1,should_have_merged_bug,6233af294bd9fb19c448e7cdaa7ddbec
QPN53700.1,should_have_merged_bug,8542cba8de2c8fdf50094552d9002328
QPN53699.1,should_have_merged_bug,1b0b60f1203d70b4dde734d5199723c9
QPN53698.1,should_have_merged_bug,38c8536bb9efe8e55a49ace60a96ac6a
QPN53697.1,should_have_merged_bug,88f8e32b61d315c809c8c30dafe94c1a
QPN53694.1,should_have_merged_bug,a4279acba60a6e33db5b26c5e45f7d7d
QPN53693.1,should_have_merged_bug,5bc9791b87d98b2a85f28000b7a1412c
QPN53691.1,should_have_merged_bug,f404498e4476ead125c9c949eedad5dc
QPN53690.1,should_have_merged_bug,0fa8d15b8a1de2b9cf586bc3c9d13bdd
QPN53689.1,should_have_merged_bug,70210b53947ab3b4782b1f4f29926949
QPN53687.1,should_have_merged_bug,94454f579817d4353dd371bf62983515
QPN53684.1,should_have_merged_bug,0a2af164d21290ead63cdfc5f98df89f
QPN53683.1,should_have_merged_bug,ecc6d2e0eb1be519f83f5b129eca4619
QOI16645.1,should_have_merged_bug,18c5770d0828bb27b2c4338d9268d82c
QOI16639.1,should_have_merged_bug,88effa994384d4e87c0e86e83f823efd
QOI16638.1,should_have_merged_bug,88effa994384d4e87c0e86e83f823efd
QOI16637.1,should_have_merged_bug,88effa994384d4e87c0e86e83f823efd
QOI16636.1,should_have_merged_bug,88effa994384d4e87c0e86e83f823efd
QOI16635.1,should_have_merged_bug,88effa994384d4e87c0e86e83f823efd
QNZ92739.1,should_have_merged_bug,1b0b60f1203d70b4dde734d5199723c9
QNZ92738.1,should_have_merged_bug,353d06a42e0055c5c0e52343d0d825e2
QNZ92737.1,should_have_merged_bug,353d06a42e0055c5c0e52343d0d825e2
QNZ92736.1,should_have_merged_bug,cb969fb89bf9e75bb31c94dd45265692
QNZ92733.1,should_have_merged_bug,970fe0eb427721cae83f2d983ea78016
QNZ92732.1,should_have_merged_bug,70210b53947ab3b4782b1f4f29926949
QNZ92731.1,should_have_merged_bug,1e9bcc81ad606818b9d199dc7a0e0d50
QNZ92728.1,should_have_merged_bug,8542cba8de2c8fdf50094552d9002328
QNZ92726.1,should_have_merged_bug,359eb1d1f0568b5a86ab449e83ff29ae
QNZ92725.1,should_have_merged_bug,1840573e52bdbad2b2e1e4ec370a95bd
QNZ92720.1,should_have_merged_bug,108c3ba13e5817b53c6d761cdff28cc2
QNZ92719.1,should_have_merged_bug,3c48aad9cbd9ecf5622fce318055305d
QNZ92718.1,should_have_merged_bug,3c48aad9cbd9ecf5622fce318055305d
QNZ92717.1,should_have_merged_bug,fa67c89aa7291df47d31ddbd5a9fe0a7
QNZ92716.1,should_have_merged_bug,9be22daf1b32efff4aa334e444eaa71a
QNZ92715.1,should_have_merged_bug,7ccbf0d12c514e18562b7eab0463d343
QNZ92714.1,should_have_merged_bug,71d909524d847a57c4f32d487fc52598
QNZ92713.1,should_have_merged_bug,f30d11aa8dcc2aca124b9d60d728a556
QNZ92712.1,should_have_merged_bug,8b9302905600bc67e2c57badba8ee1f9
QNZ92711.1,should_have_merged_bug,2a19b95f974fba94baeba5aaacc9e04a
QNZ92710.1,should_have_merged_bug,8afdfcac68d714460a9864f1ae80b5ee
QNZ92708.1,should_have_merged_bug,f404498e4476ead125c9c949eedad5dc
QNZ92707.1,should_have_merged_bug,0fa8d15b8a1de2b9cf586bc3c9d13bdd
QNZ92703.1,should_have_merged_bug,84ea45de54dab1be070cbdfe27692b61
QNZ92701.1,should_have_merged_bug,88f8e32b61d315c809c8c30dafe94c1a
QNZ92699.1,should_have_merged_bug,8cef2557e77b36eaaffaa7b72d652191
QNZ92698.1,should_have_merged_bug,11da34f9045ae010e9afe3fa0dd9f641
QNZ92697.1,should_have_merged_bug,484ff9e50d320581688fb375591aa5cc
QNZ92695.1,should_have_merged_bug,aba2a715a9d860af8c9e5d0e058528f6
QNZ92694.1,should_have_merged_bug,38c8536bb9efe8e55a49ace60a96ac6a
QNZ92693.1,should_have_merged_bug,d7e912310a936cafe8630eeb7146d1cf
QNZ92692.1,should_have_merged_bug,399cd951e228ec57b0a031da14216f3d
QNZ92690.1,should_have_merged_bug,cbd70d2afccd8936057fbe60fa050177
QNZ92689.1,should_have_merged_bug,94454f579817d4353dd371bf62983515
QNZ92688.1,should_have_merged_bug,0607a4731442f08842b6d66e9ef7acbf
QNZ92687.1,should_have_merged_bug,ecc6d2e0eb1be519f83f5b129eca4619
QNZ92686.1,should_have_merged_bug,8df22fd054c9e7c1f6b030deb0af0c9a
QNZ92681.1,should_have_merged_bug,6233af294bd9fb19c448e7cdaa7ddbec
QNZ92680.1,should_have_merged_bug,3ef2b73d255e6d70b49572f049896150
QNZ92679.1,should_have_merged_bug,3ef2b73d255e6d70b49572f049896150
QNZ92677.1,should_have_merged_bug,1e88ee1fe22f92376957f80f9f24786a
QNZ92676.1,should_have_merged_bug,5bc9791b87d98b2a85f28000b7a1412c
QNZ92675.1,should_have_merged_bug,a4279acba60a6e33db5b26c5e45f7d7d
QNZ92670.1,should_have_merged_bug,4ad8e8bc37098c383e2da5337bcc062e
QNZ92669.1,should_have_merged_bug,4ad8e8bc37098c383e2da5337bcc062e
AOZ20586.1,should_have_merged_bug,353d06a42e0055c5c0e52343d0d825e2
AOZ20580.1,should_have_merged_bug,baf5fa04af56ebb543dfd7bb08ab4161
AOZ20576.1,should_have_merged_bug,cef996439f1421acf9e93435bfec07ac
AOZ20567.1,should_have_merged_bug,15b2343718619fa554e556bb9fef0339
AOZ20533.1,should_have_merged_bug,70f1867d4d9f543fc7211f79d6614196
AOZ20520.1,should_have_merged_bug,8e033be43cbbf9185302237d29384278
AOZ20510.1,should_have_merged_bug,8cef2557e77b36eaaffaa7b72d652191
AOZ20509.1,should_have_merged_bug,4c09b7d330a63a8e77c5ee220bf094d8
QAR49051.1,should_have_merged_bug,baf5fa04af56ebb543dfd7bb08ab4161
cqi:110681726,should_have_merged_bug,66f8b3bc2437741e8380f889fc6b6ed0
cqi:110682770,should_have_merged_bug,15cd43cca2b6e8cd81ad88b17a49b5f6
cqi:110684072,should_have_merged_bug,550c251d60a98eb534d46b9e000991a7
cqi:110684272,should_have_merged_bug,15cd43cca2b6e8cd81ad88b17a49b5f6
cqi:110684868,should_have_merged_bug,15cd43cca2b6e8cd81ad88b17a49b5f6
cqi:110684941,should_have_merged_bug,b4afcee528b9a3280aa0734f1d228802
cqi:110685246,should_have_merged_bug,550c251d60a98eb534d46b9e000991a7
cqi:110685403,should_have_merged_bug,674b8948a110ce4f8a6908053780ef25
cqi:110686016,should_have_merged_bug,15cd43cca2b6e8cd81ad88b17a49b5f6
cqi:110686369,should_have_merged_bug,a1a36d2f16144be38d95fe263ed5c70a
cqi:110686404,should_have_merged_bug,15cd43cca2b6e8cd81ad88b17a49b5f6
cqi:110686406,should_have_merged_bug,15cd43cca2b6e8cd81ad88b17a49b5f6
cqi:110686779,should_have_merged_bug,5fd38c8a399e2089defb7bf04f65f53f
cqi:110687018,should_have_merged_bug,9496ec8f785fbbbec69f49e29a193764
cqi:110687019,should_have_merged_bug,ee54459aacf8238f6d1cf14198ba1663
cqi:110687020,should_have_merged_bug,9496ec8f785fbbbec69f49e29a193764
cqi:110687129,should_have_merged_bug,4ae830a343acf26ed7ddeaac497deb03
cqi:110687136,should_have_merged_bug,4ae830a343acf26ed7ddeaac497deb03
cqi:110687143,should_have_merged_bug,19a06121e2f1191f87bc7b99e3deb62e
cqi:110687234,should_have_merged_bug,15cd43cca2b6e8cd81ad88b17a49b5f6
cqi:110687254,should_have_merged_bug,15cd43cca2b6e8cd81ad88b17a49b5f6
cqi:110688107,should_have_merged_bug,aa31e0da283baeab62740734b4833780
cqi:110688160,should_have_merged_bug,15cd43cca2b6e8cd81ad88b17a49b5f6
cqi:110688179,should_have_merged_bug,a1a36d2f16144be38d95fe263ed5c70a
cqi:110688452,should_have_merged_bug,a6138b018c4ee189742d399b4fa028a4
cqi:110688833,should_have_merged_bug,692e944af3a194eaedcfe8b3a4dc1979
cqi:110689609,should_have_merged_bug,54aff64e211d752c703c3377dda56977
cqi:110689732,should_have_merged_bug,a6138b018c4ee189742d399b4fa028a4
cqi:110689799,should_have_merged_bug,15cd43cca2b6e8cd81ad88b17a49b5f6
cqi:110689943,should_have_merged_bug,9496ec8f785fbbbec69f49e29a193764
cqi:110690051,should_have_merged_bug,3cb8c55281be57ebc62675059abbbd0b
cqi:110690421,should_have_merged_bug,15cd43cca2b6e8cd81ad88b17a49b5f6
cqi:110690629,should_have_merged_bug,3cb8c55281be57ebc62675059abbbd0b
cqi:110690636,should_have_merged_bug,ccae4c62b1e0df64dab4318d2d6e1714
cqi:110690637,should_have_merged_bug,19b8e33865fa529047a5bf713b38c5fd
cqi:110690823,should_have_merged_bug,fd9fa816239405a90e553d33c5456c5b
cqi:110691206,should_have_merged_bug,f0d416b6ab4031c57ed8e3eb9aee258f
cqi:110691209,should_have_merged_bug,f0d416b6ab4031c57ed8e3eb9aee258f
cqi:110691265,should_have_merged_bug,3cb8c55281be57ebc62675059abbbd0b
cqi:110691325,should_have_merged_bug,0787c8d887ca870748856194d8956c85
cqi:110691586,should_have_merged_bug,33f5835f503a2846b90b89f5c9aca950
cqi:110691814,should_have_merged_bug,15cd43cca2b6e8cd81ad88b17a49b5f6
cqi:110692422,should_have_merged_bug,15cd43cca2b6e8cd81ad88b17a49b5f6
cqi:110693508,should_have_merged_bug,ccae4c62b1e0df64dab4318d2d6e1714
cqi:110693806,should_have_merged_bug,3cb8c55281be57ebc62675059abbbd0b
cqi:110694127,should_have_merged_bug,550c251d60a98eb534d46b9e000991a7
cqi:110694147,should_have_merged_bug,59a9204006874aed7e5fc9b9313db72a
cqi:110695506,should_have_merged_bug,3cb8c55281be57ebc62675059abbbd0b
cqi:110695691,should_have_merged_bug,ccae4c62b1e0df64dab4318d2d6e1714
cqi:110696467,should_have_merged_bug,1d7ca49ceaaabb1d50548cfef56366b4
cqi:110696507,should_have_merged_bug,ccae4c62b1e0df64dab4318d2d6e1714
cqi:110696725,should_have_merged_bug,cf2b830e8a2d5906acaa751929f49d13
cqi:110696733,should_have_merged_bug,15cd43cca2b6e8cd81ad88b17a49b5f6
cqi:110696958,should_have_merged_bug,15cd43cca2b6e8cd81ad88b17a49b5f6
cqi:110697021,should_have_merged_bug,f0d416b6ab4031c57ed8e3eb9aee258f
cqi:110697025,should_have_merged_bug,69e50c23da30e0dc1da71d48ba693500
cqi:110697026,should_have_merged_bug,69e50c23da30e0dc1da71d48ba693500
cqi:110697047,should_have_merged_bug,f0d416b6ab4031c57ed8e3eb9aee258f
cqi:110697048,should_have_merged_bug,aa31e0da283baeab62740734b4833780
cqi:110697866,should_have_merged_bug,87a72b7a5e7dc3a67c62239e93346ee7
cqi:110698023,should_have_merged_bug,15cd43cca2b6e8cd81ad88b17a49b5f6
cqi:110698091,should_have_merged_bug,ccae4c62b1e0df64dab4318d2d6e1714
cqi:110698639,should_have_merged_bug,15cd43cca2b6e8cd81ad88b17a49b5f6
cqi:110698931,should_have_merged_bug,99917c83517d593021dd94d58a1cb787
cqi:110699133,should_have_merged_bug,15cd43cca2b6e8cd81ad88b17a49b5f6
cqi:110699201,should_have_merged_bug,1cde2d7d1f374fe848de297b6a271020
cqi:110699202,should_have_merged_bug,1cde2d7d1f374fe848de297b6a271020
cqi:110699639,should_have_merged_bug,f0d416b6ab4031c57ed8e3eb9aee258f
cqi:110700004,should_have_merged_bug,550c251d60a98eb534d46b9e000991a7
cqi:110700005,should_have_merged_bug,550c251d60a98eb534d46b9e000991a7
cqi:110701191,should_have_merged_bug,550c251d60a98eb534d46b9e000991a7
cqi:110702328,should_have_merged_bug,eb8cadb5c704d1663e3fbbbde6ce5211
cqi:110702642,should_have_merged_bug,15cd43cca2b6e8cd81ad88b17a49b5f6
cqi:110703761,should_have_merged_bug,9f70d1f48663dae49d02bb925c518645
cqi:110704145,should_have_merged_bug,5f504589c3220e6a9123d2572befa980
cqi:110704146,should_have_merged_bug,5f504589c3220e6a9123d2572befa980
cqi:110704286,should_have_merged_bug,7df547f0c6d5c81ac2b53d3bdc6fafc6
cqi:110704502,should_have_merged_bug,15cd43cca2b6e8cd81ad88b17a49b5f6
GeneID:110718345,unique_never_inserted,463a8758a6879ec9d32aff4dcbf3810d
GeneID:110718342,unique_never_inserted,642e80915307e9e39264bf4c9c517141
GeneID:110718339,unique_never_inserted,5cb4c392a6cef45f865abfc299e763df
GeneID:110718336,unique_never_inserted,95aa13b285f460395179fe791770a550
GeneID:110718335,unique_never_inserted,0b70d9e38bea7570be19c1f833c0b420
GeneID:110702744,unique_never_inserted,984eb44e3bff222c6cb8ca667245f332
GeneID:110702742,unique_never_inserted,984c673739a3014ef36e4548ff9d8f31
GeneID:110702741,unique_never_inserted,71c0f05b25829da63a9b397c717669b4
GeneID:110702737,unique_never_inserted,ea35334dbae54a143fab2b758a0014d1
GeneID:110702736,unique_never_inserted,5e67e8db2075bfe9e92af2a3bf228b5f
GeneID:110702730,unique_never_inserted,5eb060fe3822f8cf09337d479b6baa15
GeneID:110702724,unique_never_inserted,84dbc097bce9ff71661cacb9dc1bd145
GeneID:110702721,unique_never_inserted,89ac4ee8daab6e3cc9f11a124968914d
GeneID:110701915,unique_never_inserted,f956a7dad19be9483c708ad8ad880055
GeneID:110701913,unique_never_inserted,e84284c1943262d786ff462c322765e0
GeneID:110701911,unique_never_inserted,b456b1816348f3bb50c25c5649626421
GeneID:110701908,unique_never_inserted,4a3bacd30ff6a0d3c7ea0b72a5942e06
GeneID:110701905,unique_never_inserted,71891546fdbf54d3636146b9585fc02f
GeneID:110701903,unique_never_inserted,537ff48035a1075490cf2ab1a87eabed
GeneID:110701901,unique_never_inserted,bb618afff8780f8f7e97a24b9d86ceaf
GeneID:110701896,unique_never_inserted,643ebc3f73a0a01b46065195edaed1fe
GeneID:110701891,unique_never_inserted,72c28b4948a196332dffa957c00faa57
GeneID:110701882,unique_never_inserted,db03c14d0e406adfcc4e2205d80d01b0
GeneID:110701878,unique_never_inserted,e199ab134473b432926dfcccc645f614
GeneID:110701875,unique_never_inserted,6dba3aba325a86a18ffce71de30ee0fc
GeneID:110701873,unique_never_inserted,d8769326ca2ddee0f7880e2482c65175
GeneID:110701868,unique_never_inserted,4f5d2f2761df0030f2f83f04cbd0300b
GeneID:110701866,unique_never_inserted,94b5b87e6a666a2225e04e54a51e4f0b
GeneID:110701865,unique_never_inserted,d2d7d23c8cae7bd1db2fd10ed7628fac
GeneID:110701864,unique_never_inserted,f06fb6ac99070f1033b0ff32872af54e
GeneID:110701859,unique_never_inserted,6eb13c9fe0cda628a4779ce3d9e6e31c
GeneID:110701857,unique_never_inserted,411c62927f542a3d994e8e63f20a7ddf
GeneID:110701848,unique_never_inserted,11ce68ec2974fea2de44b1d2f5ab17f7
GeneID:110701843,unique_never_inserted,3c3846bd3a1ac116fc52f343299f07e8
GeneID:110701841,unique_never_inserted,a4aa00759a0e69a01f6b70ad0c1f71e5
GeneID:110701840,unique_never_inserted,b55e5449564ce87efa53aeecf243f708
GeneID:110701836,unique_never_inserted,4e8a9e2f5426ade76fbdd4d1cb396dba
GeneID:110701828,unique_never_inserted,556fc7fcc2df1ceb1f16b4cf2d7aff40
GeneID:110701824,unique_never_inserted,ac8040ab46f1cb39f03a1c4cd8dc8b49
GeneID:110701823,unique_never_inserted,decc882c44dfb768d18360f631c956a3
GeneID:110701822,unique_never_inserted,5fb45bfa418ad7faf9c4dbdd4f4901c6
GeneID:110701821,unique_never_inserted,5ea4bc9e583618a36ba0ae0b39c826d1
GeneID:110701813,unique_never_inserted,fb06117ccb6093dec2d23b65bfdc8890
GeneID:110701812,unique_never_inserted,dfb06547e6123f8c582ca99281ade747
GeneID:110701811,unique_never_inserted,4d878a4754f734574b498fa861040c4a
GeneID:110701810,unique_never_inserted,b6de4d43fd1897f297b109c3fd40852a
GeneID:110701807,unique_never_inserted,ef20b1253d86314af24e2eb7c301d401
GeneID:110701798,unique_never_inserted,c2fd42646c3229f57458cd975fac1162
GeneID:110701796,unique_never_inserted,6160ace219837775073a861522a446b6
GeneID:110701795,unique_never_inserted,c160bc11495f90340cb93d8a2d12b355
GeneID:110701792,unique_never_inserted,d2de684612a80764594c83abc7130993
GeneID:110701790,unique_never_inserted,62c5ddc65a500bc88dc836d70ea87705
GeneID:110701789,unique_never_inserted,d1a79f2e9681abacbcbf6081e55154fc
GeneID:110701788,unique_never_inserted,3028cced72f85ee7f919f8f56a021e2d
GeneID:110701787,unique_never_inserted,79755f95bd38d48213a1a992cd222d9b
GeneID:110701783,unique_never_inserted,c7ba1aac5ccb449db408e86958de0f78
GeneID:110701782,unique_never_inserted,1a01e2b22352e7cfe2a74c23dedd8d93
GeneID:110701781,unique_never_inserted,69c3b7fe25c3bd0e7222888eea0f71dd
GeneID:110701780,unique_never_inserted,f4744d32491009f3f2d8ed7632c88394
GeneID:110701779,unique_never_inserted,fe1c02dad633ca05fc22758a83a7d5c3
GeneID:110701777,unique_never_inserted,f73c30da97cff8e78bb87853e0027f18
GeneID:110701760,unique_never_inserted,44b4ef799052ba914673041b0349d78a
GeneID:110701750,unique_never_inserted,0122998aeef20f88ef682b0fa5f85f5b
GeneID:110701748,unique_never_inserted,8003219e0c50cdb0622728dcd7b95746
GeneID:110701744,unique_never_inserted,bd825a45f1e54797297dfde30553214c
GeneID:110701735,unique_never_inserted,449f2312e14cb9fddd52ce12e06640c0
GeneID:110701732,unique_never_inserted,8679b0536fb67ead1ab5bce3d01c3597
GeneID:110701731,unique_never_inserted,8b76888a9f65d776b2fd3412dbe5b9fe
GeneID:110701729,unique_never_inserted,f24dd2ddb9fa9fe120abb76f03bf7959
GeneID:110701728,unique_never_inserted,df562d925ddad8efa9b54f7573173eb0
GeneID:110701722,unique_never_inserted,621dd270050b2e59b807cf1eab4ffc17
GeneID:110701719,unique_never_inserted,746733f69c871fee45d9db20017b2dc4
GeneID:110701715,unique_never_inserted,4a5da1b63c37fbeebc5c444eef24487f
GeneID:110701711,unique_never_inserted,c2b066bd7bd8457746c4eb82e577d146
GeneID:110701705,unique_never_inserted,043d02611dc9c570d4805049216bf9a0
GeneID:110701704,unique_never_inserted,37a30e02aadc3641fc73d44179fd7e46
GeneID:110701700,unique_never_inserted,a082609ef9761c284fc29cc6747309ca
GeneID:110701698,unique_never_inserted,5f42105043570c0d6a524f24c8c9332f
GeneID:110701696,unique_never_inserted,fa843f9c778eeabcd15dc86892c6adc8
GeneID:110701693,unique_never_inserted,425c06fb2cc7d49684611564d318e134
GeneID:110701692,unique_never_inserted,003f0588f74959945d3fcabfb112d38d
GeneID:110701688,unique_never_inserted,73311a3bab830b75b0216303bbe8a372
GeneID:110701685,unique_never_inserted,eaf8c74349151c8b3d56ac80bd05993e
GeneID:110701684,unique_never_inserted,c0c784281cf2812bc30b28bab7612de9
GeneID:110701683,unique_never_inserted,7d9e73ebb15523761496aff8f338cce3
GeneID:110701677,unique_never_inserted,34a74b11475f0de18e9db77835f2cdc6
GeneID:110701675,unique_never_inserted,53d8d460c5d5cb5fb0c28541bc978d39
GeneID:110701673,unique_never_inserted,3a272cb934de3689ce7f2dde63c52754
GeneID:110701671,unique_never_inserted,5a6389a70a4a341aa9916d7ff228164b
GeneID:110701670,unique_never_inserted,a9f3786b18ba9a58e153a187aac470fe
GeneID:110701667,unique_never_inserted,70560cbda6a50ac1a3df38a3102842cc
GeneID:110701666,unique_never_inserted,196546813106c593ece66c96487ca17c
GeneID:110701661,unique_never_inserted,3c06b2016530a8f317abf8436f75964f
GeneID:110701656,unique_never_inserted,393956da4d060d1ce3aa8b44938ad194
GeneID:110701655,unique_never_inserted,89f79cfbcea70bd0e1570a6f95cc8c81
GeneID:110701654,unique_never_inserted,b98dfb3e4dd36badb519b463a2a05ebf
GeneID:110701652,unique_never_inserted,cf086eac0c88f42a8b40d63ff347db84
GeneID:110701651,unique_never_inserted,4e13079039135fbd7bf6097e9e183494
GeneID:110701647,unique_never_inserted,38508c9ded7c390609ea6ec1bc6891ea
GeneID:110701645,unique_never_inserted,891c842baa65ea3a877335d559deb505
GeneID:110701632,unique_never_inserted,cdc48fa8418b5aae5bd6905aa8a6e0cb
GeneID:110701631,unique_never_inserted,2e2c86991f768b9c9bc0702244a1288a
GeneID:110701627,unique_never_inserted,46dec1e544a2f93d7183318c3dc65cc3
GeneID:110701626,unique_never_inserted,541a62504acc043645e5efa2abd306e4
GeneID:110701607,unique_never_inserted,6005c8fb762d2b27f37a07be30cf0480
GeneID:110701601,unique_never_inserted,39a9fd17530188c7b855123c7daa7671
GeneID:110701595,unique_never_inserted,8f8e960e1da86c8c5057a6a4bb99e528
GeneID:110701591,unique_never_inserted,27277323cfb5717aa2a09ad417739105
GeneID:110701590,unique_never_inserted,9294419d2169d9c72f0220a185b56a8c
GeneID:110701589,unique_never_inserted,73d16b1d08dfe6ef28f2f710b67a81d4
GeneID:110701586,unique_never_inserted,2b671f10f6d9552c46c8883ade9dbf7f
GeneID:110701585,unique_never_inserted,7af811de3cded376bdc160939e22d93e
GeneID:110701579,unique_never_inserted,1a03d5f54cb3fd282edbde058212dcc8
GeneID:110701577,unique_never_inserted,4402a9936f12510a64cfb9c0aae47e28
GeneID:110701576,unique_never_inserted,346438ac03c72652cb10f557a79df923
GeneID:110701575,unique_never_inserted,385adfe3f9e59bfc1c2b6f86f2fec92a
GeneID:110701573,unique_never_inserted,1652e8fb2603309622dd95ac7a40ae1f
GeneID:110701570,unique_never_inserted,d668c3279a02954346476a5c0368c65c
GeneID:110701567,unique_never_inserted,af1a61937bdc188d2f76a4d512fc50eb
GeneID:110701566,unique_never_inserted,33205eb4a77d67844aba8274113ba26f
GeneID:110701565,unique_never_inserted,51b1c4d611352026bd92b4192e364de0
GeneID:110701564,unique_never_inserted,05c2e60aba5c88311166c8ba2fd51829
GeneID:110701555,unique_never_inserted,5ad28cc0f406dbe3be64f8ae6b7ccc4a
GeneID:110701553,unique_never_inserted,081f4c1f8a08dd598978c3253104646e
GeneID:110701550,unique_never_inserted,6ea3570cb9696b052cb6a6a88efe1cf2
GeneID:110701548,unique_never_inserted,004514fcfc0c5f713586dda8b71e31dd
GeneID:110701547,unique_never_inserted,e60e914eda54cd6e9a68721164da3d5f
GeneID:110701546,unique_never_inserted,2d89d7d3178dd0c6a648bdfeee236d82
GeneID:110701543,unique_never_inserted,5b24cd8df58d15e0f8edbc0d99fedb51
GeneID:110701540,unique_never_inserted,735bee11a64116f40a9f2ca712361507
GeneID:110701538,unique_never_inserted,4433657639136986239627930cb1b777
GeneID:110701536,unique_never_inserted,48a9f8d94b25597aa206786093d0bb62
GeneID:110701535,unique_never_inserted,2b5f5d9131351cd278eb2ce014579d9c
GeneID:110701533,unique_never_inserted,75dd1f2f4afe1e7c84636b8ec7c9176c
GeneID:110701532,unique_never_inserted,feafb79a4d7dee62fbad761cd3b57fa3
GeneID:110701524,unique_never_inserted,1565238ca6779b0f1224f987411d2213
GeneID:110701523,unique_never_inserted,23accaaac18300e63d45751aadc36a81
GeneID:110701519,unique_never_inserted,d0ed25ebdbad3061ae885ccabef51664
GeneID:110701517,unique_never_inserted,13ec2d1d157abd852ddd375714d47f99
GeneID:110701515,unique_never_inserted,b917480dc49b4cd8c1d47240505f08c5
GeneID:110701513,unique_never_inserted,ff32fcfb55cb7f19603acebc19789ef1
GeneID:110701512,unique_never_inserted,e335910b4e51870884224a30f4d53d65
GeneID:110701511,unique_never_inserted,8daefa72f8e71dde2aa4eaadd1cf420e
GeneID:110701505,unique_never_inserted,bc31cd5dca8e3ac9d9d2436c4e6dde84
GeneID:110701504,unique_never_inserted,dffc28c60dbaa418be5b8b59edc290c2
GeneID:110701503,unique_never_inserted,d52c4595a98bb2e1ca829454dbc3493c
GeneID:110701502,unique_never_inserted,a5b6ca7bce39d1ff116b212c2c55b7b1
GeneID:110701488,unique_never_inserted,a2db1328a65464c4dd23939d46a5e457
GeneID:110701487,unique_never_inserted,206457a9dac32f5963714c531390cd17
GeneID:110701483,unique_never_inserted,48ace735d48c96470463be2b60bd7fde
GeneID:110701480,unique_never_inserted,08f5d1a0dec3899cc8221c0e9d2f4c6f
GeneID:110701477,unique_never_inserted,e4d531b23c2d1e21afee4ef2517e365d
GeneID:110701475,unique_never_inserted,790b4559b59f3c9a760818ec91409fe9
GeneID:110701471,unique_never_inserted,d8687c3ec89dd1bb17a28a11cada07a6
GeneID:110701468,unique_never_inserted,cdd5843a955043cccc317254e28e3f4f
GeneID:110701466,unique_never_inserted,f9b20b090c624945d51e25c890ce6212
GeneID:110701461,unique_never_inserted,3554241cc3c32d9281eca8b9b4bc3394
GeneID:110701459,unique_never_inserted,51bd81f98c420e0c7ec0cc46a1c8094b
GeneID:110701457,unique_never_inserted,3c480f2f467393ba4038ce82ca065fdf
GeneID:110701453,unique_never_inserted,5871677a43a3a594ea072fdeed0c6bd8
GeneID:110701452,unique_never_inserted,f4a77c6f3c1929ca7995ee181585cb71
GeneID:110701451,unique_never_inserted,c8163440340533b208572abfc7a03369
GeneID:110701450,unique_never_inserted,57e41a916fccc6c0c5ba74a59144f5f4
GeneID:110701449,unique_never_inserted,a6a14909278f5eec08d2d7e956ecc736
GeneID:110701443,unique_never_inserted,c7dc2eca6ecc6f4cd3a8a8d3fb1bf5d8
GeneID:110701440,unique_never_inserted,1b7e115099cb3dd4bae7ae0f87e9d51b
GeneID:110701437,unique_never_inserted,b3f55f7215ff421fcbf69d3294403695
GeneID:110701435,unique_never_inserted,dffc274b6c4999864520c7c0cb90c8d8
GeneID:110701431,unique_never_inserted,3f6a9449ae7f26cbfca0fcfebc86ff59
GeneID:110701427,unique_never_inserted,3b4b284c15e37481db145ff9c5e68988
GeneID:110701425,unique_never_inserted,a454df8526cacffb97b3da25eccee8a2
GeneID:110701424,unique_never_inserted,4c0811fed06c089b68908bcdd6f22e7f
GeneID:110701423,unique_never_inserted,6cbfb9132243cba45f0d1f036f41aa06
GeneID:110701421,unique_never_inserted,a454df8526cacffb97b3da25eccee8a2
GeneID:110701420,unique_never_inserted,1b2b0c39d583d59b4a3ad486df75e1ec
GeneID:110701417,unique_never_inserted,6ec20a7426d3885e4d84279bcf7f7c84
GeneID:110701416,unique_never_inserted,6a3c4b75acfd996d11fe2129b65d7b30
GeneID:110701415,unique_never_inserted,1819c35a723d3e1fca8ed87b3173849a
GeneID:110701414,unique_never_inserted,58b078a217c37700f0a5f926a322099f
GeneID:110701412,unique_never_inserted,c27396be2643d7ac3043e6d5d2ce83b1
GeneID:110701407,unique_never_inserted,13c9da9c512d28fd008472141d96eaf0
GeneID:110701398,unique_never_inserted,e034a465c27366588bf6f26076cbd5ce
GeneID:110701396,unique_never_inserted,4d61c695d97b6cf3ea0405bd780b5244
GeneID:110701394,unique_never_inserted,75c6fa95f05b09919e4a139ce74532a6
GeneID:110701393,unique_never_inserted,492c486db7607073c42ecd594de9002c
GeneID:110701388,unique_never_inserted,1ec52c9aaaf2583b731884e546f894c0
GeneID:110701387,unique_never_inserted,abd7b1a530715e620d9593f19144ffd2
GeneID:110701381,unique_never_inserted,1ee452ed5468e5440350fc7cf1c5766b
GeneID:110701375,unique_never_inserted,6f1b0c6a59d5da4426a979ef95d88515
GeneID:110701373,unique_never_inserted,e143c6409b2e734e03df6e52563834d0
GeneID:110701368,unique_never_inserted,c04b26aa9bf3475bb28bba92bdccf338
GeneID:110701360,unique_never_inserted,4aa0aea4cc1c0f0534dfdb3fb341f434
GeneID:110701358,unique_never_inserted,2e67e2b3fd034c525a86a1b95ceb23cc
GeneID:110701357,unique_never_inserted,5e031471b7ec6df87c525384c65b8329
GeneID:110701354,unique_never_inserted,a435c0e86c8811b909359314f7c181b7
GeneID:110701352,unique_never_inserted,1104dbd90090d92ebbac384b95172ee2
GeneID:110701351,unique_never_inserted,c982dbdb30bb5acf0991d260e9bfe77e
GeneID:110701349,unique_never_inserted,bc5fbf4d208e6d18470267f67149c67d
GeneID:110701348,unique_never_inserted,6461ec898552e2b66a5c90c0216db103
GeneID:110701347,unique_never_inserted,07b1aa1aaa123259fa7b96f99fd1c9f6
GeneID:110701340,unique_never_inserted,6a75dfc405370b913a2ebe7a11baec6f
GeneID:110701337,unique_never_inserted,5289f0592fdc7364ea764faabbe2fe20
GeneID:110701332,unique_never_inserted,d244cb8bac932e5de5afa272736388cd
GeneID:110701329,unique_never_inserted,f98777216fc90edfbfe6167ac6a1b407
GeneID:110701326,unique_never_inserted,4964265231789f115b837b924ca59cd2
GeneID:110701325,unique_never_inserted,5e642f4b84513ba9dc341f5be62b974d
GeneID:110701324,unique_never_inserted,8436c9725ab19de67e1ee4c92f952fc8
GeneID:110701316,unique_never_inserted,23af15063387169fdb949a72805de4ee
GeneID:110701312,unique_never_inserted,814718ea6e334bc56f13d00c93b84e68
GeneID:110701306,unique_never_inserted,c1be6624507b676a900b0d89484b2374
GeneID:110701298,unique_never_inserted,eb3339653ef55174774adb04d2d2adf3
GeneID:110701291,unique_never_inserted,a6f44c522885b3171b38eaed76d9c477
GeneID:110701287,unique_never_inserted,569ba9375754c07aa356ae0cd570107f
GeneID:110701275,unique_never_inserted,2d2f162813ca842857eb145acdc7d5c7
GeneID:110701271,unique_never_inserted,4ae85fe4a8d7404182f7065e6b96e5f0
GeneID:110701268,unique_never_inserted,2d6d619d81b2444d89f8ae15ca74d3ec
GeneID:110701263,unique_never_inserted,6a0dd1fa7cb58f147003966bea5499c6
GeneID:110701261,unique_never_inserted,00803fb4d6877308aebd624cb7e83517
GeneID:110701254,unique_never_inserted,f1a880b8d98da24051eb4e6ec13ff644
GeneID:110701252,unique_never_inserted,d7c7746cfe11641222684dc3d27381ff
GeneID:110701245,unique_never_inserted,076bb62cb63eaadcc07ffe4cfd0b2296
GeneID:110701240,unique_never_inserted,aa5adfdc74167f6c26cf7ef8cad72f30
GeneID:110701238,unique_never_inserted,da34df32b857bb7ac35967941b4bbd93
GeneID:110701236,unique_never_inserted,efd3184155f0d7ff4e3d9931e272d7e8
GeneID:110701235,unique_never_inserted,329e54048d8132e7aef186265a2849d0
GeneID:110701226,unique_never_inserted,6da6ed416ed70312dd110c8531d46ff0
GeneID:110701225,unique_never_inserted,9d33f0e80c05284302100e6bdf2be01c
GeneID:110701220,unique_never_inserted,7d64f96a51e2ac1497203d870677fb21
GeneID:110701219,unique_never_inserted,3d60d24f17b1d37575147efdb0dd5fd9
GeneID:110701217,unique_never_inserted,3712bbbb5ed863215fbef95d558111c8
GeneID:110701216,unique_never_inserted,1ad4b3d23d883291008364981fee991a
GeneID:110701215,unique_never_inserted,c954eca7bae6ecd6e174beb7c8444257
GeneID:110701214,unique_never_inserted,772a9b20c6af67b8140df31eb30715c3
GeneID:110701211,unique_never_inserted,5727fd293d7cab2fc901426da96f6a64
GeneID:110701201,unique_never_inserted,9badf01545a8b74ae92bb7ce75b9552c
GeneID:110701193,unique_never_inserted,b2d11fba90997dda7087f76d91bfd358
GeneID:110701181,unique_never_inserted,17b01a4dc94ec12c19a824b99ac38469
GeneID:110701177,unique_never_inserted,7f3fd7fb46420e5555157bb5478b8275
GeneID:110701176,unique_never_inserted,019fcd8c5c5698bcc6fde2f0e7dc8fe4
GeneID:110701170,unique_never_inserted,32ff43ac430758a67a891dd13c7e0a81
GeneID:110701166,unique_never_inserted,7524ab8336f0e2dbfc64cc4d8304e124
GeneID:110701165,unique_never_inserted,3b431cea826466b3d817e7842ab91dd9
GeneID:110701164,unique_never_inserted,27e982ff1cd1483c92886172703c4375
GeneID:110701162,unique_never_inserted,49c9ddb91165e880468517868a1b54d1
GeneID:110701160,unique_never_inserted,3e36b721ab4e88639f8d78b22a4d6e94
GeneID:110701156,unique_never_inserted,32631101f1af86360c9279bf135b2970
GeneID:110701150,unique_never_inserted,1186a1274cf782cb0d2bce43f72c555e
GeneID:110701149,unique_never_inserted,031256730581642a172f1d036443fbf9
GeneID:110701148,unique_never_inserted,08b1c475a4fe1b1479d822dcf7b8ef70
GeneID:110701145,unique_never_inserted,524f34617ad5c9e38cd6c6af7ffffe86
GeneID:110701141,unique_never_inserted,ce9527c98b33cbcebf6c74e7e9622485
GeneID:110701135,unique_never_inserted,869a81141e652a938d4917bc1979fca8
GeneID:110701134,unique_never_inserted,8d6f588384d2a106dc2249c0ce2af236
GeneID:110701132,unique_never_inserted,6b3c8d25a17ae4a13ba0bcfabb2d24d7
GeneID:110701131,unique_never_inserted,23906d870f024d5ed77b0d4b2686e292
GeneID:110701129,unique_never_inserted,dac500f0ad29e4ccbe7e46b23e453f9b
GeneID:110701126,unique_never_inserted,79cedcbb0e4ee6682d4f67f110a15f7b
GeneID:110701124,unique_never_inserted,1c95fc7e62058b008646f235e1e3ca7e
GeneID:110701123,unique_never_inserted,4caf2c3346b3acb7b35af12a705bca9b
GeneID:110701122,unique_never_inserted,888ff3bceaac572ba2c8dc588407de5f
GeneID:110701109,unique_never_inserted,6ca5caf222fb06c3d8f1948bfd201f75
GeneID:110701108,unique_never_inserted,3c7caaad643a803c91fcd6aaaa676b57
GeneID:110701106,unique_never_inserted,a7a0b7501fa753e10dfa3169e3cb74dd
GeneID:110701102,unique_never_inserted,e496b6a8fd5355f5f5506037544bfd49
GeneID:110701093,unique_never_inserted,c56fdbb7cd3e1778b619685d47b0787c
GeneID:110701089,unique_never_inserted,9f0e843ffa1ee5db491961f23cc28f8a
GeneID:110701082,unique_never_inserted,0ac578e036fca402d302f96ef57ef7ee
GeneID:110701073,unique_never_inserted,65958c9a2cfe82078388106c39242097
GeneID:110701070,unique_never_inserted,87890bb0246f92b93de6450836bf7efa
GeneID:110701068,unique_never_inserted,bff7251616a8a0981fc96bcd81e03e2d
GeneID:110701064,unique_never_inserted,3facf5a8c044ff4648fb32f0d0a3266d
GeneID:110701063,unique_never_inserted,c67afc090fa9d495553c42f2bc8010e3
GeneID:110701060,unique_never_inserted,6a8497f891957409d99a3c4b96bb039f
GeneID:110701059,unique_never_inserted,e586370d7ec10cf81e12044bd3f6d4d7
GeneID:110701055,unique_never_inserted,13410160d521dc61133ee3d8793f7d3c
GeneID:110701054,unique_never_inserted,157e652f2632600a775d4c4442a0d9a8
GeneID:110701053,unique_never_inserted,6b259e0d469ec53a2abbd2750f78ab71
GeneID:110701052,unique_never_inserted,8fe67210db375edd4db600ed82a0c159
GeneID:110701045,unique_never_inserted,6a4f3dc543ecca986a2e41bf0710332b
GeneID:110701041,unique_never_inserted,4e308850fab6ce40053e4320feeca961
GeneID:110701040,unique_never_inserted,bb445c2cf241e44d637f4d202b754d58
GeneID:110701039,unique_never_inserted,94ea00e172840a6f9773bb6ed7855a80
GeneID:110701037,unique_never_inserted,5a33bb7e39bf7dd9c0b507a1c05a781e
GeneID:110701034,unique_never_inserted,c5e57ecad86813490c3c34cce4826ee4
GeneID:110701033,unique_never_inserted,fcde0a461c42e8d3aca47b28e06c469d
GeneID:110701029,unique_never_inserted,538879953629a60bff20bcee53243c86
GeneID:110701028,unique_never_inserted,983d02070dc5bdf825158420c71181b3
GeneID:110701026,unique_never_inserted,af51f25410c57a640164c6ad27701b57
GeneID:110701021,unique_never_inserted,19871b8ab4ecb27d2cf42460c18140c8
GeneID:110701019,unique_never_inserted,2ffa65d873afa57f71836d8f500699b9
GeneID:110701018,unique_never_inserted,856192a9de8e3e6e04059d10a2eba98c
GeneID:110701017,unique_never_inserted,295a15b294e93e13b1181b09b8aa9001
GeneID:110701016,unique_never_inserted,33a5ba16cc0d2382c402b98d3a01b714
GeneID:110701015,unique_never_inserted,69f1518ae3b09c5dd5e6afbdd17f34d9
GeneID:110701014,unique_never_inserted,304a5dfa183e1e922b008cb49ebbac1a
GeneID:110701013,unique_never_inserted,371e84ac0f3e3c08642e51d7cb096611
GeneID:110701012,unique_never_inserted,56efc53f109e659f963d9d6977583b53
GeneID:110701000,unique_never_inserted,050c0986724bf1c57869e097d73dd47c
GeneID:110700991,unique_never_inserted,e22c8511f62ba6d8da02cf5337860991
GeneID:110700989,unique_never_inserted,e6cdbb637e7e3932013826eb05226440
GeneID:110700987,unique_never_inserted,0a8f5b838871fea79c490eb2f6ee71eb
GeneID:110700982,unique_never_inserted,b640973bf844fb8c81b94dbfd545c27b
GeneID:110700981,unique_never_inserted,5457a17b1996554231dfd121006c2958
GeneID:110700979,unique_never_inserted,08e2f9db4165a889f5417d5c618ae369
GeneID:110700976,unique_never_inserted,ca93df0a1bd105c6f9fbc1d96733b123
GeneID:110700973,unique_never_inserted,b8d1d55d709bbcc02590e9fd34289ebb
GeneID:110700971,unique_never_inserted,c1adf3b63eadac1d0d5fd309140823f6
GeneID:110700970,unique_never_inserted,ff3da6b9c08c47350173108eb0af4058
GeneID:110700968,unique_never_inserted,83547f64c2a794c1935041fe39574052
GeneID:110700965,unique_never_inserted,0cf8f9d8adfee89559b0319fd0bbe7d4
GeneID:110700964,unique_never_inserted,0700588f2a99ec54395a93e78a016e2a
GeneID:110700937,unique_never_inserted,9d4ebef8802890dcc9c8b4426aed82e5
GeneID:110700931,unique_never_inserted,ff339a913ac36fd6754ab9606b9a9362
GeneID:110700930,unique_never_inserted,1c6dd6aa645d5f3d177335eb264b88e0
GeneID:110700928,unique_never_inserted,851c171095b5c9a042e1ddbae2c7e0f5
GeneID:110700923,unique_never_inserted,7655070702e98ee102c1900a96fe4d6f
GeneID:110700920,unique_never_inserted,ba5ab6eee0938c45da8a6ec58344c230
GeneID:110700900,unique_never_inserted,39564b9f62b22b5f313dd1e77aa7ca8e
GeneID:110700897,unique_never_inserted,f943384fd4f723f2d147ba807b2a2cc0
GeneID:110700896,unique_never_inserted,6df2e8528d0faf51a37a56c0adce79d2
GeneID:110700894,unique_never_inserted,9dfb20fd9ea4d8a83284f0186771b488
GeneID:110700891,unique_never_inserted,61d6c5c4fefc6bfba5dcdfcd93517147
GeneID:110700890,unique_never_inserted,4c8d279999d2682c7feac4721fc255ce
GeneID:110700885,unique_never_inserted,fc8d3a004e3ac12d5bb61af909efc3b3
GeneID:110700881,unique_never_inserted,c410bc98b107a3fcaa249a3c6dea5918
GeneID:110700880,unique_never_inserted,d6d31488ff9b31f150d1ce680c0218f2
GeneID:110700879,unique_never_inserted,ffd64b04b822099f645a490a47292a63
GeneID:110700878,unique_never_inserted,f0fe0d1d20cc8e4c585e760cb521fd2f
GeneID:110700875,unique_never_inserted,6d150f2d4f660f6b470446d8ed37c4af
GeneID:110700874,unique_never_inserted,c1d32359539ece3793eb86006f378a54
GeneID:110700872,unique_never_inserted,0775b40b6be3caa0ab136acdb8e092e0
GeneID:110700871,unique_never_inserted,c1d32359539ece3793eb86006f378a54
GeneID:110700870,unique_never_inserted,f6e53d0283301a2499c2f53a94758155
GeneID:110700868,unique_never_inserted,b1632d9e2553881b0d9f754946264256
GeneID:110700866,unique_never_inserted,0fc61778b656206484979d9f9f106156
GeneID:110700865,unique_never_inserted,68e5e9f4350ed2dd2dbb3355631e4dd5
GeneID:110700864,unique_never_inserted,980bbd1e6c7fc637c06a615e0aca11db
GeneID:110700863,unique_never_inserted,64a271edbda1bc942db3756ab1ce8605
GeneID:110700859,unique_never_inserted,74d4ec3becdeab23b6ed7b82eb969943
GeneID:110700858,unique_never_inserted,12403f39207297b2049fc955aedf11a0
GeneID:110700857,unique_never_inserted,94674ecb00b85d14fe99cad215907fe4
GeneID:110700856,unique_never_inserted,c1d2caa971a2e03c6ca896b2190ade5d
GeneID:110700852,unique_never_inserted,7f2aea4d5bbf5fc1e1e5912ce76eec79
GeneID:110700851,unique_never_inserted,092fa9421b3d28c0cfd466321d6d8ce9
GeneID:110700849,unique_never_inserted,c5278e590d473861247b9f2725f42ffb
GeneID:110700848,unique_never_inserted,222ff421c6a2fb63230c2fbb9ca42a31
GeneID:110700846,unique_never_inserted,6342cb5457e6e268a7ef6dd23c30fe27
GeneID:110700841,unique_never_inserted,ab9be07eb02eea0c41b4fde5c420a172
GeneID:110700838,unique_never_inserted,06fc5c72091612a3e72ef56590b10d43
GeneID:110700837,unique_never_inserted,aebec9fac6d85242f728c954a9992b10
GeneID:110700836,unique_never_inserted,661be0f5541aefef2e79b7522e567fdb
GeneID:110700834,unique_never_inserted,5131727afc55cf96d0be2b84d1c2de91
GeneID:110700832,unique_never_inserted,cdb4adde4ff0f765a54f5c3f18f8d119
GeneID:110700830,unique_never_inserted,77ccf4b4fa6467030798961741ecd6b8
GeneID:110700829,unique_never_inserted,fd4fc7d71c470fd49e3a6a363f666af9
GeneID:110700827,unique_never_inserted,0574da8bd3d5a70abc606ef8aa9ca3f2
GeneID:110700826,unique_never_inserted,0574da8bd3d5a70abc606ef8aa9ca3f2
GeneID:110700825,unique_never_inserted,1032c02ba763e0f4b85c718e4548b8f9
GeneID:110700823,unique_never_inserted,7d7b965660a1e88bda0ca7659b1cdee9
GeneID:110700820,unique_never_inserted,f076f4248b9c3eca91a1f716440c9892
GeneID:110700819,unique_never_inserted,55a4687fe67f370766198977341e2e84
GeneID:110700818,unique_never_inserted,f308ebd44da4a58c3c40ee02a2d579ce
GeneID:110700816,unique_never_inserted,92557a6fe16b85fb0e4f24c9baf6e7aa
GeneID:110700815,unique_never_inserted,7796d3f99bd0afc4d3f53bc58fa0ad8e
GeneID:110700814,unique_never_inserted,0875a64883d877fb222680da22be5bfe
GeneID:110700812,unique_never_inserted,8bf95c209512292f0a9c5538f4f25701
GeneID:110700808,unique_never_inserted,3697150c2d258fd6a82778664a4be757
GeneID:110700805,unique_never_inserted,45359b02865d9a58d4c6966df51f2304
GeneID:110700803,unique_never_inserted,89f6f650681d6f50eed2f3ef9a6f2e3c
GeneID:110700801,unique_never_inserted,b5e78d6a07ef7e11c445b172e5a35c9c
GeneID:110700800,unique_never_inserted,5ad0867ee6c24430031562294815a921
GeneID:110700795,unique_never_inserted,cb1d94e63679b2532fdfe20d00aa66f2
GeneID:110700793,unique_never_inserted,266b4596211ffb2a1dc9a6c4a83f5bd3
GeneID:110700788,unique_never_inserted,2dc586718a685e906530907d5e1d4d97
GeneID:110700782,unique_never_inserted,e9166b353837097f4c853fc48904e23f
GeneID:110700781,unique_never_inserted,1c716cfc515ee77fdd56ec26e80cc330
GeneID:110700779,unique_never_inserted,4d8faebb5cf2082b31181805ad150899
GeneID:110700778,unique_never_inserted,22635df276f90466b640b4b3812f2b2f
GeneID:110700774,unique_never_inserted,7eaadb52c5bd9749a6e976ad58ae57a9
GeneID:110700773,unique_never_inserted,97c6aee69462537bc976f0f6bce59a9c
GeneID:110700770,unique_never_inserted,fb847d60b5b0fda40b22e7555fffeb02
GeneID:110700769,unique_never_inserted,a9ef45178ea350a230a3eceaffef33d0
GeneID:110700768,unique_never_inserted,dfd22172f925699d70c835d96cd37752
GeneID:110700765,unique_never_inserted,93b0ab29b16fe7f55a9010fa9ad6dae5
GeneID:110700763,unique_never_inserted,e820452c75184039b885950a4c593f19
GeneID:110700762,unique_never_inserted,02c6f151676aba8342a4ad25ea1577d2
GeneID:110700761,unique_never_inserted,ab0eb89bbd5f95e0ea595e45cd1da553
GeneID:110700760,unique_never_inserted,349fe9946a49e15414ba78ca9882e43b
GeneID:110700759,unique_never_inserted,700fbb75cd4b7ad6e2837386d933c72b
GeneID:110700758,unique_never_inserted,3e11956811466a589a9eec961ec95a35
GeneID:110700753,unique_never_inserted,bc6789281a16f78751d2f467e376da30
GeneID:110700749,unique_never_inserted,83a09b397037e3b816b65ac53b0612c7
GeneID:110700746,unique_never_inserted,82b081799d71928503059907fb9393e7
GeneID:110700744,unique_never_inserted,995621c7695f7b8eb5ada15a16f08500
GeneID:110700738,unique_never_inserted,f165a15fc29baa503197bdf8ace5fccb
GeneID:110700737,unique_never_inserted,1279a59a7b0419be748a1b101e5b8067
GeneID:110700736,unique_never_inserted,7d648a74db53d0ab7ff0484e7782c86c
GeneID:110700735,unique_never_inserted,81f2e32a35e561f26a4d1556fc07af03
GeneID:110700733,unique_never_inserted,2fbfe1258d676ff029c10ad5026edc65
GeneID:110700732,unique_never_inserted,a563d68ada0fde4eafd17395de34a17f
GeneID:110700730,unique_never_inserted,6e17b5d3ccbbd8c27d6ab17378399b35
GeneID:110700717,unique_never_inserted,05c5939ed98d171ca321adf0df2d14d4
GeneID:110700711,unique_never_inserted,1f69b4d791fd6a16a3bf6a3f029a4675
GeneID:110700709,unique_never_inserted,984a2eb05475d8025cc42ea3d1a9f35e
GeneID:110700702,unique_never_inserted,9a203a49852d8b10d4b5d371fa4849df
GeneID:110700699,unique_never_inserted,7c3a40af10d872a2b99579d9508f2e8f
GeneID:110700698,unique_never_inserted,d1c1035b7889b9880e7ee9ab54a6c0de
GeneID:110700690,unique_never_inserted,7b7131cf6608666b2eb74c87a68fc971
GeneID:110700688,unique_never_inserted,d12d405f88cfe2b1b34c605aa5b32a1b
GeneID:110700683,unique_never_inserted,05d16c0fb1ee807b28287348e4c4b18e
GeneID:110700675,unique_never_inserted,f37f93b0e98024ce25034fcffebc0a03
GeneID:110700672,unique_never_inserted,41a7afc8277bdf34f41b8f08388e0b72
GeneID:110700671,unique_never_inserted,54c48e78c227fba402d72e08399b810c
GeneID:110700670,unique_never_inserted,bd2439e01507446c73d4e9d93bea5231
GeneID:110700669,unique_never_inserted,c3886e9e9e8e514040e0cd7a59faf6b6
GeneID:110700663,unique_never_inserted,1f66cd795f3bedaa29825f6a8fabd59b
GeneID:110700662,unique_never_inserted,ca2e26dfc6c8ca1a0a03143148807650
GeneID:110700661,unique_never_inserted,41dab39e40d034300f0e0a6abf9272a6
GeneID:110700658,unique_never_inserted,52158266b040245af6e4da0cf2fa2fe5
GeneID:110700652,unique_never_inserted,771074433c5941ec7f0e3f39aa150f7a
GeneID:110700650,unique_never_inserted,f45e3cb11d0597e1997b071e96b28136
GeneID:110700647,unique_never_inserted,2e0119ef1f51783aac513fc366c66907
GeneID:110700645,unique_never_inserted,3d3c200c9c31f4e46f581aee94d23878
GeneID:110700644,unique_never_inserted,914f10aa9fc355876339f1b6f1833ae6
GeneID:110700640,unique_never_inserted,0cd3fa1412be3818552ddd814990c008
GeneID:110700636,unique_never_inserted,3f02ed44c7d7908ccc0be8000a75287c
GeneID:110700633,unique_never_inserted,3a1b4d37d493f632b1ab228c47927320
GeneID:110700632,unique_never_inserted,8afc788375fd309e217eb55ee9e70878
GeneID:110700629,unique_never_inserted,4de3e0e639788fd6555125bae9a08d2c
GeneID:110700628,unique_never_inserted,944f1297b3605b535cd750e75871d3c8
GeneID:110700618,unique_never_inserted,98be8da8edbe6f9330788753c2512ea0
GeneID:110700616,unique_never_inserted,243115deeb25da5926d5f849130e50a6
GeneID:110700615,unique_never_inserted,21215394cf789091f06c59c4b2eccf2d
GeneID:110700610,unique_never_inserted,fdd46e151a3ae0a3fdb491e60f7fe6ba
GeneID:110700609,unique_never_inserted,be6fe6735f085a186c2c2fb6cd7901c7
GeneID:110700608,unique_never_inserted,2db2c1bbae77d48288f85c05310a8c46
GeneID:110700605,unique_never_inserted,4aa273625c00fd04b58124517e5bebca
GeneID:110700604,unique_never_inserted,335bb638a8c9461041c034bdad1edcd4
GeneID:110700596,unique_never_inserted,3583b88bfdfd564899e6e08398ea3ba4
GeneID:110700594,unique_never_inserted,06af0915c145e84b12f8d5b1e07e212f
GeneID:110700593,unique_never_inserted,54013b1fa24a46c9ae9e4d672ce1f6f9
GeneID:110700584,unique_never_inserted,65afc9375cda38d3b907d60b6b2a581a
GeneID:110700578,unique_never_inserted,4e6ada41ddbe5dc05793c5923eeb516b
GeneID:110700577,unique_never_inserted,fb1e0720c9d83bd3c6590d6e500677d1
GeneID:110700574,unique_never_inserted,48b32d614a5460786f0d9c60a1827cf5
GeneID:110700572,unique_never_inserted,19aa61558f10b2d779f7bc050d83ba9b
GeneID:110700571,unique_never_inserted,7b0a1822d4b42225c4449ffdc639cd20
GeneID:110700570,unique_never_inserted,bfef7448bf7fd4495c87709101c29103
GeneID:110700569,unique_never_inserted,421a17919cc6b0b5f9a69ab7048213a5
GeneID:110700567,unique_never_inserted,7b0fbc9bdb3a350cad6ab51d3d862e10
GeneID:110700561,unique_never_inserted,cec4479f71995aa9b86363cf49e569de
GeneID:110700560,unique_never_inserted,25535c7f4cbdd51012d11321cc5154bc
GeneID:110700553,unique_never_inserted,fbdb6c8d9cf48e69caddfc3b99cac4f1
GeneID:110700552,unique_never_inserted,3d9ca53e2f7bc0a39b8d6531bbd549f0
GeneID:110700550,unique_never_inserted,560ceee57908485fe5f3afb3ac1719ba
GeneID:110700548,unique_never_inserted,884cbcaefcfac893cd98c9d926f2e8e8
GeneID:110700546,unique_never_inserted,9fe108c4fc99ddd6b86d8e59d57a627c
GeneID:110700545,unique_never_inserted,dc8a05ec7e67556319063affd545164f
GeneID:110700544,unique_never_inserted,283ffc24ab48ab14ac51985dd5d99985
GeneID:110700535,unique_never_inserted,2f4f7d3c839e252f3348c12621774831
GeneID:110700534,unique_never_inserted,90abe53920927a62f7bd3ddacc91f84c
GeneID:110700529,unique_never_inserted,9be43c53cd76531321bf81cc250a9398
GeneID:110700525,unique_never_inserted,61ed504304bd54dbf082b55c37c60f84
GeneID:110700524,unique_never_inserted,b9317e379b26c32409e08cb979ce3987
GeneID:110700521,unique_never_inserted,12194d5c4929de1cf8b9b165f8232b75
GeneID:110700520,unique_never_inserted,1c2c94a664c2ef8e1deb4bb692b51406
GeneID:110700518,unique_never_inserted,840b6c61d1accfeb897b4485d533a556
GeneID:110700515,unique_never_inserted,b48fef09621852b97e6f763fe6e3778a
GeneID:110700510,unique_never_inserted,211f8ccb11bf39f1ce195f8fd486a589
GeneID:110700507,unique_never_inserted,135a7902819cfead7a655cad8289067f
GeneID:110700506,unique_never_inserted,7b6a1b94793c55e7e140af39254257e2
GeneID:110700504,unique_never_inserted,c22a32edcd48cc1144674dbf8e728f32
GeneID:110700495,unique_never_inserted,6b949c679a38b2c3b889b5d36ee496be
GeneID:110700492,unique_never_inserted,6dfa6b410a109cad53e11dd3795fdb7a
GeneID:110700491,unique_never_inserted,9c4acf6e6da38de08058cabe87ed535d
GeneID:110700490,unique_never_inserted,9eb72b3467ff43819d3859f6e4c78d2b
GeneID:110700489,unique_never_inserted,971f0fb305e089df6bacd49170f04cc0
GeneID:110700484,unique_never_inserted,2b7522e16f4526fed005c72197d6f017
GeneID:110700481,unique_never_inserted,a1ec381e90de648dacb5c729d1cf82cc
GeneID:110700478,unique_never_inserted,fdbd8ddf524a6363203afc92bcd89348
GeneID:110700475,unique_never_inserted,1e5cfada33c6f262f89473ead33af442
GeneID:110700474,unique_never_inserted,437afa43b06bac33b8f87f72da9ca613
GeneID:110700469,unique_never_inserted,f1af454ce728c1c9cf62540372e9c708
GeneID:110700467,unique_never_inserted,80010570ff94ac005a78ed5569268da4
GeneID:110700465,unique_never_inserted,f118acbf0690e2eb36486c33f4d10bea
GeneID:110700464,unique_never_inserted,2931f8e013805cef0159fa0a76f4b6c2
GeneID:110700457,unique_never_inserted,859ec95f69494f263d0aaaa1e44070e3
GeneID:110700453,unique_never_inserted,6ab55673f6bf2b4cf7e407154f7e09cf
GeneID:110700447,unique_never_inserted,d9abc78c0a76d468ea77b3ee6fe82956
GeneID:110700446,unique_never_inserted,85df5822b56077911a0c1b420d0aef52
GeneID:110700445,unique_never_inserted,1fe62b853fe45196062c4da3a83747ae
GeneID:110700439,unique_never_inserted,e7ee9d3469391b91e9505067da9de53e
GeneID:110700437,unique_never_inserted,216ee3835adfadab9861e0c82bff6796
GeneID:110700436,unique_never_inserted,692214b7727c3053f464bb2d4d963869
GeneID:110700435,unique_never_inserted,fbeddb137e831d3b7d1c26198f3addb7
GeneID:110700423,unique_never_inserted,cc5bd10bb03e4cc6b1efbd1e4aa660f0
GeneID:110700422,unique_never_inserted,1705f3846db8aa1493d5045031229f8d
GeneID:110700420,unique_never_inserted,dc93e97566b97171e40c154e07c5085f
GeneID:110700418,unique_never_inserted,89f344a56da4c229504737b5c38d1abd
GeneID:110700417,unique_never_inserted,da3909bd9be195a0ba7489568a690a69
GeneID:110700406,unique_never_inserted,b51ccba05caa03da3a367d6dc6d3e717
GeneID:110700404,unique_never_inserted,d9461d84d56e1d63b1d922a421e3581e
GeneID:110700402,unique_never_inserted,82db1d2f91a1de3a3eceab94bc77b24c
GeneID:110700398,unique_never_inserted,8f106cec4bb4292c9e0f519d5c1a0c44
GeneID:110700394,unique_never_inserted,69a8c6ed6aaa9a3d4eaaeb12fc275d13
GeneID:110700393,unique_never_inserted,9838945d4b406dbb70f7c81384f0026b
GeneID:110700391,unique_never_inserted,ccdb410478f9eae901d51c030b6e7aca
GeneID:110700388,unique_never_inserted,be7ff91c7540604ea6529994ba3f289f
GeneID:110700383,unique_never_inserted,b1d8f1a1f6a6c5c672559a053f64d172
GeneID:110700381,unique_never_inserted,32875fc698f1e3bb4effe39a263a61ae
GeneID:110700376,unique_never_inserted,d730d865060f201cec4b5c40793b8d24
GeneID:110700370,unique_never_inserted,4907d2d74b501a921bb97d53751896d1
GeneID:110700369,unique_never_inserted,b84e288ec283d2161343ca69240a8549
GeneID:110700368,unique_never_inserted,a08c4bf47c0b5498480b6f41525479be
GeneID:110700367,unique_never_inserted,cf993bd72f7b66c38a972605997ba74f
GeneID:110700365,unique_never_inserted,c1a84e0ad3d7600238363312b46a5d5c
GeneID:110700362,unique_never_inserted,f7110ff14cbb08cc7f546f7e5762d9c9
GeneID:110700361,unique_never_inserted,a6ba15ae2d8447e3b1ea298e2e0b2e74
GeneID:110700360,unique_never_inserted,62f03914121edbd152b5e4a6703dcdd3
GeneID:110700358,unique_never_inserted,672eff36956a44a6079ed2e3df9f338d
GeneID:110700357,unique_never_inserted,6af0f2fba5b3752247fac888f62dda95
GeneID:110700355,unique_never_inserted,ba7ce113cb78de114b1a550d35b5003e
GeneID:110700354,unique_never_inserted,adf08606c1666543697bca8df016293b
GeneID:110700350,unique_never_inserted,cd2dd2a3e529827fd018d4d4520cc720
GeneID:110700347,unique_never_inserted,6d405694eacca9c2fb721eda20dd9dd4
GeneID:110700345,unique_never_inserted,967a6d659df451821b6da3a2736309c2
GeneID:110700336,unique_never_inserted,1000294549029a73e2f25630e661bd0d
GeneID:110700334,unique_never_inserted,57c955403ca46224ad5283b46fc5b1a1
GeneID:110700332,unique_never_inserted,8e4e59f302aa83471f70530869543c6b
GeneID:110700330,unique_never_inserted,e47e5207557dfa643631940974657f01
GeneID:110700327,unique_never_inserted,07c165b5b02ae5079a3e357ff180947c
GeneID:110700326,unique_never_inserted,1a1a6aad66be21e92cbd922b23d8bac1
GeneID:110700325,unique_never_inserted,3b214b32852b22ef529966b5adeffaaf
GeneID:110700322,unique_never_inserted,9a8e9d045d32416e27546ecdb31f8fb3
GeneID:110700318,unique_never_inserted,be6faae16f6c6a755c8776341608b45a
GeneID:110700314,unique_never_inserted,042866fcdadd0c7b2ac4502da033df9b
GeneID:110700311,unique_never_inserted,2247b0545c5c50c9024cf16e4c40dabd
GeneID:110700305,unique_never_inserted,f2996291490e76796d295285d501bb2b
GeneID:110700304,unique_never_inserted,f820366c941afdcd3a3c42efb159e7b0
GeneID:110700301,unique_never_inserted,8f7718a83647a7e9311d05d840eb3e1b
GeneID:110700296,unique_never_inserted,4af50abafecc36def21e01c013d90071
GeneID:110700295,unique_never_inserted,8279058c4665a6c4ca897edb906a029b
GeneID:110700288,unique_never_inserted,e73dd182c7e711d216337a15d7a15e3c
GeneID:110700279,unique_never_inserted,a789657a89b6d736f2e49736b6d56dcb
GeneID:110700264,unique_never_inserted,9cba7b40762ca5431f24dda82c51a8b1
GeneID:110700263,unique_never_inserted,752453b28201d5b67640d218a17881a3
GeneID:110700261,unique_never_inserted,24f646c3d1764af00b0087809ff81b8c
GeneID:110700259,unique_never_inserted,369f92f301d6a9c486cc8d72317fee78
GeneID:110700257,unique_never_inserted,987244c80a69eac28d7736b9032c9863
GeneID:110700250,unique_never_inserted,094126cc57ab93c8558371b96fb39004
GeneID:110700246,unique_never_inserted,3ab5e97b91a3e0163298b6f06d0bccb9
GeneID:110700229,unique_never_inserted,c2e1348852363d531af2365630ecd8c0
GeneID:110700228,unique_never_inserted,393b05cdc30d8910306590fe24941a36
GeneID:110700222,unique_never_inserted,6008a91b4191ccb431c7c6b2f5e043a3
GeneID:110700220,unique_never_inserted,c8de3bed48cbd99861c1469888d5f5d9
GeneID:110700214,unique_never_inserted,a146a1d8c1625dc2176666dadb39b121
GeneID:110700213,unique_never_inserted,96bd46443d439503788c01eaeea51dd6
GeneID:110700212,unique_never_inserted,f257324b83f9415dc5275b764fa49056
GeneID:110700210,unique_never_inserted,f4622dbdfa7efddd86502ba2ca897c7e
GeneID:110700202,unique_never_inserted,b789e443e78f2104275ea761658142bc
GeneID:110700200,unique_never_inserted,1ab3d0f266f11d5b28f8294500e224a0
GeneID:110700198,unique_never_inserted,ff6dfc49bd8c12aa072edcedd0411177
GeneID:110700194,unique_never_inserted,64e7ccb55ecc5670c4d856253d64a7c2
GeneID:110700188,unique_never_inserted,a561532f0cb1233b3f063b75d3650ff7
GeneID:110700174,unique_never_inserted,ae49bebdec9f897288a510b6edc3c8e2
GeneID:110700166,unique_never_inserted,59b5c8e64f0b8671bdeb782d467b22f0
GeneID:110700165,unique_never_inserted,2ed7653a18123515e85fb638a1f3ae0b
GeneID:110700164,unique_never_inserted,f94a6cda382ef2f85b9aadef7d8aaa64
GeneID:110700154,unique_never_inserted,c26992c4db60c6cbe02a29f886938812
GeneID:110700151,unique_never_inserted,e67e3c93700cbb5743cd213fdc1cf622
GeneID:110700149,unique_never_inserted,b03f98a22cabc9d665a685c40ad9513e
GeneID:110700147,unique_never_inserted,8b01e42097d206087ba236c228855b5b
GeneID:110700143,unique_never_inserted,116c7a1da06d282123e7e43a369b85f7
GeneID:110700141,unique_never_inserted,5f65f987d86688956f940be8dcdc9ffb
GeneID:110700138,unique_never_inserted,73fb047a7f3e234cf9d64fcad0d8e15c
GeneID:110700136,unique_never_inserted,d03ca9d49bbf74bf4340218b03679272
GeneID:110700127,unique_never_inserted,ea23854454f690ce256ee24375620aeb
GeneID:110700124,unique_never_inserted,c77397257d1912844097edddaa3a972e
GeneID:110700119,unique_never_inserted,e16c4b98e0064713ca939e3ba2789a6d
GeneID:110700117,unique_never_inserted,49b71a5596547d2f374360069a96a658
GeneID:110700113,unique_never_inserted,e14a223cb44aaa148953021359d5e93a
GeneID:110700110,unique_never_inserted,777f8d3d347980cbd9223faaceed8f09
GeneID:110700108,unique_never_inserted,e3beac19a4c07a487d353172ec29579e
GeneID:110700107,unique_never_inserted,90828eb36ceebcb6d091394a6af206ba
GeneID:110700105,unique_never_inserted,7e575eed0c57065332ae4f3ee34ffc9a
GeneID:110700103,unique_never_inserted,5e32119b4bfb404665f4a18f75ba2cf8
GeneID:110700092,unique_never_inserted,204a4105817117ed0079e8bfa049a6aa
GeneID:110700091,unique_never_inserted,5418cb3ab8e0a8a48837c159232156d4
GeneID:110700086,unique_never_inserted,e221e309a9b1fccbacfd8d64e2857769
GeneID:110700084,unique_never_inserted,8982a78cdf30c0d4de2d33bb256c2184
GeneID:110700083,unique_never_inserted,7508d16c1132a5e31a3d9aa789b36042
GeneID:110700082,unique_never_inserted,25388ccc8733ebb34437d85f950aebd5
GeneID:110700081,unique_never_inserted,521c9556b303b4397fa1365eb0187342
GeneID:110700077,unique_never_inserted,719e7f418a6f38dffd6cc64b520918ce
GeneID:110700069,unique_never_inserted,56e3c2b8e617a1f148ea2c1639abf37e
GeneID:110700067,unique_never_inserted,c7e762ba7fc6e256c3b161e9e7c03603
GeneID:110700057,unique_never_inserted,e58515563f30b9777f607c35b61b4679
GeneID:110700043,unique_never_inserted,c55060e517a1cc1f8af8f001031157c3
GeneID:110700042,unique_never_inserted,e9dc93d67afe117f0e546f5dd5a6458d
GeneID:110700039,unique_never_inserted,8647e04f31ed57c288d5c2d349030787
GeneID:110700033,unique_never_inserted,6e3013e869166f4e90741e1bcd4c07b3
GeneID:110700030,unique_never_inserted,0906e0acb71878080943121891dbf7bb
GeneID:110700029,unique_never_inserted,551ab02dcb7d5b66278a61093a4ef357
GeneID:110700028,unique_never_inserted,8b2dc892d54b37b4b43c9a61145cb82e
GeneID:110700022,unique_never_inserted,68632160acaa7d5d654481b57b4bb6ff
GeneID:110700021,unique_never_inserted,91d1daff73468c7591e37298e494283c
GeneID:110700016,unique_never_inserted,0a0f3ad58591f261f2c78105526d0173
GeneID:110700015,unique_never_inserted,e77e127ff78c996a674f5b9d2b82f6cd
GeneID:110700012,unique_never_inserted,184199212df522801a3afbf6fd261c60
GeneID:110700003,unique_never_inserted,6d55dffb5835648ec55e2fb6c32eec4b
GeneID:110700002,unique_never_inserted,6b360724ef893c69bc8e27ecce260622
GeneID:110700000,unique_never_inserted,ee57eaa3c81292635eede8dd521a2589
GeneID:110699999,unique_never_inserted,a9f577c1d5521b14e635828714612507
GeneID:110699997,unique_never_inserted,e90975f9e5c70f4cdb1569d82d2c41bd
GeneID:110699988,unique_never_inserted,8760ec169d4b4c881791f8e3db2b8fc4
GeneID:110699984,unique_never_inserted,69c4d87973b76e035b5d6910bc817dcb
GeneID:110699981,unique_never_inserted,6c186e513f36db317ed5584f539d8a21
GeneID:110699980,unique_never_inserted,443deebef3542e121ad17542fed95722
GeneID:110699979,unique_never_inserted,8988a4063eee2eaec04cf781476dac64
GeneID:110699978,unique_never_inserted,8d9e6b99ecc4e1877626261d159e97df
GeneID:110699975,unique_never_inserted,3242478ac6881a0b221e7c45cf6c5f02
GeneID:110699974,unique_never_inserted,8f69400bbf6f4e993068ad4ef240a1e7
GeneID:110699969,unique_never_inserted,c821c5ebaa67e63149a93206e8f1757d
GeneID:110699961,unique_never_inserted,536ff9507a240e2f570a5fb3b0a73953
GeneID:110699959,unique_never_inserted,0461e21e610a598b6d084b2a716463e9
GeneID:110699953,unique_never_inserted,fcd1636102d4583689b65d357e99145e
GeneID:110699937,unique_never_inserted,b2c8ccf27e2d0fe9c8584e6ff1be383e
GeneID:110699930,unique_never_inserted,0fc697f48ccd2fc5c69f2aa2a6af2522
GeneID:110699927,unique_never_inserted,82e4ef99e61d3ce17e812a9e1644fa45
GeneID:110699926,unique_never_inserted,839cc73143219f89814791e12f285fb3
GeneID:110699925,unique_never_inserted,1af55c4a279de1d9dc23e7f411287629
GeneID:110699924,unique_never_inserted,9640bcb01dd46dff9937aed3d1606bf7
GeneID:110699915,unique_never_inserted,159750298b703fa22a5316ac3150650d
GeneID:110699911,unique_never_inserted,9183b1dac05ee353c9e16e0c93e6b6f4
GeneID:110699910,unique_never_inserted,aadc603eb9164871a25de417fac4ed72
GeneID:110699909,unique_never_inserted,6212c27abfca92ec310c0e6e154afb44
GeneID:110699905,unique_never_inserted,60b07db743f15c34bd89ab12a56319f9
GeneID:110699889,unique_never_inserted,22aae187f8401f8aa0767e7179d0589f
GeneID:110699886,unique_never_inserted,1de1e2cbed5bf07ee7dad3c83b878eaa
GeneID:110699883,unique_never_inserted,bbc6a493890d151102d3f4b0d619cf56
GeneID:110699878,unique_never_inserted,2ad0b669b1750f6ef014fdfdcec8c02d
GeneID:110699872,unique_never_inserted,5d4cfefa5f94061a5c44ae299b58abbc
GeneID:110699865,unique_never_inserted,17387c1987e6ed3e19f6b2ce19215d42
GeneID:110699864,unique_never_inserted,64b4f101df6e81e1c3abdc858bfb1cfd
GeneID:110699863,unique_never_inserted,796a9d2ce31cf852fbaa10412fcd9e8b
GeneID:110699862,unique_never_inserted,2a236c930612f6dadd92aceb39e0d460
GeneID:110699861,unique_never_inserted,e1b0c40d1dddced8839ef51030cdafd6
GeneID:110699859,unique_never_inserted,3c25df885c1784f9b664b998e0c3474f
GeneID:110699858,unique_never_inserted,ed1bdc43bc3d6ae42027890476d63dab
GeneID:110699854,unique_never_inserted,320c39a997d42939dfc8b8f5f5ce1977
GeneID:110699851,unique_never_inserted,846434709347831e45af4a5dfabd3475
GeneID:110699849,unique_never_inserted,bc24193aeb56e864113fadb9310c0398
GeneID:110699846,unique_never_inserted,7bd6c25aa3b6dfec0362c73886454c20
GeneID:110699845,unique_never_inserted,61f1abd7108df951fd556f7cd42b1802
GeneID:110699842,unique_never_inserted,61f1abd7108df951fd556f7cd42b1802
GeneID:110699838,unique_never_inserted,fd13b02ba564e82c5438933682d3cfb5
GeneID:110699837,unique_never_inserted,e415c28212e88172a98e0f1b27cf3a23
GeneID:110699836,unique_never_inserted,d62ddfd9830f8ceb0ecc4fba7d9ca3e6
GeneID:110699835,unique_never_inserted,559028049eef5e570f5e0eccb4895df0
GeneID:110699834,unique_never_inserted,f935f83f716f1f7935b3590d94def6b7
GeneID:110699832,unique_never_inserted,b0e25b534c080f985bda7eba0e02b069
GeneID:110699829,unique_never_inserted,46c6894ccbb9d07ece2064c625d7f49d
GeneID:110699828,unique_never_inserted,0e113e25e18a7915abdc8bef61403733
GeneID:110699827,unique_never_inserted,a62dce3a3eafd1c3fc85647e94aa24d4
GeneID:110699826,unique_never_inserted,c7cb28278e8f4f1e36fdc1109eed8fbc
GeneID:110699824,unique_never_inserted,d26ef1689fbd6bc4a8113bafc6cdb4bd
GeneID:110699820,unique_never_inserted,88ed31d3db3e62c9a2ab26a6a7cf791a
GeneID:110699819,unique_never_inserted,43fe91150b21e897f75f6daa149f3d65
GeneID:110699815,unique_never_inserted,f21251f55f472603d1302005649c72f2
GeneID:110699808,unique_never_inserted,d65ead3776851119b6fad63e0364435e
GeneID:110699807,unique_never_inserted,bb13a5dd8787f9518fb364957fe3cd55
GeneID:110699804,unique_never_inserted,0bdcce24bdbbaf65c6d01b3d7f946b50
GeneID:110699799,unique_never_inserted,887339e413f5e3304ca4bdb54981ba79
GeneID:110699793,unique_never_inserted,41ab82373ce2421dd793143135cacb5a
GeneID:110699791,unique_never_inserted,e0b50570019ada9bc6594662d762b0e4
GeneID:110699790,unique_never_inserted,9754457eedd450cd0b09427091557019
GeneID:110699789,unique_never_inserted,88ecaff0663015a82446727904ae3e19
GeneID:110699788,unique_never_inserted,1aa14038bd2f3b18b8af0b98531b84ba
GeneID:110699784,unique_never_inserted,4f36132e0d5706ceb882786bb8fcd2c3
GeneID:110699782,unique_never_inserted,c71caf803a98bd39fa49972e5150a961
GeneID:110699781,unique_never_inserted,28cadb85b820324026fd64b7f647b68c
GeneID:110699780,unique_never_inserted,bddbc963c1868c6cf66c153d0650028e
GeneID:110699779,unique_never_inserted,00d00958ae7b872b6382a950626fc486
GeneID:110699778,unique_never_inserted,7f4c9b497d24624e280595c77aed357c
GeneID:110699777,unique_never_inserted,2a06b1e3ccf799860a70cc89ef8d3c80
GeneID:110699776,unique_never_inserted,2d7a46be4750aba876dfe20dab09d85f
GeneID:110699772,unique_never_inserted,9426396eafa9c64c3c0240801f4cda7f
GeneID:110699771,unique_never_inserted,598cc9748df31b53da994ac3e8d44de5
GeneID:110699770,unique_never_inserted,782c0cb5eca81f4d62660863e091272e
GeneID:110699764,unique_never_inserted,978522572b7bebdfe6caf38189b3427b
GeneID:110699760,unique_never_inserted,ff82bf812c307ef19ea61d187a13fdf2
GeneID:110699757,unique_never_inserted,9cb4fcf0f7cafd0510347ece7c206309
GeneID:110699755,unique_never_inserted,e0dcd6c8984a4f35b607504081ef86b8
GeneID:110699754,unique_never_inserted,c8ae75b4d7a8e33bc8274b5ae8c11119
GeneID:110699750,unique_never_inserted,4c0724556f3bad932675e97204d2d411
GeneID:110699749,unique_never_inserted,2f3459b558cd5d56436e57acb44283eb
GeneID:110699740,unique_never_inserted,42e4393081a9ed426127619c9f5c4a56
GeneID:110699730,unique_never_inserted,b75886ee86612b6372f14ea451243a05
GeneID:110699729,unique_never_inserted,cb29c0ae61f2d4492012197a296337f9
GeneID:110699728,unique_never_inserted,abd3106a272e0bc4b61d7ccc3863b2c2
GeneID:110699722,unique_never_inserted,65adcd3461e2e21b3acefdbccd7c30cf
GeneID:110699721,unique_never_inserted,b2df6bce192bad4a9b7688297bd8d14e
GeneID:110699715,unique_never_inserted,ba8b2a0a6dadd79a770d6588b3db14f8
GeneID:110699714,unique_never_inserted,2a6af8e85298ed4480be6a9fd69f20a6
GeneID:110699713,unique_never_inserted,d6430544e658ff860e35fa878619e2ce
GeneID:110699712,unique_never_inserted,f7b688c1946cc2fa252e511cbead5d49
GeneID:110699710,unique_never_inserted,439749887ec3f00500ef91829e9107ad
GeneID:110699709,unique_never_inserted,4e4194720a8d2caf5d360b2f74cc1e15
GeneID:110699698,unique_never_inserted,653e01b796747552947522ef98c6784d
GeneID:110699684,unique_never_inserted,2f70d7981c534b4098692da93ecdf1bd
GeneID:110699683,unique_never_inserted,b8cf293594181fdce6978e377e76b7f1
GeneID:110699681,unique_never_inserted,85a700f4a20767ba260ef46e4944aeb4
GeneID:110699668,unique_never_inserted,2b2f518ebe47a0a91750f2921c1f7528
GeneID:110699665,unique_never_inserted,0402f539646703d133b3878141e32cde
GeneID:110699664,unique_never_inserted,e4f2e3c04479a894899cdec0f7b9951c
GeneID:110699659,unique_never_inserted,5fe1362ca4ee93a851c99e30136d48d2
GeneID:110699657,unique_never_inserted,6cd501a0776116bd6fb5fcc3f665671a
GeneID:110699655,unique_never_inserted,5fa7a02c2fe2235c61f8180c329228ce
GeneID:110699653,unique_never_inserted,f97fe8c9a692e5d472fdbed54f7c4bc3
GeneID:110699636,unique_never_inserted,42f2e0dbb4546a47b58c23a431bce912
GeneID:110699633,unique_never_inserted,1cdfbb6d306f6b24db696603361a8ed6
GeneID:110699632,unique_never_inserted,456542337210e580b6b658cf10f8e48a
GeneID:110699620,unique_never_inserted,6b8029164bf65b1cd1aff6468d63bebf
GeneID:110699619,unique_never_inserted,f447fea4999e4cdb51d8b45c3ac70c35
GeneID:110699618,unique_never_inserted,5f3fd2bd25bbf7c42a9fcec800f8f046
GeneID:110699616,unique_never_inserted,80d34d883c27a33bd94d61262d610e9d
GeneID:110699614,unique_never_inserted,ddeb504cb8562ab6cee25bdd8bd3c6a5
GeneID:110699611,unique_never_inserted,3c5f2eda1e63bab28e094a06dab56f32
GeneID:110699602,unique_never_inserted,f9ae4e6d3cf567ad787b8a8f74f816b4
GeneID:110699599,unique_never_inserted,8eec648b8d48408bf3acd66db5101b48
GeneID:110699593,unique_never_inserted,f46152854d03c88ed485f7ef79a1371e
GeneID:110699592,unique_never_inserted,0bf9ac6bfad6ec82892924ce3735292c
GeneID:110699590,unique_never_inserted,582aaf8b7ee92e47438806e3aadd6755
GeneID:110699589,unique_never_inserted,7bf8058e211b0fb33ae7eb8f23bf29c1
GeneID:110699588,unique_never_inserted,4022c72bbc3779ce286752a55c343c50
GeneID:110699582,unique_never_inserted,2d2f66d286821d57b45644ecd8289f5d
GeneID:110699579,unique_never_inserted,84d67b71bda105609a1479727bc89f36
GeneID:110699577,unique_never_inserted,6761a93383d188b42c6a69a63edf1ebe
GeneID:110699567,unique_never_inserted,012bebf79850b3e11e55b4f436f856dd
GeneID:110699565,unique_never_inserted,6f1b9fe5d8cf31890d3331fedf38d001
GeneID:110699560,unique_never_inserted,c703b6111f95ac31af02cf4d509fec90
GeneID:110699557,unique_never_inserted,89141d094fb3c03a7f19eeaadbaf3a6e
GeneID:110699556,unique_never_inserted,39066ee784c7ce1f9c539acd62be93f7
GeneID:110699552,unique_never_inserted,8f631383d50d9168b8b9ba031a4f8592
GeneID:110699546,unique_never_inserted,0c131465f18e41463d5a5deb380b034b
GeneID:110699543,unique_never_inserted,c3dbb9e76b2c9d72ff4248ce11b511d8
GeneID:110699536,unique_never_inserted,88efe765363edd122c148e34e93e41f9
GeneID:110699535,unique_never_inserted,d0ea34d6b8080db06f339fdc3fe77d03
GeneID:110699534,unique_never_inserted,7e0b678f0055f5df8c8ef973bc32a83a
GeneID:110699533,unique_never_inserted,aea554d24a7bed9c4de055f70795b01d
GeneID:110699532,unique_never_inserted,d9241d8336b099973bd8d9a20670677f
GeneID:110699527,unique_never_inserted,ed977cc1556f253f52fe994c87d0cd36
GeneID:110699526,unique_never_inserted,93b84ce9d7555a7fb65515327064ef13
GeneID:110699513,unique_never_inserted,88ad44b5b222bd89a3f51c8883aef378
GeneID:110699512,unique_never_inserted,a8c91fc149e53443733f9bafa9106160
GeneID:110699508,unique_never_inserted,53bdb3b4ae4ff2392be9adb5ae2a9ba0
GeneID:110699500,unique_never_inserted,b71e9dd8088eb230e5e26c36d866e2ab
GeneID:110699494,unique_never_inserted,001ee2eab4f70a8875f940f8493bacf7
GeneID:110699493,unique_never_inserted,c19c84ff192e4f34ccf0e8c1a524e5e1
GeneID:110699487,unique_never_inserted,52f8cd88953a279c6773c8946ab32dc2
GeneID:110699485,unique_never_inserted,2af9194a19c84cb68e3a41311df2aad9
GeneID:110699481,unique_never_inserted,d12a5888f5cf133bb52507637dfddf19
GeneID:110699480,unique_never_inserted,d81f0c809ea6b5a0bbeacc609267797f
GeneID:110699470,unique_never_inserted,15dcf360da2ed6b3803e7ce8a39e4bc8
GeneID:110699469,unique_never_inserted,40c55e4d0e80a2ec0bd179d0c2dac9d9
GeneID:110699466,unique_never_inserted,1673508ee4b554f6acb6c548368a0a5c
GeneID:110699465,unique_never_inserted,1499500e6c676b0512293ebf4886194b
GeneID:110699464,unique_never_inserted,d71659d87f110a0e32f5970a37b1d618
GeneID:110699463,unique_never_inserted,352a6495e7de196b9b73fcef5853b7cf
GeneID:110699462,unique_never_inserted,ba1e9aa5af15961d6d2bf729f8885751
GeneID:110699450,unique_never_inserted,3820b195666b1fc3c46768f6b43ac228
GeneID:110699447,unique_never_inserted,c0008b4a919cf87094dbac70d32d2049
GeneID:110699446,unique_never_inserted,9a2721c4c027536b00efe6569d4a3ad3
GeneID:110699445,unique_never_inserted,c23b99458fd94662cd8d2226b0a22a59
GeneID:110699442,unique_never_inserted,0b113bed3611a8a4044c2b9f269cfa3b
GeneID:110699439,unique_never_inserted,0c6d0846d2a1b2dd0bd6ec50b1f4d81e
GeneID:110699434,unique_never_inserted,9d83fcf0675a9d2c186a69bf3186b0f3
GeneID:110699432,unique_never_inserted,4f1794c66f39172b868f0f2ca54e93e7
GeneID:110699431,unique_never_inserted,de55eb2a2f6cd45e5b0fda8b581faa34
GeneID:110699425,unique_never_inserted,4d090bf4ecf87a3af6c17b1af527dfb3
GeneID:110699418,unique_never_inserted,63256a0e0fdd7d2843d67c60b523bd55
GeneID:110699412,unique_never_inserted,49ff069b092a693a35a454090d51227b
GeneID:110699409,unique_never_inserted,299a9a4c06c1df607ad73b41bb710341
GeneID:110699408,unique_never_inserted,9d38a149a0a9026101c60c1715823b97
GeneID:110699402,unique_never_inserted,e5aeca2ecf7c3c5d118f3ad88a0c6ed6
GeneID:110699400,unique_never_inserted,f922a3abb46292f22f313ce3223ebb77
GeneID:110699397,unique_never_inserted,0c854403b1333f5f3a40779aa9c8fdfa
GeneID:110699396,unique_never_inserted,7cfd838c11bc88c1f8c8f36add3871ea
GeneID:110699394,unique_never_inserted,5312c41afca1a3fe8289a5a144108902
GeneID:110699392,unique_never_inserted,39b31c7fa5df4d20a8c859081ad9983a
GeneID:110699391,unique_never_inserted,511f1e214aecebbbe6ba1a0c83777c4c
GeneID:110699389,unique_never_inserted,7da0e5a510ce1d25b5ce909a1386ff20
GeneID:110699382,unique_never_inserted,abb061a00ed5f61872a7bbbf111028ae
GeneID:110699381,unique_never_inserted,98b8b1575f992c755e1bf03ae24f9798
GeneID:110699380,unique_never_inserted,af39fef8906f76c7e34e1bd8cd38d43c
GeneID:110699379,unique_never_inserted,16828a436561c340a005108bb72a5634
GeneID:110699378,unique_never_inserted,6159a82683c699782df250c7d6dcb4ff
GeneID:110699377,unique_never_inserted,4138cfad246c0f8954de90bedabae9a4
GeneID:110699376,unique_never_inserted,1a125dbb9c28ffcacc4ee76200273d03
GeneID:110699375,unique_never_inserted,4135259476d70189ee9ab51b84919b1e
GeneID:110699374,unique_never_inserted,291477bbf1f132712dfcedc1f7669dbc
GeneID:110699372,unique_never_inserted,1452d1a48c514a740c7e097c35a9015e
GeneID:110699371,unique_never_inserted,be5ecbee6bdc18ba98a2acf633ca14a9
GeneID:110699365,unique_never_inserted,b52ef146aaf6da16fe0d27b67fc93070
GeneID:110699358,unique_never_inserted,6156ded2f41cb7d556ff5b497f76e5d6
GeneID:110699357,unique_never_inserted,0e12217fb5a660445eea7c5a11e19ac1
GeneID:110699355,unique_never_inserted,6bfd6409e3333efd41bc11e40aef5acd
GeneID:110699350,unique_never_inserted,1d9207229b94800982abf2d26dbaecea
GeneID:110699347,unique_never_inserted,64f3939c5963c0b3a9c9119d03788b58
GeneID:110699345,unique_never_inserted,f1ad37da559be3d1e873c19ccc86a217
GeneID:110699343,unique_never_inserted,f2e40271a02c2297ec7f01d5fb560641
GeneID:110699335,unique_never_inserted,ce38b6b8b619f099ff23885ec2df8d60
GeneID:110699332,unique_never_inserted,f738afb083f207a2005629ab56a71de4
GeneID:110699326,unique_never_inserted,8c63f5f3afdbd7d0315d9ee779b0f432
GeneID:110699320,unique_never_inserted,67dbf2eb9b7f512b90aa11dc5c1824ff
GeneID:110699316,unique_never_inserted,aec098946e24a9adc42f8847c0cf7463
GeneID:110699307,unique_never_inserted,fab847e00966e210490742f779c222c4
GeneID:110699305,unique_never_inserted,73a27cf790a2e39efcf0329376917172
GeneID:110699302,unique_never_inserted,04a0efaba9960945cdb67c968079603a
GeneID:110699298,unique_never_inserted,02044734f12bd296ea1e7a811354bd4f
GeneID:110699297,unique_never_inserted,4e1d7d2fc043b5e7fe51a7660d5661a5
GeneID:110699296,unique_never_inserted,e59d53ff37da0ccccc64c4f27f16526e
GeneID:110699294,unique_never_inserted,4787e116bbf04b0f350dc5c0bd5c8644
GeneID:110699293,unique_never_inserted,3d02ffd04607fd9678c281bb04cf85c2
GeneID:110699290,unique_never_inserted,1d270e33794c836440becb90c99c8401
GeneID:110699289,unique_never_inserted,5fb916cfd8b21a6ad9250e5941ebcaba
GeneID:110699288,unique_never_inserted,c60cc0819dab41727990237d5baa0e90
GeneID:110699286,unique_never_inserted,8fe491a23d3bd3e850a51a40e78de731
GeneID:110699276,unique_never_inserted,e6731e39eb639f766b0d27fd6600b28e
GeneID:110699274,unique_never_inserted,30ab5ea899cbffd810434b49dec1f744
GeneID:110699273,unique_never_inserted,4a0a7ef8f68efd99358f343f7f935211
GeneID:110699261,unique_never_inserted,36d25cc4a39272f20867a3624baf8eb0
GeneID:110699254,unique_never_inserted,8f1daed2682221d39bdedc9c8fa39bb8
GeneID:110699250,unique_never_inserted,22b095b51daf008783bd44097b191b6d
GeneID:110699242,unique_never_inserted,2ab870e5ddde2179e8945c01204c58d9
GeneID:110699241,unique_never_inserted,b7e9802cfbd9bab7fe51de681fe2d1b1
GeneID:110699239,unique_never_inserted,155b1881d12885197a90b10966edf086
GeneID:110699238,unique_never_inserted,ec45ff10175de9b3b8a0cd2e64e19e9d
GeneID:110699237,unique_never_inserted,120425365653d805ebd10d853b0db44f
GeneID:110699231,unique_never_inserted,36cb1551f61d8f3a60930136c0d8a9ec
GeneID:110699229,unique_never_inserted,2f90a126dfe0a98e171ce0088caf1452
GeneID:110699224,unique_never_inserted,b50feb518648b528ff3593e1a1ca0ce1
GeneID:110699223,unique_never_inserted,85efd48101a62cf26cea76c10f656a2c
GeneID:110699220,unique_never_inserted,87a0c9badd4804eaf3177b0d380ca6ac
GeneID:110699218,unique_never_inserted,fd64790b36d05a93931f5eadda25c953
GeneID:110699217,unique_never_inserted,48219e608c0463f189b8c5d1f8243876
GeneID:110699214,unique_never_inserted,d99635e03fd6cc15079b62a3a6d40eeb
GeneID:110699212,unique_never_inserted,0227c0b8eaf9dfb6bf0a1356459faa44
GeneID:110699211,unique_never_inserted,4d44d68410f9d49e20e4eb4abbd8a336
GeneID:110699207,unique_never_inserted,94b2a49e83c2d45ea917ef025f937902
GeneID:110699203,unique_never_inserted,a5ecd02ac1258da175d1386c9401adcd
GeneID:110699202,unique_never_inserted,a5ecd02ac1258da175d1386c9401adcd
GeneID:110699201,unique_never_inserted,a5ecd02ac1258da175d1386c9401adcd
GeneID:110699200,unique_never_inserted,a5ecd02ac1258da175d1386c9401adcd
GeneID:110699194,unique_never_inserted,64ca012999ee89d29c1b552990ed5f4a
GeneID:110699193,unique_never_inserted,81c1cd045ae4917c98de88aa645e1e05
GeneID:110699192,unique_never_inserted,28ea2010a89ff7e2f02c8002a9914e80
GeneID:110699174,unique_never_inserted,51479ffdfe7063138c60b0016a80401b
GeneID:110699165,unique_never_inserted,b4b484e38dcd11748226c8bdb0ca0f72
GeneID:110699164,unique_never_inserted,b6f294515b3748cd6734741e5164fdef
GeneID:110699163,unique_never_inserted,d8a7c38ddc26a46492fc8ca4fcfcd3a3
GeneID:110699161,unique_never_inserted,101504d1b3205fea300ff9134db2bd37
GeneID:110699160,unique_never_inserted,a509037295a6a4fba34ab7e85cf37f20
GeneID:110699152,unique_never_inserted,fa48c76e5371718cbd3d6629a03f7729
BHP89109.1,unique_never_inserted,6b259e0d469ec53a2abbd2750f78ab71
BHP89108.1,unique_never_inserted,aeda5bf50b7ee13b2a2ffbe9d5c7c77f
BHP89107.1,unique_never_inserted,e49f65e50ce2711c8b94cfebad01f669
XAL80644.1,unique_never_inserted,15ee4816b8906afd91030ca67b889670
WOJ37984.1,unique_never_inserted,b6bc793fc716b4aa1dbc110a54bd4807
WOJ37983.1,unique_never_inserted,670a6d368c1a7c2444f536682f5786d8
WOJ37982.1,unique_never_inserted,6be75963db24319ca0beab3549f0c65f
pdb|5ZV6|A,unique_never_inserted,11e82efdd19164563d01a6b147796fc0
WXH74606.1,unique_never_inserted,84e4f22d7982b1afc87ffd0b5c31f3d6
WXH74605.1,unique_never_inserted,1c0f6e8bb57fd07b20e1850a9a85f726
WXH74604.1,unique_never_inserted,0dfbdfdfc4a586ed1bcd9bc6135eb5dd
WXH74600.1,unique_never_inserted,aa641bee8e72346679882dbd2add2459
WXH74599.1,unique_never_inserted,e5ecec73b03dec323c4015970b0bc4c7
WXH74594.1,unique_never_inserted,cb9a81b1ec671da9ec6dc1b0ea87cb6a
WXH74590.1,unique_never_inserted,dab20642b7459831959b237d96073d37
WXH74589.1,unique_never_inserted,7e7a47e3b2606610e34e573cef4314cf
WXH74588.1,unique_never_inserted,c1565ce1937767dfe850a42dfa7314c9
WXH74584.1,unique_never_inserted,0dfbdfdfc4a586ed1bcd9bc6135eb5dd
WXH74583.1,unique_never_inserted,1c0f6e8bb57fd07b20e1850a9a85f726
WXH74582.1,unique_never_inserted,84e4f22d7982b1afc87ffd0b5c31f3d6
WXH74581.1,unique_never_inserted,1978119e3650d0637ca047539fe8c8cd
WXH74577.1,unique_never_inserted,8615addd1631fe8a38e15a531d7dd7ab
WXH74576.1,unique_never_inserted,3af76b84cee7ec3165b89c9ca060b739
WXH74575.1,unique_never_inserted,e6e5f6decf4a968e0b8bd1a5c36f5291
WXH74574.1,unique_never_inserted,2d2f5f654c5bf67d9e8e3b98dd5cb13a
WXH74572.1,unique_never_inserted,9431a47e66a306b0a48fb983f687e017
WXH74569.1,unique_never_inserted,f4c7c6e6fdc9c9eececb07768066629a
WXH74568.1,unique_never_inserted,4f9deeba65500249d4c9c5d0b580fd1b
WXH74567.1,unique_never_inserted,3f0eaa0bb0d7c3548e92b1ac0610cd70
WXH74563.1,unique_never_inserted,0391f6621b7d89d168fe3864b6a7e192
WXH74560.1,unique_never_inserted,19fb08f3958d155d3a0e4c54efa8ca4e
WXH74559.1,unique_never_inserted,d15983f314634a2f2ed50cd8574e5f7c
WXH74558.1,unique_never_inserted,135f539cf984e8c341e65d4f46a98998
WXH74556.1,unique_never_inserted,785c5e1e9625c7e03d4614acb81ea0ca
WXH74555.1,unique_never_inserted,75bf4da24303f6b716a12f5d353834df
WXH74554.1,unique_never_inserted,f5fac6355b0adf20d493b4b3f4ca0823
WXH74553.1,unique_never_inserted,7c5f9e8954be49daaef2017bf52b4925
WXH74551.1,unique_never_inserted,0984c56dd97022e53edde22a72bf79b7
WXH74550.1,unique_never_inserted,4137167129cde4b746253ca77a10a63c
WXH74549.1,unique_never_inserted,5ceaf79973374a97eec893be5f171545
WXH74542.1,unique_never_inserted,0a360b6be1c4c9c9358f9c53eed02e02
WXH74535.1,unique_never_inserted,42f6fdab9b98e3d1a965221746c47f54
WXH74534.1,unique_never_inserted,a70858289f7605471f13455242e4cf3d
WXH74531.1,unique_never_inserted,4ecb3cfab151633764d3ef6879e1d038
WXH74527.1,unique_never_inserted,0b059f32b0f13d8fbc9db683851e220e
WXH74525.1,unique_never_inserted,51202b08c281e94e780c03dd41686e02
WXH74521.1,unique_never_inserted,3213d16f8f1a723a96d5ea8069d642a3
WXH74432.1,unique_never_inserted,84e4f22d7982b1afc87ffd0b5c31f3d6
WXH74431.1,unique_never_inserted,1c0f6e8bb57fd07b20e1850a9a85f726
WXH74430.1,unique_never_inserted,0dfbdfdfc4a586ed1bcd9bc6135eb5dd
WXH74426.1,unique_never_inserted,647d3925829f844c147a175dce4421e8
WXH74425.1,unique_never_inserted,e5ecec73b03dec323c4015970b0bc4c7
WXH74420.1,unique_never_inserted,cb9a81b1ec671da9ec6dc1b0ea87cb6a
WXH74416.1,unique_never_inserted,dab20642b7459831959b237d96073d37
WXH74415.1,unique_never_inserted,92f2ec7f3cc79270fb000eccd0e2d17f
WXH74414.1,unique_never_inserted,c1565ce1937767dfe850a42dfa7314c9
WXH74410.1,unique_never_inserted,0dfbdfdfc4a586ed1bcd9bc6135eb5dd
WXH74409.1,unique_never_inserted,1c0f6e8bb57fd07b20e1850a9a85f726
WXH74408.1,unique_never_inserted,84e4f22d7982b1afc87ffd0b5c31f3d6
WXH74407.1,unique_never_inserted,1978119e3650d0637ca047539fe8c8cd
WXH74403.1,unique_never_inserted,8615addd1631fe8a38e15a531d7dd7ab
WXH74402.1,unique_never_inserted,3af76b84cee7ec3165b89c9ca060b739
WXH74401.1,unique_never_inserted,e6e5f6decf4a968e0b8bd1a5c36f5291
WXH74400.1,unique_never_inserted,2d2f5f654c5bf67d9e8e3b98dd5cb13a
WXH74398.1,unique_never_inserted,4da276f5ef65c2f9dc68bb6fdd1a6a83
WXH74395.1,unique_never_inserted,f4c7c6e6fdc9c9eececb07768066629a
WXH74394.1,unique_never_inserted,4f9deeba65500249d4c9c5d0b580fd1b
WXH74393.1,unique_never_inserted,3f0eaa0bb0d7c3548e92b1ac0610cd70
WXH74389.1,unique_never_inserted,0391f6621b7d89d168fe3864b6a7e192
WXH74386.1,unique_never_inserted,19fb08f3958d155d3a0e4c54efa8ca4e
WXH74385.1,unique_never_inserted,d15983f314634a2f2ed50cd8574e5f7c
WXH74384.1,unique_never_inserted,135f539cf984e8c341e65d4f46a98998
WXH74382.1,unique_never_inserted,785c5e1e9625c7e03d4614acb81ea0ca
WXH74381.1,unique_never_inserted,75bf4da24303f6b716a12f5d353834df
WXH74380.1,unique_never_inserted,f5fac6355b0adf20d493b4b3f4ca0823
WXH74379.1,unique_never_inserted,7c5f9e8954be49daaef2017bf52b4925
WXH74377.1,unique_never_inserted,0984c56dd97022e53edde22a72bf79b7
WXH74376.1,unique_never_inserted,e81527f295e3975a88a44db5d55a77ce
WXH74375.1,unique_never_inserted,5ceaf79973374a97eec893be5f171545
WXH74368.1,unique_never_inserted,0a360b6be1c4c9c9358f9c53eed02e02
WXH74361.1,unique_never_inserted,42f6fdab9b98e3d1a965221746c47f54
WXH74360.1,unique_never_inserted,a70858289f7605471f13455242e4cf3d
WXH74357.1,unique_never_inserted,05af1f4792d89eb99edcf2739df5fd82
WXH74353.1,unique_never_inserted,12e3c5fa5c63b1def50ee5503948b605
WXH74351.1,unique_never_inserted,51202b08c281e94e780c03dd41686e02
WXH74347.1,unique_never_inserted,3213d16f8f1a723a96d5ea8069d642a3
WXH74345.1,unique_never_inserted,84e4f22d7982b1afc87ffd0b5c31f3d6
WXH74344.1,unique_never_inserted,1c0f6e8bb57fd07b20e1850a9a85f726
WXH74343.1,unique_never_inserted,0dfbdfdfc4a586ed1bcd9bc6135eb5dd
WXH74339.1,unique_never_inserted,55bd8fb80127c9bfcab002fee8356414
WXH74338.1,unique_never_inserted,e5ecec73b03dec323c4015970b0bc4c7
WXH74333.1,unique_never_inserted,cb9a81b1ec671da9ec6dc1b0ea87cb6a
WXH74329.1,unique_never_inserted,dab20642b7459831959b237d96073d37
WXH74328.1,unique_never_inserted,7e7a47e3b2606610e34e573cef4314cf
WXH74327.1,unique_never_inserted,c1565ce1937767dfe850a42dfa7314c9
WXH74323.1,unique_never_inserted,0dfbdfdfc4a586ed1bcd9bc6135eb5dd
WXH74322.1,unique_never_inserted,1c0f6e8bb57fd07b20e1850a9a85f726
WXH74321.1,unique_never_inserted,84e4f22d7982b1afc87ffd0b5c31f3d6
WXH74320.1,unique_never_inserted,1978119e3650d0637ca047539fe8c8cd
WXH74316.1,unique_never_inserted,8615addd1631fe8a38e15a531d7dd7ab
WXH74315.1,unique_never_inserted,3af76b84cee7ec3165b89c9ca060b739
WXH74314.1,unique_never_inserted,e6e5f6decf4a968e0b8bd1a5c36f5291
WXH74313.1,unique_never_inserted,2d2f5f654c5bf67d9e8e3b98dd5cb13a
WXH74311.1,unique_never_inserted,9431a47e66a306b0a48fb983f687e017
WXH74308.1,unique_never_inserted,f4c7c6e6fdc9c9eececb07768066629a
WXH74307.1,unique_never_inserted,4f9deeba65500249d4c9c5d0b580fd1b
WXH74306.1,unique_never_inserted,3f0eaa0bb0d7c3548e92b1ac0610cd70
WXH74302.1,unique_never_inserted,0391f6621b7d89d168fe3864b6a7e192
WXH74299.1,unique_never_inserted,19fb08f3958d155d3a0e4c54efa8ca4e
WXH74298.1,unique_never_inserted,d15983f314634a2f2ed50cd8574e5f7c
WXH74297.1,unique_never_inserted,135f539cf984e8c341e65d4f46a98998
WXH74295.1,unique_never_inserted,785c5e1e9625c7e03d4614acb81ea0ca
WXH74294.1,unique_never_inserted,75bf4da24303f6b716a12f5d353834df
WXH74293.1,unique_never_inserted,f5fac6355b0adf20d493b4b3f4ca0823
WXH74292.1,unique_never_inserted,7c5f9e8954be49daaef2017bf52b4925
WXH74290.1,unique_never_inserted,0984c56dd97022e53edde22a72bf79b7
WXH74289.1,unique_never_inserted,4137167129cde4b746253ca77a10a63c
WXH74288.1,unique_never_inserted,5ceaf79973374a97eec893be5f171545
WXH74281.1,unique_never_inserted,0a360b6be1c4c9c9358f9c53eed02e02
WXH74274.1,unique_never_inserted,42f6fdab9b98e3d1a965221746c47f54
WXH74273.1,unique_never_inserted,a70858289f7605471f13455242e4cf3d
WXH74270.1,unique_never_inserted,4ecb3cfab151633764d3ef6879e1d038
WXH74266.1,unique_never_inserted,0b059f32b0f13d8fbc9db683851e220e
WXH74264.1,unique_never_inserted,51202b08c281e94e780c03dd41686e02
WXH74260.1,unique_never_inserted,3213d16f8f1a723a96d5ea8069d642a3
WXH74258.1,unique_never_inserted,84e4f22d7982b1afc87ffd0b5c31f3d6
WXH74257.1,unique_never_inserted,1c0f6e8bb57fd07b20e1850a9a85f726
WXH74256.1,unique_never_inserted,0dfbdfdfc4a586ed1bcd9bc6135eb5dd
WXH74252.1,unique_never_inserted,647d3925829f844c147a175dce4421e8
WXH74251.1,unique_never_inserted,e5ecec73b03dec323c4015970b0bc4c7
WXH74246.1,unique_never_inserted,cb9a81b1ec671da9ec6dc1b0ea87cb6a
WXH74242.1,unique_never_inserted,dab20642b7459831959b237d96073d37
WXH74241.1,unique_never_inserted,92f2ec7f3cc79270fb000eccd0e2d17f
WXH74240.1,unique_never_inserted,c1565ce1937767dfe850a42dfa7314c9
WXH74236.1,unique_never_inserted,0dfbdfdfc4a586ed1bcd9bc6135eb5dd
WXH74235.1,unique_never_inserted,1c0f6e8bb57fd07b20e1850a9a85f726
WXH74234.1,unique_never_inserted,84e4f22d7982b1afc87ffd0b5c31f3d6
WXH74233.1,unique_never_inserted,1978119e3650d0637ca047539fe8c8cd
WXH74229.1,unique_never_inserted,8615addd1631fe8a38e15a531d7dd7ab
WXH74228.1,unique_never_inserted,3af76b84cee7ec3165b89c9ca060b739
WXH74227.1,unique_never_inserted,e6e5f6decf4a968e0b8bd1a5c36f5291
WXH74226.1,unique_never_inserted,2d2f5f654c5bf67d9e8e3b98dd5cb13a
WXH74224.1,unique_never_inserted,4da276f5ef65c2f9dc68bb6fdd1a6a83
WXH74221.1,unique_never_inserted,f4c7c6e6fdc9c9eececb07768066629a
WXH74220.1,unique_never_inserted,4f9deeba65500249d4c9c5d0b580fd1b
WXH74219.1,unique_never_inserted,3f0eaa0bb0d7c3548e92b1ac0610cd70
WXH74215.1,unique_never_inserted,0391f6621b7d89d168fe3864b6a7e192
WXH74212.1,unique_never_inserted,19fb08f3958d155d3a0e4c54efa8ca4e
WXH74211.1,unique_never_inserted,d15983f314634a2f2ed50cd8574e5f7c
WXH74210.1,unique_never_inserted,135f539cf984e8c341e65d4f46a98998
WXH74208.1,unique_never_inserted,785c5e1e9625c7e03d4614acb81ea0ca
WXH74207.1,unique_never_inserted,75bf4da24303f6b716a12f5d353834df
WXH74206.1,unique_never_inserted,f5fac6355b0adf20d493b4b3f4ca0823
WXH74205.1,unique_never_inserted,7c5f9e8954be49daaef2017bf52b4925
WXH74203.1,unique_never_inserted,0984c56dd97022e53edde22a72bf79b7
WXH74202.1,unique_never_inserted,e81527f295e3975a88a44db5d55a77ce
WXH74201.1,unique_never_inserted,5ceaf79973374a97eec893be5f171545
WXH74194.1,unique_never_inserted,0a360b6be1c4c9c9358f9c53eed02e02
WXH74187.1,unique_never_inserted,42f6fdab9b98e3d1a965221746c47f54
WXH74186.1,unique_never_inserted,a70858289f7605471f13455242e4cf3d
WXH74183.1,unique_never_inserted,05af1f4792d89eb99edcf2739df5fd82
WXH74179.1,unique_never_inserted,0b059f32b0f13d8fbc9db683851e220e
WXH74177.1,unique_never_inserted,51202b08c281e94e780c03dd41686e02
WXH74173.1,unique_never_inserted,3213d16f8f1a723a96d5ea8069d642a3
WXH74171.1,unique_never_inserted,84e4f22d7982b1afc87ffd0b5c31f3d6
WXH74170.1,unique_never_inserted,1c0f6e8bb57fd07b20e1850a9a85f726
WXH74169.1,unique_never_inserted,0dfbdfdfc4a586ed1bcd9bc6135eb5dd
WXH74165.1,unique_never_inserted,aa641bee8e72346679882dbd2add2459
WXH74164.1,unique_never_inserted,e5ecec73b03dec323c4015970b0bc4c7
WXH74159.1,unique_never_inserted,cb9a81b1ec671da9ec6dc1b0ea87cb6a
WXH74155.1,unique_never_inserted,dab20642b7459831959b237d96073d37
WXH74154.1,unique_never_inserted,7e7a47e3b2606610e34e573cef4314cf
WXH74153.1,unique_never_inserted,c1565ce1937767dfe850a42dfa7314c9
WXH74149.1,unique_never_inserted,0dfbdfdfc4a586ed1bcd9bc6135eb5dd
WXH74148.1,unique_never_inserted,1c0f6e8bb57fd07b20e1850a9a85f726
WXH74147.1,unique_never_inserted,84e4f22d7982b1afc87ffd0b5c31f3d6
WXH74146.1,unique_never_inserted,1978119e3650d0637ca047539fe8c8cd
WXH74142.1,unique_never_inserted,8615addd1631fe8a38e15a531d7dd7ab
WXH74141.1,unique_never_inserted,3af76b84cee7ec3165b89c9ca060b739
WXH74140.1,unique_never_inserted,e6e5f6decf4a968e0b8bd1a5c36f5291
WXH74139.1,unique_never_inserted,2d2f5f654c5bf67d9e8e3b98dd5cb13a
WXH74137.1,unique_never_inserted,9431a47e66a306b0a48fb983f687e017
WXH74134.1,unique_never_inserted,f4c7c6e6fdc9c9eececb07768066629a
WXH74133.1,unique_never_inserted,4f9deeba65500249d4c9c5d0b580fd1b
WXH74132.1,unique_never_inserted,3f0eaa0bb0d7c3548e92b1ac0610cd70
WXH74128.1,unique_never_inserted,0391f6621b7d89d168fe3864b6a7e192
WXH74125.1,unique_never_inserted,19fb08f3958d155d3a0e4c54efa8ca4e
WXH74124.1,unique_never_inserted,d15983f314634a2f2ed50cd8574e5f7c
WXH74123.1,unique_never_inserted,135f539cf984e8c341e65d4f46a98998
WXH74121.1,unique_never_inserted,785c5e1e9625c7e03d4614acb81ea0ca
WXH74120.1,unique_never_inserted,75bf4da24303f6b716a12f5d353834df
WXH74119.1,unique_never_inserted,f5fac6355b0adf20d493b4b3f4ca0823
WXH74118.1,unique_never_inserted,7c5f9e8954be49daaef2017bf52b4925
WXH74116.1,unique_never_inserted,0984c56dd97022e53edde22a72bf79b7
WXH74115.1,unique_never_inserted,4137167129cde4b746253ca77a10a63c
WXH74114.1,unique_never_inserted,5ceaf79973374a97eec893be5f171545
WXH74107.1,unique_never_inserted,0a360b6be1c4c9c9358f9c53eed02e02
WXH74100.1,unique_never_inserted,42f6fdab9b98e3d1a965221746c47f54
WXH74099.1,unique_never_inserted,a70858289f7605471f13455242e4cf3d
WXH74096.1,unique_never_inserted,4ecb3cfab151633764d3ef6879e1d038
WXH74092.1,unique_never_inserted,0b059f32b0f13d8fbc9db683851e220e
WXH74090.1,unique_never_inserted,51202b08c281e94e780c03dd41686e02
WXH74086.1,unique_never_inserted,3213d16f8f1a723a96d5ea8069d642a3
WXH74084.1,unique_never_inserted,84e4f22d7982b1afc87ffd0b5c31f3d6
WXH74083.1,unique_never_inserted,1c0f6e8bb57fd07b20e1850a9a85f726
WXH74082.1,unique_never_inserted,0dfbdfdfc4a586ed1bcd9bc6135eb5dd
WXH74078.1,unique_never_inserted,cc2ccee18f8e1d81df63769188bf17a0
WXH74077.1,unique_never_inserted,e5ecec73b03dec323c4015970b0bc4c7
WXH74072.1,unique_never_inserted,cb9a81b1ec671da9ec6dc1b0ea87cb6a
WXH74068.1,unique_never_inserted,dab20642b7459831959b237d96073d37
WXH74067.1,unique_never_inserted,92f2ec7f3cc79270fb000eccd0e2d17f
WXH74066.1,unique_never_inserted,c1565ce1937767dfe850a42dfa7314c9
WXH74062.1,unique_never_inserted,0dfbdfdfc4a586ed1bcd9bc6135eb5dd
WXH74061.1,unique_never_inserted,1c0f6e8bb57fd07b20e1850a9a85f726
WXH74060.1,unique_never_inserted,84e4f22d7982b1afc87ffd0b5c31f3d6
WXH74059.1,unique_never_inserted,1978119e3650d0637ca047539fe8c8cd
WXH74055.1,unique_never_inserted,8615addd1631fe8a38e15a531d7dd7ab
WXH74054.1,unique_never_inserted,3af76b84cee7ec3165b89c9ca060b739
WXH74053.1,unique_never_inserted,e6e5f6decf4a968e0b8bd1a5c36f5291
WXH74052.1,unique_never_inserted,2d2f5f654c5bf67d9e8e3b98dd5cb13a
WXH74050.1,unique_never_inserted,4da276f5ef65c2f9dc68bb6fdd1a6a83
WXH74047.1,unique_never_inserted,f4c7c6e6fdc9c9eececb07768066629a
WXH74046.1,unique_never_inserted,4f9deeba65500249d4c9c5d0b580fd1b
WXH74045.1,unique_never_inserted,3f0eaa0bb0d7c3548e92b1ac0610cd70
WXH74041.1,unique_never_inserted,0391f6621b7d89d168fe3864b6a7e192
WXH74038.1,unique_never_inserted,19fb08f3958d155d3a0e4c54efa8ca4e
WXH74037.1,unique_never_inserted,d15983f314634a2f2ed50cd8574e5f7c
WXH74036.1,unique_never_inserted,135f539cf984e8c341e65d4f46a98998
WXH74034.1,unique_never_inserted,785c5e1e9625c7e03d4614acb81ea0ca
WXH74033.1,unique_never_inserted,75bf4da24303f6b716a12f5d353834df
WXH74032.1,unique_never_inserted,f5fac6355b0adf20d493b4b3f4ca0823
WXH74031.1,unique_never_inserted,7c5f9e8954be49daaef2017bf52b4925
WXH74029.1,unique_never_inserted,0984c56dd97022e53edde22a72bf79b7
WXH74028.1,unique_never_inserted,4137167129cde4b746253ca77a10a63c
WXH74027.1,unique_never_inserted,5ceaf79973374a97eec893be5f171545
WXH74020.1,unique_never_inserted,0a360b6be1c4c9c9358f9c53eed02e02
WXH74013.1,unique_never_inserted,42f6fdab9b98e3d1a965221746c47f54
WXH74012.1,unique_never_inserted,a70858289f7605471f13455242e4cf3d
WXH74009.1,unique_never_inserted,d65b91fa640c53bca4a71d78d0abbe67
WXH74005.1,unique_never_inserted,0b059f32b0f13d8fbc9db683851e220e
WXH74003.1,unique_never_inserted,51202b08c281e94e780c03dd41686e02
WXH73999.1,unique_never_inserted,3213d16f8f1a723a96d5ea8069d642a3
WXH73997.1,unique_never_inserted,84e4f22d7982b1afc87ffd0b5c31f3d6
WXH73996.1,unique_never_inserted,1c0f6e8bb57fd07b20e1850a9a85f726
WXH73995.1,unique_never_inserted,9d49e8e4e81ed5608df82ff3dddbbda2
WXH73991.1,unique_never_inserted,501942a431e0325537c923efde944a58
WXH73990.1,unique_never_inserted,e5ecec73b03dec323c4015970b0bc4c7
WXH73985.1,unique_never_inserted,cb9a81b1ec671da9ec6dc1b0ea87cb6a
WXH73981.1,unique_never_inserted,dab20642b7459831959b237d96073d37
WXH73980.1,unique_never_inserted,7e7a47e3b2606610e34e573cef4314cf
WXH73979.1,unique_never_inserted,c1565ce1937767dfe850a42dfa7314c9
WXH73975.1,unique_never_inserted,9d49e8e4e81ed5608df82ff3dddbbda2
WXH73974.1,unique_never_inserted,1c0f6e8bb57fd07b20e1850a9a85f726
WXH73973.1,unique_never_inserted,84e4f22d7982b1afc87ffd0b5c31f3d6
WXH73972.1,unique_never_inserted,1978119e3650d0637ca047539fe8c8cd
WXH73970.1,unique_never_inserted,2bc140c8b1d2945eba88b3d75d6f39cd
WXH73968.1,unique_never_inserted,8615addd1631fe8a38e15a531d7dd7ab
WXH73967.1,unique_never_inserted,3af76b84cee7ec3165b89c9ca060b739
WXH73966.1,unique_never_inserted,e6e5f6decf4a968e0b8bd1a5c36f5291
WXH73965.1,unique_never_inserted,2d2f5f654c5bf67d9e8e3b98dd5cb13a
WXH73963.1,unique_never_inserted,4da276f5ef65c2f9dc68bb6fdd1a6a83
WXH73960.1,unique_never_inserted,f4c7c6e6fdc9c9eececb07768066629a
WXH73959.1,unique_never_inserted,4f9deeba65500249d4c9c5d0b580fd1b
WXH73958.1,unique_never_inserted,3f0eaa0bb0d7c3548e92b1ac0610cd70
WXH73954.1,unique_never_inserted,0391f6621b7d89d168fe3864b6a7e192
WXH73951.1,unique_never_inserted,19fb08f3958d155d3a0e4c54efa8ca4e
WXH73950.1,unique_never_inserted,d15983f314634a2f2ed50cd8574e5f7c
WXH73949.1,unique_never_inserted,135f539cf984e8c341e65d4f46a98998
WXH73947.1,unique_never_inserted,785c5e1e9625c7e03d4614acb81ea0ca
WXH73946.1,unique_never_inserted,75bf4da24303f6b716a12f5d353834df
WXH73945.1,unique_never_inserted,f5fac6355b0adf20d493b4b3f4ca0823
WXH73944.1,unique_never_inserted,7c5f9e8954be49daaef2017bf52b4925
WXH73942.1,unique_never_inserted,0984c56dd97022e53edde22a72bf79b7
WXH73941.1,unique_never_inserted,926ca1526944997ba4e3699acb53b6d9
WXH73940.1,unique_never_inserted,5ceaf79973374a97eec893be5f171545
WXH73933.1,unique_never_inserted,0a360b6be1c4c9c9358f9c53eed02e02
WXH73926.1,unique_never_inserted,42f6fdab9b98e3d1a965221746c47f54
WXH73925.1,unique_never_inserted,a70858289f7605471f13455242e4cf3d
WXH73922.1,unique_never_inserted,1fa7496322a7baf8f32a0ea8d9d4bb11
WXH73918.1,unique_never_inserted,0b059f32b0f13d8fbc9db683851e220e
WXH73916.1,unique_never_inserted,51202b08c281e94e780c03dd41686e02
WXH73912.1,unique_never_inserted,3213d16f8f1a723a96d5ea8069d642a3
WXH73910.1,unique_never_inserted,84e4f22d7982b1afc87ffd0b5c31f3d6
WXH73909.1,unique_never_inserted,1c0f6e8bb57fd07b20e1850a9a85f726
WXH73908.1,unique_never_inserted,0dfbdfdfc4a586ed1bcd9bc6135eb5dd
WXH73904.1,unique_never_inserted,647d3925829f844c147a175dce4421e8
WXH73903.1,unique_never_inserted,e5ecec73b03dec323c4015970b0bc4c7
WXH73898.1,unique_never_inserted,cb9a81b1ec671da9ec6dc1b0ea87cb6a
WXH73894.1,unique_never_inserted,dab20642b7459831959b237d96073d37
WXH73893.1,unique_never_inserted,92f2ec7f3cc79270fb000eccd0e2d17f
WXH73892.1,unique_never_inserted,c1565ce1937767dfe850a42dfa7314c9
WXH73888.1,unique_never_inserted,0dfbdfdfc4a586ed1bcd9bc6135eb5dd
WXH73887.1,unique_never_inserted,1c0f6e8bb57fd07b20e1850a9a85f726
WXH73886.1,unique_never_inserted,84e4f22d7982b1afc87ffd0b5c31f3d6
WXH73885.1,unique_never_inserted,1978119e3650d0637ca047539fe8c8cd
WXH73881.1,unique_never_inserted,8615addd1631fe8a38e15a531d7dd7ab
WXH73880.1,unique_never_inserted,3af76b84cee7ec3165b89c9ca060b739
WXH73879.1,unique_never_inserted,e6e5f6decf4a968e0b8bd1a5c36f5291
WXH73878.1,unique_never_inserted,2d2f5f654c5bf67d9e8e3b98dd5cb13a
WXH73876.1,unique_never_inserted,4da276f5ef65c2f9dc68bb6fdd1a6a83
WXH73873.1,unique_never_inserted,f4c7c6e6fdc9c9eececb07768066629a
WXH73872.1,unique_never_inserted,4f9deeba65500249d4c9c5d0b580fd1b
WXH73871.1,unique_never_inserted,3f0eaa0bb0d7c3548e92b1ac0610cd70
WXH73867.1,unique_never_inserted,0391f6621b7d89d168fe3864b6a7e192
WXH73864.1,unique_never_inserted,19fb08f3958d155d3a0e4c54efa8ca4e
WXH73863.1,unique_never_inserted,d15983f314634a2f2ed50cd8574e5f7c
WXH73862.1,unique_never_inserted,135f539cf984e8c341e65d4f46a98998
WXH73860.1,unique_never_inserted,785c5e1e9625c7e03d4614acb81ea0ca
WXH73859.1,unique_never_inserted,75bf4da24303f6b716a12f5d353834df
WXH73858.1,unique_never_inserted,f5fac6355b0adf20d493b4b3f4ca0823
WXH73857.1,unique_never_inserted,7c5f9e8954be49daaef2017bf52b4925
WXH73855.1,unique_never_inserted,0984c56dd97022e53edde22a72bf79b7
WXH73854.1,unique_never_inserted,e81527f295e3975a88a44db5d55a77ce
WXH73853.1,unique_never_inserted,5ceaf79973374a97eec893be5f171545
WXH73846.1,unique_never_inserted,0a360b6be1c4c9c9358f9c53eed02e02
WXH73839.1,unique_never_inserted,42f6fdab9b98e3d1a965221746c47f54
WXH73838.1,unique_never_inserted,a70858289f7605471f13455242e4cf3d
WXH73835.1,unique_never_inserted,05af1f4792d89eb99edcf2739df5fd82
WXH73831.1,unique_never_inserted,0b059f32b0f13d8fbc9db683851e220e
WXH73829.1,unique_never_inserted,51202b08c281e94e780c03dd41686e02
WXH73825.1,unique_never_inserted,3213d16f8f1a723a96d5ea8069d642a3
WXH73823.1,unique_never_inserted,84e4f22d7982b1afc87ffd0b5c31f3d6
WXH73822.1,unique_never_inserted,1c0f6e8bb57fd07b20e1850a9a85f726
WXH73821.1,unique_never_inserted,0dfbdfdfc4a586ed1bcd9bc6135eb5dd
WXH73817.1,unique_never_inserted,aa641bee8e72346679882dbd2add2459
WXH73816.1,unique_never_inserted,e5ecec73b03dec323c4015970b0bc4c7
WXH73811.1,unique_never_inserted,cb9a81b1ec671da9ec6dc1b0ea87cb6a
WXH73807.1,unique_never_inserted,dab20642b7459831959b237d96073d37
WXH73806.1,unique_never_inserted,7e7a47e3b2606610e34e573cef4314cf
WXH73805.1,unique_never_inserted,c1565ce1937767dfe850a42dfa7314c9
WXH73801.1,unique_never_inserted,0dfbdfdfc4a586ed1bcd9bc6135eb5dd
WXH73800.1,unique_never_inserted,1c0f6e8bb57fd07b20e1850a9a85f726
WXH73799.1,unique_never_inserted,84e4f22d7982b1afc87ffd0b5c31f3d6
WXH73798.1,unique_never_inserted,1978119e3650d0637ca047539fe8c8cd
WXH73794.1,unique_never_inserted,8615addd1631fe8a38e15a531d7dd7ab
WXH73793.1,unique_never_inserted,3af76b84cee7ec3165b89c9ca060b739
WXH73792.1,unique_never_inserted,e6e5f6decf4a968e0b8bd1a5c36f5291
WXH73791.1,unique_never_inserted,2d2f5f654c5bf67d9e8e3b98dd5cb13a
WXH73789.1,unique_never_inserted,9431a47e66a306b0a48fb983f687e017
WXH73786.1,unique_never_inserted,f4c7c6e6fdc9c9eececb07768066629a
WXH73785.1,unique_never_inserted,4f9deeba65500249d4c9c5d0b580fd1b
WXH73784.1,unique_never_inserted,3f0eaa0bb0d7c3548e92b1ac0610cd70
WXH73780.1,unique_never_inserted,0391f6621b7d89d168fe3864b6a7e192
WXH73777.1,unique_never_inserted,19fb08f3958d155d3a0e4c54efa8ca4e
WXH73776.1,unique_never_inserted,d15983f314634a2f2ed50cd8574e5f7c
WXH73775.1,unique_never_inserted,135f539cf984e8c341e65d4f46a98998
WXH73773.1,unique_never_inserted,785c5e1e9625c7e03d4614acb81ea0ca
WXH73772.1,unique_never_inserted,75bf4da24303f6b716a12f5d353834df
WXH73771.1,unique_never_inserted,f5fac6355b0adf20d493b4b3f4ca0823
WXH73770.1,unique_never_inserted,7c5f9e8954be49daaef2017bf52b4925
WXH73768.1,unique_never_inserted,0984c56dd97022e53edde22a72bf79b7
WXH73767.1,unique_never_inserted,4137167129cde4b746253ca77a10a63c
WXH73766.1,unique_never_inserted,5ceaf79973374a97eec893be5f171545
WXH73759.1,unique_never_inserted,0a360b6be1c4c9c9358f9c53eed02e02
WXH73752.1,unique_never_inserted,42f6fdab9b98e3d1a965221746c47f54
WXH73751.1,unique_never_inserted,a70858289f7605471f13455242e4cf3d
WXH73748.1,unique_never_inserted,4ecb3cfab151633764d3ef6879e1d038
WXH73744.1,unique_never_inserted,0b059f32b0f13d8fbc9db683851e220e
WXH73742.1,unique_never_inserted,51202b08c281e94e780c03dd41686e02
WXH73738.1,unique_never_inserted,3213d16f8f1a723a96d5ea8069d642a3
WXH73736.1,unique_never_inserted,84e4f22d7982b1afc87ffd0b5c31f3d6
WXH73735.1,unique_never_inserted,1c0f6e8bb57fd07b20e1850a9a85f726
WXH73734.1,unique_never_inserted,0dfbdfdfc4a586ed1bcd9bc6135eb5dd
WXH73730.1,unique_never_inserted,aa641bee8e72346679882dbd2add2459
WXH73729.1,unique_never_inserted,e5ecec73b03dec323c4015970b0bc4c7
WXH73724.1,unique_never_inserted,cb9a81b1ec671da9ec6dc1b0ea87cb6a
WXH73720.1,unique_never_inserted,dab20642b7459831959b237d96073d37
WXH73719.1,unique_never_inserted,7e7a47e3b2606610e34e573cef4314cf
WXH73718.1,unique_never_inserted,c1565ce1937767dfe850a42dfa7314c9
WXH73714.1,unique_never_inserted,0dfbdfdfc4a586ed1bcd9bc6135eb5dd
WXH73713.1,unique_never_inserted,1c0f6e8bb57fd07b20e1850a9a85f726
WXH73712.1,unique_never_inserted,84e4f22d7982b1afc87ffd0b5c31f3d6
WXH73711.1,unique_never_inserted,1978119e3650d0637ca047539fe8c8cd
WXH73707.1,unique_never_inserted,8615addd1631fe8a38e15a531d7dd7ab
WXH73706.1,unique_never_inserted,3af76b84cee7ec3165b89c9ca060b739
WXH73705.1,unique_never_inserted,e6e5f6decf4a968e0b8bd1a5c36f5291
WXH73704.1,unique_never_inserted,2d2f5f654c5bf67d9e8e3b98dd5cb13a
WXH73702.1,unique_never_inserted,9431a47e66a306b0a48fb983f687e017
WXH73699.1,unique_never_inserted,f4c7c6e6fdc9c9eececb07768066629a
WXH73698.1,unique_never_inserted,4f9deeba65500249d4c9c5d0b580fd1b
WXH73697.1,unique_never_inserted,3f0eaa0bb0d7c3548e92b1ac0610cd70
WXH73693.1,unique_never_inserted,0391f6621b7d89d168fe3864b6a7e192
WXH73690.1,unique_never_inserted,19fb08f3958d155d3a0e4c54efa8ca4e
WXH73689.1,unique_never_inserted,d15983f314634a2f2ed50cd8574e5f7c
WXH73688.1,unique_never_inserted,135f539cf984e8c341e65d4f46a98998
WXH73686.1,unique_never_inserted,785c5e1e9625c7e03d4614acb81ea0ca
WXH73685.1,unique_never_inserted,75bf4da24303f6b716a12f5d353834df
WXH73684.1,unique_never_inserted,f5fac6355b0adf20d493b4b3f4ca0823
WXH73683.1,unique_never_inserted,7c5f9e8954be49daaef2017bf52b4925
WXH73681.1,unique_never_inserted,0984c56dd97022e53edde22a72bf79b7
WXH73680.1,unique_never_inserted,4137167129cde4b746253ca77a10a63c
WXH73679.1,unique_never_inserted,5ceaf79973374a97eec893be5f171545
WXH73672.1,unique_never_inserted,0a360b6be1c4c9c9358f9c53eed02e02
WXH73665.1,unique_never_inserted,42f6fdab9b98e3d1a965221746c47f54
WXH73664.1,unique_never_inserted,a70858289f7605471f13455242e4cf3d
WXH73661.1,unique_never_inserted,4ecb3cfab151633764d3ef6879e1d038
WXH73657.1,unique_never_inserted,0b059f32b0f13d8fbc9db683851e220e
WXH73655.1,unique_never_inserted,51202b08c281e94e780c03dd41686e02
WXH73651.1,unique_never_inserted,3213d16f8f1a723a96d5ea8069d642a3
WOW88859.1,unique_never_inserted,9db592f057182443ee6866db6d68aa75
WMY25226.1,unique_never_inserted,d2549164749941d2874d95060162120f
WMY25225.1,unique_never_inserted,d2549164749941d2874d95060162120f
WMY25224.1,unique_never_inserted,1b87c08e475246421235faed696eb7c3
WMY25223.1,unique_never_inserted,1b87c08e475246421235faed696eb7c3
WMY25222.1,unique_never_inserted,1b87c08e475246421235faed696eb7c3
WMY25221.1,unique_never_inserted,1b87c08e475246421235faed696eb7c3
WMY25220.1,unique_never_inserted,1b87c08e475246421235faed696eb7c3
WMY25219.1,unique_never_inserted,1b87c08e475246421235faed696eb7c3
WMY25218.1,unique_never_inserted,1b87c08e475246421235faed696eb7c3
WMY25217.1,unique_never_inserted,1b87c08e475246421235faed696eb7c3
WMY25216.1,unique_never_inserted,1b87c08e475246421235faed696eb7c3
WMY25215.1,unique_never_inserted,1b87c08e475246421235faed696eb7c3
WMY25214.1,unique_never_inserted,70572bd4470ec9aebc07de30e59b2d85
WMY25213.1,unique_never_inserted,d8b92d79d288dd67aa7596522e204f21
WMY25212.1,unique_never_inserted,d8b92d79d288dd67aa7596522e204f21
WMY25211.1,unique_never_inserted,feba716c290035adbac609f521cc00ea
WMY25210.1,unique_never_inserted,feba716c290035adbac609f521cc00ea
WMY25209.1,unique_never_inserted,feba716c290035adbac609f521cc00ea
WMY25208.1,unique_never_inserted,feba716c290035adbac609f521cc00ea
GeneID:32959048,unique_never_inserted,84e4f22d7982b1afc87ffd0b5c31f3d6
GeneID:32959047,unique_never_inserted,0dfbdfdfc4a586ed1bcd9bc6135eb5dd
GeneID:32959002,unique_never_inserted,aa641bee8e72346679882dbd2add2459
GeneID:32959001,unique_never_inserted,e5ecec73b03dec323c4015970b0bc4c7
GeneID:32958996,unique_never_inserted,cb9a81b1ec671da9ec6dc1b0ea87cb6a
GeneID:32958992,unique_never_inserted,dab20642b7459831959b237d96073d37
GeneID:32958991,unique_never_inserted,7e7a47e3b2606610e34e573cef4314cf
GeneID:32959038,unique_never_inserted,c1565ce1937767dfe850a42dfa7314c9
GeneID:32959030,unique_never_inserted,0dfbdfdfc4a586ed1bcd9bc6135eb5dd
GeneID:32958984,unique_never_inserted,84e4f22d7982b1afc87ffd0b5c31f3d6
GeneID:32958983,unique_never_inserted,1978119e3650d0637ca047539fe8c8cd
GeneID:32958979,unique_never_inserted,8615addd1631fe8a38e15a531d7dd7ab
GeneID:32958978,unique_never_inserted,3af76b84cee7ec3165b89c9ca060b739
GeneID:32958977,unique_never_inserted,e6e5f6decf4a968e0b8bd1a5c36f5291
GeneID:32958976,unique_never_inserted,2d2f5f654c5bf67d9e8e3b98dd5cb13a
GeneID:32958974,unique_never_inserted,9431a47e66a306b0a48fb983f687e017
GeneID:32958970,unique_never_inserted,4f9deeba65500249d4c9c5d0b580fd1b
GeneID:32958969,unique_never_inserted,3f0eaa0bb0d7c3548e92b1ac0610cd70
GeneID:32958966,unique_never_inserted,0391f6621b7d89d168fe3864b6a7e192
GeneID:32959029,unique_never_inserted,19fb08f3958d155d3a0e4c54efa8ca4e
GeneID:32958962,unique_never_inserted,d15983f314634a2f2ed50cd8574e5f7c
GeneID:32958961,unique_never_inserted,135f539cf984e8c341e65d4f46a98998
GeneID:32958959,unique_never_inserted,785c5e1e9625c7e03d4614acb81ea0ca
GeneID:32958958,unique_never_inserted,4dd81ac48b90fa8b8bb752f48fffc7d1
GeneID:32958957,unique_never_inserted,75bf4da24303f6b716a12f5d353834df
GeneID:32958956,unique_never_inserted,f5fac6355b0adf20d493b4b3f4ca0823
GeneID:32958955,unique_never_inserted,7c5f9e8954be49daaef2017bf52b4925
GeneID:32958953,unique_never_inserted,cd885334f774cd1e14e5cd2299240385
GeneID:32958952,unique_never_inserted,4137167129cde4b746253ca77a10a63c
GeneID:32958950,unique_never_inserted,5ceaf79973374a97eec893be5f171545
GeneID:32958942,unique_never_inserted,0a360b6be1c4c9c9358f9c53eed02e02
GeneID:32958935,unique_never_inserted,42f6fdab9b98e3d1a965221746c47f54
GeneID:32959016,unique_never_inserted,a70858289f7605471f13455242e4cf3d
GeneID:32958931,unique_never_inserted,f0bac37b8865ebcad77eba3b6b5c0c1e
GeneID:32958927,unique_never_inserted,0b059f32b0f13d8fbc9db683851e220e
GeneID:32958925,unique_never_inserted,51202b08c281e94e780c03dd41686e02
GeneID:32959011,unique_never_inserted,3213d16f8f1a723a96d5ea8069d642a3
GeneID:39331941,unique_never_inserted,91c61db02d747c06e3fc3d95445853b8
GeneID:39331940,unique_never_inserted,35a3accc597ba3b1c17c8cabccf5a49a
GeneID:39331936,unique_never_inserted,5e1cff13b0761bc3ff6ddbfcda1c1f38
GeneID:39331929,unique_never_inserted,a7c74fdf8601e9fbb8295d95e1f60a30
GeneID:39331961,unique_never_inserted,49191e29565228febe5bc0112e981c6b
BCM73448.1,unique_never_inserted,0fc697f48ccd2fc5c69f2aa2a6af2522
BCM73447.1,unique_never_inserted,f6be2db48196bd7e3939085b50e138a1
QPN53761.1,unique_never_inserted,aa641bee8e72346679882dbd2add2459
QPN53760.1,unique_never_inserted,e5ecec73b03dec323c4015970b0bc4c7
QPN53755.1,unique_never_inserted,cb9a81b1ec671da9ec6dc1b0ea87cb6a
QPN53751.1,unique_never_inserted,dab20642b7459831959b237d96073d37
QPN53750.1,unique_never_inserted,7e7a47e3b2606610e34e573cef4314cf
QPN53749.1,unique_never_inserted,0e14d806dedd2a2472480f05dfb071a2
QPN53746.1,unique_never_inserted,0dfbdfdfc4a586ed1bcd9bc6135eb5dd
QPN53745.1,unique_never_inserted,84e4f22d7982b1afc87ffd0b5c31f3d6
QPN53744.1,unique_never_inserted,cfa7d48339412bf787b5ab073c08d1b3
QPN53740.1,unique_never_inserted,8615addd1631fe8a38e15a531d7dd7ab
QPN53739.1,unique_never_inserted,3af76b84cee7ec3165b89c9ca060b739
QPN53738.1,unique_never_inserted,e6e5f6decf4a968e0b8bd1a5c36f5291
QPN53737.1,unique_never_inserted,fa4bdf3dffe2ad1f4c6a97fdc281fa49
QPN53735.1,unique_never_inserted,9431a47e66a306b0a48fb983f687e017
QPN53731.1,unique_never_inserted,4f9deeba65500249d4c9c5d0b580fd1b
QPN53730.1,unique_never_inserted,3f0eaa0bb0d7c3548e92b1ac0610cd70
QPN53725.1,unique_never_inserted,0391f6621b7d89d168fe3864b6a7e192
QPN53722.1,unique_never_inserted,19fb08f3958d155d3a0e4c54efa8ca4e
QPN53721.1,unique_never_inserted,d15983f314634a2f2ed50cd8574e5f7c
QPN53720.1,unique_never_inserted,135f539cf984e8c341e65d4f46a98998
QPN53718.1,unique_never_inserted,785c5e1e9625c7e03d4614acb81ea0ca
QPN53717.1,unique_never_inserted,4dd81ac48b90fa8b8bb752f48fffc7d1
QPN53716.1,unique_never_inserted,75bf4da24303f6b716a12f5d353834df
QPN53715.1,unique_never_inserted,f5fac6355b0adf20d493b4b3f4ca0823
QPN53714.1,unique_never_inserted,7c5f9e8954be49daaef2017bf52b4925
QPN53712.1,unique_never_inserted,cd885334f774cd1e14e5cd2299240385
QPN53711.1,unique_never_inserted,4137167129cde4b746253ca77a10a63c
QPN53710.1,unique_never_inserted,5ceaf79973374a97eec893be5f171545
QPN53703.1,unique_never_inserted,0a360b6be1c4c9c9358f9c53eed02e02
QPN53696.1,unique_never_inserted,42f6fdab9b98e3d1a965221746c47f54
QPN53695.1,unique_never_inserted,a70858289f7605471f13455242e4cf3d
QPN53692.1,unique_never_inserted,f0bac37b8865ebcad77eba3b6b5c0c1e
QPN53688.1,unique_never_inserted,0b059f32b0f13d8fbc9db683851e220e
QPN53686.1,unique_never_inserted,51202b08c281e94e780c03dd41686e02
QPN53682.1,unique_never_inserted,3213d16f8f1a723a96d5ea8069d642a3
QPN53681.1,unique_never_inserted,84e4f22d7982b1afc87ffd0b5c31f3d6
QPN53680.1,unique_never_inserted,0dfbdfdfc4a586ed1bcd9bc6135eb5dd
QNZ92756.1,unique_never_inserted,a70858289f7605471f13455242e4cf3d
QNZ92755.1,unique_never_inserted,135f539cf984e8c341e65d4f46a98998
QNZ92754.1,unique_never_inserted,3f0eaa0bb0d7c3548e92b1ac0610cd70
QNZ92753.1,unique_never_inserted,42f6fdab9b98e3d1a965221746c47f54
QNZ92752.1,unique_never_inserted,0984c56dd97022e53edde22a72bf79b7
QNZ92751.1,unique_never_inserted,51202b08c281e94e780c03dd41686e02
QNZ92750.1,unique_never_inserted,2d2f5f654c5bf67d9e8e3b98dd5cb13a
QNZ92749.1,unique_never_inserted,d15983f314634a2f2ed50cd8574e5f7c
QNZ92748.1,unique_never_inserted,4dd81ac48b90fa8b8bb752f48fffc7d1
QNZ92747.1,unique_never_inserted,785c5e1e9625c7e03d4614acb81ea0ca
QNZ92746.1,unique_never_inserted,75bf4da24303f6b716a12f5d353834df
QNZ92745.1,unique_never_inserted,4f9deeba65500249d4c9c5d0b580fd1b
QNZ92744.1,unique_never_inserted,1c0f6e8bb57fd07b20e1850a9a85f726
QNZ92743.1,unique_never_inserted,1c0f6e8bb57fd07b20e1850a9a85f726
QNZ92742.1,unique_never_inserted,19fb08f3958d155d3a0e4c54efa8ca4e
QNZ92741.1,unique_never_inserted,dab20642b7459831959b237d96073d37
QNZ92735.1,unique_never_inserted,e6e5f6decf4a968e0b8bd1a5c36f5291
QNZ92734.1,unique_never_inserted,f4c7c6e6fdc9c9eececb07768066629a
QNZ92730.1,unique_never_inserted,e5ecec73b03dec323c4015970b0bc4c7
QNZ92729.1,unique_never_inserted,1978119e3650d0637ca047539fe8c8cd
QNZ92727.1,unique_never_inserted,cb9a81b1ec671da9ec6dc1b0ea87cb6a
QNZ92724.1,unique_never_inserted,8615addd1631fe8a38e15a531d7dd7ab
QNZ92723.1,unique_never_inserted,0391f6621b7d89d168fe3864b6a7e192
QNZ92722.1,unique_never_inserted,3af76b84cee7ec3165b89c9ca060b739
QNZ92721.1,unique_never_inserted,5ceaf79973374a97eec893be5f171545
QNZ92709.1,unique_never_inserted,7c5f9e8954be49daaef2017bf52b4925
QNZ92706.1,unique_never_inserted,84e4f22d7982b1afc87ffd0b5c31f3d6
QNZ92705.1,unique_never_inserted,84e4f22d7982b1afc87ffd0b5c31f3d6
QNZ92704.1,unique_never_inserted,f5fac6355b0adf20d493b4b3f4ca0823
QNZ92702.1,unique_never_inserted,9431a47e66a306b0a48fb983f687e017
QNZ92700.1,unique_never_inserted,3213d16f8f1a723a96d5ea8069d642a3
QNZ92696.1,unique_never_inserted,0b059f32b0f13d8fbc9db683851e220e
QNZ92691.1,unique_never_inserted,4137167129cde4b746253ca77a10a63c
QNZ92685.1,unique_never_inserted,c1565ce1937767dfe850a42dfa7314c9
QNZ92684.1,unique_never_inserted,0a360b6be1c4c9c9358f9c53eed02e02
QNZ92678.1,unique_never_inserted,7e7a47e3b2606610e34e573cef4314cf
QNZ92674.1,unique_never_inserted,4ecb3cfab151633764d3ef6879e1d038
QNZ92673.1,unique_never_inserted,aa641bee8e72346679882dbd2add2459
QNZ92672.1,unique_never_inserted,0dfbdfdfc4a586ed1bcd9bc6135eb5dd
QNZ92671.1,unique_never_inserted,0dfbdfdfc4a586ed1bcd9bc6135eb5dd
AOZ20585.1,unique_never_inserted,cc2ccee18f8e1d81df63769188bf17a0
AOZ20574.1,unique_never_inserted,92f2ec7f3cc79270fb000eccd0e2d17f
AOZ20559.1,unique_never_inserted,4da276f5ef65c2f9dc68bb6fdd1a6a83
AOZ20556.1,unique_never_inserted,f4c7c6e6fdc9c9eececb07768066629a
AOZ20538.1,unique_never_inserted,0984c56dd97022e53edde22a72bf79b7
AOZ20518.1,unique_never_inserted,d65b91fa640c53bca4a71d78d0abbe67
QAR49056.1,unique_never_inserted,0d1e340a4ae8f0fa2ab7935554019fb4
QAR49045.1,unique_never_inserted,92f2ec7f3cc79270fb000eccd0e2d17f
QAR49031.1,unique_never_inserted,4da276f5ef65c2f9dc68bb6fdd1a6a83
QAR49009.1,unique_never_inserted,0984c56dd97022e53edde22a72bf79b7
QAR48989.1,unique_never_inserted,ace5e070a90ff227dc8dc7e4b2c43295
AUG33577.1,unique_never_inserted,e9312a87e950c0eed9f7baa929b28fbd
AUG33562.1,unique_never_inserted,2ea7af21c5a0547d5cffad07fd4302c5
AUG33557.1,unique_never_inserted,0984c56dd97022e53edde22a72bf79b7
AUG33556.1,unique_never_inserted,3487f54fbd62366242d746f99a78af69
AUG33528.1,unique_never_inserted,bddd40b6cceeb72a6c5a929c34a12b4a
A0A0A7DNE1,unique_never_inserted,3213d16f8f1a723a96d5ea8069d642a3
A0A803KM08,unique_never_inserted,be361dcaa64467baeabb503f1789685d
A0A803KPK2,unique_never_inserted,6adc9b662d570b12d0d79c4c74d2bafe
A0A803KQJ0,unique_never_inserted,2572b0be2ef08fe381396e78497c4edc
A0A803KSJ5,unique_never_inserted,0f97dead004655c0ce7aa89882a2fcb8
A0A803KSX5,unique_never_inserted,70d05f66e88a6cb309b4cd2b5ab9c48d
A0A803KYS1,unique_never_inserted,575077380573688a91b8bf52e97a7e6e
A0A803L1Y2,unique_never_inserted,b45ed3f2620f90373fbe596e98ea5a36
A0A803L1Y4,unique_never_inserted,7d508155861f59d7f2efe8ff0ef47317
A0A803L399,unique_never_inserted,e80eba06351391766c5e65fa37646e1b
A0A803L438,unique_never_inserted,0a7f13817025db7e2893d051d34b227b
A0A803LQY7,unique_never_inserted,b7dfbd56b1766a23c92fc1f77b10c6d1
A0A803LUL1,unique_never_inserted,c8ad47f51f4bc0aa95b956194318841a
A0A803LUL2,unique_never_inserted,48d0dfeede640d3198b8a2a0be1dd0e3
A0A803LWJ7,unique_never_inserted,7d39d3e47fc8a730a4d9b64640b3632d
A0A803M5C2,unique_never_inserted,9b8b31a7560f30722f7b2ccf2790d3ab
A0A803M6H9,unique_never_inserted,4f55db0d709e9fdf4ef0e37273b5a0fe
A0A803M791,unique_never_inserted,76098aa349219a976e3f889b8e502446
A0A803M845,unique_never_inserted,02135dd44270d21558c73d9b5fa9b404
A0A803M887,unique_never_inserted,e9ef8f84af88c3acb39295abd7cde236
A0A803MBU9,unique_never_inserted,0ba7991558ba7098307e1c89fc4e2236
A0A803MGL4,unique_never_inserted,9e9c47706467cad967490dd6e528d965
A0A803MH54,unique_never_inserted,eda114156475779813018513cd1be776
A0A803MIY9,unique_never_inserted,2aa2e0e6975bf6d13ec7c6369d8ebdc9
A0A803MKI1,unique_never_inserted,760da5a98a6543f52f8a5a6a92fbcd37
A0A803MMG5,unique_never_inserted,0ecc10b81955e0e7f914317cb0b599a9
A0A803MSH4,unique_never_inserted,863550081df4051b2793c2a1669c6934
A0A803MWT7,unique_never_inserted,c0e550aab3b66e44940c5b2b5425c0ce
A0A803MY66,unique_never_inserted,d449dbf169b58d34e33ffb18d5805cf5
A0A803MZH7,unique_never_inserted,e73b299b5a6c49c7a1a842ce030d6af2
A0A803N255,unique_never_inserted,a0a411361ae1bdeecc21ed001acc51a4
A0A803N2C1,unique_never_inserted,00def406ec11a4a0739d0152522024e9
A0A803N545,unique_never_inserted,2c3815f8bd675e739c433639b20e2f13
A0A803N546,unique_never_inserted,be995936f0702cdf95efe0043744c95c
A0A803NE62,unique_never_inserted,52ebce4cfa4f28e0d7f322ecf3fdf445
A0A803NF05,unique_never_inserted,2153bd96850ecf0ef75f3290eb975e7c
A0A1X9WDE0,unique_never_inserted,4137167129cde4b746253ca77a10a63c
A0A1X9WDE4,unique_never_inserted,785c5e1e9625c7e03d4614acb81ea0ca
A0A1X9WDG9,unique_never_inserted,7e7a47e3b2606610e34e573cef4314cf
A0A803KMQ1,unique_never_inserted,eb311e3c0f48139968c189e559fd7875
A0A803KPL1,unique_never_inserted,18508cf01b069d8708ae8a581b8153b9
A0A803KVC1,unique_never_inserted,9423621a35f78e01bde469a79da78945
A0A803KW25,unique_never_inserted,a2a771fcc4a4bdd5fbb54b46999893c5
A0A803KW56,unique_never_inserted,45360f1d1508cf749b84352c903b1e0c
A0A803KX89,unique_never_inserted,9e7b6ace53d234a8812bc696e31d9a31
A0A803L089,unique_never_inserted,f149267d57f8604dde56307ded0ecccf
A0A803L1G3,unique_never_inserted,eab595127d81bc8074c6a118e824c340
A0A803L1K6,unique_never_inserted,ce0a714b8d44a10149c3c83508bc9650
A0A803L285,unique_never_inserted,21f252e0f8eaa506d255c214628dc18e
A0A803L2W1,unique_never_inserted,4ba421c588c2bd854aedc40149250fd1
A0A803L3A1,unique_never_inserted,d8931cdd8a85dc09474cce664ea3bc02
A0A803L3A5,unique_never_inserted,98a513b84068bbbeeb05af17ce01e5c0
A0A803L3D5,unique_never_inserted,07eef0c943985865cec38a35a8026880
A0A803L4L2,unique_never_inserted,031797d97de45db0e73df5782cfadaeb
A0A803L5V0,unique_never_inserted,cc13cd737a03ef66800dace5f677e8cf
A0A803L8Q7,unique_never_inserted,ac12fc5f57ebecf46257384667996dbd
A0A803LCL6,unique_never_inserted,870fc662bad8d28b67d5a3c838ccb7b7
A0A803LD01,unique_never_inserted,330095d30080cc43aa30d21d17e07b13
A0A803LIK9,unique_never_inserted,485b7c1a8c8ec38152d9a147f6abaa6e
A0A803LJW2,unique_never_inserted,ba16423aea3b40599aa8de2725b560cc
A0A803LL13,unique_never_inserted,ad56103fda8e417bcc1dd9085259a552
A0A803LN05,unique_never_inserted,80bbced745b3afbf51301a260cdab80c
A0A803LP12,unique_never_inserted,53fbf2180d19e95632e8cbeb5b4c035e
A0A803LS50,unique_never_inserted,88eaaeb761f22a2b974b19306c0b4d6c
A0A803LSV4,unique_never_inserted,65b8ca76b3be46ba70c0767143d980c5
A0A803LTI2,unique_never_inserted,cceb719c721aafba1e949315ff58e312
A0A803LTQ7,unique_never_inserted,69fd4bd8c3e90a793e99f4d3d03a9154
A0A803LV22,unique_never_inserted,88a17c49a384bbe47d41d324eb39aba4
A0A803LVC4,unique_never_inserted,d4a6e6e8525afe516c32cc52cf069238
A0A803LVM7,unique_never_inserted,5c430b2e0bb8cf4879288e12f804d159
A0A803LW01,unique_never_inserted,23c3d4ac978a89b54106b56286115548
A0A803LX84,unique_never_inserted,ae6c12c9f98a9c6f9ab3680288051cd1
A0A803LXZ3,unique_never_inserted,2d7b6946b81c261892c3fe6159e8ffb5
A0A803LZG3,unique_never_inserted,bab24ad4f12a3bd00c139f5796c709dd
A0A803M1E8,unique_never_inserted,f08faea6176d3dd814ee5d7a39336b33
A0A803M3M9,unique_never_inserted,c61335fde92de00401a286b193aa9ad2
A0A803M4H9,unique_never_inserted,101d7a68625791f6c27c927cf550899c
A0A803M6I0,unique_never_inserted,ca339f23157280f5f61995f5532e09bb
A0A803M8E5,unique_never_inserted,2b328b042d3ea929f11434f64beefac2
A0A803M8V4,unique_never_inserted,97bad65fb6dc187ba02e989ea5eae19b
A0A803M9T0,unique_never_inserted,abc802fae0c1bf14a5b6a51f2c23f373
A0A803MBJ8,unique_never_inserted,42089fe518f22e7db865564fa7cc602b
A0A803MEK2,unique_never_inserted,ad561ca5018233694da942f8158b46ee
A0A803MFB0,unique_never_inserted,8726a97c4058b4b45f8b83657be492eb
A0A803MGG2,unique_never_inserted,480c4770674a819b51e5b4edab1f0ea9
A0A803MVK6,unique_never_inserted,65c9d1cafc3808113776ce71608966cc
A0A803MWV5,unique_never_inserted,f6dacf3768016aa82ec7d068c54425a6
A0A803N3L3,unique_never_inserted,576053153ce46445408cea9dc92be9fa
A0A803N5D6,unique_never_inserted,4e344590eeb56d781541ddf769b22c70
A0A803N5P9,unique_never_inserted,11236b116f08e561f5afae3785e13af5
A0A803N7H4,unique_never_inserted,eae3b54c20a55ab175452ca5e36d8220
A0A803N8S0,unique_never_inserted,869aac93eddb5e72b964bafeadfe259c
A0A803N8T5,unique_never_inserted,68b9860fc19462497c8c8d3817646bfd
A0A803NAP7,unique_never_inserted,f0075c0e4b55189e5d2b63b263b3ed85
A0A803NCH7,unique_never_inserted,083f38a271db1f70ceff914290342010
A0A803NEN1,unique_never_inserted,bd96f2a8ea97152601522052b3ad29da
A0A1X9WDB9,unique_never_inserted,f0bac37b8865ebcad77eba3b6b5c0c1e
A0A1X9WDF9,unique_never_inserted,9431a47e66a306b0a48fb983f687e017
A0A803KM21,unique_never_inserted,62a9ead2253b2dcdc12c9b087b7d01a4
A0A803KMM3,unique_never_inserted,a219c1f765a1d89edbcbb4cc4b2d94f0
A0A803KMX8,unique_never_inserted,cadc63624bcf654a73f283e7c57360bf
A0A803KN46,unique_never_inserted,c479039c6d171fec1328e5af7eb873ae
A0A803KN47,unique_never_inserted,2d29e3e8237708f91a2301193fb77d86
A0A803KPH3,unique_never_inserted,f5522887cbcaebeb9eae936df0ff7806
A0A803KSS3,unique_never_inserted,08adf4c3e2ca1e914a84186a2270ee2a
A0A803KUA7,unique_never_inserted,572a037dee61b9cbfc57c894c55fa50b
A0A803KW76,unique_never_inserted,cb16593c07d680870ec0a7f4a6f4cde7
A0A803KZQ5,unique_never_inserted,60c78174dfea883363ba63f204570982
A0A803L697,unique_never_inserted,a63fa887444fa83a1dee4cf40793493f
A0A803L7E6,unique_never_inserted,b5d5550e8c938633c33fd1933b97edc3
A0A803L7S4,unique_never_inserted,80f1939844bb9ae499d46c3388928f6d
A0A803L8I7,unique_never_inserted,2bb0c5f42296783969c52a5c8e0323e4
A0A803LA01,unique_never_inserted,5f795bb0c10316f99c3b3c86b4f121d5
A0A803LD00,unique_never_inserted,be6530c19444960840b88c1d7a7f247c
A0A803LD04,unique_never_inserted,7fec886d714e4ab6c8b0aa06055da84a
A0A803LD05,unique_never_inserted,f81d30e0d81a94d34164561dca6ea638
A0A803LEA9,unique_never_inserted,6580715e79f11dbc51081e80aee1fec4
A0A803LIZ0,unique_never_inserted,e073c9d2dab87303eb648a0f074764d6
A0A803LLU9,unique_never_inserted,9d55548a17f93895910faa56290f4ddf
A0A803LQC7,unique_never_inserted,60b5c39b8fe0d6aa894c78d4388744fd
A0A803LR58,unique_never_inserted,129617435e0aad90039b5a997a80b898
A0A803LS67,unique_never_inserted,361f8fcd3c162001c4b7f4a7dec1d18d
A0A803LTI3,unique_never_inserted,ef1edd336c29049f9f67d68b602c3699
A0A803LTI4,unique_never_inserted,62dee8d0eaab0e75eea09475898ce0ec
A0A803LZG2,unique_never_inserted,12bac76d3f10bca985901a02041bc161
A0A803LZI3,unique_never_inserted,8bc73656735b6665978d07d8c207dd3a
A0A803LZI9,unique_never_inserted,4ae69e3503f8cbc6a39b65f1ebfe9f7b
A0A803LZJ0,unique_never_inserted,bcc7f79704390f1fafacf1ac483167d8
A0A803M3E1,unique_never_inserted,5e3bee53b4a46d0981b3c6c25ab5104b
A0A803M4J3,unique_never_inserted,843af932f01d46134218579651e329b4
A0A803M5E9,unique_never_inserted,29f9c218e7702a22743e33cb37bf3932
A0A803M5U4,unique_never_inserted,ba0844c52c6251e98932d2ca6b224220
A0A803MD64,unique_never_inserted,f6839529cda80e6d535087d870dcbc8e
A0A803ME48,unique_never_inserted,7c9370297b8c91ede9102b43c79c5f36
A0A803MHS4,unique_never_inserted,d1004730dfdd34dd1b6ceed8516df4ba
A0A803MK13,unique_never_inserted,e1d12d9033151ceb8385ca3829e7dcc3
A0A803MK51,unique_never_inserted,19f804f5e54ef600598c6424235e9aa3
A0A803MKH6,unique_never_inserted,d7ee1310c5e2fb19e8561d81669eb5ab
A0A803MNL3,unique_never_inserted,361c80c32526a3ef86a81d03e664f924
A0A803MUT3,unique_never_inserted,5077f60bb7c99a5835b529f4036f0e6a
A0A803MW61,unique_never_inserted,7d3a17e67260672045f69df3a4dc7dc6
A0A803MXD0,unique_never_inserted,4daa1052de572dc3fac622b85a827fbf
A0A803N2A6,unique_never_inserted,7484278a3a1a298689c9cfabbea8e42d
A0A803N4L1,unique_never_inserted,76166c3748263da2c21ef27ced343c29
A0A803N4P9,unique_never_inserted,0852bd14ea351284bad5333b197e19f0
A0A803N945,unique_never_inserted,1e81ce5f6c84adf50420d221a7ae4573
A0A803N9M7,unique_never_inserted,06f477225eecf933397c2ff4eef9189b
A0A803NE57,unique_never_inserted,193567dba98556a4a48f93de7bf38a4f
A0A803NE87,unique_never_inserted,3d354f7b0c658026dd18f35a3ea50b42
A0A803NF10,unique_never_inserted,d803e9f9607ee715596cd01c3bd23041
A0A803NF22,unique_never_inserted,f5e48a59cd094c0b94b009d6e3bdb142
A0A1X9WDB7,unique_never_inserted,0b059f32b0f13d8fbc9db683851e220e
A0A1X9WDI1,unique_never_inserted,cb9a81b1ec671da9ec6dc1b0ea87cb6a
A0A803KMB8,unique_never_inserted,8c32dec21a85f16bacc4f2324a710cc7
A0A803KPR0,unique_never_inserted,52175cc01705ce539d574f0aa4e8b68a
A0A803KRT4,unique_never_inserted,2a03d4d81055085308009f7b72c26cc6
A0A803KVG1,unique_never_inserted,8fcbc6c29874a1ee1f950ff7520afe50
A0A803KVR7,unique_never_inserted,5aca41daac5b37960eea85a1c25f8537
A0A803KWN2,unique_never_inserted,6993fdcebe73b7846069a6d5c4fec98d
A0A803KWW3,unique_never_inserted,65df3eadd5c564843f0544c4a6304ee0
A0A803L0B5,unique_never_inserted,db4d3e64a0ba680ce73f3f0490a501d3
A0A803L134,unique_never_inserted,ad5a5854ae121491ef884975dab2563d
A0A803L284,unique_never_inserted,ac7a80556b6a037708da5189eb4db595
A0A803L288,unique_never_inserted,44c27bc157a82eaaca8f0979d5b89a6e
A0A803L2N9,unique_never_inserted,ce99c83a985665ab8d4315a45e52034f
A0A803L3A2,unique_never_inserted,046116b15100be274d6df6a7f8e4877c
A0A803LA84,unique_never_inserted,2157a9eb9c35362cd2833df8aecd9b82
A0A803LC09,unique_never_inserted,012e6c591c228bbc12104236e7eb38f4
A0A803LF99,unique_never_inserted,42bf77d01d32fed75e67d4d195a888a7
A0A803LH38,unique_never_inserted,08c2bfd04775572ff6e82cf854e9ce30
A0A803LI85,unique_never_inserted,1d56a399c795caea7b25bfd4af6ead9f
A0A803LIS1,unique_never_inserted,cc6f7a2f06d0094be138f3cf67ebaf36
A0A803LJ16,unique_never_inserted,572db413bb2390a7430b7bcab10dde7c
A0A803LK29,unique_never_inserted,dc06223fe31bdae5dd71fdde9d4c9b9d
A0A803LK67,unique_never_inserted,052e2afac95ea4ae47ceca0424a8809d
A0A803LKH7,unique_never_inserted,2083a0b5bb70a7dec522b3a3b806b6b3
A0A803LU00,unique_never_inserted,f086c634a3d16e75185c9ebfb879f0b0
A0A803LU67,unique_never_inserted,c443a63bd928a00f9d6b673fea8f39ea
A0A803LUL3,unique_never_inserted,9eb31765e87b44ba4f39c14cb02218cd
A0A803LUL4,unique_never_inserted,f3009c3c106ad97302dca837411e4fbe
A0A803LVC7,unique_never_inserted,9966d8db1e7bad4e6fdafbc5a3cb105d
A0A803LVL2,unique_never_inserted,f3dabbb5c8c02107545b68295c76494f
A0A803LX27,unique_never_inserted,22e60a4a81582cdc8816cc8c534b3f11
A0A803LX28,unique_never_inserted,0ee49bb64c6d3fb15f0d5d338ee92cd0
A0A803LYP1,unique_never_inserted,73f7b02f3b99744e6c5dcab5db379f2e
A0A803M1P9,unique_never_inserted,6db85e0388b0e74245c0d54b87b76e1c
A0A803M435,unique_never_inserted,147d914914e2cd16f3990c315dda9c4d
A0A803M4A2,unique_never_inserted,ec518bd293df63f02608aec6ca8056d6
A0A803M5N7,unique_never_inserted,fd7757b2b4c926e6c31a6ec73d5a7e65
A0A803M789,unique_never_inserted,c678c7fc0b2ff25df1995804044ba558
A0A803M9C8,unique_never_inserted,22143213b3f73a9036efe8da3dcbb96c
A0A803MBS9,unique_never_inserted,0eb08d830b36cfba8e77bbcaeb1ddec1
A0A803MCK0,unique_never_inserted,ef75716cd45cafd58b242d15ba4a9cda
A0A803MDR7,unique_never_inserted,b773e9c53fe1e030e43b88d161cb0b75
A0A803MFB3,unique_never_inserted,6a5b577b8b508ba47a3e311fc5cab790
A0A803MK43,unique_never_inserted,c95c9f63eb54b966171178e9e4205775
A0A803MKI2,unique_never_inserted,7b574710115155a3cafb5a47ece25329
A0A803MPS3,unique_never_inserted,faa7557c7a3e93fe35c99b55b8b6661d
A0A803MQL5,unique_never_inserted,0611b77449f3fe3c9d0be1cc2ae32a10
A0A803MTL8,unique_never_inserted,a83d9e1bf8f5168720db09e746381277
A0A803MXT0,unique_never_inserted,bac5bdd6193f98298beb2ae7e2fcf21a
A0A803N308,unique_never_inserted,42bfd1d3c0ddceb0e473305465a08bae
A0A803N4A1,unique_never_inserted,c491eab7dee81ae55230b6283c25c950
A0A803N5D1,unique_never_inserted,af098234e0728a79cea3e531fa1a9a02
A0A803N6S0,unique_never_inserted,a70c57592a2aec6fbc722f81c42670cf
A0A803N6S3,unique_never_inserted,afe5bbad002aac17989f479298153efb
A0A803N7H3,unique_never_inserted,e6a8382813c84671cc8e637203a0f8d4
A0A803N7J5,unique_never_inserted,32a1bc4c8f038f8170fe5ba441a5e6be
A0A803N8T9,unique_never_inserted,7e5b2a597ac3657db63a31eaa7974e2a
A0A803N951,unique_never_inserted,7c9346f4956b3265632bf85ac31b30a8
A0A803NDW0,unique_never_inserted,6ac445adbe7bb29e46cb5e9365767580
A0A803NE84,unique_never_inserted,6139a7ce4216e186e9891d199be26c33
A0A803KN48,unique_never_inserted,630a5803c6425b40b6afcf002d784d45
A0A803KT63,unique_never_inserted,0414497a790124bfab30a427ca9040c2
A0A803KTD3,unique_never_inserted,dc4c95a4f06e1fea8dd8fd3495e5a508
A0A803KU48,unique_never_inserted,9183975ae5489b4e7001f2bf00903a1e
A0A803KV71,unique_never_inserted,67817f2293d8781e2c7b89e0bbed71f7
A0A803KVN7,unique_never_inserted,43ce2d80ffbebfc045635027b4306687
A0A803KVU1,unique_never_inserted,b8e6932fa61beb14a1d585bfeb2284c8
A0A803KXE4,unique_never_inserted,dc156ccf13365059d103e3977677bdae
A0A803L062,unique_never_inserted,cd4764bc9a4a926a997f218331056707
A0A803L160,unique_never_inserted,47acd41c7ed9cebd56f7531219dcad02
A0A803L286,unique_never_inserted,fafdd6945cd6e9f8894230e460457ddc
A0A803L287,unique_never_inserted,bcd4d2be65a514f0d9b11d0386149f09
A0A803L3A0,unique_never_inserted,ed5e844149329d3baaeb28dfd9996535
A0A803L3J6,unique_never_inserted,d1b6a79150f2bf6a0ab72a7d46be3de2
A0A803LET9,unique_never_inserted,0385dff83aa799a64b637bf7f77ae8cb
A0A803LTI1,unique_never_inserted,ad7abae1d1b82b42def92c2021c22f5c
A0A803LTI9,unique_never_inserted,d2f892243d71091264a5c35f27a5456e
A0A803LTL1,unique_never_inserted,b4cb4ff37aaac32598cd4295dcac2509
A0A803LU76,unique_never_inserted,201524ee83567bdf79837f63dbb40915
A0A803LX06,unique_never_inserted,ea70f6659854da1793333131c2b91dae
A0A803LZI8,unique_never_inserted,e63ddea9b15ba17c223b274b3049292c
A0A803M0L1,unique_never_inserted,bdbc4159f2c6dcd296c18444994fa35a
A0A803M0L2,unique_never_inserted,b382363f79726da2ce778b8310be0b4e
A0A803M1N7,unique_never_inserted,426a48c4e225df2c9429fbf8a83b90c4
A0A803M1Q2,unique_never_inserted,111bf31db4d15030e80f5f3abe511cfc
A0A803M3B6,unique_never_inserted,5bf647d7f36b272459704796bb7fb953
A0A803M5B2,unique_never_inserted,ae983e043d6d6bf16240fa0b65ed42e2
A0A803M5S9,unique_never_inserted,5625b56a560df0ce9a5e275bc499b5de
A0A803M6T5,unique_never_inserted,88ca36306be35ba3088223ae2ede5e78
A0A803M9V5,unique_never_inserted,d2c25f3249bdf229b172c736c263db89
A0A803MA90,unique_never_inserted,a9725d9841496a912d0e598ee6a68be4
A0A803MD60,unique_never_inserted,268f6046bfa60827f6095a0a9a29f32b
A0A803MD65,unique_never_inserted,778f427116daf2bdf5bec98c88a8181f
A0A803ME47,unique_never_inserted,05742de500bc56970a52622774564bff
A0A803ME49,unique_never_inserted,258cb7b9d966c834f444190fc5c4d735
A0A803MJM2,unique_never_inserted,5758ed63dabdb8f3a935098577f7e9af
A0A803ML44,unique_never_inserted,36d62cbc5c77004668c0be6d99db1651
A0A803MPR8,unique_never_inserted,5316a3721e0abde20b3dd5b0e87804bf
A0A803MRQ6,unique_never_inserted,6a8d29b2b6cc953eeae3ef4f4f4f8f90
A0A803MSS4,unique_never_inserted,e564c84b6defda5251ef54132878a2e7
A0A803MU91,unique_never_inserted,43f857869404f34808c8005abf3bc679
A0A803MW40,unique_never_inserted,eb333e058a8e49242949fba16ada1b7f
A0A803MWS2,unique_never_inserted,ba02e8c9e3fbc046e405c74a97150ef9
A0A803MXT9,unique_never_inserted,b3aaae9ca36328d2c0ca1c48ef0948c9
A0A803MY81,unique_never_inserted,bf3ce8e315da9aab403cde101b657f3b
A0A803N0J7,unique_never_inserted,8e59fcb01a2a5c2db90c9659443b8433
A0A803N535,unique_never_inserted,0b6d001e1b5b2e6a0d2eaddb3d556f3c
A0A803N6X2,unique_never_inserted,a3d44620f74b1b1daa54a9ee6ac187e4
A0A803ND82,unique_never_inserted,ea5b1300605be83ed1a0dd757d2c934e
A0A803NE63,unique_never_inserted,dee5d89e03e2fba859015252697444df
A0A1X9WDC3,unique_never_inserted,a70858289f7605471f13455242e4cf3d
A0A1X9WDE7,unique_never_inserted,7c5f9e8954be49daaef2017bf52b4925
A0A1X9WDI3,unique_never_inserted,0dfbdfdfc4a586ed1bcd9bc6135eb5dd
A0A7U3QS13,unique_never_inserted,fa4bdf3dffe2ad1f4c6a97fdc281fa49
A0A803KLV3,unique_never_inserted,de9b5ecdd0d04851df64f49b9687176a
A0A803KLX1,unique_never_inserted,9ba6d3de1cd9325d5d871b3974d4481c
A0A803KM00,unique_never_inserted,90b659466b4ead259c55a71ef3a325ac
A0A803KM06,unique_never_inserted,877b0f9a1e1f0d9213f97ee7bff9b3b6
A0A803KM10,unique_never_inserted,d1dbe3d787fc53f88c0ee9d3f90f2d31
A0A803KM17,unique_never_inserted,8d0a369f005872ed92c5a9bcd8ee26cc
A0A803KM63,unique_never_inserted,46470396d1768cd8bcb0cfedfaae05b1
A0A803KMJ8,unique_never_inserted,67f231244eba8687d48172bb932a610f
A0A803KMQ5,unique_never_inserted,3e50ddf057f027560558dffcde4eaf67
A0A803KMT2,unique_never_inserted,dd77d788d4e47806fb2ffbbbc1113bb6
A0A803KMU6,unique_never_inserted,8ddf17778acf8d85c942aab56a51e548
A0A803KMV4,unique_never_inserted,48076ff18e45d8eb04974c9c56522fdf
A0A803KMV7,unique_never_inserted,dc92674ff0e6cf8ebe8182715c3a6a46
A0A803KMW8,unique_never_inserted,8cbae5a7abdb72bd6b8f9d5a21d1f537
A0A803KN63,unique_never_inserted,78058e78a83c30df1dd2c8f2cbc8a068
A0A803KN71,unique_never_inserted,fc3ce6b7a1d59a2baeefc9369fc7ed60
A0A803KNI5,unique_never_inserted,3bfa344a016b6a902d73bce646ef741c
A0A803KNJ2,unique_never_inserted,0eeb80413f7d4debad6be42dc5eaf7ce
A0A803KNM0,unique_never_inserted,d19ec4f74cc3a59abdc429ac737a9907
A0A803KNM5,unique_never_inserted,d1e6f01b6be4cd9e9246ea83b5edc038
A0A803KNV8,unique_never_inserted,2f4d6968ffcec39b56fe1af7898b2d3d
A0A803KPB8,unique_never_inserted,a80463a08eddb4e582497828a2c30c94
A0A803KPI0,unique_never_inserted,12837e3b6d06d527b389dd1efc16a39d
A0A803KPP9,unique_never_inserted,ae12c9f7f480b6a05eea502c8be3518b
A0A803KPT6,unique_never_inserted,b2c49f64899fe2ad776cb2d5a402da12
A0A803KQ02,unique_never_inserted,e16905a0442ab1eb542165a144cdf57f
A0A803KQ83,unique_never_inserted,c9631b81599ec84b88fb785525d0c502
A0A803KQ86,unique_never_inserted,4796138fa4c4b28fcc6b50d22630d724
A0A803KQT9,unique_never_inserted,4c313fb7c0ff3ee5c5d3d62008089228
A0A803KRD2,unique_never_inserted,d7822f97790ad160417cca72f18a5be4
A0A803KRG8,unique_never_inserted,6e16bea29c376895668ed52d9a039982
A0A803KS00,unique_never_inserted,13e6c3b219293f92214780cfc2dbf733
A0A803KSC7,unique_never_inserted,765209f8252facdc982850fa154425dc
A0A803KSE1,unique_never_inserted,c436cca9b1cdd771bce30ac7180c486e
A0A803KSG2,unique_never_inserted,7685b69c659a317be71f74bc56bff28e
A0A803KSJ3,unique_never_inserted,80f9b5f2ced3161f5df253e4fbd7de73
A0A803KSM0,unique_never_inserted,e4b4d58a4cd7f4a8c43ebca7c7868aa9
A0A803KSM2,unique_never_inserted,7dd398816999df627c64df1ccafcf7cc
A0A803KSN5,unique_never_inserted,7606df7bf56ce35cada78a3678334379
A0A803KST0,unique_never_inserted,62b3d4a2dd712950c196cb48d1aebf2d
A0A803KST6,unique_never_inserted,a7978c2a31bc125ef852ced07649cb64
A0A803KSV5,unique_never_inserted,e14c03cef217f241294fbc59adea777a
A0A803KT33,unique_never_inserted,0211a1751f111ecfe2ca8949d60fffea
A0A803KTC5,unique_never_inserted,3e1b3b3c4884d78119088da322e86704
A0A803KTI9,unique_never_inserted,a70c0010ee62dba730590c55ccfc4ea0
A0A803KTL2,unique_never_inserted,91c3925d0906577267524e3221613c57
A0A803KTP2,unique_never_inserted,0f709a3cdf459886669899d52db2224d
A0A803KTV8,unique_never_inserted,e7ef9583b469ee8fc7da086dfc0c8315
A0A803KU20,unique_never_inserted,1f14d5f8f76a0fa22162f6b4d1af08fd
A0A803KU39,unique_never_inserted,3d441eee2792c175d3810db81d29fe2a
A0A803KU70,unique_never_inserted,7bfc4d7b33cf3de40f4581467da81da5
A0A803KUB9,unique_never_inserted,95e6f311142ff0202956e84277187695
A0A803KUI6,unique_never_inserted,f19ad9c898255eb63fd0e6641eec895c
A0A803KUN4,unique_never_inserted,3576e4fa08955791d2b1bf69f5bd2fbf
A0A803KV22,unique_never_inserted,9706f4c538368a2ee514a6f668db822e
A0A803KVH1,unique_never_inserted,2853625d9763ae2713af43561a56e827
A0A803KVH3,unique_never_inserted,5d443e113cb20e4b9afaa82bec439010
A0A803KVI2,unique_never_inserted,1bad1e6305eb3ece3e4fba59bdb4391a
A0A803KVJ8,unique_never_inserted,1f4deb660bc6f29299bdfb45840a3fd6
A0A803KVT2,unique_never_inserted,aa2b9b0e1ce86f109d184460362bdf80
A0A803KW60,unique_never_inserted,de5726a8af7c895ac4a6c4dc91c7bde9
A0A803KW68,unique_never_inserted,cce0b54a82c96b8c1ef7e7afbc7ef61c
A0A803KW83,unique_never_inserted,fbe7353c6369ab3570d987c4bd8c55a7
A0A803KWD4,unique_never_inserted,dc7a8b888b49777d429acbf7c02ffe6a
A0A803KWI5,unique_never_inserted,e36d53503b8d886971fa4e0287247159
A0A803KWJ9,unique_never_inserted,62af1e2df283b1f7783bcf66917694b0
A0A803KWP0,unique_never_inserted,2a2d2c3cafb3d4b3378c8f86096d5544
A0A803KWP3,unique_never_inserted,f107634aed34ca05e24a1d19b3a38a40
A0A803KWP7,unique_never_inserted,6b782bf89f8b931fcee6f38d4f81f657
A0A803KWR4,unique_never_inserted,1789ad4155f738e739bea7c7f29c042d
A0A803KWS8,unique_never_inserted,b336698c79adfb80eda91e3e6170c27f
A0A803KWU4,unique_never_inserted,086d8b760a450f505f378c66a121a27d
A0A803KXK3,unique_never_inserted,875b326f3d8515df80677ae07d0b8d93
A0A803KY02,unique_never_inserted,7e0b1ea831401a11cc0fabc0d6428a30
A0A803KY54,unique_never_inserted,bd43deda24e68359d2d8fb2eab2b6cab
A0A803KYC4,unique_never_inserted,de526d34f255eb7bd930e33ce8752f97
A0A803KYK4,unique_never_inserted,19eb0e575b1bbcafcf0600fdda584230
A0A803KYL4,unique_never_inserted,b13fc779dcbe9188aff4eac9e0de5fd5
A0A803KYX7,unique_never_inserted,1399a7a699c70f67c351889ca4ec4187
A0A803KZ43,unique_never_inserted,a313d1fced6f79d72748d43620267a2a
A0A803KZ71,unique_never_inserted,8f5010d8370c1623e42b0361d3471124
A0A803KZ86,unique_never_inserted,2243ef7b930ee974e8aed8bcbc27c12e
A0A803KZG2,unique_never_inserted,3fab8f65f2162bc3ba72f768a5656cdd
A0A803KZH7,unique_never_inserted,97049311c22de6ec4d69219fbe7e99f2
A0A803KZL0,unique_never_inserted,f2433a8891e0427541703b19a6ecf092
A0A803KZM6,unique_never_inserted,f6508af0cf046de92896be1489ecc6cf
A0A803KZR5,unique_never_inserted,db8cfdd3033254042a29a22c4d951742
A0A803KZZ9,unique_never_inserted,7dfc45b0ce5f107e4b0c13e5f9e69a2b
A0A803L002,unique_never_inserted,5d195241311f66970c39f8743982364b
A0A803L016,unique_never_inserted,b262b3ccf6578f4724dc6c9d9a9383c1
A0A803L0I4,unique_never_inserted,44b80ac17f1f977645fd9edf2a4afcce
A0A803L0K9,unique_never_inserted,0bdf76ea7e804011d96589a499db2715
A0A803L0L2,unique_never_inserted,565809f56bffbffc24cf116ae8cd2d5e
A0A803L0N7,unique_never_inserted,e602d54305e9baae82d120f3d6bc5dc2
A0A803L110,unique_never_inserted,33fd535d4565366fa088fe78eedb4d9f
A0A803L120,unique_never_inserted,a229ae1ea5002abe76ce1a5e5c6e56e2
A0A803L1D6,unique_never_inserted,c3e57f65e0d96eb51410182d70b34cd3
A0A803L1H3,unique_never_inserted,0cb5e548875feca2522c8bff4863b78b
A0A803L1K8,unique_never_inserted,e6c65a565045f09581bc78ee0314358e
A0A803L1Q7,unique_never_inserted,3423f0442801963ab4175d23dff2894e
A0A803L1R3,unique_never_inserted,88b4a5bad923ac2bf329b5d7b57d204e
A0A803L1U2,unique_never_inserted,482e3bd1130aae870537de3c10c75851
A0A803L234,unique_never_inserted,79945f40b2f80ba88b4c9099e2846c3d
A0A803L2A4,unique_never_inserted,0e293c0fac3223fc210def6e131e3ba1
A0A803L2H7,unique_never_inserted,7dab477d51d2c389556236a042baea25
A0A803L2K2,unique_never_inserted,ae05097ca6ad17f2b8fcbc71dfa9ad1f
A0A803L2N0,unique_never_inserted,1e7750d8a87d967e722734bf43160f6c
A0A803L2R7,unique_never_inserted,12d6a5aa9031a2ce576ba238bec22777
A0A803L2T2,unique_never_inserted,34562eeb0e766ea703f46dfa844e24bf
A0A803L2Y6,unique_never_inserted,7b48c1a4ba5bae694f68f8e786ac6067
A0A803L311,unique_never_inserted,e5acca17b8ac9dc287872092e5cb33da
A0A803L361,unique_never_inserted,cd195599622356e09a70a2022f434ffb
A0A803L368,unique_never_inserted,7e2da855ffcf2f5227846a02c7a79ed6
A0A803L3D8,unique_never_inserted,9de3137898aeb756e362669a6744516e
A0A803L3I8,unique_never_inserted,5a818e0d0901c243127e2dc5efd9ac18
A0A803L3J2,unique_never_inserted,596ec9dcd9e23fbabf7df074b5efa925
A0A803L3K8,unique_never_inserted,a8cb4f240ca224c3ea9f19e8257dc832
A0A803L3R0,unique_never_inserted,b92f0a8184c4cc7f4cdaac80376691f2
A0A803L3S3,unique_never_inserted,c0634d3006a8b4f526ac4eacda2e57d4
A0A803L3W7,unique_never_inserted,e6cdbb637e7e3932013826eb05226440
A0A803L3Y7,unique_never_inserted,abb1a495beac52fd9c0d7798c159403f
A0A803L3Z3,unique_never_inserted,2a473cc2efe042b21858277804ec073e
A0A803L491,unique_never_inserted,99c55305a05d2ac5eb6fbfc8b791eb1d
A0A803L4A9,unique_never_inserted,e54d08b57825db9df750e94e1ceb8c80
A0A803L4E0,unique_never_inserted,1f100ca4a2a158569d8698f29fe30ff4
A0A803L540,unique_never_inserted,da56e9dabd4a762918ad9522b2b9343a
A0A803L579,unique_never_inserted,4f510a8a56c1f986dcc2feacfb689218
A0A803L5B8,unique_never_inserted,688cbe2e8a0aadfed334955bf9936a43
A0A803L5G4,unique_never_inserted,a11d749f993b2b595f7ff4c122601a7d
A0A803L5I4,unique_never_inserted,f0b96fd9c600b0a3f79b4e2b892f4ddc
A0A803L5R1,unique_never_inserted,6d65894b762cf9edeefa3fd7bb0ddd4a
A0A803L5T8,unique_never_inserted,b63e2052f1e650397f8594ff284778a8
A0A803L609,unique_never_inserted,5ae80c1d5dfe0a83fea67c3d1b97f80c
A0A803L688,unique_never_inserted,5ce4cbeb2b444b8a9b62041e1138df1f
A0A803L6A1,unique_never_inserted,8c4442652e666ad01192638b04f24f4d
A0A803L6G7,unique_never_inserted,44d02a455804ad9fdd7cba8f225df39d
A0A803L6H8,unique_never_inserted,49af9b30a2d58185fc637ff9c692a13a
A0A803L6N0,unique_never_inserted,efaf8cc71cd62674f055a7320fb8905f
A0A803L6Z5,unique_never_inserted,a2b0ad967f175686b6aa8f23e1ef0bcc
A0A803L7A5,unique_never_inserted,2860b4874eaecd24fa66829aea72a5fb
A0A803L7B6,unique_never_inserted,c748c7169bc6a5975b2986a5e28e54ca
A0A803L7K7,unique_never_inserted,7d41d52c498561ef0316f5e2d4e65c73
A0A803L7Q9,unique_never_inserted,d9fd47878f228a33f34309211a62b5dc
A0A803L7X1,unique_never_inserted,33674da93fc14a51a94fb8238fa27a9f
A0A803L7Y3,unique_never_inserted,258e9e344623b9c9442c0fe902d0f345
A0A803L865,unique_never_inserted,08802f2a87afbcb8427c0ec571bd564b
A0A803L8U8,unique_never_inserted,2931f8e013805cef0159fa0a76f4b6c2
A0A803L8U9,unique_never_inserted,5a76f57e3466d184f7abbafa48375896
A0A803L8X9,unique_never_inserted,628a534896a4f9e902a6d7e49896ff32
A0A803L8Y0,unique_never_inserted,0671f6434d4c84161be0c773a3677e76
A0A803L955,unique_never_inserted,eb1b8b071fb33305ecf55bb2d3fd65bf
A0A803L9N8,unique_never_inserted,e7d82d40c703d044df171086f97030cd
A0A803L9W8,unique_never_inserted,9cd3a4adbdd575e83c97b8e1ad95b6cc
A0A803LA22,unique_never_inserted,c93a48b5c3a821b72819195f31d08cba
A0A803LA44,unique_never_inserted,a67fc1a6919825d7b5f205a8fc9fcd8a
A0A803LA47,unique_never_inserted,f93ed2af4cabf871cd201472873697ed
A0A803LA91,unique_never_inserted,d14bbfbc6585bb5e2f74f4c93cb1f31d
A0A803LA93,unique_never_inserted,608b57f4460f764935f588852f575213
A0A803LA99,unique_never_inserted,214c8d2b28e0d8812dd97935eadb510f
A0A803LAB1,unique_never_inserted,55f5bff9f8801728b42fa46f24f41880
A0A803LAB9,unique_never_inserted,bdc9222dc02d03e11fe62def2cb4ce06
A0A803LAK2,unique_never_inserted,9ff1c7f01c3a12efb943a666446c374d
A0A803LAM0,unique_never_inserted,ef3a1144494018cbc5132b075873401f
A0A803LAM5,unique_never_inserted,6b5245192dee14ee797964d5601afbfa
A0A803LAR1,unique_never_inserted,878fbffcb21c19d0438d02589f7cc086
A0A803LAU6,unique_never_inserted,b48a8cb096d448016a4ac352423eb930
A0A803LAU9,unique_never_inserted,edf3245bdfbbf29f023bede9d551b776
A0A803LAY4,unique_never_inserted,7dc6dc9db4d114729404b78e73e54704
A0A803LB77,unique_never_inserted,f1e5d2a25f8f0f87873e8e687eec4822
A0A803LBE2,unique_never_inserted,88489f0e105dfe9ae055bf917093b8a6
A0A803LBG8,unique_never_inserted,a103bb095508285de26deb2e8e492151
A0A803LBI9,unique_never_inserted,e745198c113b40580a89af82a0aadfcd
A0A803LBP7,unique_never_inserted,fa5cf12511f5f07b42836a660ddba927
A0A803LBP9,unique_never_inserted,e4c0fd757d6df8f3f80f1a1179a3a9c5
A0A803LBX5,unique_never_inserted,c896ec98b9a9f37cd0c5902bcb934c7b
A0A803LBY8,unique_never_inserted,1eddd5cb6835ee2f07486da21de43748
A0A803LBZ9,unique_never_inserted,479e64c53fd283882dcb7922c58113fc
A0A803LC32,unique_never_inserted,de9112cae23afc9b467a8194e575f6e3
A0A803LC41,unique_never_inserted,54f52964cb60821aa805506281422eb9
A0A803LC56,unique_never_inserted,d92bc9e405f0bddaa6bdcf6db4eb0d2f
A0A803LC57,unique_never_inserted,98630b7c916973bdc456d04bc1cdbc58
A0A803LC63,unique_never_inserted,f991100b2310b85a6c4e8d5be1c226cc
A0A803LC87,unique_never_inserted,a076687698953c4b00c24d70c1b204e2
A0A803LCA8,unique_never_inserted,b4412d1cdcf7819bbb633f447d7a4476
A0A803LCA9,unique_never_inserted,8d234561ec55dad038374cf1d6dc127c
A0A803LCB4,unique_never_inserted,6db0cca1ebe44563b393257fb0ff49f7
A0A803LCL0,unique_never_inserted,3f7db30c8a17e8f890c1023d965c08f3
A0A803LCL1,unique_never_inserted,9c25bf838c9538b56dcb86fd1f8ff3c8
A0A803LCT0,unique_never_inserted,b5f2764dc70a0a3a15ab5f9768aee2f0
A0A803LCT4,unique_never_inserted,f8549278abbc412b4b5ef520c97c3800
A0A803LCV2,unique_never_inserted,bbdfa2a8cad0bd66a2bf0e515ad2eb09
A0A803LCY2,unique_never_inserted,203787c0d3b8613624611a09e18e12d5
A0A803LD49,unique_never_inserted,bc89988b343e7df1cbaf9086d47b0201
A0A803LDB7,unique_never_inserted,b218a485dab5d2af05860f46a21e1846
A0A803LDE6,unique_never_inserted,f03960d147a48953d09e9a61f858c283
A0A803LDL3,unique_never_inserted,759b08482cf084447d9a520b0db17bb1
A0A803LDM5,unique_never_inserted,7a081ff9476292f5b6b40eb5fe3fb65f
A0A803LEQ2,unique_never_inserted,c7151cc1147ade7cfcadf41ebbc01d30
A0A803LEW0,unique_never_inserted,d3e74991eb1bf62d1d0fad0737b5e120
A0A803LEY0,unique_never_inserted,0bfabd06ab0bbdeee256ee48b4595be4
A0A803LF00,unique_never_inserted,6d1a1e6e6404019112ebb5fdf37282f6
A0A803LF03,unique_never_inserted,d6668b017bd97251297941cfa6800066
A0A803LF47,unique_never_inserted,588b9c00f74aa020193c344ff8b8a5a3
A0A803LF50,unique_never_inserted,ce96be36a34b99b5790ca063a41db0b2
A0A803LFC2,unique_never_inserted,a71402b9ee6bb287688816ef92874db2
A0A803LFI7,unique_never_inserted,c1f4c9985f5537b37bd8425e2a15b6ec
A0A803LFR9,unique_never_inserted,d1d7f7da90f9d6b33468d9f9cc8c8770
A0A803LFW1,unique_never_inserted,2f59e4a0cf8fc09e93191edd0dcdfc8e
A0A803LG17,unique_never_inserted,0f7606fd51ee377def74ae52b40bf132
A0A803LGP0,unique_never_inserted,40ff31ce3534e62276108b1b81822e42
A0A803LGP5,unique_never_inserted,df4580609e7b19b5771b1a72fe5aa7bb
A0A803LGX7,unique_never_inserted,44c1cdf4bc607693b1716965dca04bd2
A0A803LH74,unique_never_inserted,63eacb4b27b6d7d7136506c7ae2cd735
A0A803LHA0,unique_never_inserted,ece225d5f4838f625a2b3b56b5afb232
A0A803LHA7,unique_never_inserted,5d0c08505da121a12ace9a72f4b97197
A0A803LHC9,unique_never_inserted,9f83d3fdaa2803f8e217293fb501d255
A0A803LHI9,unique_never_inserted,67795dd0c04482962650aa4c3050a7b0
A0A803LHK7,unique_never_inserted,aa1bf0286a93cf5f58b04970b90c2856
A0A803LHQ0,unique_never_inserted,a67d5f502de5c56eed121ad5fb171cdf
A0A803LHQ2,unique_never_inserted,e2b8504debde7dc4ab716e0efe7606ca
A0A803LHR3,unique_never_inserted,c4a262612076d5c321fba6b7f29b962c
A0A803LI24,unique_never_inserted,8e21a22422803122570620ca4a616f6c
A0A803LI90,unique_never_inserted,4f051739731cefe6eae7f9f2fae68c15
A0A803LID0,unique_never_inserted,dcc5b0687b4862d8e613c1f0166df288
A0A803LIG3,unique_never_inserted,9cb6d2b1433e354d7ca153ea543c9c17
A0A803LIP7,unique_never_inserted,962e794c3854a2f216093e4307017b64
A0A803LIV1,unique_never_inserted,59fa235f5514215b1ad1ed5e2c34133b
A0A803LIV3,unique_never_inserted,14362343dd8ec79cb49124f4cdf096e3
A0A803LIW0,unique_never_inserted,ae965d6e4ba9c16f42703e01e3bbcac7
A0A803LJB5,unique_never_inserted,38506ee343e96ebb060c373dd6174b75
A0A803LJH3,unique_never_inserted,1a72bc0ef0829ae810a918e3c83e677c
A0A803LJQ4,unique_never_inserted,1c4c9afba77d8ac57bab40689bdce03b
A0A803LJZ3,unique_never_inserted,3c235162f0e8ee51910204001ad19354
A0A803LK97,unique_never_inserted,10275255299a83b87dfbc27e9675fbfa
A0A803LKA0,unique_never_inserted,9a907cc0a0ac79ddba7a415277bad4e2
A0A803LKA9,unique_never_inserted,379a3022caaccc9be8c8c5a71fde6b0f
A0A803LKC3,unique_never_inserted,b7136cc131be4172e469269f1b2c9016
A0A803LKC7,unique_never_inserted,45e3b48cf5a7f5917e811bab3a8d51c7
A0A803LKF1,unique_never_inserted,09770107bba059581c374ab292f95c89
A0A803LKK1,unique_never_inserted,9de630346c6e225ddd870a85d8fd676e
A0A803LKS1,unique_never_inserted,c9cefc37bc6c9c3d7c7f3a3602737de0
A0A803LKS2,unique_never_inserted,ddc35810b7e114458875bdf4e2c007c5
A0A803LKU0,unique_never_inserted,d4c1da3774ad9b089373ef8d97a050a3
A0A803LKV9,unique_never_inserted,3e30582937ca1dc83b0f865bcc92c8c7
A0A803LKX1,unique_never_inserted,6e3fee839ff7cfd8d2d3930d92f82442
A0A803LKZ0,unique_never_inserted,1454aba9947b0db28edc93a8c3ed5984
A0A803LMC3,unique_never_inserted,b561aefc244b9368fbcdbbf2afa46e73
A0A803LMK9,unique_never_inserted,9840d56bd421f2e63667200523cdd599
A0A803LN24,unique_never_inserted,1873b58b02458454bd7f60528d72d555
A0A803LNB2,unique_never_inserted,8dd73304646313cbb015a8b09b49fd6a
A0A803LND0,unique_never_inserted,f1473bd46733d9b2399ec212e0b19d33
A0A803LND3,unique_never_inserted,f64c4d05dba54413cfb7f5b055038a15
A0A803LNI1,unique_never_inserted,4de58c4dc160c977b9c9ee5f14ac22eb
A0A803LP17,unique_never_inserted,a380c29e01299eda3a66ca489c968a49
A0A803LP19,unique_never_inserted,f7e997aed691458b973a57c11c0ba37c
A0A803LP48,unique_never_inserted,0481b86c96b3491183cbf479d375b620
A0A803LPP3,unique_never_inserted,f7449e95a68dfc365254b239f1fa69c7
A0A803LPT2,unique_never_inserted,ba6a2eaf1185106162d3dcb9c2df8e99
A0A803LPU7,unique_never_inserted,342670e1efb1e9fae49d6ee1ffb78ca1
A0A803LQ57,unique_never_inserted,0d0233a5dec04d7d103595cdfb95d472
A0A803LQ90,unique_never_inserted,fe732d574eba8951c6a9941236514b63
A0A803LQU9,unique_never_inserted,076fecf35be7f3643af5d56a2f41a5ff
A0A803LR48,unique_never_inserted,3b2758d293db3ca28d92bb44f7a37ef3
A0A803LRJ6,unique_never_inserted,7e1f1749c862f9e27934e1d053d9da3a
A0A803LRN4,unique_never_inserted,9057bf7f04589ff6a26b8049c6522894
A0A803LS35,unique_never_inserted,827da0ab15ea744c17f078dbb7d7e6e7
A0A803LS76,unique_never_inserted,7d9cc4d42e8eeba8d57fce6be74cec67
A0A803LSD2,unique_never_inserted,380ed1d3a03fbc5abdd9d855034fd1c9
A0A803LSE6,unique_never_inserted,387f1b1535707fa5b1d72040a86eac29
A0A803LSH2,unique_never_inserted,6cbb209c64f9b2734eab005b158bd840
A0A803LSJ2,unique_never_inserted,72f3145b519f69f545b34a0ca987d714
A0A803LSR2,unique_never_inserted,bc231375b95ed27fd30cb7e6b87e416c
A0A803LSR5,unique_never_inserted,b1a8aa4594c522790295fc07c360bf60
A0A803LST8,unique_never_inserted,17564541b91cdbf8b9f5af95a962290e
A0A803LSX8,unique_never_inserted,e4a65c1683584abde5f862d5d7f47c63
A0A803LT48,unique_never_inserted,51cd2a63b13ddabbd30ffa0c358e4554
A0A803LT54,unique_never_inserted,4a1e1310fa9bb6e530a174558b5f173a
A0A803LT88,unique_never_inserted,78534d7390eed555a703044c16c7cdaa
A0A803LT98,unique_never_inserted,e739d9330bc4c62905a082cd4d54dc0b
A0A803LTD7,unique_never_inserted,53035b9a3b7b139d894605d6cf15450a
A0A803LTH2,unique_never_inserted,1d0c93888c82d58b870e1f8731cefcf0
A0A803LTH8,unique_never_inserted,d0a49648160aa6c2f8b1ab589b4fec5f
A0A803LTK6,unique_never_inserted,664e07510ac29b72d09fc2c21d4cc08e
A0A803LTQ3,unique_never_inserted,e3939b8362d14b3d2a48cc374a8d034e
A0A803LTQ8,unique_never_inserted,77c8ecb455bf703c8f9eaa70560ba34e
A0A803LTS9,unique_never_inserted,708909684d9ca4f994d194813ad94237
A0A803LTV9,unique_never_inserted,f1fc9b5800e7aec6adea70e4cee05d7a
A0A803LTX8,unique_never_inserted,8a3e621745501d78a0677dd97ebdf7ff
A0A803LU13,unique_never_inserted,72e8c5ea4c97d7ebd6b8b9bb78451124
A0A803LUB0,unique_never_inserted,845b03d35cd969a5f0561beaca1641a3
A0A803LUB1,unique_never_inserted,2787120b3e142d1052e2f19897428ec6
A0A803LUP1,unique_never_inserted,a0b6b05a7aba1c22691f4b0070471232
A0A803LUS0,unique_never_inserted,94b10fab8c380cb29843c4a9f09f52ea
A0A803LUU1,unique_never_inserted,8cf87ff9da6f967dc92062fe1f993534
A0A803LV03,unique_never_inserted,24360a1f779586edc6e3a9ca76fa08a1
A0A803LV99,unique_never_inserted,17681e25de775d4119c3ff72aabda69c
A0A803LVC6,unique_never_inserted,5fec0d39e09ae0257c0fde069ce1e053
A0A803LVE5,unique_never_inserted,ce5006ec19b40f5f48f3c35b7de61273
A0A803LVH8,unique_never_inserted,3d28647a47f4f937cec93cfeb3515333
A0A803LVI1,unique_never_inserted,f36265801afc04d344802b9e38830ac9
A0A803LVU8,unique_never_inserted,55e0bb8eb92948f0da8f8cd3e8af1b5c
A0A803LW09,unique_never_inserted,f1b40186e833ecb0cd55bae48fb9d3b5
A0A803LWA4,unique_never_inserted,b0eace93cbc2db403e080ce442a2a574
A0A803LWC7,unique_never_inserted,cbb564670cecf6ede56a7d3731c69316
A0A803LWM1,unique_never_inserted,001297814c2a9672ff3f3889d0d5caa1
A0A803LWN0,unique_never_inserted,4f78e273967ec667eb2a42f7f58aeee6
A0A803LWN7,unique_never_inserted,7b972b4d91965ae0affa8cc7fa0c0e48
A0A803LWP5,unique_never_inserted,c9cb195cf5233addc5b5365f8c3c5b80
A0A803LWZ3,unique_never_inserted,eadc0134b08b222340a0c148a1c43344
A0A803LXE1,unique_never_inserted,d5338d431b7d0c5ad0ab32bcd52e9ece
A0A803LXG1,unique_never_inserted,3cafb0250c6d1fd89b8156c8df9f97e4
A0A803LXJ0,unique_never_inserted,b687a4fcb713f909bb65e29f18c1aaf6
A0A803LXY7,unique_never_inserted,6ae31a6b70bacac5c4937dce6773d16a
A0A803LY67,unique_never_inserted,35b165930f9ced8a186e6595a0aa235a
A0A803LYE6,unique_never_inserted,f6540e13739d80e29c4d2cb2bbc542a9
A0A803LYJ5,unique_never_inserted,11078c5637cbcd96642b4398df502b84
A0A803LYT7,unique_never_inserted,fea191ce42f01b69cf7d2ebdffc51d8e
A0A803LZ21,unique_never_inserted,3cbf3c5344d34fb37f9671ff8de6124b
A0A803LZA5,unique_never_inserted,ba3e6ceffb7c4f18fcea49857fa10df0
A0A803LZB4,unique_never_inserted,a4dc9789c2518fb50f1153087df36148
A0A803LZF5,unique_never_inserted,79bb29c0c5f6eaae112f5df68e80cb45
A0A803LZU3,unique_never_inserted,5592d40e0159afac76622a6acdaa3e97
A0A803LZU4,unique_never_inserted,a834f792588ae8b0e15579c986f66226
A0A803M003,unique_never_inserted,9694f35c447e7682647135be5a079d6c
A0A803M0A9,unique_never_inserted,952bb47e16e7c5f501ba9cca71764fcf
A0A803M0J2,unique_never_inserted,cb86b7f6df7fb66281c42a98fce6bd5f
A0A803M0J9,unique_never_inserted,143285a241a885f34adf1b913f8809cf
A0A803M0L4,unique_never_inserted,a646b795fd74d548fe27ea848d4f8264
A0A803M0N1,unique_never_inserted,861d3bb1239fc70f4ba7db7a4de50c08
A0A803M0Q2,unique_never_inserted,40811c171062ee55999b67beaef96311
A0A803M0Q5,unique_never_inserted,d6145f7f7294b4beee14b1f6ee0b7274
A0A803M0T3,unique_never_inserted,9d59bcc5bcd1f12a1211f25d2ca6b771
A0A803M0V3,unique_never_inserted,e93ffb6a3b7fe372c07b050e35717ca3
A0A803M0V4,unique_never_inserted,4bc2c4f30b39445d53c6fd81816ace08
A0A803M0X7,unique_never_inserted,36c7e86429f8c081a047c0f18c06b2db
A0A803M142,unique_never_inserted,704edc1fcb04495d5e73107dbf858453
A0A803M164,unique_never_inserted,5eca23d85d01400fb5be1ee437c533de
A0A803M178,unique_never_inserted,f5d7fb54efbd920102da6785cff68c33
A0A803M1B9,unique_never_inserted,df3ed926161ac082f5889ba8ba5317ea
A0A803M1Q0,unique_never_inserted,7d993c884d5dc116ddbc9690b1787cc1
A0A803M1R4,unique_never_inserted,be6d05b8a46f1b1852423dcdafb65f1c
A0A803M230,unique_never_inserted,246e7d02cd31ac9313af10c29bdf19fb
A0A803M240,unique_never_inserted,05fc288d7bb61d31f54878cb731478a2
A0A803M254,unique_never_inserted,47dcb7fede9d89aa8b04dab33d35370d
A0A803M2I8,unique_never_inserted,82aa629d6e3d14bc5fb2076183065b19
A0A803M2V3,unique_never_inserted,e3c6d2516c6c4a23beab7eadfa7ae10e
A0A803M320,unique_never_inserted,f40fea0d45c9abf97b8fe04872f69ba6
A0A803M379,unique_never_inserted,898bcbf4cce42c10faa58c488fbfc269
A0A803M3B2,unique_never_inserted,b99859f1ceaf651a8d95232facaaf172
A0A803M3S7,unique_never_inserted,31363b25159f41e4c51065e59f0cd0c3
A0A803M3S8,unique_never_inserted,b4e9f880e53eb05670879dbcd14c41d0
A0A803M3U3,unique_never_inserted,e532191d0f7d3e52113e44d34f335c12
A0A803M4F8,unique_never_inserted,172079ba0c01a7038a49947b047e86ad
A0A803M4J0,unique_never_inserted,09b93def062a50c9ca7901a98ee170c6
A0A803M4M7,unique_never_inserted,5cb95f51bd9c54505fcad34bb7ba63fc
A0A803M4Q4,unique_never_inserted,04c99a80f86e1d74824de219d350a3db
A0A803M4S6,unique_never_inserted,6f8bbc59c8de79f3d3c677aa8801367f
A0A803M4W1,unique_never_inserted,07baa75cbc0c108dd864307df5a2b513
A0A803M4X4,unique_never_inserted,49fdfdd88239d25003fbc53190bf2320
A0A803M537,unique_never_inserted,0d9fdca0a5df0ffba17ba542c1db4f51
A0A803M539,unique_never_inserted,142c3fc007bc1f209f7a7ecdb74f9e72
A0A803M554,unique_never_inserted,bef627917263f99d555822340470e6c0
A0A803M570,unique_never_inserted,2c96f86304607b09c5e5f317910ddef6
A0A803M578,unique_never_inserted,89bca7778000560398cf5bfb18fe54ce
A0A803M5A9,unique_never_inserted,db49fe003fc6bf1ab7a58afe4b20bd58
A0A803M5E1,unique_never_inserted,4fc9d8b1643440372aa398250315448c
A0A803M5H7,unique_never_inserted,9d6c23abe38a261738787659375e6126
A0A803M5I5,unique_never_inserted,083dfb6b65c20e0f878c5eff358c410d
A0A803M5K6,unique_never_inserted,321b7aa98d81fe2f8a3d09b4318be529
A0A803M5L1,unique_never_inserted,76a827dd56e6c025d7867a478b99ecbd
A0A803M5P0,unique_never_inserted,4370a2f83d6383308e7ba3b210749d2b
A0A803M5X6,unique_never_inserted,1c026e92dfa0ca751ae93ac459ae1fa5
A0A803M637,unique_never_inserted,2d2f66d286821d57b45644ecd8289f5d
A0A803M6J6,unique_never_inserted,7d12c31d32e6f1ea23e36f0044e070c8
A0A803M6N2,unique_never_inserted,1e6d5c57494a36222c82f7dfc669fca4
A0A803M6R1,unique_never_inserted,007add22b31f608f101af5ac251b1927
A0A803M7B2,unique_never_inserted,feee044995c55224befce67df192f542
A0A803M7C8,unique_never_inserted,a81368bba2cc3f763a5ecd9cb94556f3
A0A803M7M6,unique_never_inserted,2c6eca8f719d244d997bfe89b67d9081
A0A803M7U4,unique_never_inserted,f8875eaa4c31686eecb36747183c0da3
A0A803M7V7,unique_never_inserted,2aed4ddf8a28e671d57dac64964f34cf
A0A803M7W6,unique_never_inserted,17b8e471e48788f8b2d3e942dbf4259f
A0A803M7X3,unique_never_inserted,5f6ac34f37189dcdbd69d7637d72d85c
A0A803M808,unique_never_inserted,baa54ef191ba8ef9286df62e14b0a3f8
A0A803M811,unique_never_inserted,c1dfd70d3da0fdc76da678a381a4d345
A0A803M813,unique_never_inserted,8e71fb4bd5cc2d5eb58f4c56915104e8
A0A803M8B7,unique_never_inserted,ae32df45b5344c07bc7f95cc549a975c
A0A803M8E8,unique_never_inserted,d648281e9bb468382e01f9862ea4f29f
A0A803M8I1,unique_never_inserted,8c50db4b76a819ac86b5566882a1fecf
A0A803M8J7,unique_never_inserted,5fa99c408da23eeb67219f778b59883e
A0A803M8L5,unique_never_inserted,589d936afbee684126a874063648e01b
A0A803M8R6,unique_never_inserted,86709150710cb79543821e94b371e12a
A0A803M8R9,unique_never_inserted,7b5cfe8ee5525960f7f9d608a2ca452b
A0A803M8U9,unique_never_inserted,594ffec1ff83cc3e4f8d49330fc5121b
A0A803M8Y3,unique_never_inserted,14c821e6b66ec4547e43ee02bf0c91c6
A0A803M904,unique_never_inserted,17d1a2d25abcf48af02146b644458eee
A0A803M9D2,unique_never_inserted,6af1d16377b3ad13f7aa3df6e930d80b
A0A803M9I8,unique_never_inserted,84393e693264e96d530e7dfd569ef943
A0A803M9V1,unique_never_inserted,60b7cdff2dde82cd3e520adb6e285fd7
A0A803MA44,unique_never_inserted,4ec36b99a7e35c9bb7d331594aaf4287
A0A803MA63,unique_never_inserted,178b8534a0a8ea9bd09618b1591c17e3
A0A803MAE5,unique_never_inserted,419bf4619140184cf0afce0d550ac74f
A0A803MAG4,unique_never_inserted,d71959de9d153eefd950db0f4fc780aa
A0A803MAG8,unique_never_inserted,ec7f8cc6d4f97c0818291b12084314ec
A0A803MAI9,unique_never_inserted,6b4e130001672deaa551a6cbb429445a
A0A803MAJ7,unique_never_inserted,95d7779182ed252ff4caf3fb8af1bb08
A0A803MAL5,unique_never_inserted,12936c5e94521fad42e30a778eb8e4a0
A0A803MAS7,unique_never_inserted,24efb6de1afcb14b610cda6239ac206f
A0A803MAT1,unique_never_inserted,db4f794eb1aab6d4e1e0f6522f57b810
A0A803MAY0,unique_never_inserted,305d23ddd2e031d6ef986ab90369689a
A0A803MB10,unique_never_inserted,5b1be6d6c7f453d4d9031e3a0eab968b
A0A803MBD4,unique_never_inserted,8f0d53e5f61d0c3dbf276c76f2b3a175
A0A803MBP5,unique_never_inserted,27f2db4d2f1325bd39e28f653384cf44
A0A803MBQ0,unique_never_inserted,590da15476d7c63ddc01732a13d37756
A0A803MC03,unique_never_inserted,70c222a86bdda1c289810c8a2511ca29
A0A803MC40,unique_never_inserted,9df15e35f5706baa4a21421974124118
A0A803MC43,unique_never_inserted,a9f0cc372967c9feddaff32fb375e981
A0A803MC46,unique_never_inserted,c80cb5907cab683228eaa6298e95f368
A0A803MCA2,unique_never_inserted,48e020f89156f6424b852694b34e20df
A0A803MCK1,unique_never_inserted,e61226a7bf8ecfa1b4fefdffabef125b
A0A803MCK4,unique_never_inserted,97502d92ed1308db4cc3b87b8c99eb8d
A0A803MCL6,unique_never_inserted,f3451bfc7e68b2aafb21d05ec39712fd
A0A803MDA5,unique_never_inserted,26b295c7d08fe8715f931d03efd6e884
A0A803MDI8,unique_never_inserted,a75e9dde68a7230c2619046322c3c2c4
A0A803MDL4,unique_never_inserted,967def45c26ac278ece0753da8d71b67
A0A803MDM4,unique_never_inserted,3bcc97b8e6697d5f5416b7b2aa753df4
A0A803MDN9,unique_never_inserted,44509fa227e9bcf440cb2ee9a681f830
A0A803MDW8,unique_never_inserted,7c415a8b113076d41a523e18c78a7938
A0A803MEB7,unique_never_inserted,a66496a14fdf567dac7ed10f64956b28
A0A803MEF6,unique_never_inserted,41bcabfcd74839e9501236231b3171ec
A0A803MEF9,unique_never_inserted,65e1ab0a4a4ee32020b70afa5c658a5c
A0A803MEH9,unique_never_inserted,4f3450739acfe9cd892c383b56f84d31
A0A803MEI3,unique_never_inserted,b21284897c49c7b18108bce2927a3dd1
A0A803MEI4,unique_never_inserted,e8aa7166c810f09ed487578281e72d3d
A0A803MEK7,unique_never_inserted,de8941e7f72a9e321ff1b43905aa3b76
A0A803MF96,unique_never_inserted,187236bd94ecfa4deebd0063da96c0f1
A0A803MFC0,unique_never_inserted,d8190017ad065d2601738b77fb784335
A0A803MFD1,unique_never_inserted,3180f98c6121ff73dbb5d272ec093ba3
A0A803MFF3,unique_never_inserted,03e5741228300dc5c3bbd3b0d679f315
A0A803MFG3,unique_never_inserted,d82d8ac44b3f1cc9a739ce197fd52a7c
A0A803MFH7,unique_never_inserted,9b28f87b973f3ecc204ddaf6d77b2187
A0A803MFI1,unique_never_inserted,4ea8641815db6d7faf048ff6e1f10a7f
A0A803MFM3,unique_never_inserted,8f57d118cf6890a8fcfe376170dcbc7d
A0A803MFV4,unique_never_inserted,220c6db7cd5ff3951aec2c34acd48192
A0A803MG14,unique_never_inserted,6dbbca7670d6ae133b0924eb349b87ab
A0A803MG21,unique_never_inserted,8d3cb87aaa7223656d74ee4c1baf6cc7
A0A803MG24,unique_never_inserted,0a1730b311439db1ee1886107a9ca34e
A0A803MG49,unique_never_inserted,db8b8de02c238dea161cd25a34e3fe52
A0A803MG57,unique_never_inserted,69b4c3b424e75e1cf070234f17cb7eb5
A0A803MGL7,unique_never_inserted,b636de2b5c3cea11f1cd820646d7288b
A0A803MH78,unique_never_inserted,633ddbde7e3e8c41ed2476940ab7de94
A0A803MHE6,unique_never_inserted,11f902484e51fb9e88a066a600667cd0
A0A803MHI7,unique_never_inserted,4824a5dc00e123ca0717f9c232b09319
A0A803MHK0,unique_never_inserted,4bff6beca072cd58a5f739de863a51b1
A0A803MHN4,unique_never_inserted,a7e7889b7b6b825992e9f89520794d97
A0A803MHT5,unique_never_inserted,9c801b73e3ec225d4b120a2adbfafeff
A0A803MHU8,unique_never_inserted,bd146cda233f345410425074a1dac09b
A0A803MI37,unique_never_inserted,1e8f78860705a38643f9c42d1483f485
A0A803MI40,unique_never_inserted,025385025e1595683903b339f84bde31
A0A803MIM4,unique_never_inserted,4cf9617bb826136e0c6677a2c3ecf532
A0A803MIT7,unique_never_inserted,0c9f8a2fea63993cf4f5aee3fabdee30
A0A803MIY4,unique_never_inserted,f1aae67c777432c86b99e6818df8125e
A0A803MJ14,unique_never_inserted,0a3c900f76199e6a7a5e5e08afe6dd48
A0A803MJ26,unique_never_inserted,2038f3687a3ce32560127d05a9498333
A0A803MJ32,unique_never_inserted,8d70f532a92ff68a46a8d86b229c95b8
A0A803MJ46,unique_never_inserted,ea73804cef0a627f62e3cd4c2f980a2f
A0A803MJC8,unique_never_inserted,b2d76b5dcab5e32b99f8835219829e51
A0A803MJD0,unique_never_inserted,089ee19e285c693f359612d98a362564
A0A803MJN9,unique_never_inserted,baaac0da834aa2973a42bcae33ed5657
A0A803MJU8,unique_never_inserted,44488362632c94d59e4a43e4b3b93d98
A0A803MK31,unique_never_inserted,3fb5a2ab2f01a720428a960b5d3600f1
A0A803MK34,unique_never_inserted,d8408386034d3abb4b6ff2ede7ed26e4
A0A803MK59,unique_never_inserted,0cbef382e94032615b1493298929bd17
A0A803MKC3,unique_never_inserted,d8c95859d5bcef147918c52a94de94c7
A0A803MKI0,unique_never_inserted,eb750a506b39029c4f31194a2ec30cea
A0A803MKL2,unique_never_inserted,c01945bd3bc4cb7daff4c2190f86b717
A0A803MKM2,unique_never_inserted,3ceafdc3e3781c9f976fec46c4a09e8b
A0A803MKQ2,unique_never_inserted,fbe105c954d0a15537f7e518b456c4d2
A0A803MKS3,unique_never_inserted,86d74f756b72cfd321926ca503a801cf
A0A803MKU8,unique_never_inserted,0b46db88ee00db1b65e04574a2ffa4cd
A0A803MKV6,unique_never_inserted,6fdf10f69388f11de5f14f2f3d0b29e4
A0A803MKW4,unique_never_inserted,b2a10cfd74c844783b68655a26f817ed
A0A803MKW7,unique_never_inserted,0a1c38f4774c3709999db6e852bc5503
A0A803MKX0,unique_never_inserted,d301bfe1243f4906096b5b346d9e8f74
A0A803MKX6,unique_never_inserted,e06fac212922dd898c5d004961cbc507
A0A803MLD1,unique_never_inserted,da5b4ee0456aaeb260102b81cf0b7e44
A0A803MLF7,unique_never_inserted,e4952e599731e252823c36b084099ed9
A0A803MLI2,unique_never_inserted,0bb4868eb48029ce04a775945bbc962d
A0A803MLJ5,unique_never_inserted,4d5599cbecc1972aeae06d6ece88770a
A0A803MLN3,unique_never_inserted,2adcc4365f65694a381f63b03a389c5b
A0A803MLQ7,unique_never_inserted,67a52a277c536257c517322fac625dca
A0A803MLX8,unique_never_inserted,a9eec34e506440de35eeae854165c74f
A0A803MLX9,unique_never_inserted,ee20d536f58cd4467affea2034faefe0
A0A803MM24,unique_never_inserted,f851671653a830930e370062bf5221af
A0A803MM35,unique_never_inserted,3c83fefc0b37573c4f2e4ee31977adf2
A0A803MM68,unique_never_inserted,54b8d2907701edfd054078b5e1189f35
A0A803MMA0,unique_never_inserted,585681dd0aceef2119bc4e7c6c3dbff2
A0A803MMI7,unique_never_inserted,966fb2d146fab344a285aedb14ee6b12
A0A803MML1,unique_never_inserted,b44394b3bc35403dc3417249aa072180
A0A803MMN9,unique_never_inserted,44db6458e3e43ecf6cdd477e45b68014
A0A803MNA9,unique_never_inserted,fb0e5f895e50f71277d0d3dd1eda77ab
A0A803MND1,unique_never_inserted,c2a75f19f3f38c360c43b05700357c94
A0A803MND8,unique_never_inserted,1e01265890f9e7bef02486eaaffbcfd9
A0A803MNF6,unique_never_inserted,498bb2e2c2ade27b21142adfba1b4a6c
A0A803MPJ9,unique_never_inserted,793988ce2bac5647dc00f46431fc59a2
A0A803MPM3,unique_never_inserted,859d552d7a2a6937ff3fbed5f34251d2
A0A803MPM4,unique_never_inserted,824ab3266925938394e4f8ff1aeab78b
A0A803MPR6,unique_never_inserted,f0c9892ea4a82440122a3dda548e1fd2
A0A803MQ31,unique_never_inserted,db57b23b0d824b0fd26df78440def7fe
A0A803MQ53,unique_never_inserted,908563987cd628c0e69be5ad6874b7ed
A0A803MQC3,unique_never_inserted,7508fc961d3672dfbd6c410bb1fd9357
A0A803MQL2,unique_never_inserted,ca5436e864d48bfb6c0d4ce6a849f5cc
A0A803MQR9,unique_never_inserted,defe3650c9a83f09fdca297f7dbec6e3
A0A803MRE4,unique_never_inserted,0f1638ba2a911083ff5528ae26f72025
A0A803MRF5,unique_never_inserted,80324c37af246e6fb999048aef6cd428
A0A803MRP2,unique_never_inserted,8a569b930c4074f706a1bbe9784cdcd2
A0A803MRT3,unique_never_inserted,4126038036b199bf73336bc98f1fc72d
A0A803MRU3,unique_never_inserted,26f69a4cf41dab69b1b59695c993b17f
A0A803MS32,unique_never_inserted,954ebbca16608220af718f8043012e5c
A0A803MS48,unique_never_inserted,1ef203676da1cb000badbc45280cf7fa
A0A803MSA1,unique_never_inserted,2ab1ef306ebc0e41ceac8f90b9c11026
A0A803MSD6,unique_never_inserted,d31034000d4227af4a5f5fe884b6832d
A0A803MSF5,unique_never_inserted,f77d448226d96d256acbffbd20c36f67
A0A803MSG4,unique_never_inserted,b99c9e4536f4b9ec5ac82ab3a4eca3f0
A0A803MSI8,unique_never_inserted,37805b1bb8c5ca63c5193cf981401911
A0A803MSK9,unique_never_inserted,43fa1fb703e42b4ab43a8b13c4964d7b
A0A803MSL3,unique_never_inserted,dd4a61f666bbb4e9b13853315765f176
A0A803MT04,unique_never_inserted,8034440e8c57c893dbf7fb5247af8bcf
A0A803MT71,unique_never_inserted,c1a1d4aeafd96e98f80d112b93c78849
A0A803MTQ8,unique_never_inserted,371d162eb3da1568c62606d964304fb3
A0A803MTV7,unique_never_inserted,ab1eecf06dac36c0e29216ffed7d1244
A0A803MU00,unique_never_inserted,b3edc83cf5c4ac3e728dd0e3811170f5
A0A803MU52,unique_never_inserted,fd21e65628e040e8be2cc6368b21e311
A0A803MUC6,unique_never_inserted,80ba38d1963fe75c384a224f98a797d9
A0A803MUG5,unique_never_inserted,0c36a35867a571cb1285d707fa4ae18c
A0A803MUX3,unique_never_inserted,844e712e57e76c74678b0ac352fae66c
A0A803MV03,unique_never_inserted,1238b8faeedaa4584564f7ee177bd77e
A0A803MV08,unique_never_inserted,438a9a53010ec5cbc61bb908d6b175f4
A0A803MV11,unique_never_inserted,685ba12ef56ed3a79ad2e63154d308b0
A0A803MVD3,unique_never_inserted,d28180a41b85299d406347129c50d7f6
A0A803MVD4,unique_never_inserted,5362946bdc53362f366e0f95a17d3770
A0A803MVN7,unique_never_inserted,b600d518c4cc40a10374b4690677484d
A0A803MVU1,unique_never_inserted,ec5657150dc3184830dd73a7f0cdcf9d
A0A803MW19,unique_never_inserted,33fa7c5e9689a56ed7e5b4781ba78011
A0A803MW63,unique_never_inserted,73d85ce2dc8de5330a88eab45736c7d8
A0A803MW70,unique_never_inserted,7afe0a8af602343edd09e092ab80a400
A0A803MW78,unique_never_inserted,0e5d9f5daa33a09fe9ae2df7fbc0b1dc
A0A803MWI0,unique_never_inserted,6811bcf1978b5678a381eaf8a9d3bd53
A0A803MWJ2,unique_never_inserted,c294cddced08a6f71f0cc5846a559658
A0A803MWM0,unique_never_inserted,69ea25d5456ae962ad5d8d0cd13ae048
A0A803MWM2,unique_never_inserted,d7b974ff84fb93d24b6e590dd47c8e87
A0A803MWT5,unique_never_inserted,112253f766b8bd3356c39ef1ae63d819
A0A803MWT8,unique_never_inserted,3a719cfe88fc7a8eb31a0ec8c11d721a
A0A803MWU8,unique_never_inserted,670a6d368c1a7c2444f536682f5786d8
A0A803MX00,unique_never_inserted,ca033dab9a162f27bfbba63e827d7ede
A0A803MX45,unique_never_inserted,9cabf1b258246d34504ba36ff1e5606e
A0A803MXC6,unique_never_inserted,f0ddcd16725c7df008cf80a0e2ac30d0
A0A803MXE5,unique_never_inserted,4dd47a463fbc797aea47cbb2583198cf
A0A803MXI6,unique_never_inserted,f8aae1880cce2fb1187b58d36e69b31b
A0A803MXL9,unique_never_inserted,c47add65e05fbcb986d9b7624ef73eb2
A0A803MXW9,unique_never_inserted,20249bf017891c3afe5984a7a5e2e755
A0A803MYL5,unique_never_inserted,1a023a363462f8952bf75a5b69950f94
A0A803MYN1,unique_never_inserted,769b74049103bfa84f2646bb1ca08db5
A0A803MYP0,unique_never_inserted,932b82ddeab4403b64045115663d1989
A0A803MYQ1,unique_never_inserted,7701ce9b9a2adb34a7877e0d2da35f9b
A0A803MYS9,unique_never_inserted,19893a4a207cbbd449d4e0573dda9e77
A0A803MZ05,unique_never_inserted,6bceafc195344e9e566ebec9ff8a4122
A0A803MZ10,unique_never_inserted,0bc9a65c72177a836d4222324d5396f4
A0A803MZ23,unique_never_inserted,948e3ea404b382f0314f1df28b52c9c2
A0A803MZ35,unique_never_inserted,f4a82b603bbe7da9d0fffd1992606c50
A0A803MZ47,unique_never_inserted,70d9a618ee407d81eb84b5b86196c338
A0A803MZ91,unique_never_inserted,11f186d2a0d88958a342b5fbd0e61656
A0A803MZB7,unique_never_inserted,08f52d0ea88d2987be6cacb2f9fedbfa
A0A803MZF9,unique_never_inserted,5995614c7ac38f7ad8dd7400bd3d10d0
A0A803MZP8,unique_never_inserted,c129e05d9a9fc6936c30c892e6aeb2e9
A0A803MZU9,unique_never_inserted,a81a41c099789615b8ea8451ce1ae097
A0A803N008,unique_never_inserted,fb1372d9dad149521d950510b42f169a
A0A803N011,unique_never_inserted,762adf76c3b166ec7105b91c1e684262
A0A803N0F4,unique_never_inserted,9e6742458b429bff4650b63aeb5e50bd
A0A803N122,unique_never_inserted,18367d6b3129fe92fb7832f466875e33
A0A803N154,unique_never_inserted,a98001bb1981a326d11dd19ab6dbc847
A0A803N1I9,unique_never_inserted,1c84cdb90764993ff181bec8d73f0401
A0A803N1Y1,unique_never_inserted,83fa5321962f39ded4b1e0f236bd89e2
A0A803N1Y2,unique_never_inserted,1599a05027e3e6da96b49aa39dbde0d9
A0A803N2A7,unique_never_inserted,0dd99f532a21665da0f8886d6714cbaa
A0A803N2F9,unique_never_inserted,f9834aa3651752d52ca6711ff6a65c1e
A0A803N2G9,unique_never_inserted,75fa39e406891c36254566b183479f9d
A0A803N2K7,unique_never_inserted,d7b3b54a191b027e5a7b0be8e9b9295e
A0A803N2L1,unique_never_inserted,eec100b8d84917fe6655e73f2864ad2b
A0A803N2M7,unique_never_inserted,5fec62074be7bf774de079c672c2d8a1
A0A803N2P0,unique_never_inserted,3c2c2a43c69cfb589f64d686e8020336
A0A803N2Q5,unique_never_inserted,167e552cfb26a0ae2ef28ea93a309474
A0A803N2S6,unique_never_inserted,1767ece2b245fcfcb12b4f2c1a1b7ddb
A0A803N2W3,unique_never_inserted,42c52dde36dc21e2c517a9e2aa3e037c
A0A803N2W4,unique_never_inserted,13b75390e8cad74f52d4d1776fd9208c
A0A803N358,unique_never_inserted,f3da310a52135662a9bf3bfab51134a5
A0A803N369,unique_never_inserted,424de2e2a6107323596413346444618d
A0A803N392,unique_never_inserted,c4f3379c03637cd6e1fa1212d07af910
A0A803N3G0,unique_never_inserted,47707821c74e377136bc0fd364cb8637
A0A803N3J1,unique_never_inserted,9742a8c65f4df463818c56349c7478fa
A0A803N3Q2,unique_never_inserted,d500b96b52110073e30e35c8b22856d9
A0A803N4A9,unique_never_inserted,21d1ee19a0a3958ed336d60e2a711f32
A0A803N4G4,unique_never_inserted,b697735153890b5aa965b2f787be3f0f
A0A803N4K0,unique_never_inserted,0df9d09b217ae2249406fa7ea795316a
A0A803N514,unique_never_inserted,8e8be4f544216130dd5ee9634e90279c
A0A803N515,unique_never_inserted,dd0f40f60481c7a4c93576815c001c66
A0A803N525,unique_never_inserted,1656bf5a4b75eebb3b1212c4639acee6
A0A803N532,unique_never_inserted,d2a9ad90dd5f20476fb764e43a3ef0d8
A0A803N539,unique_never_inserted,b91dbb3ff5de453b36531cd73770459d
A0A803N5C7,unique_never_inserted,fdcd3315ef924c54ebad55a351ac8d44
A0A803N5V5,unique_never_inserted,d88962e06f78bbebae9b65ce0b829dbe
A0A803N5V8,unique_never_inserted,3ddcb53ecd3df5f356a4d652ef39a074
A0A803N5Z5,unique_never_inserted,eaf9e7a52c1dd3c0b25b859782b8edb6
A0A803N604,unique_never_inserted,15debf2a10ff132b6c5e6ade4d6b6768
A0A803N634,unique_never_inserted,99cdb8e50b765271f2392f3d7dc61d02
A0A803N6Q9,unique_never_inserted,efccd57a9bbbbd41a6764049a013f4ba
A0A803N722,unique_never_inserted,134db6b26866839762372495cba03d35
A0A803N744,unique_never_inserted,bee0b7edf7ba0a1b6f3c912994631b47
A0A803N747,unique_never_inserted,39bf0b503d9be26683f4932165e48d5b
A0A803N7B7,unique_never_inserted,b519f90e03dc55e0852308cdb3339c9a
A0A803N7E5,unique_never_inserted,4261072ada859fbbca68ea5b46c36cb9
A0A803N7G8,unique_never_inserted,88b1fa1b5a466c93fa654f5ec9235623
A0A803N7Q3,unique_never_inserted,bcf36888fccc5b384f346f46ff9bb17a
A0A803N7S4,unique_never_inserted,06514aaa094b41516588aeb28ecfb170
A0A803N884,unique_never_inserted,ab4e6e5f48b41e80e862c178f5f8c953
A0A803N887,unique_never_inserted,44e3f8e14012256e2da3dc22bc71b434
A0A803N8V8,unique_never_inserted,1dc075579bb050b53d5467d85d78cfa4
A0A803N900,unique_never_inserted,66581086d1bb296dcc53140accbe625c
A0A803N955,unique_never_inserted,0928b8cf376a6cc1d9edf66c068cca97
A0A803N983,unique_never_inserted,67dff91a1e3eefcacba8b1bac7257604
A0A803N9B8,unique_never_inserted,47f0fc0f2bf961a4a93b482c3b059e78
A0A803N9I3,unique_never_inserted,a3999f9c7b1ebb26c0f12bbed39792b1
A0A803N9N8,unique_never_inserted,9326bea1e217f8aa94648613395059a3
A0A803NA11,unique_never_inserted,1a44ba8a75527e19d6d370f93e7e9277
A0A803NA61,unique_never_inserted,c92fe681eb83b23fc40b3545fce6cccf
A0A803NA82,unique_never_inserted,10e8c3ac2c7ad5a00795d3282135de53
A0A803NAD4,unique_never_inserted,8c10f6b537a49fd8ba78b0b8bd41eba1
A0A803NAK7,unique_never_inserted,e7593f399549d998c70179b07d3f26fc
A0A803NAR6,unique_never_inserted,73e18e3466a952576ede7272a9c4c881
A0A803NAU7,unique_never_inserted,c77edd30c62a83ffbbc57e65e36c6088
A0A803NAV8,unique_never_inserted,4f5e5e1c201930a9e7d945d38215b1e1
A0A803NAW3,unique_never_inserted,8016a058b2059092798e3e85d10898a5
A0A803NAX2,unique_never_inserted,c76e5ae62605814903e6564aa6dc9d77
A0A803NAX4,unique_never_inserted,b706314287d70612aead62b042095442
A0A803NB31,unique_never_inserted,a71865e36056034645b18222b4d87c11
A0A803NB67,unique_never_inserted,910222ea2b204524e88c2b7107906c78
A0A803NB99,unique_never_inserted,7547c3ef3d85f39c6cef235a6263086d
A0A803NBS3,unique_never_inserted,e18cb46288f1bf3bc66124683d50e797
A0A803NBW5,unique_never_inserted,ece02c73f8e36238773390344b3820f2
A0A803NC02,unique_never_inserted,a899b69587c05aa2314b3838b572060b
A0A803NC04,unique_never_inserted,1d9abaf77e12db735fce6e4b8d052370
A0A803NC14,unique_never_inserted,a21dc55a56a46072774f631b2c04d955
A0A803NCA0,unique_never_inserted,1f82dd0cfc64ebe6613afec5feef2b34
A0A803NCB3,unique_never_inserted,72bc93223f83b4f1c02a53e8f81aec02
A0A803NCC9,unique_never_inserted,6ffd085dbb3d68faf7531c4e73145370
A0A803NCJ2,unique_never_inserted,a9248f39257dc0c11b5ec8bf0cda902d
A0A803NCT1,unique_never_inserted,1545fabda8d1a5335a9591ff16138454
A0A803NCU4,unique_never_inserted,18366934a823e4fd91dade88fb07892d
A0A803NCU9,unique_never_inserted,35782d9c91479c1f43387cba1e8fca73
A0A803ND44,unique_never_inserted,039fd78c2446dd649efc78db0b24efc0
A0A803NDE9,unique_never_inserted,64c64c0386426b982f64da5feff1fa45
A0A803NDQ6,unique_never_inserted,b72febad402bb707bea1ff26b785a353
A0A803NDX1,unique_never_inserted,13e574d4fd19eb7845bcd84bc600d221
A0A803NE05,unique_never_inserted,5a9883e131640caa38346db3978354aa
A0A803NE21,unique_never_inserted,0620063f3384f00b2622a555036c5b13
A0A803NE88,unique_never_inserted,48ce612f3b94693fad720a44e3bf6ade
A0A803NEC6,unique_never_inserted,8b923e39b23712abac9070f906f4bb35
A0A803NEM5,unique_never_inserted,06db6a4e0ee200c73577d5bead4d2009
A0A803NEN2,unique_never_inserted,9be72c853458f9edf5bb1de3ebb2582b
A0A803NEW9,unique_never_inserted,ff33ab614887fdd22a2d552530d006de
A0A803NF12,unique_never_inserted,0ad6e02d9ee670179d3338b9c7a5b736
A0A803NF24,unique_never_inserted,0a6682631ff7322e3c5cb0fc880c205f
Q06AW1,unique_never_inserted,6dd480798fb32168376997bd69e065a0
Q6Q384,unique_never_inserted,dd061da653fcefb4fbe1c1310336e996
Q6Q385,unique_never_inserted,11329009a49e46ed4fcf80308bdf2415
A0A1E1ERU7,unique_never_inserted,2cacd2fc544185ce72c18f060af0fcaf
A0A1X9WDD1,unique_never_inserted,0a360b6be1c4c9c9358f9c53eed02e02
A0A1X9WDD8,unique_never_inserted,5ceaf79973374a97eec893be5f171545
A0A1X9WDD9,unique_never_inserted,cd885334f774cd1e14e5cd2299240385
A0A1X9WDE5,unique_never_inserted,4dd81ac48b90fa8b8bb752f48fffc7d1
A0A1X9WDF5,unique_never_inserted,4f9deeba65500249d4c9c5d0b580fd1b
A0A1X9WDG2,unique_never_inserted,8615addd1631fe8a38e15a531d7dd7ab
A0A1X9WDI5,unique_never_inserted,aa641bee8e72346679882dbd2add2459
A0A803KLZ8,unique_never_inserted,4fd253ba3cf2fd3336a819339c32ed62
A0A803KM03,unique_never_inserted,9d129e0e63a3904780de653fc1074881
A0A803KM49,unique_never_inserted,5d3eec1e8c9819eff1e1973266e478ee
A0A803KME6,unique_never_inserted,39a414e17e5fc66087a7439f398ac199
A0A803KMG0,unique_never_inserted,f5d653409a038208f2205afa4a24943d
A0A803KMH4,unique_never_inserted,e52c4f498970667bf026149572a01f8e
A0A803KMH9,unique_never_inserted,2a9b12bf45215aec8886ddc2d037a930
A0A803KMN5,unique_never_inserted,4c066d400ec44afafc33b3b32f095c80
A0A803KMP3,unique_never_inserted,726d0ebb572afdd50d8423b4aedecfb5
A0A803KMT4,unique_never_inserted,6ca3196cb97f53abc1bd04588e82d099
A0A803KMT9,unique_never_inserted,c7757fdb05082243a2adba01c407a2a6
A0A803KMX6,unique_never_inserted,de22a65cf2ebd4c65fb9d7835fccd5d2
A0A803KN14,unique_never_inserted,dba70959c1f8a7741253e62154c55bc5
A0A803KN26,unique_never_inserted,06074a0635ee056856233b2e2a1e5769
A0A803KN34,unique_never_inserted,b8fe68a2a8bcf2f044d978adbece4a84
A0A803KN38,unique_never_inserted,2e643195c03b83c31651774cc86b712f
A0A803KNJ9,unique_never_inserted,84146777f126fac9cb3e1d38b74bd573
A0A803KNN7,unique_never_inserted,9397d6cb822d9c8a447f3662601fbbb7
A0A803KNN9,unique_never_inserted,7e189b0d01e7a7abb6ea2f0685875a4d
A0A803KNU5,unique_never_inserted,e12d17e1fed35b0c771896ffbfcdb0c6
A0A803KNW1,unique_never_inserted,d43df0f667c214ab41660a434c537c0f
A0A803KP14,unique_never_inserted,d3a20a22bec03d00c5a07d39492544b7
A0A803KP20,unique_never_inserted,65a52077c623614b6b43d2a8a71c1edf
A0A803KP91,unique_never_inserted,fe411b8b677e7d6268dfa65b97267327
A0A803KPA5,unique_never_inserted,6963359216fa9ece75674cf7d0d0cc2e
A0A803KPB4,unique_never_inserted,543adfb0d90810b4557153bea79c7178
A0A803KPD2,unique_never_inserted,64e3b39145430c24f0661cb3c718f9b5
A0A803KPG0,unique_never_inserted,dbf5ea1cd4ee17a28fd8f265276050a8
A0A803KPJ4,unique_never_inserted,5fd35e35aebda5ab0f44217573f766ef
A0A803KPS3,unique_never_inserted,f114cec6eb0870ed96c379d75b6b12a9
A0A803KQ33,unique_never_inserted,469b83abba6dc6dfc71c20738d1b5eac
A0A803KQ44,unique_never_inserted,75547283f26163a9368b44ba0df9abb7
A0A803KQ77,unique_never_inserted,55b51fc290805408b590e0f2a9664b8e
A0A803KQQ0,unique_never_inserted,0011cbbe71dbed4168b08d10cf1d0ece
A0A803KQX4,unique_never_inserted,c948bbe3000afe98edae6bc4513b2811
A0A803KR12,unique_never_inserted,9cf3664d730e782b739e533a0f157920
A0A803KR25,unique_never_inserted,faf4ef25f5c5877c9a9b8c0f7c30cdf0
A0A803KRB7,unique_never_inserted,e452ea446180bd473f502ed788d74bea
A0A803KRE0,unique_never_inserted,6f7166f3fd58318f399000f0e43ac488
A0A803KRQ5,unique_never_inserted,c946b2e7a6c7f93b8455c021d1721301
A0A803KRU7,unique_never_inserted,92d7f8c4011ebfeb2a25a57342946acc
A0A803KRW6,unique_never_inserted,148ff136e0204b9d2bb9d7eab3b6bfe3
A0A803KS69,unique_never_inserted,a29fd1559b310ae0ed5f2fd1183ef9ce
A0A803KSH0,unique_never_inserted,fb1b4b04c661ff2901a40237d0667bdf
A0A803KSR3,unique_never_inserted,531a0533433e38d654afc054f3899978
A0A803KSX7,unique_never_inserted,9fc281ef8b1485e77130bcf2b9d1b333
A0A803KSZ5,unique_never_inserted,89d52c4070babee950c5d70292c6a18e
A0A803KT32,unique_never_inserted,405cda52293dcaab73a957cc084939f0
A0A803KTJ3,unique_never_inserted,465de55edcf565a760ce3d7502b8a274
A0A803KTS3,unique_never_inserted,edbac981166fc608670e185b397e67de
A0A803KU19,unique_never_inserted,7f2a832850c8b20a4c347833511ee04f
A0A803KU51,unique_never_inserted,1550b9bc4abdae1709c8cbe18a061988
A0A803KU55,unique_never_inserted,ffc0b9cbc0cd772ebdbfe8e5583fcfad
A0A803KUA2,unique_never_inserted,ff41855f2a3e97fbd54b66c24409c867
A0A803KUX5,unique_never_inserted,0b66eb6395a4fb6a66e478a1e4fbec4d
A0A803KVI1,unique_never_inserted,29f05eb0e7513387e5f74ddb2f51680c
A0A803KVJ4,unique_never_inserted,8af993e863cdfbdbb9b2e6d5898eebae
A0A803KVR2,unique_never_inserted,3706e1ccb5c23c0168b16226f5e63321
A0A803KVW1,unique_never_inserted,e36fbee275ad46a6880feda7e4a2595e
A0A803KW44,unique_never_inserted,6c1fca2d59f105fffa5d9436c587049f
A0A803KW49,unique_never_inserted,9179621e0aa651b37c8a13a0092cf530
A0A803KW53,unique_never_inserted,29ca3a0f45c387b527b62f68666b554d
A0A803KWD5,unique_never_inserted,f7b3341252af3b27a13204253818e8af
A0A803KWD7,unique_never_inserted,5c428ced8736065d253798bc8bf35f8c
A0A803KWP8,unique_never_inserted,45c2601152836df1f68f51675cb80369
A0A803KWY4,unique_never_inserted,45ac50da0774e9c064265b5a78c1ad83
A0A803KX85,unique_never_inserted,1160545bedc94d584f88a8f56d87d6d8
A0A803KX86,unique_never_inserted,5452b41ab0ae65910f9c57d6c48f71c7
A0A803KXE9,unique_never_inserted,cfe7cd17242f969550113dbf65f63db8
A0A803KYH7,unique_never_inserted,4c879bcf460b30033eb2af893577e094
A0A803KYI3,unique_never_inserted,6dd4ab6975beb211c7d44874727a559f
A0A803KYU7,unique_never_inserted,4dbb829625b4390c45197b549d9cb3e0
A0A803KYX2,unique_never_inserted,ab38b89212e6938f14ceff12c5c5b403
A0A803KYY3,unique_never_inserted,39322027cff24b4245cbd0b1247ec001
A0A803KZB5,unique_never_inserted,0909020791d1dbb07f0b611cb844b89e
A0A803KZF0,unique_never_inserted,b7972a91eb8849c07acb4edd7e4312c0
A0A803KZF3,unique_never_inserted,53e43534fa8ead6ccac938788e145ad8
A0A803KZX9,unique_never_inserted,5160ee282f9a87b457f2f1b23d855dec
A0A803L017,unique_never_inserted,558e6026ee4e7a15e4334bbfac82dc77
A0A803L0L6,unique_never_inserted,1b50143334683bcfb7dc65589a0137bd
A0A803L0M9,unique_never_inserted,4bbe82fbfa1494a9a6eea4aa36be7e13
A0A803L0V0,unique_never_inserted,97d6673a85a1cf3ca22f94c330b5ac85
A0A803L1Q6,unique_never_inserted,0b9163f6d0020568ac0a1519db46613a
A0A803L1R0,unique_never_inserted,b2f8c9d917a09d74fab309c395e9551a
A0A803L1R6,unique_never_inserted,26106274bc1856bc535af830b5cee0e9
A0A803L1S6,unique_never_inserted,17008798bdd9b7531b778be1a37ba8c6
A0A803L1X3,unique_never_inserted,3d307e266cc7ee67ba94f144ba147f5e
A0A803L270,unique_never_inserted,2c4410ed92764b362e2c3ad9188bdcd5
A0A803L2F8,unique_never_inserted,b8c062e273dcae94dd2923b7a9f4719b
A0A803L2J9,unique_never_inserted,7786c45bf64a0867c1f2a525e98eaf3b
A0A803L359,unique_never_inserted,778c81903f36e01a10e43b37e4b3df7f
A0A803L3C8,unique_never_inserted,8dc1202e133715e25e7b670b30ca21ca
A0A803L3J9,unique_never_inserted,f859ab54be2068e26d9fbbbc91d582a1
A0A803L3L6,unique_never_inserted,fd9e6e53efa5346438fe826c1b8de771
A0A803L3S0,unique_never_inserted,d2ffcc8b42cd442e47401bdf445d7e5b
A0A803L3X0,unique_never_inserted,6c14c8326ea6eab795e75393b6e20f80
A0A803L3X2,unique_never_inserted,e0192715d6d7e3f6cbd9c674f4844df2
A0A803L409,unique_never_inserted,26ab0897a1a0da4a406daafb0bebb166
A0A803L466,unique_never_inserted,508f587bfe766f743429f3e32b7e1f88
A0A803L486,unique_never_inserted,e2fcadc7bf493f7b1419e9c8fb9f1d9f
A0A803L494,unique_never_inserted,bc6ec8d7268960204abe5da5b345e859
A0A803L4A1,unique_never_inserted,34e911ca27bc446c26e954881ab0a35a
A0A803L4H7,unique_never_inserted,056c5498d0b7ad0e602244bfaafadf5e
A0A803L4J7,unique_never_inserted,46f52dcb8d66b86d3e0b07033cd3e4df
A0A803L4Q2,unique_never_inserted,c35d6e69d50343873de54adbc6a23ca2
A0A803L506,unique_never_inserted,40f96de2165faa94ff335650be8faac1
A0A803L508,unique_never_inserted,adfec3781f3b74b5301c73fab32446e4
A0A803L516,unique_never_inserted,6496b2dbf6a0dbc4433214067cd9a13c
A0A803L523,unique_never_inserted,d14f27bf783ea05ed79377e10462970f
A0A803L578,unique_never_inserted,b21a5ea3b7830a1b8eab0cb43de20c93
A0A803L5D8,unique_never_inserted,c6f0ab20e19d1563c89732ab8f762ce5
A0A803L5K7,unique_never_inserted,683442afa92ceec0420e0e5d4cc32d2e
A0A803L5Q8,unique_never_inserted,885f3c77881992006f82de04e1525abf
A0A803L5Q9,unique_never_inserted,4b52ef96db2bc963b76cc886084ba285
A0A803L5R3,unique_never_inserted,efc271454d830437f029162ed165d10d
A0A803L5U5,unique_never_inserted,93093f281f47dde6ee78669beb0692d0
A0A803L5U7,unique_never_inserted,77e4402c852e7ad86aa783b6fbbada19
A0A803L5Z1,unique_never_inserted,e050a8669838356d771007bac915d99d
A0A803L657,unique_never_inserted,97452c8c2c7db1d559d5e8b61991d0e4
A0A803L672,unique_never_inserted,ca321f8cdb01ff0b7822de6cb8f82a24
A0A803L677,unique_never_inserted,30e78d2a6ebf68f38f5722dfc498a892
A0A803L6I3,unique_never_inserted,991eae04ab717b71c322fbdf1fdbd394
A0A803L6M7,unique_never_inserted,06f0a9d636f787ab69486d39b146f504
A0A803L6P9,unique_never_inserted,af53a111a1f74147cd3cd2e397c78148
A0A803L6T6,unique_never_inserted,be2d216503ea5a241d27e284c06ed9c7
A0A803L6W8,unique_never_inserted,cd03ce622df49a3b495044d5fd23efa1
A0A803L775,unique_never_inserted,bf103a5a22a4c02310723cf7748dab43
A0A803L790,unique_never_inserted,9f621c44c332716057949d21517bff89
A0A803L7P9,unique_never_inserted,573c1f1fa7356e299261ccd729c62319
A0A803L7V0,unique_never_inserted,047dd6e9232aa90d77b753acae7c4424
A0A803L8F1,unique_never_inserted,4b7463cd0c0a35b683456a00399189b5
A0A803L8F7,unique_never_inserted,366ab3ec3e234a52380c4945baf02037
A0A803L8J6,unique_never_inserted,4c2a1acaee9e6b454d84c7e67bd2e7a4
A0A803L8J8,unique_never_inserted,c557af8a58694b4c2cc871fcb240322a
A0A803L8J9,unique_never_inserted,e11c275619f81f765eb17e000924b68b
A0A803L8P0,unique_never_inserted,1c36d90bdfc5b748337925d568f5e025
A0A803L8Q6,unique_never_inserted,5645ede07f9e578dd8faf397578bed8d
A0A803L8W9,unique_never_inserted,030561e50fbffe7066395950b2f39313
A0A803L8X5,unique_never_inserted,f424aaf61f4ad8793197d391ee6bed93
A0A803L9F2,unique_never_inserted,31c009d7eaa6e0057a2c8c8d2f333bd8
A0A803L9I5,unique_never_inserted,6c31732414627f6b40656f2b4a0725bd
A0A803LA02,unique_never_inserted,cb4f66cd286782fc9aafa395b51adc0b
A0A803LA92,unique_never_inserted,079feb656c2a44b21165352e3bfe8c87
A0A803LAR9,unique_never_inserted,ea95ef1c6ece8eb61c22f564753709fe
A0A803LAU3,unique_never_inserted,6c2c74b4defda8fb9ee497c9bcc2a320
A0A803LAV4,unique_never_inserted,f0a260a30620093448f8a484af122786
A0A803LAX8,unique_never_inserted,7de35c61c13b60bb988005320b017547
A0A803LB48,unique_never_inserted,fb01ff5b750025bce53174289d981436
A0A803LBH9,unique_never_inserted,59c9acd8ee5ffcd25dac58de632ef20b
A0A803LBI5,unique_never_inserted,20d94744eae52c34e1c512ee16aefd5b
A0A803LBI7,unique_never_inserted,8e4a97298ff5518ce60349bfc884b5b9
A0A803LBX9,unique_never_inserted,e6d3df6b11c020c7dbaf009dc64c7491
A0A803LC55,unique_never_inserted,bc87bbecd39e641ddb3a78b73d69110a
A0A803LCH5,unique_never_inserted,70c7bb86c8a994eae06ad2be8a9c4e72
A0A803LCJ2,unique_never_inserted,c1bebf4892d1097b8801e8bec640f492
A0A803LCQ6,unique_never_inserted,688f613112162f1d8415c93963071b2c
A0A803LDL4,unique_never_inserted,54326cf0bc2aafeb81d126fd1ff8c3ff
A0A803LDW7,unique_never_inserted,c71be03ecb1f43995df37f709ffa8397
A0A803LDX5,unique_never_inserted,bb2d79b83b82ff0679de5e1352ebbbba
A0A803LE15,unique_never_inserted,d20f8c695097709f77774905d9abee13
A0A803LE45,unique_never_inserted,2c657a51dda435f781b38fccf6d4a1a9
A0A803LEF8,unique_never_inserted,732e3eccc84e34ae60c4235c9110dc7a
A0A803LEK9,unique_never_inserted,7033dc6354cf1f2927e318ee6fa8c131
A0A803LEL4,unique_never_inserted,efa77541e1c06564229a02cc5947bdbe
A0A803LF06,unique_never_inserted,50a99e08eecff47d5fb548c61f6913a5
A0A803LF36,unique_never_inserted,37f14f14e4de4495b9783950df961908
A0A803LF39,unique_never_inserted,1512a9dde84cdf012b14976ef4deeccf
A0A803LFD7,unique_never_inserted,bc14c3e711f27b0d0c69551d4f98b04c
A0A803LFN6,unique_never_inserted,8c6c6ead50770e8227c27c58fc89f7d7
A0A803LFT9,unique_never_inserted,d7f765694735fa9fbfa4c1d03cf97bf0
A0A803LFU7,unique_never_inserted,1236c1c8cb5a356ec6f1344acd9f8ee7
A0A803LG53,unique_never_inserted,3100886b925bfc6a1b2f3998ac15272d
A0A803LG97,unique_never_inserted,7bd9658174ced6dab710406ef4fd74d7
A0A803LGB3,unique_never_inserted,0559845f39c0b1e9dee482df7665be78
A0A803LGE2,unique_never_inserted,8ab3030f7ff3ec5e57593c002117e533
A0A803LGE4,unique_never_inserted,9e1fdaedf4f6195c0df0481ac4700fd1
A0A803LGF1,unique_never_inserted,1fc8b08e148f08931b6b815eb91e48f9
A0A803LGN8,unique_never_inserted,1bf62845dcd2c47d88d15975d3e65f30
A0A803LH60,unique_never_inserted,fd00331150e0295e8c4595830b5686e5
A0A803LH73,unique_never_inserted,0582ae4fd7608df0ddafdd5b032c9d4d
A0A803LH88,unique_never_inserted,b5f2559f12fc3abc7c80e15d5522c619
A0A803LHC7,unique_never_inserted,98d91c1b01077883d2ab3f6a0c9dc27e
A0A803LHE0,unique_never_inserted,468c538e194155e78969ef24efe133f1
A0A803LHI4,unique_never_inserted,4d34b3757467cee22438d55b25248d2b
A0A803LIC1,unique_never_inserted,68737284298f7d13cb68d0b36e3f89de
A0A803LII2,unique_never_inserted,af265a15b0f81aaa8efb5935e3937893
A0A803LIJ5,unique_never_inserted,bcc14f9e99bbf9bbdb607ee755510947
A0A803LIN5,unique_never_inserted,bbbbd03c06834b6f30d49d2b5c324ac5
A0A803LIR6,unique_never_inserted,fe166d11eaecf47729a0f1c29f46498e
A0A803LIV9,unique_never_inserted,6a0e04411d624dd46fbb73b0b5a3e3fd
A0A803LIW1,unique_never_inserted,5bc743de4ac407f9f37515b88c2d7db5
A0A803LIX6,unique_never_inserted,2eea497813a2e49682a13c77fc3134b4
A0A803LIX8,unique_never_inserted,17810c49dd4e6cbc5207a8b259201af5
A0A803LJA1,unique_never_inserted,f70cdd861edfdc3e9b29980750618b24
A0A803LJJ3,unique_never_inserted,8a08534c0258703672382ef46beceeaa
A0A803LJN3,unique_never_inserted,296695e7d9267a04761fe621cd7477f5
A0A803LJZ7,unique_never_inserted,102d4bd872b7548d248554d8ffe5f632
A0A803LK01,unique_never_inserted,41cfb1373bba6f5ff85a0042721aacf2
A0A803LKE4,unique_never_inserted,1bd718653ef7f4c40708b11cb47d6680
A0A803LKF4,unique_never_inserted,75d5f32af982d052f1744ee3d4aaaf0a
A0A803LKI3,unique_never_inserted,b9153a3c2934e5270b18aed2648544bd
A0A803LKT9,unique_never_inserted,0814a7b8a87c6ad5db1398f50e2f7780
A0A803LKU5,unique_never_inserted,c631f97847ca0b79059a24e59f1888a8
A0A803LKV2,unique_never_inserted,3d4e866227083a0ad317b4a3aa438bce
A0A803LL20,unique_never_inserted,2b42cf2c1266c318aa5347202b8939e0
A0A803LL24,unique_never_inserted,8e5e2d43b3b2d883f42159f93eca249e
A0A803LL91,unique_never_inserted,e5708a83061c8f736e0dc51729a24388
A0A803LLB7,unique_never_inserted,1d54f70e7b39f0518560099472891312
A0A803LLG8,unique_never_inserted,53a50a33a1c0e18ec823873c27a994ec
A0A803LLR2,unique_never_inserted,558ddc1d0f213465f62bbb19d8fc78c8
A0A803LM10,unique_never_inserted,fac502b51d1c4cc6c62099e667547398
A0A803LM61,unique_never_inserted,1d5e9622dcd6f20cd592e1eaf542b247
A0A803LMG3,unique_never_inserted,0958795b7cbca7ada9ecc36c7aeed8bd
A0A803LN73,unique_never_inserted,b83eb07798d1915c58506b2a34833ffa
A0A803LNA6,unique_never_inserted,91f89fb70ba6262c91e45dd591e83ad8
A0A803LNF2,unique_never_inserted,188f9f80658c2f2701e6f38c32958087
A0A803LNP0,unique_never_inserted,cc941e21575c8c3fb77e19f05629716f
A0A803LNW0,unique_never_inserted,635f092cf4edb94085a894e4aedbbb81
A0A803LP16,unique_never_inserted,bad41d85827780917b6ad5bedf377b79
A0A803LP60,unique_never_inserted,b83785330cf2bcedbc01c6b1bf8f3387
A0A803LP97,unique_never_inserted,f00dda1d490a1b95ab97f03fe9c44a6c
A0A803LPC6,unique_never_inserted,74b8c87a9d38db47effcb7422d2c0f5e
A0A803LPL8,unique_never_inserted,dfc8341eac189a94bd11fb0342a8ee61
A0A803LPQ2,unique_never_inserted,7f5e224d8980664f0418defb5dae77ed
A0A803LPZ8,unique_never_inserted,be480f42b39d35559cdebe90424fc70d
A0A803LQ27,unique_never_inserted,c6f544b7f1406c5b760865ee9d7ee1fa
A0A803LQ43,unique_never_inserted,3efe184328d02111f13aa857951d4055
A0A803LQH0,unique_never_inserted,96e19aaaeb5a1c513e0e276d258d7f52
A0A803LQH7,unique_never_inserted,3cc6f54af46043c0751e42d5ee1bb77d
A0A803LQJ6,unique_never_inserted,d2ef2771ac7f1c2a2a76b6c19c45db29
A0A803LQP4,unique_never_inserted,6e710c423b6a3d6ebbbae63af1f1de9d
A0A803LR83,unique_never_inserted,4b165be24a29be0e4d304786345a04b6
A0A803LRJ7,unique_never_inserted,25d38289c3e97eb75c323ef31aad2eff
A0A803LRP7,unique_never_inserted,6485b00b4fe1f924c8838f79a6a79c26
A0A803LRV7,unique_never_inserted,95a1cc03c8ce8d6cc76080a96b27eae9
A0A803LSK7,unique_never_inserted,ebed89c0e33b09b0a11123f1d8ffb53e
A0A803LSL0,unique_never_inserted,d9ebb765e835b128f1bca25c8537dd9e
A0A803LSS2,unique_never_inserted,9ac6af2c3ef3c3273453dd6d19c2dbc7
A0A803LSS3,unique_never_inserted,a3a6c3da20c7f40d3e19c01fcaa67558
A0A803LSS5,unique_never_inserted,1c173a8a18fc5eafde2f067c0095391e
A0A803LST9,unique_never_inserted,23b414c2f48cd93fb4d777fe5032519d
A0A803LSU1,unique_never_inserted,a88f1541a1b64bc5183dc7d3b1454064
A0A803LSU8,unique_never_inserted,bfdfc020aa6e35cc87048ea7ecf32bcd
A0A803LT00,unique_never_inserted,64ddc0dde2a355de223e6e2301b7d473
A0A803LT15,unique_never_inserted,fc77584a21733891f9d51fe0029bfdf5
A0A803LT45,unique_never_inserted,b3a8cb29d4cfb75a0bd7182ec10a7201
A0A803LT97,unique_never_inserted,ae2e4aeccb74e51b068b4f6bb1af71e9
A0A803LTE0,unique_never_inserted,1085a3193009662fd1476fffddb8ced7
A0A803LTG1,unique_never_inserted,3ec02de420d5fd0a325814f6361cb27a
A0A803LTJ3,unique_never_inserted,bf25fe8d9d91801f1c1ce3e3ad1b6967
A0A803LTK3,unique_never_inserted,252c3a28aa99d566cc6a489b65359232
A0A803LTL4,unique_never_inserted,5884030056cc81fd31ae91f7b884569e
A0A803LTM7,unique_never_inserted,1483bc10bcbb04a74c5064798abf6871
A0A803LTN1,unique_never_inserted,34180961dbcd2e309fcd8355418739dd
A0A803LTQ9,unique_never_inserted,0cb05a14adc64662a921002c0fe63452
A0A803LTR0,unique_never_inserted,05c908c7a87ccc7d21883c0d4b9ee95f
A0A803LTR9,unique_never_inserted,6efc98e7a49a36e86b78f58431e12b9c
A0A803LU08,unique_never_inserted,279d6cf7f44860e2d3062395c0a9c4bc
A0A803LU19,unique_never_inserted,0857699b7a186255476ffdc84d4ff95c
A0A803LU26,unique_never_inserted,961e13a761643b5a9b3698dff4241ab5
A0A803LUA8,unique_never_inserted,e41072e8c55faa37015592214c662099
A0A803LUF7,unique_never_inserted,79948ed777e683e6942ab7340e9fe980
A0A803LUH7,unique_never_inserted,6c232c8394e3fb413b425bdd3a5545c5
A0A803LUQ9,unique_never_inserted,594f5c4d3fb1d30fc6eb5506f7240555
A0A803LV23,unique_never_inserted,dc71e2623c61d098292a4a0d03619e3c
A0A803LVB2,unique_never_inserted,7788d081945bbf80f9c9cb9e99374496
A0A803LVD0,unique_never_inserted,5a3f408acd06b552175a6b1ddf8c943a
A0A803LVK4,unique_never_inserted,149368614cc19d4d186e5edb000876ab
A0A803LW06,unique_never_inserted,7206adc1345346109bcf778b9b184947
A0A803LW76,unique_never_inserted,0cf2950170da52b77e2c3b89d099b531
A0A803LW99,unique_never_inserted,6a9145ee4e76e5b840535c15d85f7952
A0A803LWR9,unique_never_inserted,9d3b0821de6f2bbcbe7001be20a71e3c
A0A803LWT9,unique_never_inserted,5ded89fb39a4de39820cb86b14da6cdc
A0A803LX16,unique_never_inserted,71f5eb9f75a0a80f469e90851f3d7adc
A0A803LX26,unique_never_inserted,6170726d4b20099374f2e1d3e9203386
A0A803LXG4,unique_never_inserted,bad48a6ec207b008f4af5e1f1856b4ee
A0A803LXN5,unique_never_inserted,7bbe77efb70fb7d76f6dd4b76e55eefa
A0A803LXT4,unique_never_inserted,3997292c27a814bd75470e7d205b4291
A0A803LXV9,unique_never_inserted,f04dd6d0ecab821429f38016a2993b34
A0A803LY06,unique_never_inserted,ca5a32a2d44d60c303d6738efcb986db
A0A803LY50,unique_never_inserted,b4ab45cdf0c206c78f1d621a100ef603
A0A803LY68,unique_never_inserted,ee256bbb8c47de8c06d0f9af07c2f481
A0A803LYE7,unique_never_inserted,9649db8332df74dda206d1cf0ec0529d
A0A803LYF1,unique_never_inserted,1224773acaeec7030dcbb3136236245e
A0A803LYM7,unique_never_inserted,edf55bdb21fe8800a7be9575b4580a9c
A0A803LYR8,unique_never_inserted,142b80250ab739a209a8393d752fc5d5
A0A803LYW2,unique_never_inserted,635ce1fc967448b4bf5ec5494e2780b1
A0A803LZ42,unique_never_inserted,de53db37370a4fd6837b0ba27c4cbd58
A0A803LZH1,unique_never_inserted,f6934c6a1f2073104a750412ce3a91af
A0A803LZJ6,unique_never_inserted,d5983262f9d309eb8e078ef40d632bcf
A0A803LZM2,unique_never_inserted,1b4752ec4660df76ee463d38c1ec2ec5
A0A803LZU1,unique_never_inserted,592725d4eacce7424036ad7957596ea1
A0A803LZV0,unique_never_inserted,692b89ae846df7609173f6aa82c35b95
A0A803LZX4,unique_never_inserted,0603eb7984df770c1599e1ab08c2e58a
A0A803M018,unique_never_inserted,516fa6814bf55075bdc68dc39249e418
A0A803M045,unique_never_inserted,2f80e27fee735bf59dbf79212abe3d5a
A0A803M050,unique_never_inserted,7e7c4ffd6423c020d0257cb6b4a91c36
A0A803M058,unique_never_inserted,2dab1c29c08440e0a25e1c2520ec9d9b
A0A803M085,unique_never_inserted,26c1980733de8febb4323c5539e018ff
A0A803M0H6,unique_never_inserted,f91334edd31b81bf6886f23246287df9
A0A803M0H8,unique_never_inserted,64d6aba22ffe3843f5f4d462e7262274
A0A803M0I5,unique_never_inserted,a5a7d497d5186e48d7214ff93dc32519
A0A803M0I9,unique_never_inserted,8c16268020d9198908af56e2c93d2f22
A0A803M0W6,unique_never_inserted,83b3f75319df1fe2da3f7930cd57d076
A0A803M0Y5,unique_never_inserted,ddbd01b4c941f4b0a37ccaed9dabe3ff
A0A803M107,unique_never_inserted,1775ff45029200a3f99bd7e1a1669047
A0A803M150,unique_never_inserted,f04d3076f356c8c8f16e6d111053d288
A0A803M163,unique_never_inserted,3d43337a1652c3645166c83cab504586
A0A803M187,unique_never_inserted,5e694ce2eaa1b86c51674cf19ee0904e
A0A803M199,unique_never_inserted,89aab1ba343e5445dd285d1603f03950
A0A803M1B5,unique_never_inserted,aae3023c1846de4122060a9b0514e8e2
A0A803M1E1,unique_never_inserted,1fd9d2947d0f63c0ba31a85ece4873b8
A0A803M1E5,unique_never_inserted,23111937e20e7444fa888885e475a26f
A0A803M1E7,unique_never_inserted,7d4d54521d205c98bd72c3964bc38c83
A0A803M1H6,unique_never_inserted,3c5a789e9afdd930521d5477ff312e0c
A0A803M1I5,unique_never_inserted,01a5357fdbb294e325d20c144b31a339
A0A803M1L2,unique_never_inserted,45080aeeb32bcc0bacb184cdf78a4b7a
A0A803M1M6,unique_never_inserted,ce81ef311c498778cd538764d43071b3
A0A803M242,unique_never_inserted,7a2276257477de8a05d8c658043a1abc
A0A803M256,unique_never_inserted,531c88cd25ca8fb879f3b80baece4ba7
A0A803M2B6,unique_never_inserted,0ea7441166a1d946800cf55d49d80e3c
A0A803M2M4,unique_never_inserted,c8f15da35656270b0a351142b1219420
A0A803M2S6,unique_never_inserted,ccaa68350b5e91e786b25dbb07e77a1c
A0A803M323,unique_never_inserted,fd9c21cdb7f819e247c9d3f2047a78c9
A0A803M357,unique_never_inserted,f77a5f8cab647de9ce808847d1a27323
A0A803M3D6,unique_never_inserted,e333156216e88fd798ea2579eb5f2c63
A0A803M3F2,unique_never_inserted,9ea944fa14d307d212d8726be2f6d98c
A0A803M3H4,unique_never_inserted,51fd91469b025a0908ab18c588196c25
A0A803M3P5,unique_never_inserted,45e8698a419ae4739b45b07844b94705
A0A803M3R4,unique_never_inserted,571022056fa7361a8de97e64c279d29d
A0A803M3X3,unique_never_inserted,51ad68762a97edb398ae80e836a31da0
A0A803M403,unique_never_inserted,ef9bc5c9ae24e13d78a7cc876dc8ac96
A0A803M459,unique_never_inserted,af7a906e838ae871fe521a4793425297
A0A803M4A9,unique_never_inserted,24e46edcba17ed1ceb0da1b5b387d142
A0A803M4D5,unique_never_inserted,cb68e388b7929cf6a47ed0de993737a9
A0A803M4F4,unique_never_inserted,59d04bca7fe4e9dddbddeda3382e06a8
A0A803M534,unique_never_inserted,8832171eb435ec3d6c8d365ca361e3fe
A0A803M5D5,unique_never_inserted,94a1dbdd0953df3335dc8fe26c275ab8
A0A803M5F0,unique_never_inserted,0e772fcf3f4c4328d4588c60b6d2821e
A0A803M5F3,unique_never_inserted,d4e3931d7cb5dee2b8f03b31024f0dd3
A0A803M5G8,unique_never_inserted,a701ff9e022e8edc561de76446422959
A0A803M5K3,unique_never_inserted,2e290101ee6bd68c14e29c1c6d7bb0fd
A0A803M5W3,unique_never_inserted,6df9eb643f9af0697b6500a6541ed087
A0A803M6L8,unique_never_inserted,2de8ddcb93b1b1b465d15257d25f6601
A0A803M6W2,unique_never_inserted,154762044bd02bae56917e2f5e7a4dd6
A0A803M717,unique_never_inserted,81dd55311d02a5fd6c8cf1a8e1b28b41
A0A803M746,unique_never_inserted,a5fa8cdda7d7063e7a1b87be299d9f7c
A0A803M7A5,unique_never_inserted,0625680203212d2709b81df8148a1854
A0A803M7D1,unique_never_inserted,bdb399e75c4175204c9a88ce1bcddf67
A0A803M7D6,unique_never_inserted,b1ccaade2f2fae55418801ff80c3ee0c
A0A803M7H4,unique_never_inserted,646490321756b4d9f24fba4f5972303f
A0A803M7N0,unique_never_inserted,ff68a905a17e3dbc2ef093394a0e0640
A0A803M7P7,unique_never_inserted,32134d2c28e184a637114179518056d5
A0A803M7Q8,unique_never_inserted,043487dfd131b5403826e4a60e6b693a
A0A803M7T4,unique_never_inserted,06d6cc4f7440f3a319f80c0fd821d7f7
A0A803M7U2,unique_never_inserted,887d1f9c7dfdf0c6782830ab777cc9e3
A0A803M824,unique_never_inserted,d29f3ede1c17ee1f7b1a27407dfd775a
A0A803M8G1,unique_never_inserted,af45fceb377c050a026e22b7d0cbd2fa
A0A803M8I6,unique_never_inserted,de0e8993d5fc13b79a17e2975797f819
A0A803M8J1,unique_never_inserted,92e329bcad908f28d7625622b62972e2
A0A803M8J2,unique_never_inserted,c6be1289342bac1f8e5429dc21dcbdc7
A0A803M8J3,unique_never_inserted,95c78a021184db75da31c72324a68d74
A0A803M8K6,unique_never_inserted,5fd45cbde089b0aa717769a5807a8c8d
A0A803M8L4,unique_never_inserted,7e695aa090ba432bfe6907bf2bc633e7
A0A803M8Q8,unique_never_inserted,9780355fb24fd7beccbbee13d5ee0a80
A0A803M8R5,unique_never_inserted,d5f12491172418591aac577288ac0059
A0A803M8T3,unique_never_inserted,0e37af03e269f8cb967359c786162efa
A0A803M8V3,unique_never_inserted,12045b24d8d34dc20611a4b6c2d70fbd
A0A803M902,unique_never_inserted,98ae298fc5fa3219114fe42e24d61a1d
A0A803M971,unique_never_inserted,195970ce04df7a656948d8a4ed19b602
A0A803M980,unique_never_inserted,0ceaf3c25091da6f55efaee60ca3c815
A0A803M981,unique_never_inserted,9e319e2ce574569c6176623c74acc0df
A0A803M9K2,unique_never_inserted,1b665b9cdec1553eed5569761b904965
A0A803M9R9,unique_never_inserted,8e5c8b741cc3f5ef858fa571e5ca1f8d
A0A803MA01,unique_never_inserted,b572daa9fb06bcbd77f831fa2af39f8e
A0A803MA30,unique_never_inserted,a99918bce1b1418611a53137c71ee635
A0A803MA46,unique_never_inserted,f5045d3b93186a42390fdcf38d8e41c0
A0A803MA47,unique_never_inserted,854557833fc78a9ffcbde868656306ed
A0A803MA52,unique_never_inserted,37d62493010e01091c4106e3f5654cba
A0A803MA88,unique_never_inserted,34129e74a2d80fd0e0ab13bdd30cbb9c
A0A803MAE4,unique_never_inserted,0604bb987e44ab53bc73abb3374bc36e
A0A803MAU1,unique_never_inserted,3726654317a5f7e7e49a756dc495cb82
A0A803MBF9,unique_never_inserted,4aaa0b05d34a77669eb1e7cdab3e8365
A0A803MBI6,unique_never_inserted,d248fd42b4453c21d0bae71cd709fd7e
A0A803MBM4,unique_never_inserted,f7fceda31f93361b94865388b63e140e
A0A803MBW9,unique_never_inserted,55a84f524731061a48bee855ea9f652e
A0A803MCD5,unique_never_inserted,eeffaa2694a062221bd97f7527966755
A0A803MCT3,unique_never_inserted,2befadfc5866c9b34e1762000f3ed581
A0A803MD92,unique_never_inserted,5133643ed49dee20536b2161c4bf542d
A0A803ME93,unique_never_inserted,3832a14210599ed341168a97f020844e
A0A803MEE5,unique_never_inserted,b5febe0bc2a67f863757bc4fba2f62c8
A0A803MEH4,unique_never_inserted,f47a911ed40405591482e47fca2e8309
A0A803MF50,unique_never_inserted,fe205d54bbda7ffda0921d2c958590e0
A0A803MF68,unique_never_inserted,fe562d87a7b5f1af40b224a6c45fb7e0
A0A803MF70,unique_never_inserted,1a523f5855ea9fab292b5a535bf436c0
A0A803MF80,unique_never_inserted,489a2203f7c9ea863e7e256bf9be136e
A0A803MF83,unique_never_inserted,f63e8f9b70df9dbacecc7cd1d7b16bb3
A0A803MFA4,unique_never_inserted,3536f5ab41f39b3303c104e0b93a3d7f
A0A803MFB5,unique_never_inserted,f7e2d04762624c21ca2bd812901448d8
A0A803MFB8,unique_never_inserted,860357a60462871e8d09f9a907e085bc
A0A803MFD3,unique_never_inserted,4faae670c7ace2a64ea2ba021586d134
A0A803MFH1,unique_never_inserted,6c4dbd77f8172da49042b0e88be78773
A0A803MFP6,unique_never_inserted,4666283255822c49fca377792aef43ee
A0A803MG13,unique_never_inserted,af2954429cc8e41a6d509f759e3a24ad
A0A803MGL6,unique_never_inserted,0dce960dda68a22580ba59e490f1bac2
A0A803MGT2,unique_never_inserted,b231c379b88242655371cf1fe0769068
A0A803MH93,unique_never_inserted,6d310eef510f2a76aa8e5bd0a6dd747e
A0A803MHB6,unique_never_inserted,6d584d7ff44ba89fbcbe42428161f867
A0A803MHI2,unique_never_inserted,8c7a753bd5e28f131d871f6ed6967d84
A0A803MHI5,unique_never_inserted,7f70c2447bbe4937453d1652f7a3728b
A0A803MHS3,unique_never_inserted,d2304b285b7d677f33bf82e7141b6ee6
A0A803MHX7,unique_never_inserted,bb3f04a69ee936ce843bb9de967a0da6
A0A803MIB7,unique_never_inserted,d0a9dc8f9c6d964c4f814c4bd4ea8d5f
A0A803MIZ4,unique_never_inserted,a1029201e99803a6345c8dfa0f5ce51d
A0A803MJ05,unique_never_inserted,e1fc32e39b5bedd98a71a56bd25b57b2
A0A803MJ29,unique_never_inserted,8a77f38a8bb581545e96ee8611c20b85
A0A803MJ41,unique_never_inserted,9bda131d222015e5c6bdd35357d64c56
A0A803MJ84,unique_never_inserted,80f8ace373dab43d63ea0486ed3e0abe
A0A803MJQ7,unique_never_inserted,cf2ec6aeb11de7ff2f022753fcae99fe
A0A803MJU7,unique_never_inserted,948cc509df021ab85a9a21dd9484ca92
A0A803MK08,unique_never_inserted,15536c157abdb475a521ffe73a9e496c
A0A803MK49,unique_never_inserted,c725727b797986c3e1f731d8aa51dbe6
A0A803MKC2,unique_never_inserted,817ce8202786e49e54d10090fd52410d
A0A803MKX5,unique_never_inserted,95db9340deb131ca9b4fee74183b8b4c
A0A803ML02,unique_never_inserted,07a6ef63f90e11624b4382ff69d1e1b6
A0A803ML04,unique_never_inserted,f97251ffd79ed306d9f3bd5c8f142b90
A0A803ML30,unique_never_inserted,f563450a70327156dbb34c30d5d4acf1
A0A803ML49,unique_never_inserted,15fd68d6a34d11e88b01f39e805da38c
A0A803ML90,unique_never_inserted,801129e1b5706c75908f40c58680c975
A0A803MLD4,unique_never_inserted,628e0f542791aa3ecae5bd4c63b38db1
A0A803MLH1,unique_never_inserted,7ffef638a8e97b3d6e8c7a56a69ba204
A0A803MLK3,unique_never_inserted,3c30842f01b77914f5ae979ae1969b3d
A0A803MLK8,unique_never_inserted,d7ad9e58921babc7976cc331d9aec04f
A0A803MLL6,unique_never_inserted,eb838799220608d10741732ac97fcf02
A0A803MM37,unique_never_inserted,e68a6b625103f280871cb9d5363a779c
A0A803MM64,unique_never_inserted,070656e9d038b0a7e99fea85eb8b8600
A0A803MM90,unique_never_inserted,346129515d6c77c9a5e4df3ea6f1c59c
A0A803MMK4,unique_never_inserted,bd3a95bfb444b4c4e694ab2ab8582d10
A0A803MMP2,unique_never_inserted,dcf1708a44c6d5985a7b68d33c271336
A0A803MMP6,unique_never_inserted,19d51cf9d74cc91cf083ae18ae1ed7bd
A0A803MMR0,unique_never_inserted,80c7717d97be205f44d4b270835a827e
A0A803MMR6,unique_never_inserted,0ea8b13387067363a62f4ef4580cc817
A0A803MMU3,unique_never_inserted,dd52a9b38265b861bd3e6f9c6f24febf
A0A803MN01,unique_never_inserted,5fc97ee516f5dc99008d9eeb2fae57b9
A0A803MN11,unique_never_inserted,3d4237cb3211d16faec360a6f1e8c7ef
A0A803MN13,unique_never_inserted,54ea04696fc99a3e12ffb0f2fd46f438
A0A803MN40,unique_never_inserted,97cb1243e569db9d4a3269202393c76a
A0A803MN44,unique_never_inserted,7a4a0e62282757f9f20832fd1856c81f
A0A803MN72,unique_never_inserted,60678f54ee43927353eab3b975be8415
A0A803MNA4,unique_never_inserted,145bbe074bd14bcb0e0e75b40ae61e52
A0A803MNB9,unique_never_inserted,4fa7e3d25ca8fd66d5aa87eb1af800c2
A0A803MND9,unique_never_inserted,885bddd451ee15a8305929e66d7a795c
A0A803MNE3,unique_never_inserted,926d26e3b200ff367e146667be613270
A0A803MNE8,unique_never_inserted,ea0626a29651989dc772e0833a111733
A0A803MNH4,unique_never_inserted,2c667eb011fa345fb83e083a9ba818cb
A0A803MNL2,unique_never_inserted,b70c2dd5c4de8b5292858dc1ef04a204
A0A803MNN4,unique_never_inserted,47324d6ee3edb7bc408ecc3952e2011b
A0A803MNP4,unique_never_inserted,78047605f8adb0a72a92438c1ed6decb
A0A803MNX8,unique_never_inserted,561c25187f965aca57dc25ef16c607b9
A0A803MNX9,unique_never_inserted,46ae4561b50af5c354527805b964f86b
A0A803MP26,unique_never_inserted,d66d30916a43831db6ab97e498ef8406
A0A803MP56,unique_never_inserted,7b3b320b6eb95c334f6085e229f5a2b1
A0A803MPI4,unique_never_inserted,bc4f7c198e57391f469e44a6aa521394
A0A803MPL5,unique_never_inserted,5c31c318d88b9c9c7552c5d40922c753
A0A803MPU3,unique_never_inserted,fea01aedcd0a3a714db0be00da7ab4ef
A0A803MQ75,unique_never_inserted,c916ad6546d45a82aa0d9845549055ab
A0A803MQH1,unique_never_inserted,4d99b40d58aa15d2504002cd9d80bfa5
A0A803MQQ1,unique_never_inserted,7c1f39ffbdfddaf793559a533db22149
A0A803MR50,unique_never_inserted,c3810f271367f4f62398dca1256eba6e
A0A803MRC6,unique_never_inserted,ae5711f2e847f0a1acc177c8bac47b0c
A0A803MRP0,unique_never_inserted,1ec348525ab16952b2b86adf7f83265d
A0A803MRS6,unique_never_inserted,967fb94859635f3b27e42e3059683fc9
A0A803MRT8,unique_never_inserted,3824ea6e0ca5c67e114365944ce9005d
A0A803MSE3,unique_never_inserted,fafd4cf96cd081916d8c7921794051be
A0A803MSF0,unique_never_inserted,3cf910529e190bf87a299b03d5aaa62e
A0A803MSF3,unique_never_inserted,a441c8229bea8a7675059f56e9a9ca33
A0A803MSH0,unique_never_inserted,8d8dc26ff3e300619431bd0679d8e40c
A0A803MSI6,unique_never_inserted,9fb4f8a69ab7314d00df35fccb27d224
A0A803MSJ0,unique_never_inserted,fdb48d01354453a5534ca363c58926da
A0A803MSN3,unique_never_inserted,e6a4af00240ec85e3336513a8c114907
A0A803MST6,unique_never_inserted,a9a3ad0eb152c97b976edca5267332ea
A0A803MT37,unique_never_inserted,039f81cec094e74ab08ea22a0bd60902
A0A803MTK0,unique_never_inserted,e5c5dc1ecf80de3b2d97c78689d2bf70
A0A803MTY2,unique_never_inserted,0c4fd1891c3a4a7e02ba5ffb616a01da
A0A803MU89,unique_never_inserted,07a160284d4052a8dc2fe37df476ac18
A0A803MU95,unique_never_inserted,cb9c813ec1494167e03345f63a44a1d6
A0A803MUL1,unique_never_inserted,edaa68537333f1492fdc764924ab1cd3
A0A803MUP0,unique_never_inserted,71171e8f00f5ad8a085513c9965c6204
A0A803MUP4,unique_never_inserted,8fdd30b131d525e53844ce2b7adf5a3f
A0A803MUQ6,unique_never_inserted,401e1bc9266fc12f593e7ee0b9ea66a8
A0A803MUR9,unique_never_inserted,5b84f7c10656342162f7a69a88678ada
A0A803MUZ4,unique_never_inserted,19631975111d769a18cab14c9a8da80b
A0A803MV34,unique_never_inserted,f3155159b34691de94f0ac0412ecb613
A0A803MVL3,unique_never_inserted,9e8804276c4e20db9e1916d7046766a1
A0A803MVN6,unique_never_inserted,0e8d009c2b122bee0677b5618b1128c2
A0A803MVQ7,unique_never_inserted,40120d288d57dea4d07b214c386cb24d
A0A803MX26,unique_never_inserted,0120cd579a1f85af5b637fd1a85771c0
A0A803MX32,unique_never_inserted,eb83945efa26307f02e8e955647f7524
A0A803MX63,unique_never_inserted,b24cdcb18e03b4e104b5e15259562379
A0A803MXH0,unique_never_inserted,65f99ec3c93b64dec956980242ce98b8
A0A803MYQ5,unique_never_inserted,2761581297f62aca8e04fd68d621345f
A0A803MZ02,unique_never_inserted,b31fba4f7fd1868660732033762a89ca
A0A803MZ34,unique_never_inserted,8f490f15ea421a10e275fbb69ed2d6a3
A0A803MZB1,unique_never_inserted,4e804b927248e6e62c6ee01f5408a04b
A0A803MZP9,unique_never_inserted,7c4ec112c257384666f0bbf5beebdf24
A0A803MZR3,unique_never_inserted,9745b4eb5fcc50f6879d1adda20d940f
A0A803N067,unique_never_inserted,0cbac2d34b71d00a635d4f4019a69f1a
A0A803N0C2,unique_never_inserted,8ec4263095663bcccffc2344b6de5ede
A0A803N0H4,unique_never_inserted,1ef9b9b0748dc612ed5f325acb678ed4
A0A803N0P4,unique_never_inserted,1741dc7cf95c8a55aae0f495af485f0c
A0A803N0V2,unique_never_inserted,8dbd0ab03ac77c897362e428cf9c2318
A0A803N172,unique_never_inserted,9a294fd87c7150e785a8535d34bf9150
A0A803N173,unique_never_inserted,5294de74ab8d7d32be6a4b0dc44a8c1b
A0A803N1D3,unique_never_inserted,34094e56f29c2209f7be63775e44572f
A0A803N1G7,unique_never_inserted,0881a32bf32676f6860074be32d1d9ff
A0A803N1M5,unique_never_inserted,951fb3fd3d15a3eede79e5f9de7e83be
A0A803N1U8,unique_never_inserted,a2a8dc78674bfbce3622236e5c51f3ae
A0A803N2S4,unique_never_inserted,ad6e0779fb9260c058119d7cf33f13ba
A0A803N375,unique_never_inserted,23d670b5a15a5aeacc66039631e30905
A0A803N397,unique_never_inserted,fe60b63bbee0f98e67bfc2ec06cc1741
A0A803N3F1,unique_never_inserted,1de728b262e9339d45dfb51a073ec353
A0A803N3F7,unique_never_inserted,425f54803ec6ea36eb72ad0c4b16c952
A0A803N3L9,unique_never_inserted,bed5349be6e307739495a8f8d53151eb
A0A803N3Q1,unique_never_inserted,bcf74f3e54d25dce6289528af561cced
A0A803N3Y1,unique_never_inserted,0e54c82c8e599d7c6c03b5385be936f4
A0A803N4C5,unique_never_inserted,a4cb54aeadf62fa884a2a590791aa9ca
A0A803N4J1,unique_never_inserted,77246891328febb967b92c9fec8326ba
A0A803N519,unique_never_inserted,9ee6303990478713ceb96e925bc6f8b9
A0A803N564,unique_never_inserted,383ad5c68a732bce65a131131d35571f
A0A803N5D2,unique_never_inserted,12ea3239b0c02450c8f58319032be3cf
A0A803N5D3,unique_never_inserted,bc4eead9d08a991c67bcaccbb54a7ab5
A0A803N5G5,unique_never_inserted,e052f3badc5736694a6c28b04ec22300
A0A803N5I4,unique_never_inserted,b031557331727f1ffaa057d1d5185c6d
A0A803N5Z1,unique_never_inserted,b64930eecdd080110b4308fdd594d929
A0A803N629,unique_never_inserted,8f1035ab6256461382c2c08872f4a43b
A0A803N6F3,unique_never_inserted,d07013d47cc3d09e6e96c2dcaec2d493
A0A803N6I1,unique_never_inserted,3d4ce5ec09254f58763bcd2ed25e395c
A0A803N6L2,unique_never_inserted,30fd6ec3fdffb9f1efc358cc6095fae9
A0A803N6R3,unique_never_inserted,c880ef65510b944404dececa477ebb35
A0A803N755,unique_never_inserted,4c0b7520f3bfa3ae845511d5c0569503
A0A803N7E3,unique_never_inserted,4c29e7f573defcb1dfd269096b41c3f4
A0A803N7P7,unique_never_inserted,65f750051749db60bcbbc532aa75ba43
A0A803N7U6,unique_never_inserted,92fc06f7663a9191131d3d94a0e22b8d
A0A803N7V6,unique_never_inserted,69bb397346f7d2ed0479cf6766cb0acf
A0A803N881,unique_never_inserted,726d5e17a56f442423254f57df3ef1f3
A0A803N8H8,unique_never_inserted,c99b0e203f127be4251c02f063051c6a
A0A803N8I0,unique_never_inserted,6f062a521f92f6daeac829e401e2675d
A0A803N8T4,unique_never_inserted,37b140972f59019bf0df0d097489028f
A0A803N8W5,unique_never_inserted,e5abaf3432c5f78a3dce61ab2f902117
A0A803N957,unique_never_inserted,589923244ffd3ebb33141f5f5dbe9449
A0A803N980,unique_never_inserted,5efa99fbbccb5ed24ef6183c7a8a496f
A0A803N9A0,unique_never_inserted,00a097974f00cc424c29083c3a1a43e2
A0A803N9U4,unique_never_inserted,6c8d8faa90db0fe74dd60afa98ee7cf2
A0A803NAD3,unique_never_inserted,802535d2d46239141e785bfcd37981cc
A0A803NB35,unique_never_inserted,5f2ad5bd53efced707198ae6e6f9edcb
A0A803NBD9,unique_never_inserted,4b5ba2baa1d4407c22fd045123f46195
A0A803NBP6,unique_never_inserted,c324c885c52751495a1357f1f8c54fd1
A0A803NBS8,unique_never_inserted,1041e08a50d98cbe2927ce2853070fc3
A0A803NC52,unique_never_inserted,92afccb046966a82a7b0f8b3b87ce9c5
A0A803NCE2,unique_never_inserted,dc071941d8d58195ddd205b08680b1ab
A0A803NCG3,unique_never_inserted,87467805a759126d5c794110ea809b8c
A0A803NCT9,unique_never_inserted,4006e2fe5c12e7344bc891a4fdc51298
A0A803NCU5,unique_never_inserted,1c33227ad9390af71336cff1846c8eb6
A0A803ND92,unique_never_inserted,472b92e1031d25fc0ac0ef4881247779
A0A803NDT1,unique_never_inserted,bf1a4fe6f2481758ecec687419ea2094
A0A803NEQ1,unique_never_inserted,3030a9ecfe393820c428092dce22ae21
A0A803NET1,unique_never_inserted,e708beb8c360e796610cc928c3eef376
A0A1X9WDE3,unique_never_inserted,f5fac6355b0adf20d493b4b3f4ca0823
A0A1X9WDE9,unique_never_inserted,19fb08f3958d155d3a0e4c54efa8ca4e
A0A1X9WDF3,unique_never_inserted,3f0eaa0bb0d7c3548e92b1ac0610cd70
A0A1X9WDF4,unique_never_inserted,0391f6621b7d89d168fe3864b6a7e192
A0A1X9WDG3,unique_never_inserted,e6e5f6decf4a968e0b8bd1a5c36f5291
A0A803KLU9,unique_never_inserted,60c85cb90e814359648a233df20b8253
A0A803KLV4,unique_never_inserted,20a6be000e06003258b9b3ec872921d2
A0A803KLY5,unique_never_inserted,55ee3a35d041b87b91cb1b5e646260f4
A0A803KMA8,unique_never_inserted,5fcd3b5b3673d054985bf614fd930d0a
A0A803KME2,unique_never_inserted,f2e7534e7a72ecd27684ea007b81e399
A0A803KME7,unique_never_inserted,2ee31de17c472909da1dc7482581895a
A0A803KMF4,unique_never_inserted,7a5a4a1524a48c77cc6dec3167d96c8c
A0A803KMI8,unique_never_inserted,4bce983463a7f53bf20ae748526195df
A0A803KMM4,unique_never_inserted,a01e078405f1531efffd0d6a8fedac2f
A0A803KMR6,unique_never_inserted,ed9438b28246ab544fb683f66d6aa57a
A0A803KMT7,unique_never_inserted,2546645e088827b28c4ce61b4eccd936
A0A803KMW3,unique_never_inserted,68f9c701a09f3c00d36c51b88a903ca7
A0A803KN25,unique_never_inserted,1a103ad101988937dcc5e8f8d778c4e1
A0A803KN45,unique_never_inserted,b2f27cd6db9e4fc58248a9d6833d8d53
A0A803KNE3,unique_never_inserted,34671ceacb2ceb73e0ee7fd5107334a4
A0A803KNF4,unique_never_inserted,19c42693e08865e434efa6dfbbea22f6
A0A803KNQ5,unique_never_inserted,112adbca993db20d0fb1d348fd4de9c2
A0A803KNU1,unique_never_inserted,d9a92cf70dc51a0af7ba69d532e45256
A0A803KNV4,unique_never_inserted,09e39e5c67e494764e38e33493995145
A0A803KNY4,unique_never_inserted,6da61df6e06ea5bf68921ec7cf89476c
A0A803KP41,unique_never_inserted,ab10ed3c7e937b959002fb26c51f9f6e
A0A803KPB5,unique_never_inserted,cdb287b92e9bf2974fe1e2869a1fd344
A0A803KPC0,unique_never_inserted,5b0ad972d111f43ee90a81c12b485d25
A0A803KPE4,unique_never_inserted,804172a6d84bf2fdb0a0e835bdfaa54b
A0A803KPJ6,unique_never_inserted,782965ff37febde6eee97243b6e93f80
A0A803KPU1,unique_never_inserted,ab018ecb149f0d29b56f14f6c7685f33
A0A803KQ31,unique_never_inserted,38f83638bed0e8da2c4521d5e4c1cdd6
A0A803KQ56,unique_never_inserted,5220b4797af9be554d2bce4407cb6131
A0A803KQ79,unique_never_inserted,bdf8da73909b3d2b95fecad482bed896
A0A803KQ80,unique_never_inserted,721d1fe04475c2f929132db4370cd067
A0A803KQA7,unique_never_inserted,ae4326c713253e98e09ac8aed47be1f9
A0A803KQB5,unique_never_inserted,7fd03ce492827eb422ff41f550741504
A0A803KQB8,unique_never_inserted,76b87f93122706d15aecc5311421dadf
A0A803KQG0,unique_never_inserted,82c2e2b7962d2d2f29838928fcba5a60
A0A803KQJ7,unique_never_inserted,89899cab128a97f559f55ec539ece6b7
A0A803KQP3,unique_never_inserted,9b15abbf0c80b027e01fb0b8427a2855
A0A803KQU7,unique_never_inserted,18845e13762955130c0993d8c4122caa
A0A803KRC7,unique_never_inserted,f6e6e82501de712eafbe578d832f35c6
A0A803KRG1,unique_never_inserted,89ce687918db7e43b2defe50c0187f8b
A0A803KRH9,unique_never_inserted,f08b6591ba082dffe486d6553716c377
A0A803KRR0,unique_never_inserted,2dd9cf2cd09780ed6fd210b4e7de3e1e
A0A803KRV5,unique_never_inserted,99dd32406ca8a2c7ab435471517961b7
A0A803KRW7,unique_never_inserted,16bd05041846f5379398262ee92336f0
A0A803KS93,unique_never_inserted,b83adde851a1f8493fd12acee5fa1a09
A0A803KSA5,unique_never_inserted,feb5f3b75e59e9d46be2f72421b9b8e6
A0A803KSA8,unique_never_inserted,3877d069fe51457c7e0db9410dd40952
A0A803KSC8,unique_never_inserted,aa1459673f9fbb075a6e22d7280c146f
A0A803KSL6,unique_never_inserted,10917b2ccec679e2761cc2b8124aeea1
A0A803KSM4,unique_never_inserted,42fb22626988f7c780c525e51ae6b99d
A0A803KSM7,unique_never_inserted,c7c347d50d8d96f98cef8d85f95e050a
A0A803KSP9,unique_never_inserted,5fa7acb3da376175db56d587888d0e5a
A0A803KSV6,unique_never_inserted,b263a74cff9ddae885aa353db01bedd5
A0A803KT48,unique_never_inserted,8e1b3d345c5a2d308f0811dd6259507e
A0A803KT59,unique_never_inserted,4990eac7f6b7c0f88ed93a3b2559ff38
A0A803KT95,unique_never_inserted,af8defc1ad7fd8680d8e498f0ade78a3
A0A803KTH9,unique_never_inserted,c88ab11d75d1d2d561f736c7f5e0964e
A0A803KTK5,unique_never_inserted,f12088838dc13b74d8ff34d77f4ef19e
A0A803KTM1,unique_never_inserted,880646cb74de4bb1394fe8cf165a19a6
A0A803KTY2,unique_never_inserted,02b3467cd71cefc79d24452cdcdd888d
A0A803KTZ5,unique_never_inserted,891c673c233fca010ce2c925f8dcbe58
A0A803KU04,unique_never_inserted,dd9a5e65872f48e3bcce9514c0369da3
A0A803KU89,unique_never_inserted,1c7791ce9680cced7f40e9249efc4f22
A0A803KUD1,unique_never_inserted,36a1805c41505e0ae0c56d342d03b7c6
A0A803KUF3,unique_never_inserted,2cc39c1f8253b9f590430e8f13d2a31e
A0A803KUH6,unique_never_inserted,cf481e0d420ca085927a67c3883e373d
A0A803KUP4,unique_never_inserted,8fc2a5b169c8b4c5227be35fb8c2fb9d
A0A803KUS5,unique_never_inserted,c796eac8226f6e805000f27246bbaac2
A0A803KUV7,unique_never_inserted,8b64b27df3924f73efc32fbb46b4f09d
A0A803KUX3,unique_never_inserted,46fbb544f040b8bd93a29c974f1ae91a
A0A803KV60,unique_never_inserted,d7fb21e4ec874c0213078bb960092a20
A0A803KV77,unique_never_inserted,62d28249afc897ff2f2a397f54f64794
A0A803KVF0,unique_never_inserted,40476e4b33b2324c822d0dbd9303e003
A0A803KVF1,unique_never_inserted,604a6f5cab392499b4a465b7426ee439
A0A803KVL8,unique_never_inserted,6647ce1efe46f295e201bd4e4de23d02
A0A803KVR4,unique_never_inserted,7597048e6bd2d9c72c50de7d8af13502
A0A803KVX5,unique_never_inserted,49f88d04cea20408342923e6bd8bb721
A0A803KVZ6,unique_never_inserted,6f2010b751c96146f20c92b7f0870c99
A0A803KW51,unique_never_inserted,8da760eedc58462cf21b9c7ab438b511
A0A803KW63,unique_never_inserted,416fab1f78d8cccbf8f3e8bf8b6a7b7e
A0A803KW70,unique_never_inserted,980011f305128f656fd323b2127cd880
A0A803KWC8,unique_never_inserted,8a4582027779c36a5ab935a162b9925a
A0A803KWD9,unique_never_inserted,0999a43e5f33facb5b0821e5aa742fe9
A0A803KWE2,unique_never_inserted,cb6b5e25de293d77559d3f7895531cde
A0A803KWP5,unique_never_inserted,a9221e4c2428c42c799770d2885afb48
A0A803KWP6,unique_never_inserted,f2c1a1d28b5c71836bcab1e6c2fa6685
A0A803KX43,unique_never_inserted,bafe3c7de4cd11a54288b7df76524437
A0A803KX61,unique_never_inserted,538dc34fda5a8d77b9f8aed1b9272a55
A0A803KXB3,unique_never_inserted,71d326e3c070b75c627f7e203121d1d8
A0A803KXK1,unique_never_inserted,418f6427684d29b62d1e256bc516bacb
A0A803KXK2,unique_never_inserted,9af2c26ae32e20856bce742cc7847b08
A0A803KXL7,unique_never_inserted,eb4ccc1dd9dee3a353c3f2819bb6e177
A0A803KXP3,unique_never_inserted,383379f3adc6cb660f580cecceed5e6f
A0A803KXR7,unique_never_inserted,aa44e786b74d550f7e7eef22fcd3087f
A0A803KY04,unique_never_inserted,b13a51728614189c1096731f127bfda9
A0A803KYF3,unique_never_inserted,7c47953cf3dfb2890f1479364a006c01
A0A803KYK6,unique_never_inserted,c4899f5f459749aa6cbb16a578a5d88d
A0A803KYR6,unique_never_inserted,e97f324b52bc4bf69b0a8f10f52d3242
A0A803KYU3,unique_never_inserted,8f38577e002f8aec31a2457a167801b5
A0A803KYX4,unique_never_inserted,7caade91b60f86ff6f14d867d9f68a63
A0A803KZ01,unique_never_inserted,b7e7d18fd3b5dc5846e56015df517d06
A0A803KZ10,unique_never_inserted,bfb23cda63d9f5546019ae528ceebba1
A0A803KZ11,unique_never_inserted,7e8e3cbbb04154baaff315fc98254aac
A0A803KZ30,unique_never_inserted,57c5799a87ec20b4def6dc5af2dd4701
A0A803KZ63,unique_never_inserted,4f1abbc5d0022c89bb8c0a3bda755b14
A0A803KZG0,unique_never_inserted,f07e2a80e6dba7b26cb836575ecf06cf
A0A803KZH1,unique_never_inserted,53fa915de4907ae1baaf96a333d6d48b
A0A803KZI4,unique_never_inserted,57626d2dad32b448a086ea9527b83668
A0A803KZJ2,unique_never_inserted,577b91ddfdf9f81ee7baba3b98e9775e
A0A803KZV4,unique_never_inserted,e7df3828198c698f03ef123c4ec5c383
A0A803L000,unique_never_inserted,d42e6d869a9f2ee2c6dc9ac2be632a87
A0A803L061,unique_never_inserted,b48d48bace6e89041cd94316f404042b
A0A803L092,unique_never_inserted,2ee4ce0529ef0f9e72a283e4860b541f
A0A803L0E1,unique_never_inserted,026d24799715da701e5ee8b1d3b603ad
A0A803L0S8,unique_never_inserted,73740a589c05584d73e25c7cc1cf90ac
A0A803L0X3,unique_never_inserted,9d1fe1d727ff43c3594c5692aecd6422
A0A803L0Z2,unique_never_inserted,7a7857d3251e7248ccc159e6b89271da
A0A803L140,unique_never_inserted,14ffa2abf5b3ee4b44ccdf817567e295
A0A803L1A6,unique_never_inserted,42f852228e89d8b636347c5129183786
A0A803L1E3,unique_never_inserted,14a4c30018a4477cf0584e4261f8b313
A0A803L1K2,unique_never_inserted,a6d0795688a81e51642a7f1582cc4063
A0A803L1Q3,unique_never_inserted,9877e246593c75f7533a53217ed5c71b
A0A803L1Z0,unique_never_inserted,5d20e4be607dcc6db0396651ed7a1d43
A0A803L263,unique_never_inserted,98a2162b2d044053ba829bd2b5cd9a5e
A0A803L2L3,unique_never_inserted,b845cab07042c5be23deaecc30b1d60b
A0A803L2M8,unique_never_inserted,f7dfe774e678357d8fc6a02bb389570d
A0A803L2M9,unique_never_inserted,55dd927625633fbde7727b0f6c3ef69b
A0A803L2N6,unique_never_inserted,cfa7206bfe610eb247a360ecb219f8f5
A0A803L2P0,unique_never_inserted,2ed8bb986e9d1c34f4c02f981e32c377
A0A803L2T3,unique_never_inserted,d168b93b670e9f415d1778a817011740
A0A803L302,unique_never_inserted,7dc7cadfb5d2768b5b4c0e8ed8ad0d0f
A0A803L388,unique_never_inserted,3d03fa4b323cbc134ffb1b047408a152
A0A803L390,unique_never_inserted,9f832d597371bc9c1930c593ee43ebef
A0A803L3H7,unique_never_inserted,370f787652d072e2342655abf088d949
A0A803L3I0,unique_never_inserted,cad56d11e0a187f40ed52696b55b3c9f
A0A803L3R2,unique_never_inserted,7e298a6388279c7a2b9c97d706aeb0bd
A0A803L412,unique_never_inserted,b59e700de04d46bffefc49dd89de56e8
A0A803L495,unique_never_inserted,dcd8764e271e2b3ddf4adc0659dfff04
A0A803L4B7,unique_never_inserted,3ff06685213cdcafa0b04e3ce1f390be
A0A803L4C4,unique_never_inserted,13ea67b83b2776be4bf9b64bf8e64006
A0A803L4K5,unique_never_inserted,e864461c8ce573cafeee8f1b30e21383
A0A803L4N6,unique_never_inserted,cb080a53499b2575ce8c1dd126f6e1a5
A0A803L4V7,unique_never_inserted,3c2a321c52788d09120c2f2cecd741d1
A0A803L503,unique_never_inserted,b46398e52914c72ada853ef9d1234e32
A0A803L507,unique_never_inserted,7340337a9946b02ba452f82ba5a883af
A0A803L543,unique_never_inserted,1dcdef03fd3780d8701840c7fe07b841
A0A803L590,unique_never_inserted,99167c79367e091f5cd81d2820078605
A0A803L5K2,unique_never_inserted,be3c9de006f506ba612bc17674a25b3e
A0A803L5L8,unique_never_inserted,9cfde8d1bd84ed8a444be39a4175f54b
A0A803L638,unique_never_inserted,5c71fc198e44920670db75d5f04b7378
A0A803L696,unique_never_inserted,418d69737db33d20d6c9451bce67143a
A0A803L6I4,unique_never_inserted,aa5bd77aa794be9213096384f2ae5657
A0A803L6P7,unique_never_inserted,6fe6342dd9128f6deb63ca5d7c7b4161
A0A803L6T3,unique_never_inserted,a9fe8b4b72948271b217727ca2a6c196
A0A803L6U3,unique_never_inserted,4b65eab3a3d3005fad27bceb5025f747
A0A803L6X1,unique_never_inserted,8a8f330b69aeb3da6939c7a5dca23d2b
A0A803L6Y9,unique_never_inserted,a2face0018312db140196e11d1408abe
A0A803L6Z8,unique_never_inserted,ca3b9c6c021510b1f73fbc4e15f186da
A0A803L716,unique_never_inserted,d5f58ee489672093b12a1fedb92e85b0
A0A803L776,unique_never_inserted,25c3d5518cbb11a9c7c136c4f2888810
A0A803L7C7,unique_never_inserted,6d992c564e9fbab31eadea318f6909b9
A0A803L7M6,unique_never_inserted,4c5f91e1e113f25b11d05742f9294871
A0A803L820,unique_never_inserted,862dd7d726bff50f729b9d128be26595
A0A803L8J7,unique_never_inserted,19f8040424643f09bdcd2d23922e5b19
A0A803L8V2,unique_never_inserted,c9644124fdd676ce05fc6b4ed4fde723
A0A803L939,unique_never_inserted,f1e32ea05030a8b57c850f771dbe64a6
A0A803L990,unique_never_inserted,5569563352a104ef998255ca2f0e6bd7
A0A803L9B2,unique_never_inserted,407043e0e09ec507205263921da4ce9a
A0A803L9B4,unique_never_inserted,e3efb69aae38e97ab9b0092b0197e939
A0A803L9K1,unique_never_inserted,2e59d9241cf24ed297e10a0849295b24
A0A803L9M0,unique_never_inserted,676e14960ca7204eefdb6611589036ab
A0A803L9M2,unique_never_inserted,94348d08a73a051f02440544696eb0be
A0A803L9T3,unique_never_inserted,0d1ceb188ed7e459129ca97afd7c919b
A0A803LA12,unique_never_inserted,129b7b3e648968636a181ff541c5ac7d
A0A803LA19,unique_never_inserted,6424f87a30de412569af2c33c46807a6
A0A803LA51,unique_never_inserted,c010ffa2391622a1dd37c62ce1270af1
A0A803LA52,unique_never_inserted,b8150090d6e688399ff1f3aaf5460f14
A0A803LA76,unique_never_inserted,2011596e611ce208c5b078ea798c5c5d
A0A803LAA8,unique_never_inserted,28fe47368aaaca7301298d33a250dc38
A0A803LAB5,unique_never_inserted,9f3bdf88be6a845a7bcc5f187bcbc0f1
A0A803LAH7,unique_never_inserted,8d85adcc234c43ac6e1192a7d0475035
A0A803LAJ5,unique_never_inserted,cdee3db93b3217f1a29711865871028d
A0A803LAL4,unique_never_inserted,9317c963448fa646af5d35cd40c1d24d
A0A803LBA1,unique_never_inserted,3c7250c9d8861616f220e07dc6b5dec1
A0A803LBF9,unique_never_inserted,6ee0a3bf21d42329b50d2abcdbc559e2
A0A803LBP0,unique_never_inserted,ba3d51ed5f1b6539ccb0b61a23b0dc0b
A0A803LBP5,unique_never_inserted,0e5cb79a7fd861f9f2c02da0dadfd3cb
A0A803LBV6,unique_never_inserted,60cdc0ed6467faf216f4922e03a0c4fb
A0A803LC26,unique_never_inserted,b21d02e9bf8f77f23ccb44a78549fa25
A0A803LC33,unique_never_inserted,987acc80072ec1d17bba14f2f1eb6024
A0A803LC37,unique_never_inserted,afc07f029dc9b2b7707c2e9068111b9a
A0A803LCA4,unique_never_inserted,c0c7d868c492f3d22a8c6f926a4374d2
A0A803LCA5,unique_never_inserted,171a63cb4043861ced354b14a8b5559d
A0A803LCB1,unique_never_inserted,2527a219561c3f588813e09e07b862a2
A0A803LCB5,unique_never_inserted,4d1bc9680a3eb6dfaf579fddab156da7
A0A803LCG6,unique_never_inserted,44491509cc79377939db0c4e69004352
A0A803LCP8,unique_never_inserted,48f883865a237f8731b727c58968a3b2
A0A803LCT1,unique_never_inserted,df3ab138400daa94ec4da2b671722aee
A0A803LCU6,unique_never_inserted,7a8710a58d58854869c2b9136e6c7415
A0A803LCW0,unique_never_inserted,e29db46a5ea83dc8999de82681314936
A0A803LCZ4,unique_never_inserted,1861550e5894004750ff30544d7537e4
A0A803LD17,unique_never_inserted,532b4c2c7391227c26a056dcfe55c0e1
A0A803LD78,unique_never_inserted,deacbbd79955569581297780686408be
A0A803LD85,unique_never_inserted,1caa177955cd2ead76cfc672b3b56c01
A0A803LDA8,unique_never_inserted,15bce4e67be7eb2f567ee68ef2c27f44
A0A803LDV7,unique_never_inserted,2d76902c57b4fed240b4bc48b642f6c3
A0A803LDV9,unique_never_inserted,288808774a901a8fbe3f5e66c54dab29
A0A803LE96,unique_never_inserted,7c549af5db1378e61235d06b89337bc6
A0A803LEB9,unique_never_inserted,7e503dfb29fb309116aba06ab2c4e81c
A0A803LEY8,unique_never_inserted,f55b1ef60c64741cdc9da42b695829d2
A0A803LEZ3,unique_never_inserted,1191a997055e1cc646e415140aa82324
A0A803LEZ6,unique_never_inserted,569c58e367ddade13f73f46a154bb149
A0A803LEZ7,unique_never_inserted,13c60aab762d6bfb3ed2fb36d1a844d3
A0A803LF40,unique_never_inserted,6f3803394238769b66fa68b76f247a9a
A0A803LFN2,unique_never_inserted,06baa6053e06f1d833438f1ba39a3da8
A0A803LFP3,unique_never_inserted,ec95e666bd08c7b8d4a7f7a4f3731b94
A0A803LFR6,unique_never_inserted,bf0644febdbef2c2c9944e0f9f135aba
A0A803LFR7,unique_never_inserted,deedb34db74c3a91e544203c506d0311
A0A803LFV3,unique_never_inserted,ab3057eecb13d4b406540e2670bc8195
A0A803LFV7,unique_never_inserted,441702d48c6a50b74b8a71d65fa46834
A0A803LFX3,unique_never_inserted,b42d649c815c6dd43de6c1e853976627
A0A803LG07,unique_never_inserted,032ab888bc30099ca4f04b12a9fd4d61
A0A803LGD1,unique_never_inserted,b202de461ba169c5593cd07ef60da1d6
A0A803LGH7,unique_never_inserted,9d22d9ca005ed360f0ca6e640f920003
A0A803LGL7,unique_never_inserted,79c45ea5e799b68b6db4b11d5d3e87aa
A0A803LGM2,unique_never_inserted,a13991bdb04c234123901cd0ad659261
A0A803LGN7,unique_never_inserted,858993314684c6ba6c66522906bb4af1
A0A803LGQ1,unique_never_inserted,887df066d02d1a430bce66a8475e268b
A0A803LGU8,unique_never_inserted,025226d4a937094b7c5aea8829273be4
A0A803LH42,unique_never_inserted,dc93f4d0eb04d52d476fd6a8c4214fca
A0A803LHN3,unique_never_inserted,db187cae3c2bdfec08c9eda8dbee9980
A0A803LI49,unique_never_inserted,c80942b1ff9308156523db349f957e5d
A0A803LI66,unique_never_inserted,4a4dc441ae5f2d0ad03d859e8ef5a515
A0A803LI83,unique_never_inserted,3f68064401ad34a2619f324a46965089
A0A803LIL8,unique_never_inserted,6d250f32c0f2ec571ec0283d8593bc9f
A0A803LIW3,unique_never_inserted,6caf645a6bbafb75c9ff57e76a8ce1c2
A0A803LJ28,unique_never_inserted,ac22a2ff82c8fe728bf8de01c82f2c4c
A0A803LJA2,unique_never_inserted,3798c3c317e7417a34a00e05825e4337
A0A803LJB2,unique_never_inserted,63adaa453e5d473a1194f52b3a220630
A0A803LJD1,unique_never_inserted,9d6ee1b86a3705bdf726cb2f2647493a
A0A803LJR3,unique_never_inserted,dec1bb47e55e543e693e070a5c01aa58
A0A803LJT9,unique_never_inserted,d8f2902cb96b002f0758c31a6789e2f5
A0A803LK04,unique_never_inserted,151ab19f25e6495e6b65316e58e34a82
A0A803LK44,unique_never_inserted,865f8b23b69617adc0ac96d48d2d47e9
A0A803LKC4,unique_never_inserted,c3b0ae165839541172887716d097a297
A0A803LKD8,unique_never_inserted,b6f91f25f97eda2625b109ab334ad81e
A0A803LKF5,unique_never_inserted,5bc687af40223e4a1853246357ce6ae4
A0A803LKG2,unique_never_inserted,047aab566ea6ba15b5d732fc9d98278c
A0A803LKG3,unique_never_inserted,477b8782d527cf48f0cfaaabe5bad164
A0A803LKG4,unique_never_inserted,55ccc74fd88181938605638d58d1e4f9
A0A803LKK6,unique_never_inserted,f6ae0fc0575c3db67184c4a724748fb8
A0A803LKM2,unique_never_inserted,202243a353f67b86b1f262191b6f3dd4
A0A803LKQ6,unique_never_inserted,699e1f81926a608c17dfe1da8616d25d
A0A803LKU6,unique_never_inserted,b19c8991a9215209ea3572da800d1355
A0A803LKW0,unique_never_inserted,f385b82d01ea6a141ed837e4f5b4ef41
A0A803LL30,unique_never_inserted,34070e9ce677f599dfb5833ad36a17a3
A0A803LL33,unique_never_inserted,25ecdde4c1bd7b809b8b79e2ca3880d1
A0A803LL36,unique_never_inserted,566dae43d1bea24048494bdcd8c6d7e5
A0A803LLH5,unique_never_inserted,541695458290cc19c6bec5c8ecae3609
A0A803LLI2,unique_never_inserted,4e33fa708ca2bec6c27c6d56bfe66a82
A0A803LLK8,unique_never_inserted,df01b4ff9b39186cc9be248a31c89869
A0A803LLN4,unique_never_inserted,649775c9ac9f399d2c2ba60a4fa924e2
A0A803LLS0,unique_never_inserted,e2b7f47e5bcef7276397729732309faf
A0A803LLW2,unique_never_inserted,3a07982d0df71069b70aa5c83abbcf44
A0A803LM46,unique_never_inserted,401ea3ad1a33d239203149112011d90a
A0A803LMF2,unique_never_inserted,9a33fb7031f8842869ce7109e74475f3
A0A803LMK7,unique_never_inserted,93f0dcd3aca9886c6f7c73644651baa3
A0A803LMT3,unique_never_inserted,60f808e48542f2dd128d28892066d721
A0A803LMZ2,unique_never_inserted,60e9afd56c8501d84fbc9e9d7e9408ae
A0A803LN04,unique_never_inserted,af74611c23d11cfbb1e6e0ff4bfdfcfa
A0A803LN53,unique_never_inserted,ae34843cb2ed8f382f66e3a894c8b371
A0A803LNI7,unique_never_inserted,bb749640409da4fd5bd614d0ac001fd6
A0A803LNK5,unique_never_inserted,f9d7902d7cf4fcabf3ae22ceb1948080
A0A803LP04,unique_never_inserted,385ee397ce0a42ec215231492446aa31
A0A803LP10,unique_never_inserted,aa9391f4a2d799cb6eda9cd2a0235061
A0A803LP37,unique_never_inserted,f89677af2722c38ce8884be6f0928e4b
A0A803LP73,unique_never_inserted,516da7b1bb737b9c6ca7be17776bf694
A0A803LPE2,unique_never_inserted,b5eec9909fe09c518e87da0238d358fa
A0A803LQ09,unique_never_inserted,59eced471db382724014dba63201da75
A0A803LQ63,unique_never_inserted,92c8e748045eb558637ebf101f92254e
A0A803LQB3,unique_never_inserted,2fb395c8281d2d6e2bb61a1f64f400d0
A0A803LQM1,unique_never_inserted,a0adf8e78509cd3d6d59262d2c9a9dd2
A0A803LQS2,unique_never_inserted,9934283b23db1336e290b1779eba8232
A0A803LQU7,unique_never_inserted,e28903b175975dde1932a5bc10b9327e
A0A803LQW6,unique_never_inserted,5158d9c172dc3f132ee07baabc2bd778
A0A803LQX5,unique_never_inserted,f90486e359e0f76ee0dc34b25242f78a
A0A803LR35,unique_never_inserted,1029080d29817c10f994b7e2f5d20972
A0A803LR49,unique_never_inserted,8241893fb711de7d8836e1b7498ca1d9
A0A803LR94,unique_never_inserted,4b1daa0866bd7e58c56d040216f8325c
A0A803LRK0,unique_never_inserted,6466037597670d81c44fa52baa2a95a4
A0A803LRP9,unique_never_inserted,3fbf63920b6208ae4b23d3d27c844b21
A0A803LRQ9,unique_never_inserted,3f4004bf4721bd3081687464029fd981
A0A803LRZ3,unique_never_inserted,e3a56598f08d112de424ecdf79502007
A0A803LS23,unique_never_inserted,d967b633de1091020380493356c21c24
A0A803LS27,unique_never_inserted,15322c5d38ab48d20fcc9caecb212b82
A0A803LS60,unique_never_inserted,79051877939f62b2faf54bb2aa5be49f
A0A803LS63,unique_never_inserted,b671821ff252988c4a3a81afa4c14cec
A0A803LSA0,unique_never_inserted,2925a1ecfbfabc194323c93d345e2da2
A0A803LSM1,unique_never_inserted,38fc0dc25189326fdb5a96b4ac8f0020
A0A803LSS7,unique_never_inserted,50163e0e3044f8ade5f1a63a76b9b7d0
A0A803LSU0,unique_never_inserted,4e0c35e0fc5d8768a7ff9d548f5ec454
A0A803LSY8,unique_never_inserted,7b74f3f252b22d7eab81e18607a81a53
A0A803LSZ4,unique_never_inserted,efafbb25af4bdfb6943e74a4e4ba873b
A0A803LT34,unique_never_inserted,45eba1d57b1fa064dfcb25752c904140
A0A803LT43,unique_never_inserted,31a415cdd3a96bebeba5e8223b1eff59
A0A803LTB9,unique_never_inserted,08f1d2d52ad8a81bb4d228dc2cf4a048
A0A803LTK9,unique_never_inserted,1e91f75de9f10020706b46451c95c3d5
A0A803LTY0,unique_never_inserted,348c8bea34064e8405d97d8c3ddf3734
A0A803LUA6,unique_never_inserted,0a27e5fc9e1745c54c62fb682745456d
A0A803LUG0,unique_never_inserted,bbd208ccbd0d55ab71ac190f31c007b7
A0A803LUR9,unique_never_inserted,6a74540f54469228b9207f6385151be1
A0A803LUW6,unique_never_inserted,1893827ea387c45f841cdb1034adc921
A0A803LV39,unique_never_inserted,858c03b2b868e355ddd249f6da2b2740
A0A803LVH0,unique_never_inserted,02daeed4e8f989e76d02617aacdc4ebf
A0A803LVM4,unique_never_inserted,2b85cc5e5c5172286d585be05419a56a
A0A803LVN9,unique_never_inserted,4f7239824f58bf9dbc0532e26c526902
A0A803LVV4,unique_never_inserted,95312ef2352fee69b6eab99fa359d9db
A0A803LVW0,unique_never_inserted,5b5ec64aac7127cc67bcfed31ae30dca
A0A803LVX3,unique_never_inserted,41db98c488eb4ea44dea927270eb3027
A0A803LVX4,unique_never_inserted,d85884834027297edc9561a37182c917
A0A803LWF7,unique_never_inserted,62be106e068210121acd6b01483001b0
A0A803LWH8,unique_never_inserted,6001df02d2b806a7303aa4615b256006
A0A803LWJ8,unique_never_inserted,5e8bdcfe9f1ad95637f69dc6e2bc9c11
A0A803LWW9,unique_never_inserted,9cf2a32801e9eac45310dc1b96e39c24
A0A803LX82,unique_never_inserted,88fdc4d262c7491342f6f523b56befaf
A0A803LXI3,unique_never_inserted,9bab026427d6080acd71029794b54b9b
A0A803LXS1,unique_never_inserted,4c376aab6cadb77f7f07050746b22801
A0A803LXU6,unique_never_inserted,bdfe23c6c55094335551412266161e4f
A0A803LXW1,unique_never_inserted,5a53b688f73829d320e3d3beef419100
A0A803LY34,unique_never_inserted,6e451b80672f4271bc65a6ad3761eaea
A0A803LY66,unique_never_inserted,223f1ef3aaa2ad31dfd399d9d15b4d56
A0A803LYH9,unique_never_inserted,9005c968da1cef4a6187a3cf72eb2c98
A0A803LYI3,unique_never_inserted,fe12040df8fb85914a20b8876ab7154e
A0A803LYN1,unique_never_inserted,90251867381b5277c961cd20c1586772
A0A803LYN2,unique_never_inserted,d329d6b168aaa0cf6ea2a0fc9609e1a8
A0A803LYP8,unique_never_inserted,a5d099a6219121f9f6a5186510412ad9
A0A803LYR2,unique_never_inserted,c535b7d1af431f9c81f8bebde1648960
A0A803LYS1,unique_never_inserted,e5582e3293d71cb54b876d03f7e910f2
A0A803LYW9,unique_never_inserted,c17f978a3ae0ac28d9514ce48237478e
A0A803LYY9,unique_never_inserted,08774e5318243399bd5b0d0121af16f6
A0A803LZ57,unique_never_inserted,b706082102058edf930362b9251f8cd6
A0A803LZK2,unique_never_inserted,ba74019e51c1d5dbcbd04dbba81efb19
A0A803LZS3,unique_never_inserted,dfaf4925e17af57fb340ef3f42dad4a6
A0A803LZU0,unique_never_inserted,659191f0e703e3b74dedb82c2a00c8f2
A0A803M001,unique_never_inserted,4699865abc4c5d838d19a566c57eebbf
A0A803M014,unique_never_inserted,b6b892c4654acfe4e1a2dc04a4dac696
A0A803M015,unique_never_inserted,fa96a83608c1bab66030e395e4e66d88
A0A803M046,unique_never_inserted,94b5509c78e0a74bd9a57e544164b919
A0A803M0J1,unique_never_inserted,f63a74291b24a4c3f6e5f1be5438aadd
A0A803M0Z4,unique_never_inserted,9d4d9d3442003e362974082cb43476de
A0A803M104,unique_never_inserted,e24e980a6d3c1084b11345a2af2eefd6
A0A803M130,unique_never_inserted,0427bd421256f3e38e867dedcac82d09
A0A803M131,unique_never_inserted,ad74e4f426d2767196d797b477c87fcd
A0A803M181,unique_never_inserted,d525e0bfed341b5798168fc45c897558
A0A803M1A2,unique_never_inserted,e8bfeef62f7669724f1ab7bb59e332ed
A0A803M1F5,unique_never_inserted,f25add69c644cee87e8fd5e80c47125e
A0A803M1F6,unique_never_inserted,8e66c3de6d0b0ac58473c31678498a36
A0A803M1G8,unique_never_inserted,b1b2aca5b9b5ff4d6f7fe5911eaaab10
A0A803M1J3,unique_never_inserted,d74b73eb4076a0f33a77879233131f2a
A0A803M1V2,unique_never_inserted,c124b62c251e522e9ca50b9e05db5970
A0A803M1Y2,unique_never_inserted,3e3d07f10c588176c3b9e62dca1b5f17
A0A803M216,unique_never_inserted,d3b29f868d18a4b8bef6256215a214ff
A0A803M2B8,unique_never_inserted,2a23f20057190e48cc21f774ce356400
A0A803M2F5,unique_never_inserted,1f27e08cc4f36a780821aa9c1a6042a4
A0A803M2P5,unique_never_inserted,b3fc009c665e5df9ae35a563a405baa3
A0A803M2X6,unique_never_inserted,ed303904c85f7c2459616b0fbe6bb110
A0A803M378,unique_never_inserted,f58a1379434b6c1d72d493ba5352a402
A0A803M384,unique_never_inserted,97ce0bc5a1becba4e121e790f6e64841
A0A803M3H1,unique_never_inserted,2a0f05cf098467a72182fe76433886ba
A0A803M3R0,unique_never_inserted,8248d3ce7cb397dd84f7fb97ae34f6da
A0A803M3V3,unique_never_inserted,9970c3cd12859bda062e6457fe164739
A0A803M3V8,unique_never_inserted,c3c1644e1275df0de6e5fb9e47fb0921
A0A803M450,unique_never_inserted,15ea3bb8927ab42e583b0da50899e8d1
A0A803M4C0,unique_never_inserted,2eac552cf9c8cfbcd15f3ea675698d31
A0A803M4J1,unique_never_inserted,ebacef1899fc3f0451a9bd94237ed1d4
A0A803M4K1,unique_never_inserted,68ef26c9a04646ee4d1e3263e402e2a7
A0A803M4U8,unique_never_inserted,e8c996205ea241ecf17069bc223d13dd
A0A803M567,unique_never_inserted,06ef8e33256e7e635ab29f7299ffcc11
A0A803M582,unique_never_inserted,4a4c74cb4ac23bc7e66067b1bc78fc37
A0A803M5H5,unique_never_inserted,27898802f95302876432c3363b84307f
A0A803M5K4,unique_never_inserted,40c34bddf0a87e425a2fd914d9f8fa3e
A0A803M5T6,unique_never_inserted,dfe2da6e460fdc012a7e0936db43fa63
A0A803M5U9,unique_never_inserted,d7ad4de8af4bbac305306ab6e6d3658d
A0A803M5W2,unique_never_inserted,f00412f4fafa18d0e4b3d0e6480ec427
A0A803M5X0,unique_never_inserted,d750a3fbd1f3051a5fc28c1d5317c07b
A0A803M6J8,unique_never_inserted,b0bce2976e5f881bb26dea3f5e738739
A0A803M6T8,unique_never_inserted,df4c7147fc08050d48f83b1e011ececf
A0A803M727,unique_never_inserted,5a36c23721ea251038311c294a239191
A0A803M7E3,unique_never_inserted,84f8eb5d3964120a55702b9b944b56fb
A0A803M7H7,unique_never_inserted,38c58c96c64fd1b71f5a7dc0aad0d4c6
A0A803M7I7,unique_never_inserted,83cdbf229498dc786ea4369c5ce35cd0
A0A803M7L8,unique_never_inserted,7cfdc7204da628cf919d22b20859f1fe
A0A803M7N5,unique_never_inserted,2bc65232b0fd2da53a51d1944ef690fd
A0A803M7W3,unique_never_inserted,7d694a2075de5f39e87f066992f867b8
A0A803M806,unique_never_inserted,b1e90d2fc9aad54eb4e31610ce971e73
A0A803M809,unique_never_inserted,c1b2b65e50b4757634dc7cb36d4985f8
A0A803M8I2,unique_never_inserted,f38a49c294d539cb3bce7f401b359efe
A0A803M8I4,unique_never_inserted,cd09f4fe3767303020e042a52b070dad
A0A803M8L0,unique_never_inserted,1fb466bdb93fa667b0586d4006ab8f3b
A0A803M8Q6,unique_never_inserted,a51838d456f7bc852b49567e91be85b5
A0A803M8W1,unique_never_inserted,df4d245ebea7232837bb8f5ab405c74f
A0A803M8X2,unique_never_inserted,73dc66633b0ab204658a411954edad06
A0A803M954,unique_never_inserted,d2f23def8522008cb21fa949227e50c4
A0A803M989,unique_never_inserted,1583c33852b7f4da4fac2b4f44957592
A0A803M9C6,unique_never_inserted,feef2a90fb8f017c8d0da95c5a2669f1
A0A803M9N1,unique_never_inserted,3d231667eb214b22817e9778f2eeccd4
A0A803MAC2,unique_never_inserted,53728097ab372bbb93a0cd7b6dcc2530
A0A803MAJ1,unique_never_inserted,e9ee9a02d5bf40d25f478846015cbeb3
A0A803MAW3,unique_never_inserted,8930a85400592a8eec494e716657ccc2
A0A803MAZ4,unique_never_inserted,0a15f7b726fa1aa5f5172336bde9b845
A0A803MB30,unique_never_inserted,dc6f8c8c4f8603f083a7b0a14ab5a200
A0A803MB50,unique_never_inserted,3614c3db4c80f947d0aec0a1fdc9d902
A0A803MBL8,unique_never_inserted,d2c4427869390eff15ae93d55b63ee34
A0A803MBT4,unique_never_inserted,509de17e6acab5c55d28213e86093eae
A0A803MC47,unique_never_inserted,63c9ae056bfdbc236a4fac3445cb0dc8
A0A803MC75,unique_never_inserted,c0e4f709a6072960248763c489f828ab
A0A803MCA1,unique_never_inserted,effb4b24fba003678b4b41bf22090cf3
A0A803MCC3,unique_never_inserted,927a26154d57858b8d4fc13ca734238b
A0A803MCJ7,unique_never_inserted,2677a5660a315bba50e1afbf40d467cd
A0A803MCQ2,unique_never_inserted,981098b77a4d5bdf28586af421a02349
A0A803MCZ9,unique_never_inserted,fdf2cd2391a38c1441e2cf8f4731d195
A0A803MD88,unique_never_inserted,c444ac84482e285e5b545c30a10900ee
A0A803MDB9,unique_never_inserted,9d717f2a46053c8f2a47da87476199d8
A0A803MDT8,unique_never_inserted,8237c77647d56b07678c0abb3c58616f
A0A803MDV0,unique_never_inserted,09ad96b971644051bf01c8985958f9b7
A0A803MDX7,unique_never_inserted,e78bf3f792331fb3dae5ef0bd57b724c
A0A803MDY5,unique_never_inserted,7ac72791cf16321af0d42720cbfb5147
A0A803ME50,unique_never_inserted,97efba2b9b594dd5236d0720b40bfc26
A0A803ME62,unique_never_inserted,50ec614b71d9c51a200914813c171634
A0A803ME96,unique_never_inserted,c073e9d67d82cb181de9f8e429b2dc20
A0A803MEH5,unique_never_inserted,d390c246c0b409224e683fdbccbad8ba
A0A803MEI5,unique_never_inserted,80acd2a0756a49b1458ca4d2d1c05bf3
A0A803MET3,unique_never_inserted,d2b458cbd543a62b198a56713181048d
A0A803MF11,unique_never_inserted,edcd705983e46d60d4475c646d6566fb
A0A803MF32,unique_never_inserted,f96752d19ee1aa8c573cb0d6f4cc2a21
A0A803MF34,unique_never_inserted,c50adab7644807a7094d072a35eadfc4
A0A803MF64,unique_never_inserted,e254d7a004468756aa5d1860714de7ff
A0A803MF79,unique_never_inserted,e8e11ac92ddf7efd3111d1043daad909
A0A803MFB4,unique_never_inserted,04d6ba1a62755c0a1f4f045e84c02b37
A0A803MFE2,unique_never_inserted,b8b57feaf0615d1514694cb8c722f24e
A0A803MFE7,unique_never_inserted,2870bff6961a2e78ad92ebda6ab05a37
A0A803MFN5,unique_never_inserted,9d4cce841082f648d9c31b7e0e43b1fe
A0A803MFX8,unique_never_inserted,9e6d845d040336bde8190210ba6f5bbd
A0A803MFY4,unique_never_inserted,f0c3cba69be671ff8fe4d4c4c2d89a04
A0A803MFY5,unique_never_inserted,586f35b2055b328d3d427262be5ac52c
A0A803MG09,unique_never_inserted,21f9a54c7e49b29b3af271094681102d
A0A803MG23,unique_never_inserted,8a02ae5ae0fc9f8f4c1ea2e55cbc0dcb
A0A803MG52,unique_never_inserted,c42d4352baea2ac0ee71876f401f3d48
A0A803MG53,unique_never_inserted,b47540763c252219dc161b348285f768
A0A803MG63,unique_never_inserted,aa9e761f257fb3437a68ab14b4f74405
A0A803MG81,unique_never_inserted,b4f35dc7f9c23a1327f068da7266f612
A0A803MGI2,unique_never_inserted,64cc1b513a8979582a5ef1ba2a5f1f56
A0A803MGQ4,unique_never_inserted,e03ff9501653f2c93bbebe837dbdb3af
A0A803MGS6,unique_never_inserted,526c6d6f2753a13ddc9c0258aae3033b
A0A803MGX0,unique_never_inserted,7e60e74096ea99c44e5de22cf37841fd
A0A803MGY6,unique_never_inserted,094adfe69325fa9d72854fcdd7733409
A0A803MGY9,unique_never_inserted,24e7145a823ced795c95f757245d2bda
A0A803MGZ9,unique_never_inserted,a1372c0965d15048a25ba2a09907d8b9
A0A803MH79,unique_never_inserted,7d5f72c6f50fc75c0332cfa1ec467c3b
A0A803MHF2,unique_never_inserted,8f2e4167bd86e310557551dddf5851cc
A0A803MHW4,unique_never_inserted,a1c00ac9f427d6a38bc1a386783ed991
A0A803MI15,unique_never_inserted,8ec29a376093940c515911c17280d167
A0A803MI34,unique_never_inserted,b8fc05eea062c5e7b97ab9d8bcb91bc8
A0A803MI41,unique_never_inserted,8719ab906c9f531fc85456eb47a3d7bf
A0A803MIB8,unique_never_inserted,ceb4b29efa4e5a0c12f40ecd1284ee66
A0A803MIC6,unique_never_inserted,24da3ca36a661a695d7a8268c0fa902d
A0A803MIF4,unique_never_inserted,15a55a6ee9748c004a51a2b2e70b823d
A0A803MIR4,unique_never_inserted,8ef720d31f9ae0ab6d3a8e9551b6c0d8
A0A803MIZ8,unique_never_inserted,5e6d897ab3d67ea7141528f097b6b091
A0A803MJ43,unique_never_inserted,48bef9bfa43139523d57ad443e2b4a4e
A0A803MJ80,unique_never_inserted,262e4f925796bcdea53af709c8c60d35
A0A803MJE4,unique_never_inserted,ce034663cb91c7b19b74dccbdb1271e0
A0A803MJN3,unique_never_inserted,44deec6b459d03848759c150b9e7cd3e
A0A803MJV6,unique_never_inserted,976b752573ddbc9d9910137aead9a9fa
A0A803MK28,unique_never_inserted,e9edfbf52fec2014fb0c63ff119087aa
A0A803MK55,unique_never_inserted,d945adb41e2ec01a7542464ebbe65ba7
A0A803MKH7,unique_never_inserted,73fbcf1f5a5fd66a0ae1110bd0bb1409
A0A803MKK1,unique_never_inserted,e8e9f42949f3d11eaca8d9d623f0a9b6
A0A803MKX1,unique_never_inserted,0bea18b78ba99ab4598364f191fb0617
A0A803ML26,unique_never_inserted,ac534aef86c0766225a71694233277c4
A0A803ML72,unique_never_inserted,fe220b3099128e566e281f011f46715c
A0A803MLL2,unique_never_inserted,e25b2b0dd90cf6713979bc2dc8606703
A0A803MLQ5,unique_never_inserted,67cd9519a48db257ce5557e2f369ad96
A0A803MLR3,unique_never_inserted,2057cf08187a8322f9a2b4056f04a073
A0A803MLS3,unique_never_inserted,0d7755b4acd31c082d5701b95d43b1d0
A0A803MM08,unique_never_inserted,df11c64bf6ce9f57e0c6fe228e96975e
A0A803MMJ9,unique_never_inserted,32e1ddbc073d2f8248eec18d002a21fd
A0A803MMK0,unique_never_inserted,d796ae56fc5da73d54d5bd5e0200284b
A0A803MMX9,unique_never_inserted,057bf8c55236d22770d424fc55f57efe
A0A803MMY0,unique_never_inserted,0088592a83a5de6e4ae4227ddea3435b
A0A803MN07,unique_never_inserted,f55503601f863352ef8b685131409973
A0A803MN70,unique_never_inserted,7ca31a02013040b49f52fc2ba6d6a52a
A0A803MNC2,unique_never_inserted,686c3bfa0dcf736457fb6a55f48c66ec
A0A803MND7,unique_never_inserted,1de30a8a072f5f467c537f24b0f95086
A0A803MNM0,unique_never_inserted,fcdeb5ca4332ea41cbf9a2a941f8f331
A0A803MNN6,unique_never_inserted,baf5ed0d293ebfe1a0b02a8188b5bce0
A0A803MNS5,unique_never_inserted,04a356b0c7ffeb82e292174a25428874
A0A803MNT0,unique_never_inserted,c012d4d9678727991d4f892306b898b3
A0A803MP36,unique_never_inserted,e3a0fe48ed0bb8dcc5cef9583974cacd
A0A803MPE8,unique_never_inserted,70f81f6f9295f2823ce4af94ccfcc4c2
A0A803MPJ4,unique_never_inserted,7517379cba0f7c1872e559873c6adcc6
A0A803MPP1,unique_never_inserted,8dbe9d142b85e47209daf66d280583f1
A0A803MQ37,unique_never_inserted,b2e3e430e55838b4b2c5358037c17d02
A0A803MQ54,unique_never_inserted,aaae3c1ae49355256754c18d6cb12c02
A0A803MQB7,unique_never_inserted,48ae9f18615ccadbb7ff0bebc5e85b33
A0A803MQD3,unique_never_inserted,cdf1510a0449e8500d7ff60f4d9a881e
A0A803MQH4,unique_never_inserted,94f8d5c4379dcbaa4e5cea854ca2d401
A0A803MQJ6,unique_never_inserted,89dfa17c9412f6d5da4e64a48dd51ac4
A0A803MQP5,unique_never_inserted,2cbf65f992e29a3269673d4c520dc0ba
A0A803MQU3,unique_never_inserted,b24334b88efdb34304d6e5cb731ee486
A0A803MR18,unique_never_inserted,1b25f3b84119b10823567c08c7788dc6
A0A803MR40,unique_never_inserted,cd0b111b9c1836e1999387e17a567ad2
A0A803MRC0,unique_never_inserted,b58a67f04a236290cea076cf25e298e5
A0A803MRE9,unique_never_inserted,e13e9ce8f52df9ebe642da5670a314ed
A0A803MRH1,unique_never_inserted,db30c98527748bf2a4e98de1c3396017
A0A803MSG5,unique_never_inserted,721b2c7a0c77b5081269bafa00afc962
A0A803MSH6,unique_never_inserted,94f56512df4410e97b7c6a27ca9aacf3
A0A803MSI7,unique_never_inserted,30d41992c75e91fd3aedec883d191fe7
A0A803MSJ5,unique_never_inserted,8a8d6c3bcf6d93b31c285e057edf0bfd
A0A803MSV8,unique_never_inserted,48e22798a10230354fadfed696b551ae
A0A803MT72,unique_never_inserted,faf417c86ce99116af8789654c61bb07
A0A803MT74,unique_never_inserted,2ba50e24cb904789b42e001241a57754
A0A803MTA0,unique_never_inserted,19da8ae609c9ef8c562b0315985cfb14
A0A803MTB2,unique_never_inserted,81f8ae535d60c600412d8d4c259164f9
A0A803MUC8,unique_never_inserted,3f1a5028daf533d0673b1b9f4dcb16fa
A0A803MUL7,unique_never_inserted,c2fbad2933b33a153dddd85bd5e42bee
A0A803MUU6,unique_never_inserted,4c406b71c1ee024a3e24766da31e95dc
A0A803MV10,unique_never_inserted,5abab449e2970c450c4ad363f4bb0157
A0A803MV32,unique_never_inserted,65e6201b4c48f8fb4f7bda83f31ebf21
A0A803MV75,unique_never_inserted,77d43cdd7b004a5a51b3294bfe5f4366
A0A803MVT8,unique_never_inserted,24705aaadb7149140834df9b049d8818
A0A803MWH0,unique_never_inserted,177bae38b9ed0b5ee2795c3614b70fc1
A0A803MWK3,unique_never_inserted,c1c691c60d32146705af43a7d864cb75
A0A803MX77,unique_never_inserted,de4173f567915aad5f07df92c52e7bb1
A0A803MX90,unique_never_inserted,f2fdf751b3f57b94c0ae2493b8575b5d
A0A803MXA3,unique_never_inserted,748086c9603e31c2af6e4a238bbdc955
A0A803MXB8,unique_never_inserted,c4f96738d73e6c7b4789862a3cbb6f0e
A0A803MXC2,unique_never_inserted,f12974b8ab66d3996fd72fe91688c255
A0A803MXC3,unique_never_inserted,61596b3c2af21172834f03142f618127
A0A803MXJ0,unique_never_inserted,1561595d0a24aa09b9053c9e13d562cf
A0A803MXK1,unique_never_inserted,95bbace45eb2dc24c5cb27238e2b048f
A0A803MYD6,unique_never_inserted,22eb4ba14a87fddb809cbb086bb0bc42
A0A803MYE7,unique_never_inserted,8cb21cb97fcc263a4948023e832a424e
A0A803MYX4,unique_never_inserted,c314105b7813518095be2959a1430f21
A0A803MZ00,unique_never_inserted,910768f61378f319015bd2c010a28406
A0A803MZJ2,unique_never_inserted,a54ac3b814c700025863fb85a52b50b4
A0A803MZK1,unique_never_inserted,61581767fd472bcf8e8d0c19b7a319b5
A0A803MZL5,unique_never_inserted,70adbefba1421a89343a8c3351f36b4a
A0A803MZQ6,unique_never_inserted,10ef10c2f99854063e77aca55d181ab3
A0A803MZQ9,unique_never_inserted,890498c7999f9ab1b306cfb3757facf0
A0A803MZT7,unique_never_inserted,f246c74e9e2cad99e18daeb15ed9898a
A0A803MZZ6,unique_never_inserted,fae4dac41d5d53c24bc62b4283ee7572
A0A803N044,unique_never_inserted,b61dc74ef527cde7b159e939988d9c83
A0A803N062,unique_never_inserted,09c343b3b7592cfa5bfdf1d77a1d6228
A0A803N0L3,unique_never_inserted,07aaca15517f528163ab4596bed9c1a7
A0A803N0X1,unique_never_inserted,c0b4c7e4a6da1b4bc577450f1a712ba9
A0A803N0X8,unique_never_inserted,3491eacf3bf1f4ebd9c89ea5e5c330a9
A0A803N137,unique_never_inserted,677dfb3d0cf3770fc2b62a4ada81e5c3
A0A803N174,unique_never_inserted,d0fe91e2b05f2eb5119c497711352ba3
A0A803N1A8,unique_never_inserted,56deb83f83260f8d483bf041fd8b9391
A0A803N1H5,unique_never_inserted,5b3b96cd15c988998c803df68cf6a8ef
A0A803N281,unique_never_inserted,a1eb32a145aede0bf5075041cdac21b5
A0A803N2T6,unique_never_inserted,96fea6c7159542e084a91adf1fb14df9
A0A803N332,unique_never_inserted,05cb732ae657083067b6125bac1f13fe
A0A803N348,unique_never_inserted,89abd8b8e25a8925197aa01f993690d0
A0A803N382,unique_never_inserted,8ad46e66ecd3bbd1beb57bcaec5c7f23
A0A803N3G7,unique_never_inserted,d788d73cd9b516acba7002013d38d80a
A0A803N3H4,unique_never_inserted,4dff3dbde9e03681f6223921f2148616
A0A803N3K0,unique_never_inserted,0a12bf6bddbd1105817e2f0d8c9bd425
A0A803N3P5,unique_never_inserted,bc00143800eb8df02a47497d7b5eab11
A0A803N449,unique_never_inserted,308da086feda4f81cc8971fadc477c02
A0A803N4Q6,unique_never_inserted,4aeabfda7ce951cb50c78032c61dcf2e
A0A803N552,unique_never_inserted,2bdf3f24019e0809760db20f72d958ff
A0A803N582,unique_never_inserted,69b27008cb7992981007c6692c643580
A0A803N586,unique_never_inserted,671f0c0129643af898af2e76f3969eb5
A0A803N5T6,unique_never_inserted,5966611e5a60a8311bcf34200cab7603
A0A803N5U4,unique_never_inserted,b0e5e617607732d399200adb704113ab
A0A803N6P3,unique_never_inserted,9c09421947e36e586ba3043c6ecca23a
A0A803N6P5,unique_never_inserted,6b6e7fe18422c0a8cfef72ba0b6a0b7c
A0A803N6Q4,unique_never_inserted,4baf6e15699b386de07313a3227c75f1
A0A803N6U2,unique_never_inserted,ee5dcb8a79212640f366c9e8d80454ff
A0A803N6U9,unique_never_inserted,4f797ad25ad00cb27c9ed41a5b86ea5f
A0A803N6W2,unique_never_inserted,aa9103525d864f63c41faea89edd077a
A0A803N758,unique_never_inserted,66e966525d6624b8ffffe05a8969ac58
A0A803N7L3,unique_never_inserted,06ef66c40307419cb3e8919c10b20737
A0A803N7Q4,unique_never_inserted,2171f51bedcdae986e81994f70d0ae3b
A0A803N7R2,unique_never_inserted,bf42fa808edd356a7395bcca47fe6963
A0A803N879,unique_never_inserted,3c6c32f6af033fb32880e8441a33d799
A0A803N8J3,unique_never_inserted,b2dda97d08882594abd6f3be6735dd39
A0A803N8L9,unique_never_inserted,b4419aabfcbd78fc5ea38b2112077bd7
A0A803N918,unique_never_inserted,9f79cf582cc46b8daabd3bef744f79fa
A0A803N922,unique_never_inserted,0fd7e93d4bcf195c6111255920729ac3
A0A803N9P1,unique_never_inserted,843362f72f61f198d19ca2a5c2b5b246
A0A803NA33,unique_never_inserted,8ebd28a5dab88050485c6990db847e5d
A0A803NAA4,unique_never_inserted,2eb4fe886bdb468eb694d0ce50c25480
A0A803NAD5,unique_never_inserted,02add0bf62a72729c863611e46674d8f
A0A803NAH0,unique_never_inserted,e0357bbee3b167ea5327efee4efd2555
A0A803NAL8,unique_never_inserted,52a58df4b8f6c4004b2e672d6b6956c4
A0A803NAX5,unique_never_inserted,3488fc5feac831fda859d63f0383c60b
A0A803NB23,unique_never_inserted,3697b86a6148d4447dbe842e90e2ce78
A0A803NB60,unique_never_inserted,e4d5b7796c5862709dc93c93b8018ff9
A0A803NC51,unique_never_inserted,8b840ad035ed232b9478bca84c70d6c4
A0A803NCC2,unique_never_inserted,fec62076e2a54a6304f057887849fd16
A0A803NCE3,unique_never_inserted,0bded57cd63b3ab2b8039c99ab70d821
A0A803NCI7,unique_never_inserted,7ac35e987d540827fc00e8b3cac0081b
A0A803NCS0,unique_never_inserted,40152284e8575248665b3d3f0d78f233
A0A803NDK1,unique_never_inserted,5b48647ad73af5cbce9810b94b2a53bc
A0A803NDM6,unique_never_inserted,0dc23825e41fa3cdc369acec2443614b
A0A803NDS7,unique_never_inserted,78fd276f291a5d428c7ec12881345633
A0A803NE47,unique_never_inserted,082d831a6a52b041d4f43d21587102e8
A0A803NE61,unique_never_inserted,b243271f9062620aed6ce8c79baaa066
A0A803NER5,unique_never_inserted,37dd49a4d4a02f297345010047382a76
A0A803NEU7,unique_never_inserted,ece2625e4159201f36ee1c48cb112972
A0A803NEW7,unique_never_inserted,63885694f4777929b88f41ed698032ec
A0A803NF20,unique_never_inserted,d7e5d460fc121079b327743b8a89a306
A0A810V0M0,unique_never_inserted,f6be2db48196bd7e3939085b50e138a1
A0A810V3D6,unique_never_inserted,0fc697f48ccd2fc5c69f2aa2a6af2522
A0A0M3PSK5,unique_never_inserted,6a04c02426598f53851e4ac6b916dbbf
A0A1X9WDB8,unique_never_inserted,51202b08c281e94e780c03dd41686e02
A0A1X9WDC4,unique_never_inserted,42f6fdab9b98e3d1a965221746c47f54
A0A1X9WDH5,unique_never_inserted,dab20642b7459831959b237d96073d37
A0A7U3QS18,unique_never_inserted,cfa7d48339412bf787b5ab073c08d1b3
A0A7U3T110,unique_never_inserted,0e14d806dedd2a2472480f05dfb071a2
A0A803KLV1,unique_never_inserted,51c3b85d6d605da7a3b299cac08f206d
A0A803KLX7,unique_never_inserted,fe9445f5b99ad553f606df51f71c5cb4
A0A803KM05,unique_never_inserted,d867f6be40f4338dc44bf5463be58127
A0A803KMC9,unique_never_inserted,1ecc3a15b0f0be0db27b166e4717e420
A0A803KMK4,unique_never_inserted,8b182cf99509f379601fad16139a8694
A0A803KMT5,unique_never_inserted,948d7e8ef6a3627f15744cbcea268ac9
A0A803KMT8,unique_never_inserted,e0c4427c9ca2b07f83eb57f3acc98fdc
A0A803KN51,unique_never_inserted,797e674c44a3c5245933aba5b064f19c
A0A803KN77,unique_never_inserted,22e2beb1bf0b61831aa2cd4333e510ca
A0A803KN85,unique_never_inserted,e2c8e2a78e7499fc71f60d2e39d9c6fb
A0A803KNT9,unique_never_inserted,fc4bd89ffadc1c704c99b7eb3987e3c4
A0A803KNX9,unique_never_inserted,88406d21624dedf83e77c4bb21c92e15
A0A803KPK6,unique_never_inserted,3bb57391d22fb81564ba3736bdf29f93
A0A803KPL3,unique_never_inserted,4e82a6c57ac3b1269a49388b3fb2ce48
A0A803KQ78,unique_never_inserted,292a3f1fec09c629e3acd97f7fd6b4e5
A0A803KQT0,unique_never_inserted,f91a47021feaebc6bf1b6810077c0dc8
A0A803KQZ1,unique_never_inserted,9974172bd02934d914e599aeda0bfb9b
A0A803KR33,unique_never_inserted,af7d7c5d65c11aea705ebe45a1f38f7f
A0A803KR47,unique_never_inserted,dd46f0a4ac89d04c2ea9e10a1c7dcd32
A0A803KR57,unique_never_inserted,36d8c0e9855bd055070ec171805ffffc
A0A803KR68,unique_never_inserted,b8e104bcf75f91c1e328ecd3b793251a
A0A803KR82,unique_never_inserted,6ddc65362bedb80ce1edfcbe83f5afce
A0A803KR84,unique_never_inserted,ad2913e75a8cdb20183af77dfadc4e6e
A0A803KRH8,unique_never_inserted,3af98311591976bf9ce012ab1f6a276d
A0A803KRP2,unique_never_inserted,b1cb324f4b599cc54d96194f962ecd46
A0A803KS68,unique_never_inserted,1b167ce2c4b081a16985b6c8133af42a
A0A803KSE9,unique_never_inserted,ecbd70b1983f09c3b78d5278451b55ce
A0A803KSR5,unique_never_inserted,d4b725e2b4779aeb5197d3b1a038dde5
A0A803KSR8,unique_never_inserted,ef58a3e1d24992f2a581eabcf460a5c9
A0A803KST9,unique_never_inserted,c15561f11c6b815fce8f43af23d92f09
A0A803KSV4,unique_never_inserted,87612223d6d6a9b45453edd0fe5ff1a7
A0A803KSY1,unique_never_inserted,147b9b1bcf02f064960b3a3becda0df1
A0A803KT62,unique_never_inserted,7e1a821cbb7e99d251fde7c44da1fc96
A0A803KTI5,unique_never_inserted,3e2eccfbc06399dc3ea27cf04b136b5b
A0A803KTS0,unique_never_inserted,4d63bf5d00f584f09f77d25700bc9292
A0A803KTS2,unique_never_inserted,537fc894b87e1af918629f7564aa52e0
A0A803KTV1,unique_never_inserted,f94c2a3effd6b1c7a9280d08fc0764c7
A0A803KU13,unique_never_inserted,8965f65dfa41a6822038a8b13815156f
A0A803KU14,unique_never_inserted,56390dad2d1e26ae3dea3f732672935d
A0A803KU25,unique_never_inserted,bfa6c3a82f59b234c83f21625ce880c3
A0A803KU35,unique_never_inserted,2db14335175ccd07170d0f8be6f7b3de
A0A803KU42,unique_never_inserted,bf1df7613af2816b010186f536669a1c
A0A803KU75,unique_never_inserted,461d54967f9ecad0dbcf28fc311bf1e4
A0A803KUQ0,unique_never_inserted,815489086afed43b34d8de28f1944f21
A0A803KUQ4,unique_never_inserted,1889faf8940f6aa38a02b21ac095869a
A0A803KUW6,unique_never_inserted,8a24e76d6e1c384495d32e2ba23bf2c5
A0A803KUX6,unique_never_inserted,cc9aeea2350764e219d82809b2c9f948
A0A803KV62,unique_never_inserted,ec54bf54d59a43391576abb9dd496d5b
A0A803KV87,unique_never_inserted,23b2706b9e47c8352d21385a2c224344
A0A803KV96,unique_never_inserted,92cba54e2b64c57bb320aa12da846da4
A0A803KVA2,unique_never_inserted,150ee983b39c7b453ebe42a84fc9bad8
A0A803KVN0,unique_never_inserted,b7dc8139a71fec7deed8aa7b22995d5a
A0A803KW35,unique_never_inserted,8cbb06c278bc032360988becf6680294
A0A803KW61,unique_never_inserted,0f221beeaa79d8cf2d81f356352240f8
A0A803KW69,unique_never_inserted,384c30529a1500b44550184f053a8546
A0A803KWB3,unique_never_inserted,67b2111efe9ac746e85846efde0644ff
A0A803KWG9,unique_never_inserted,369688f9cd632b7f1cd26c8cb375ac5b
A0A803KWT6,unique_never_inserted,06672d276126b9ced9f4cbcda8af7186
A0A803KWV6,unique_never_inserted,a7c098d0739f963d09bface8b02480ae
A0A803KX48,unique_never_inserted,474f974dcf08ec92d709a3d9bf6f202b
A0A803KX57,unique_never_inserted,e782843adafac721f9ff604c6bb395f5
A0A803KXB4,unique_never_inserted,f91db4f00e6757d51bea5bdafcf593a5
A0A803KXI0,unique_never_inserted,c00ce2b22f05d34b4fe57bb1e4040cd0
A0A803KXU7,unique_never_inserted,f421041497f118dab5108acefef2ad61
A0A803KXU9,unique_never_inserted,7beae93e7cfc948310b93851bb461fe0
A0A803KXW8,unique_never_inserted,9ad4eaa4bc1992d19a26e36d79829165
A0A803KYE9,unique_never_inserted,0c70297fc9b3d4d960de67a19477b527
A0A803KYI4,unique_never_inserted,5910ed971bdcd9730278e81c2213b642
A0A803KYI8,unique_never_inserted,d8fb0991ba41d76356b778fa99c55e78
A0A803KYK8,unique_never_inserted,8536b9c60be2c26c83f51a0cef983cf0
A0A803KYL1,unique_never_inserted,576c9e99f8e93f504fd56a41d9a6052b
A0A803KYM8,unique_never_inserted,876c1c752e9d11cfb7f93d977c7341c0
A0A803KYQ3,unique_never_inserted,ec038ff5559e080c727fc92e26048c33
A0A803KYQ7,unique_never_inserted,17dd7c9fb6ea60d7298e4b74b4248afa
A0A803KYV8,unique_never_inserted,9fd9ad4b7f121268da3e392c610aa509
A0A803KYW8,unique_never_inserted,257cc764bf614e8691b1439f13368d8e
A0A803KZ16,unique_never_inserted,57ecb0b1b3460e98c2d84b1265b08dfa
A0A803KZ66,unique_never_inserted,49c427d794d72aad88fe301ba57c9b93
A0A803KZ91,unique_never_inserted,2d08f59b29cc0ae1069da52a3caa0bf7
A0A803KZA6,unique_never_inserted,2b99e7ccb62745ca863142da22a1ff13
A0A803KZG8,unique_never_inserted,3587bd8ea39003af7ec1440e787d1a18
A0A803KZI3,unique_never_inserted,79a4f0a1215dcd48f413fc276f096058
A0A803KZK6,unique_never_inserted,3378def43445fb0797bdd114432c24d3
A0A803KZN5,unique_never_inserted,56e6fe725566479396cf1a2cda03a646
A0A803KZP5,unique_never_inserted,3ef4f04f7bed5fcad4e0a6a3be743a46
A0A803KZR0,unique_never_inserted,d90f81b01e9e5cdaf53bf8dbfba76a74
A0A803KZT5,unique_never_inserted,db9ae762e97389f919d8a4392ff9691e
A0A803KZV1,unique_never_inserted,89da62824bc074dd81b2b0ff075e4b18
A0A803L0H7,unique_never_inserted,b5d920a7cff05cc2096d0078003c5ef8
A0A803L0H8,unique_never_inserted,abe46c5c85542437871e68a1cc8f3e16
A0A803L0I7,unique_never_inserted,3e7a0aa345b9a3f94e23e25efe0befad
A0A803L1C9,unique_never_inserted,8aeabc8b85bd57cf525ec7d7023d57b6
A0A803L1D9,unique_never_inserted,b50cea70f1fcbabc8247bef5d254976d
A0A803L1E5,unique_never_inserted,1114572c0bdf84a07f3f6d66d7350a47
A0A803L1H4,unique_never_inserted,b8a638cce2937d3491cddb851075031c
A0A803L1Q8,unique_never_inserted,b22f12ea6efe77b5fcb0a19d3e2684ce
A0A803L1V7,unique_never_inserted,e13d38051050c1c592ac51fd5648bc91
A0A803L1Y6,unique_never_inserted,d49af2e1f23d408a32e617285a87c711
A0A803L1Y9,unique_never_inserted,6da6ffa6377c1be0e5598e9cb1071a58
A0A803L200,unique_never_inserted,ce7c3bcd4b61ced1a307f8a703545ff6
A0A803L208,unique_never_inserted,a6b5b8fa79cfbd6db1a9edcb96cd1689
A0A803L214,unique_never_inserted,d7d946ee7a698e3b355bd529c7bf3752
A0A803L219,unique_never_inserted,bb9ecd65406a053f7ec39b95770398cb
A0A803L233,unique_never_inserted,8d5da9acfb70866e5d0c2a2374a2106b
A0A803L269,unique_never_inserted,5a92eef8cdd92c8c5f83545bd7a06fe7
A0A803L2A3,unique_never_inserted,0c2747819bdcc0bee7ea99e2b0118157
A0A803L2E7,unique_never_inserted,3d9151afbb63ccc4532a414914b32917
A0A803L2I2,unique_never_inserted,20594e8a6404d83589ce8ab1cf22aa2a
A0A803L2L6,unique_never_inserted,7d4863d6c19a1ef7c51aff07a91bdb0f
A0A803L2Q6,unique_never_inserted,8731d59f310265ff3476f3dee0343c44
A0A803L3C4,unique_never_inserted,398e0baa8823b34cceefc7b3ed40bdf1
A0A803L3E3,unique_never_inserted,94dd5abaa50f57969d0cc14735196793
A0A803L3W1,unique_never_inserted,78b92494b309b92b8036d085df9bce2e
A0A803L457,unique_never_inserted,2872e7e23b8821cb72dbb7807529be7a
A0A803L487,unique_never_inserted,5a3096f4e3aefeb78599118764317cb4
A0A803L4E8,unique_never_inserted,82ed7180dfc13face8992bdea87a01bb
A0A803L4P6,unique_never_inserted,61d138fb2599d031f1b008d8a7f60728
A0A803L4Q9,unique_never_inserted,8c0c60155a9650423ed17087d411746a
A0A803L545,unique_never_inserted,6ad68ecf8d1c07e6c5cac2974668f877
A0A803L586,unique_never_inserted,a4c5994a9e7debd03c33ed4fa816438c
A0A803L5B9,unique_never_inserted,3b1b236954e29093199e285ba14df1fb
A0A803L5C1,unique_never_inserted,93b9936ed538e7824a1ef64863161cd3
A0A803L5F1,unique_never_inserted,4484751878a30e1b5477e7da2fb5637a
A0A803L5K0,unique_never_inserted,2db217be16f8033e696ad7caf21c09be
A0A803L5S6,unique_never_inserted,c9788bb08e4dd108638b266e2b502b8a
A0A803L5Z0,unique_never_inserted,857656d5f46d90289e22a39fccb34a2b
A0A803L605,unique_never_inserted,11d166a2875773abeab77b1d317e61c4
A0A803L639,unique_never_inserted,f49483290695aa6e5775dc78e3e495fd
A0A803L694,unique_never_inserted,4060825eae4981ab23c11217290f7fb3
A0A803L695,unique_never_inserted,d169b6b93ef3f30979415d722b76c23c
A0A803L6D6,unique_never_inserted,c06d95494149950343e838d1557f73a4
A0A803L6H7,unique_never_inserted,f28a9f75355e87acc7d8b17c6f7bf504
A0A803L6V5,unique_never_inserted,7362412e331d9d3d1045f81095f687de
A0A803L6V7,unique_never_inserted,0b0f5958b5c8b1f1d7c2d0377a76c7b7
A0A803L6X2,unique_never_inserted,f7ebe3dffcbfc81174839fe42bf89aeb
A0A803L746,unique_never_inserted,d3ba426a638b912a42b31d7725b3fb4d
A0A803L773,unique_never_inserted,22093e64bfb173ff0791158820a41cbd
A0A803L7A0,unique_never_inserted,bc5e658c71724aee96946caf147c7fd7
A0A803L7E8,unique_never_inserted,8acfa68fd47a84e3e2b519f5120b3d33
A0A803L7K4,unique_never_inserted,9db4066e8383f55575f550ad5d7c127b
A0A803L7Q2,unique_never_inserted,cfe41e11921cbfdd294ab26681009027
A0A803L834,unique_never_inserted,fce6db3a4fa6e06eb8438809e96a7a98
A0A803L8I2,unique_never_inserted,a85511142a8f3121598c28b7182ecafa
A0A803L8L6,unique_never_inserted,ec39bff69028f3c6b9f10b8301ba0d97
A0A803L8V1,unique_never_inserted,1b417d12524ed937afb31aa25ed4e4e4
A0A803L925,unique_never_inserted,f1a17270022e905dffd82bd7772f7dfb
A0A803L931,unique_never_inserted,d42cb89815fb0adb5ad07b89baf5cf44
A0A803L964,unique_never_inserted,df1a1e1c17b4a266f9dbb99d6101aee5
A0A803L981,unique_never_inserted,2c2663d52c39d4cc7f1c05eaa01571a4
A0A803L9F3,unique_never_inserted,66fb63c009f58dba81a6d36ba98fc692
A0A803L9F4,unique_never_inserted,122bc8821b0f2f267145914517d7b080
A0A803L9Z1,unique_never_inserted,7fec7be9dbd576e161d3d4d390cac398
A0A803LA11,unique_never_inserted,2ab53f12ba0fd075c045ebe07be72383
A0A803LA58,unique_never_inserted,f8d8f03adcb07d57c954f36298f204d8
A0A803LAJ1,unique_never_inserted,4d65bf6c9197c14c7b382405b1831ab1
A0A803LAK5,unique_never_inserted,862f3e91ebcd7a82d8ec14436173cf6c
A0A803LAN7,unique_never_inserted,86017c1369da5cf9091c0f9588e8a10e
A0A803LB75,unique_never_inserted,21b40365cc82816f742b2071af4dd8f6
A0A803LBB2,unique_never_inserted,5c8c6de20e081b10d3773c1ad501cbae
A0A803LBB8,unique_never_inserted,8cbe9ee6a15b0644f3069e9b471cbe72
A0A803LC67,unique_never_inserted,c42d83e84d494ed4555c396813636297
A0A803LC88,unique_never_inserted,d26349ff056c418def5904b33b00cd5a
A0A803LC99,unique_never_inserted,de3ef015727ca50f002804891e906fb8
A0A803LCB0,unique_never_inserted,9746b5e459b1ff2053db76a0c8c352bf
A0A803LCD4,unique_never_inserted,ab8ef5f9d5a0c2112c9372f5ef51ccfd
A0A803LCE5,unique_never_inserted,9aafc002a0a59f1328383f9fa1d44255
A0A803LCG4,unique_never_inserted,620076851dd3bdbb8863c6f47a55d82c
A0A803LCS0,unique_never_inserted,cb1f78e42a4f61267c12a11fa4666e28
A0A803LCX1,unique_never_inserted,90614f5a1589857c225652955223055b
A0A803LCX9,unique_never_inserted,a244ca57610074da085a8bfb5fcb2b9d
A0A803LD91,unique_never_inserted,1432cbc364247d20c92df8281f3b2863
A0A803LDW1,unique_never_inserted,40b107cf57b204c3e1a0a34928c00f04
A0A803LDW2,unique_never_inserted,3bdef723d914b6909c825576610f2014
A0A803LDW5,unique_never_inserted,f48970ab9c05c57fa4834825f85f752e
A0A803LE20,unique_never_inserted,860a3d06197565e156e393bf3383ea46
A0A803LEB6,unique_never_inserted,8e021398b544dcf0f8fb7f4ed33a022c
A0A803LEW8,unique_never_inserted,5fc3b0c57241be8a6ec31e8266e2f9a2
A0A803LF93,unique_never_inserted,5c6bc3f80aacc831dc1bff1701ac759d
A0A803LFA4,unique_never_inserted,797b7704c92a55c9ef4997af350272b0
A0A803LFG0,unique_never_inserted,148f83fdf3ba358f54b75668a6a7c73d
A0A803LFL3,unique_never_inserted,a81e6fe50cb22e594168ee7caa3d7d78
A0A803LGB9,unique_never_inserted,ee36c31a8d725a2d609dac3777313cf5
A0A803LGC1,unique_never_inserted,285004718fbddfc40a1fa2d2aa8e0fbe
A0A803LGE3,unique_never_inserted,370b70746d2ae31cbb1fb09e88bfba61
A0A803LGH3,unique_never_inserted,e7556502fb44f8d5583fad6aa9e41e01
A0A803LGM3,unique_never_inserted,69111600db908f80c913badcb662b2f7
A0A803LGN2,unique_never_inserted,e101676e66e3a780355d2a2b6a7b64b2
A0A803LGW2,unique_never_inserted,2dee18291124ba58f31be5e25e52fbc1
A0A803LH14,unique_never_inserted,9efa7620bfbe40044b1ea701630566ed
A0A803LH66,unique_never_inserted,f9018e252c83173e6e2e328cb1fc9990
A0A803LH91,unique_never_inserted,5f61300a1c581fd56fc04795354d8044
A0A803LHJ3,unique_never_inserted,0e0a0f8a9b043af1cc1d34d55ae0c565
A0A803LHT5,unique_never_inserted,5b3da9006d9b712504173452fc51d68f
A0A803LI15,unique_never_inserted,d07cb3e6cb103e1e419c6cd820bd2aa2
A0A803LI18,unique_never_inserted,da7f70fc321c739a7102df5d1f1f4188
A0A803LI34,unique_never_inserted,7ff764a04750d28e37978048246c2e1d
A0A803LI45,unique_never_inserted,11f6e1ca3c165a62c3c0612090c8d7da
A0A803LI72,unique_never_inserted,4ccd19b57b85b8534a3af4a462a81435
A0A803LIF4,unique_never_inserted,3cf9111e3a2b15b6c6a0f324d545ebe1
A0A803LIU8,unique_never_inserted,82f4e3dc408649240b3897eb54ea4b78
A0A803LIW2,unique_never_inserted,252060120989fc73a4b5d453d52ca47d
A0A803LJ21,unique_never_inserted,fc8fd96837eacdab68d593957a032087
A0A803LJ23,unique_never_inserted,d3fcda05ead2dfed6a5510142e682db2
A0A803LJB7,unique_never_inserted,fd951dac5b1aa2b4de2c4ec4cc61e209
A0A803LJL3,unique_never_inserted,1a37d78cd13e0938f5788d005d59c985
A0A803LK80,unique_never_inserted,91ddc61a75281cf25a89ffb9b73d5aa0
A0A803LK96,unique_never_inserted,964c7a40f4bb57f5f055ae4cfc99125a
A0A803LK99,unique_never_inserted,98277aa66f6b1934d75da45cda0ca0d7
A0A803LKA1,unique_never_inserted,e21f6dad75fc2381a9190b7185c90b50
A0A803LKD3,unique_never_inserted,5609a4d56b2cc798cb8b82536e2ccb17
A0A803LKH4,unique_never_inserted,8aa709210eb8a455665d754479b66f89
A0A803LKH5,unique_never_inserted,47bbe82d0526dad82ca7658681d142a9
A0A803LKJ4,unique_never_inserted,3263029813359af1a5faf3bcab7b6031
A0A803LKR1,unique_never_inserted,f30d012b46ba84640de3b58be28992b9
A0A803LKT4,unique_never_inserted,cf0dbf0fbe8584b93175afa338a7df12
A0A803LL19,unique_never_inserted,dde25c2316e30293a03c2bffce87e496
A0A803LL99,unique_never_inserted,164dfb30353df5f51b1dd87d87309df8
A0A803LLD7,unique_never_inserted,e6c2a9c8e385ce4298a657409d0764b0
A0A803LLH7,unique_never_inserted,a7bd42b5657ba0f67304a76bbde7a54d
A0A803LLI1,unique_never_inserted,6eaec926538ab4caab4caa5c63bd9689
A0A803LLM7,unique_never_inserted,e0dbda1ad22d33189d42c64d63b969b2
A0A803LLP7,unique_never_inserted,ba9bf173a5a9744fe34a53d728d29b54
A0A803LLR7,unique_never_inserted,87d317d86f0df8555a2bd0a074c82e6e
A0A803LM27,unique_never_inserted,233e9314da7bc516e27097a1614a7668
A0A803LM51,unique_never_inserted,71a35987e34f02d7f4b6207c1cf37760
A0A803LML0,unique_never_inserted,2167e1e0509dc4f32fbf3de3e9ad2d3d
A0A803LNI5,unique_never_inserted,9207d78ed280508da95cff4972f61be3
A0A803LNI8,unique_never_inserted,203745d08a43034d479aae13ab07b7c7
A0A803LNS7,unique_never_inserted,678206e4775b132d43b0f7527ca0ed9d
A0A803LNV5,unique_never_inserted,7738f95dab3d136710f4ab87578a7003
A0A803LP08,unique_never_inserted,6758f52c86257eee23393028c0705364
A0A803LP13,unique_never_inserted,84e50d8fa05da06eeb82a74e95d9f64c
A0A803LP14,unique_never_inserted,65a0c4c87614d2b80e60a23fd859656e
A0A803LP71,unique_never_inserted,3c57454673877601747566976b3e8129
A0A803LQ05,unique_never_inserted,0096f848e21ebcb3e5ef960ac5537f1e
A0A803LQ11,unique_never_inserted,763d800fccd32a08337d76cc4eea5a3a
A0A803LQ46,unique_never_inserted,b12c09f3e45d5ec5cacf36ffcc6f8d92
A0A803LQ80,unique_never_inserted,03bba8c17a65e5e1533245c8d8865434
A0A803LQA9,unique_never_inserted,cf164bec3c31156262814eb14c1304d9
A0A803LQC2,unique_never_inserted,121f7295ae67e9c6b0b2e2b961bd3beb
A0A803LQD0,unique_never_inserted,bc75806d9a273198e9af3d9d4586045f
A0A803LRK5,unique_never_inserted,c191c0851df4cb9416739350febee17d
A0A803LSC9,unique_never_inserted,c21f06a440abf695fd576253b1c62880
A0A803LSG6,unique_never_inserted,1310f667a9cdc6a5d3cfeab3896e34db
A0A803LSM6,unique_never_inserted,5f0c4cccd7487bb7cbbb5069854d90b4
A0A803LSQ4,unique_never_inserted,9d591ed005cf4ab3ec16e35c234cd98c
A0A803LSS4,unique_never_inserted,0bb0cc552cb43b99eb53354f0c156f95
A0A803LST6,unique_never_inserted,53f5558a151a6d1fef7ca21b7f9e65e3
A0A803LST7,unique_never_inserted,608dd25dfd5d04a5f169381b37a2051e
A0A803LT06,unique_never_inserted,b72b8792c3f09db65746534edd9dd39d
A0A803LT28,unique_never_inserted,269a6bb350827f2a83e8b1065235e0de
A0A803LT30,unique_never_inserted,9b302b431e283fb612b20420c09e5fad
A0A803LT94,unique_never_inserted,63c30ce56b3277b748fdef74b7913c88
A0A803LT99,unique_never_inserted,91642cad137beb8f9ac79a18007a162a
A0A803LTA6,unique_never_inserted,6a315662048b03be2b2ef350d718a0ca
A0A803LTB5,unique_never_inserted,4b0cc0d9f97a2835f1d502b0f79c8b27
A0A803LTF4,unique_never_inserted,50cad7a1d8841c41b9c7439796a11380
A0A803LTH4,unique_never_inserted,6f7113ac54a1e646d14214d4837de036
A0A803LTR7,unique_never_inserted,90236cd0f56f317c24cb81314ef3c467
A0A803LU07,unique_never_inserted,c0d0919e8bd5ae9734b50a2e4412f7b5
A0A803LU70,unique_never_inserted,87c785fdc2c3cdedc2e7f019a7d28bf5
A0A803LU91,unique_never_inserted,9228df23d260f78e819268c6ad0d366b
A0A803LUH1,unique_never_inserted,df4dd836f8ca9f0f4d4f52c0044e0ef6
A0A803LUK0,unique_never_inserted,987fea64e9923c25bc6966ac3a35be87
A0A803LUT7,unique_never_inserted,eb38debd7402021290d05e2a2a40b40d
A0A803LUW7,unique_never_inserted,b4da68edc9bdfbd714cd977bd88a22d8
A0A803LV00,unique_never_inserted,bc12ae771b26fa1700314b6684441843
A0A803LVK7,unique_never_inserted,ecb995bc524096ebf524d9d83574dbc6
A0A803LVN6,unique_never_inserted,7a439d79680627e9ebb6bd28441ff823
A0A803LVP8,unique_never_inserted,d9337c3fed7379820078ce3c2d37ce69
A0A803LVW5,unique_never_inserted,53873a11e10bdfc0440b37595a6ff864
A0A803LW48,unique_never_inserted,219a95a84b0079009d8543cc2118e5f1
A0A803LWE2,unique_never_inserted,0ec91b52b8ed7ce2178937266d4eb686
A0A803LWE7,unique_never_inserted,ad412de3a7bfcee6a377de27d459a185
A0A803LWI9,unique_never_inserted,6f750d09221dbf645802df2c3ff3ee50
A0A803LWS2,unique_never_inserted,0c53cb84ba7e9683b8ba1ddeb00e584f
A0A803LWW5,unique_never_inserted,e98c4857890a637677eac09275a43978
A0A803LWX3,unique_never_inserted,1af261785f41ab36d2c08d118b4155aa
A0A803LWX9,unique_never_inserted,3f601678d07dc168798f17eb6037d408
A0A803LWY5,unique_never_inserted,6237d88ca7b3b2439fff93e238a3e7bd
A0A803LWZ1,unique_never_inserted,30c6132c6fdcf54e553343dd8497fbd8
A0A803LWZ7,unique_never_inserted,d3310db25f8cb86bf15b6edc59a373d5
A0A803LX54,unique_never_inserted,f74761bac19ed5c623d94aa8cea46bbc
A0A803LXJ8,unique_never_inserted,74b3535ca3a13a93b885159294d79348
A0A803LXQ6,unique_never_inserted,57d82b947eb3a022e0a0aaf2926bf94d
A0A803LXQ7,unique_never_inserted,3b96534057b52a1f649937eecb9b11ac
A0A803LXW0,unique_never_inserted,c36f3571a501f9a9072c7d6b55af5f2f
A0A803LY13,unique_never_inserted,4497f9d22f173e98a4b5419f6794efed
A0A803LY45,unique_never_inserted,124df2bcdef892bac2527a492d1ce16d
A0A803LYI1,unique_never_inserted,2ae2e92fc7a190ac16fda83ae1043ad9
A0A803LYJ4,unique_never_inserted,29b6ae50f130007a451383b64a641aee
A0A803LZ27,unique_never_inserted,3ce0bb9c012ad193657181b1fa663e7b
A0A803LZ40,unique_never_inserted,a23da9a3c6e9cfc739818d8369af5a20
A0A803LZ56,unique_never_inserted,6acfb60666334ddefaf532d9ca27a2ef
A0A803LZG8,unique_never_inserted,cef7974ce8106a7379d943a142c6681a
A0A803LZH2,unique_never_inserted,24ec4f68d20a28a2e9d5767290166687
A0A803LZH6,unique_never_inserted,f3b59a75d99fee60b6405c0cd11aa22b
A0A803LZJ1,unique_never_inserted,8d3c58a3e56de8ed175f465365dfedbb
A0A803LZK3,unique_never_inserted,a05a46de4b6bda8eae7cb26aa91880b0
A0A803LZN3,unique_never_inserted,c61b8d0d012233ed463ba0469371d1f0
A0A803LZQ4,unique_never_inserted,0b03268ef4c686f861c222c98c888d72
A0A803LZT3,unique_never_inserted,98b0d3a0f0e4165720c03a3c0b6b8e20
A0A803M017,unique_never_inserted,8044bf00a24ddb04258ef19cecd9f285
A0A803M019,unique_never_inserted,060c7e1262e5b16679117a4655b42adb
A0A803M026,unique_never_inserted,c813b37c6e03cbc157c3bbe5403087a8
A0A803M048,unique_never_inserted,8cb907f23b9e6cc794ee1204ff3d4d54
A0A803M082,unique_never_inserted,635466aadbe6843453f3e81245038c81
A0A803M0A3,unique_never_inserted,2f906c0d03bd5abd4ac4829858c05794
A0A803M0D9,unique_never_inserted,6baa3fef2c2808eaddbfec00a4b0e364
A0A803M0G9,unique_never_inserted,056d9db424bfa1b22581138ca761c11e
A0A803M0S2,unique_never_inserted,0ab78e18d20dca31a44d5fbdf84567dd
A0A803M0V2,unique_never_inserted,477ed3b6d939c5ae524f5f4a00034d83
A0A803M0Z7,unique_never_inserted,4ba001315a1ee93ea575db21548a95f9
A0A803M105,unique_never_inserted,6b33b54f3f934c525dbf5d3605b87522
A0A803M108,unique_never_inserted,4b8f916de246f737fce22e7ab36260d5
A0A803M138,unique_never_inserted,9f4610d08e1bb17a121e503d6fe7e90b
A0A803M1G4,unique_never_inserted,b86088f01e02232ac3ab142e942a0811
A0A803M1G7,unique_never_inserted,031cc72090b7a92a631a4f1a8b3e6e55
A0A803M1J1,unique_never_inserted,2078fb6b18ae1da19b4d6a724bfee37d
A0A803M1N5,unique_never_inserted,d97df4f2d9c5d9ac56d3fa8bbc26fe18
A0A803M1R3,unique_never_inserted,c90ad4312da80e590ce68f576a302dd9
A0A803M1S3,unique_never_inserted,06e73bdfd289a8a93459117b25433f67
A0A803M1T2,unique_never_inserted,d2a0ba5ef1ec720c6653bb7034e1473d
A0A803M1X1,unique_never_inserted,1930b7e2640afd23b8bb84fbabd9301b
A0A803M271,unique_never_inserted,b691c929edbaf0a542776c76ac21aab8
A0A803M2K2,unique_never_inserted,aa49ba94752881854b3063cb031622fd
A0A803M2T6,unique_never_inserted,d00a52deaa8cf725174a9cc92d13387d
A0A803M317,unique_never_inserted,43290bb4a1f9b9204cb5e797bd68f9d5
A0A803M330,unique_never_inserted,56b1f6f36a24efaa5bbacbec88e05ea7
A0A803M339,unique_never_inserted,67f7b612ea08ed8081415dd8669ae3a7
A0A803M360,unique_never_inserted,b2e46a4b22398bf987a6eb9ca1fc07bf
A0A803M391,unique_never_inserted,4685e94e2541422975a1ae06974e8a47
A0A803M3B1,unique_never_inserted,bdc880457d3b746a204558eedaafd9a8
A0A803M3I5,unique_never_inserted,a915b287d46cfd73b851e8a29a6b2032
A0A803M3S3,unique_never_inserted,375664570491e9beb7d48200bd100db0
A0A803M3T7,unique_never_inserted,b9186bb6c32f33f482ee39635d4f86aa
A0A803M3X9,unique_never_inserted,829d2936f4824f3afedfc404fbee363d
A0A803M3Z5,unique_never_inserted,7800aa86f24e2f6aaed511c4f1989c8c
A0A803M4A7,unique_never_inserted,0997984d18e1420a4d46969b8ce306f5
A0A803M4A8,unique_never_inserted,e6f4090bb7817ebba60ce27fe58f9d0f
A0A803M4I6,unique_never_inserted,7556556332dca559ecb3809219e25a3a
A0A803M4U4,unique_never_inserted,a79fbe36ffec3bee9a85508f23db71b7
A0A803M4U6,unique_never_inserted,5acc3ffe6352e1991c992ed22aeb85cb
A0A803M536,unique_never_inserted,d0f7b815403a31df31d8aa96580ee800
A0A803M5B9,unique_never_inserted,9719c7ad30ad9aefbd754a0f164b92b0
A0A803M5E2,unique_never_inserted,cb13192b9b3e56ff23569cf8cd0195ed
A0A803M5L0,unique_never_inserted,c0bd220d2039b3b8b70cfde7afd3af69
A0A803M5N4,unique_never_inserted,c1c4bdc7adbc9c241d3b0ed79dd73cc0
A0A803M5S8,unique_never_inserted,8d4f5f31f8d2d88afc93afc123a8eb73
A0A803M5X5,unique_never_inserted,ec9b2787056d54e3e7001a5fbfa1dafe
A0A803M5X7,unique_never_inserted,5fdaf91cf0c1637ad97a6a4f8547afb8
A0A803M5X8,unique_never_inserted,8bf210a9088cec607cff46b604e1cc42
A0A803M6K7,unique_never_inserted,4a3f5acbda6ced4bad108d5f17a347e8
A0A803M6Q8,unique_never_inserted,db3d5562076f657965e9a4d75ca7b627
A0A803M7E6,unique_never_inserted,0fb15952a7d632654a722584ecdaedf1
A0A803M7I4,unique_never_inserted,13c2785f63897422f85cf7f4c311644d
A0A803M7J5,unique_never_inserted,d7fda9f2518a46d56533629497f0e707
A0A803M7P3,unique_never_inserted,83e509345eeb5a794febda384f778c95
A0A803M7Q1,unique_never_inserted,162a5735f0e735a790a20970a7dcf011
A0A803M7Q6,unique_never_inserted,30c4667fd47aa10e26a750bbc65b9ab4
A0A803M7Q7,unique_never_inserted,98ac10499ea34146fd9581aa6e6ea95b
A0A803M7R9,unique_never_inserted,4076c6a1aacf989ad778333e97173e82
A0A803M818,unique_never_inserted,05857f57152a4789518198d0a819abbc
A0A803M819,unique_never_inserted,e074ce96811dab0162668a67736f2e21
A0A803M850,unique_never_inserted,7ae3d468cdfdef70a734f39cf5a4fb12
A0A803M8F5,unique_never_inserted,167a1f5758938fa7bcc9e7fd960329c8
A0A803M8F6,unique_never_inserted,838324f14b224a2a045541617ed1da1e
A0A803M8I3,unique_never_inserted,42142d918caae4e8070d24e8845dc807
A0A803M8J4,unique_never_inserted,7f4a408e3408b5b46fe1023075afa982
A0A803M8J5,unique_never_inserted,976f764a2c90a1ca673a3ebb75f17dd6
A0A803M8K2,unique_never_inserted,ae3fc3136ba462398a5e5f38b9c24568
A0A803M8K8,unique_never_inserted,b0c68c254b031ee9963ab07af48218d3
A0A803M8K9,unique_never_inserted,bf1d9f9e75e5296d41947dfa2bd08a82
A0A803M8L3,unique_never_inserted,583e7942216bc80139a8a5e9395f77e4
A0A803M8U2,unique_never_inserted,8fe0c2ece9b7681362ebdd3e50474a17
A0A803M9D9,unique_never_inserted,ea31b41391c243d7263769c05553909e
A0A803M9K3,unique_never_inserted,75f96f1daab797426e6a8a4c129011db
A0A803M9L6,unique_never_inserted,08ff2c229eb16030108da06356f6acbe
A0A803M9R2,unique_never_inserted,144ade3e2216ffd0ff917943b0527604
A0A803M9S0,unique_never_inserted,0e62a76750637fc998ca5b0dbfceb583
A0A803M9S9,unique_never_inserted,55b76aa906545b7da5d703cc90cb9bad
A0A803M9W6,unique_never_inserted,667c151c425a9e7cd155a298de3eb2eb
A0A803MA18,unique_never_inserted,aa01df5d36beccfc773394b3550e83c4
A0A803MA37,unique_never_inserted,d57b8f5b3d0caa4d0410431894a34381
A0A803MAD5,unique_never_inserted,fc6e33422dd4c84c2707284e6a0459da
A0A803MAE6,unique_never_inserted,361dcb5e6631718c274c87e8adb323e7
A0A803MAF9,unique_never_inserted,7a270ca9bca997550ed8be1f422df2c4
A0A803MAU8,unique_never_inserted,9c8ea7a412a8ea55df155c7373d1f278
A0A803MB61,unique_never_inserted,aab53ac2f029a76f1a1b73c32ddbaf8e
A0A803MB76,unique_never_inserted,671f8e6274506822d528290e741514e0
A0A803MB78,unique_never_inserted,66b5e70ecd7f9df7f278bee2223297a2
A0A803MBC7,unique_never_inserted,3137ee98767dd80bbd3e349dbeb21735
A0A803MBQ9,unique_never_inserted,ba18287d668eacec038caa01703913a5
A0A803MCB4,unique_never_inserted,6ea083fdc3e80695a757b0bac8ab1ae6
A0A803MCR3,unique_never_inserted,27958798ece02c96b55d6ffba1c24b18
A0A803MDJ0,unique_never_inserted,ac41fa97e4a817e949b49d3bf69454de
A0A803MDW0,unique_never_inserted,2b6a6b1be9912f42eda0aae91915c990
A0A803ME22,unique_never_inserted,4315e419aca2f6d36f3fed2f4eba3299
A0A803ME34,unique_never_inserted,60cfce91904d7993545cbee41096f6ec
A0A803ME36,unique_never_inserted,9191f9165d539500395436c1ad4a46c2
A0A803ME87,unique_never_inserted,4d5356e3bdc9fda7cd432514754cf644
A0A803MEB5,unique_never_inserted,ffb95a688264626b855937fc873632f1
A0A803MEE6,unique_never_inserted,3f36e03580706299db78a7c11ac6ec27
A0A803MEG5,unique_never_inserted,81831bdc19e66fe07123c43fecd02b69
A0A803MEU5,unique_never_inserted,e273bb85c6e2db891037f327cabdba7d
A0A803MF08,unique_never_inserted,a93a0cd3aacf2f21b1a9e95abcde9fd2
A0A803MF46,unique_never_inserted,3cd03810c71fb0140e8285a6b9522412
A0A803MFA2,unique_never_inserted,05ba92694ac1b8a14f3e57e53f3fcfba
A0A803MFD2,unique_never_inserted,b225a7d8c50b8a9e50664d8a1fe26aeb
A0A803MFP4,unique_never_inserted,e07b98839b5ea27cf0fc45668bec33b0
A0A803MFT9,unique_never_inserted,b35adc07f6051bf66c68a477361d18a3
A0A803MG04,unique_never_inserted,a838b4d8661121ebaf92695fae131e80
A0A803MG22,unique_never_inserted,978469e54f866dd55cf48d95d047932c
A0A803MGF7,unique_never_inserted,2874a3968a2400ee3c9e8e4789ef0c09
A0A803MGG0,unique_never_inserted,84ecca0a50dbf992cd8762fff9eaadff
A0A803MGP4,unique_never_inserted,0c4b89f501991a515259d8893e67bc3f
A0A803MGU4,unique_never_inserted,647c18ff11d7bd94b17f19b4e3efb213
A0A803MGU6,unique_never_inserted,726fdb8ab1e5683e6e6887d330529c9f
A0A803MH50,unique_never_inserted,ec8aefcc52ed9fa8b596aa3070affa22
A0A803MH53,unique_never_inserted,dbdc5518483b0729a67c12f9f2ceb3a7
A0A803MHA6,unique_never_inserted,263cdaddb2040e9127ba71c48107a258
A0A803MHX0,unique_never_inserted,837b39407c71e1c65e1ae7fbbef99baa
A0A803MI26,unique_never_inserted,6c74f5271c25e213021321640b907f75
A0A803MI30,unique_never_inserted,0a9537368d614d37f97ac7a5f755e144
A0A803MI52,unique_never_inserted,49826f1aaec70757d2526a9c8c8581d7
A0A803MIF7,unique_never_inserted,169e84a950f9db1ea846a5fa707a91b3
A0A803MIZ9,unique_never_inserted,8c241aa23192cfcc8041e313342945d7
A0A803MJ06,unique_never_inserted,d690ee1a9ba26b7693d5e32fecb220ec
A0A803MJ09,unique_never_inserted,d513b065ab28ccbe3b6968b84d875f29
A0A803MJ34,unique_never_inserted,97bcc47e3c4648fd48730a3834fe0e64
A0A803MJA3,unique_never_inserted,9b304b67a3c129646caba57a89b38203
A0A803MJA6,unique_never_inserted,a2bcc1764c58ebd9a81a11369c07a29c
A0A803MJU9,unique_never_inserted,065f4fc6b2f0e57d2827a9a6b9445a6b
A0A803MJW2,unique_never_inserted,739eb3464a753c174a6cd28efe173d94
A0A803MJY8,unique_never_inserted,d8db80c923526567e20fea84da155569
A0A803MJZ4,unique_never_inserted,c351d4f18dcab77ac5c6869ea70213cd
A0A803MK01,unique_never_inserted,bf612364420a43f6a7a0b1b8fe1ed9d1
A0A803MK06,unique_never_inserted,8b570696a731a8b2d2b936f6ed2473e0
A0A803MKC1,unique_never_inserted,4b99be89280ca3eeed29fa25cd362ea1
A0A803MKD2,unique_never_inserted,db751bbc3ce77711eaf49288d1818e91
A0A803MLD2,unique_never_inserted,2a5dd541e998a4d7d2f4254c2da251be
A0A803MLD3,unique_never_inserted,290cd611cab65c9ebe277d2780064443
A0A803MLG8,unique_never_inserted,207646518a9e6df6ddc39ec29fdd0eb8
A0A803MLH0,unique_never_inserted,b04b84005ea78d1a65eb6d9477b968e1
A0A803MLK2,unique_never_inserted,bd91024b65a302fdf70cfa714d4acfbd
A0A803MLR0,unique_never_inserted,781f47a262a1023dedd0635571e00c89
A0A803MLU7,unique_never_inserted,6beac081cb44e17d21a30aebe1c41b3b
A0A803MLV1,unique_never_inserted,f6332c1247f41902a106b4fe72425365
A0A803MM10,unique_never_inserted,9af98fac7ff27284c52e47f20902d5b5
A0A803MM13,unique_never_inserted,16366d1b70289b2da92b94f5e9c2db74
A0A803MM14,unique_never_inserted,686676b4b3d6560812f017397e01ad5e
A0A803MM22,unique_never_inserted,d0842bc23a5b0262cb1858c41a9650e9
A0A803MM93,unique_never_inserted,0ae91d25712fa3311a18cd3a61005703
A0A803MM97,unique_never_inserted,588e3263bef94cdbc230c3fe8f0eafd7
A0A803MMI6,unique_never_inserted,cbe4d2b3e65cde4eda4df89187cab3d4
A0A803MMR1,unique_never_inserted,1fe97aaf33b8bc49f08f46f9eefa8c51
A0A803MMX8,unique_never_inserted,db41f8a076824817c65fa16bfe4b46e7
A0A803MN38,unique_never_inserted,188b0ea692fa60bd8a8f582f780a81dc
A0A803MND6,unique_never_inserted,125c03040300cca5bbbede0e2d8b2183
A0A803MNH6,unique_never_inserted,5b9862ecc556dad4498b5160959680e9
A0A803MNJ9,unique_never_inserted,ba9ed52c929295e9f607ce063e422dc4
A0A803MNP9,unique_never_inserted,84a5dbccb7fa06b6862119e952c71eff
A0A803MNR9,unique_never_inserted,c2f8556e5a2e1ee36bce29264d096516
A0A803MNV6,unique_never_inserted,a03ec7f549d243c45e6c160bf8be0b89
A0A803MP28,unique_never_inserted,ac9c7ec642dfa0ad00818829f8cbc2e3
A0A803MP98,unique_never_inserted,e7f6288a6f9baf6864b1a0a944218b98
A0A803MPA9,unique_never_inserted,8ea1c60df30fa99115af543526d2a6d0
A0A803MPG7,unique_never_inserted,eab981af81ca28fc20abd7c75fd57c9d
A0A803MPI7,unique_never_inserted,f01b726a12283a41b44891d1b3d06e65
A0A803MPK5,unique_never_inserted,ffe1d1146fae62a55e88e3c3f3659657
A0A803MPV1,unique_never_inserted,80154171c5d77929c6a2599b4537852e
A0A803MQ66,unique_never_inserted,0e94d13cda240246db6c8ebaaf402a48
A0A803MQM5,unique_never_inserted,dfffc4559c9c722751cc44a2c932a447
A0A803MQM7,unique_never_inserted,c463250907a740201bceabea1d545e7f
A0A803MQN0,unique_never_inserted,9b63daecc571588bf95b8354a3a7e523
A0A803MQN6,unique_never_inserted,3d9729a3e9def1cb8681d5ab64ef25b8
A0A803MQT6,unique_never_inserted,ea82bf7b2f29ffdfb4ee194ab774ee36
A0A803MR29,unique_never_inserted,6ad0fca50c657fadcd10038be2bc5a0f
A0A803MRA0,unique_never_inserted,169c5dd51b3141eff522487981dd10af
A0A803MRE2,unique_never_inserted,63ee21ec7ab9882d22d4aaa2567ab601
A0A803MRQ4,unique_never_inserted,f43ff193c3a820169afd6cfdf6394ff0
A0A803MRU2,unique_never_inserted,b0e38e4aa189989de0dc036e39d667b9
A0A803MRZ9,unique_never_inserted,04e1a54d17b1cb2082663abfbd36bfe9
A0A803MS12,unique_never_inserted,afdb8b670df6f30dca8b1f84ffa6026e
A0A803MS70,unique_never_inserted,f5f3c2d8429345ef5f23a1921df5ee11
A0A803MSC2,unique_never_inserted,4f4fb86f1b66760fd277585612c19357
A0A803MSI2,unique_never_inserted,2f162d6630b369dfc02f0accd04ebdea
A0A803MSJ8,unique_never_inserted,8b150f4b2a1540909e700e90dfbfae1d
A0A803MSL6,unique_never_inserted,05f5200217a770401d117b9add7fdcf3
A0A803MSM2,unique_never_inserted,ef822e643d78901977616a592ed1fb8e
A0A803MSW1,unique_never_inserted,e1f7c6d18449b87f841e0611921e02cc
A0A803MSX1,unique_never_inserted,f3a0411d1277799281c1505e0e61856c
A0A803MSX4,unique_never_inserted,4808bc59733bd3df216321c5c52a1263
A0A803MSX6,unique_never_inserted,c6b4aab1ea24534409399720c966b11e
A0A803MTG1,unique_never_inserted,23f85cc70ad9afafa90b61fb6c1f69ca
A0A803MTP5,unique_never_inserted,71ebeb0b6dc4fe2bdad25232c158e633
A0A803MTS9,unique_never_inserted,8557c0839994d2fd5f7e35edfb7cd1a9
A0A803MU01,unique_never_inserted,8883c72a672bec18ea23277c342a23f7
A0A803MU74,unique_never_inserted,d5209f7f001934358a449064771f90b5
A0A803MUJ6,unique_never_inserted,1569118bdf7b88b5fb038ca70aef74bd
A0A803MUN5,unique_never_inserted,703e27bd8b65ecc7e366618bb9890bd6
A0A803MUV4,unique_never_inserted,4b3d80f0f5677186c559ca493de9304b
A0A803MUY1,unique_never_inserted,7e85c68433d3aa2a228c54a1365de01c
A0A803MV94,unique_never_inserted,e7b3ea2a75c45a6e2acd90bfda8bf702
A0A803MVQ2,unique_never_inserted,bbdfed834a54fc654f2cbbc53e14fc01
A0A803MVT0,unique_never_inserted,605aed73bf0742c55135a35a180daa79
A0A803MVT1,unique_never_inserted,cd3e4b1e6a8f5473719218886eeb880b
A0A803MWI4,unique_never_inserted,8cd19f9e71eb88d6e293dc0e21a20def
A0A803MWK9,unique_never_inserted,a6a8ac3cc2dae57ed5b5f13ee61ce1d1
A0A803MWN2,unique_never_inserted,ec29b91b9aba5531e21295e6b14e8c3d
A0A803MWV4,unique_never_inserted,f8db3a8d6e26e414ae709bc20bf8e191
A0A803MX66,unique_never_inserted,5f689f1bb2d8822181ce5da10197525f
A0A803MXA4,unique_never_inserted,a13863b034723c66b8f8245b4c620931
A0A803MXA9,unique_never_inserted,990ff87e455a744861c585a0e792f025
A0A803MXQ8,unique_never_inserted,7080dc5402f09a348fee02b02a872359
A0A803MY53,unique_never_inserted,3001daf68822b1abc2c6e9d093351369
A0A803MY89,unique_never_inserted,40d204e81ecdfffcb6b06cc77f237e5c
A0A803MYC1,unique_never_inserted,24f3539c094fff9337a572458e1a4a97
A0A803MYH1,unique_never_inserted,55a545b942970bc5e01fdec455407425
A0A803MYI6,unique_never_inserted,505424f590ad0d76fdf0be366c8d2047
A0A803MYR1,unique_never_inserted,84fe8fdd7feab3e642ce1394f76f0ecd
A0A803MYS8,unique_never_inserted,b10a5fe4e909b6ed53cf04fc54620421
A0A803MZ43,unique_never_inserted,e4c46c8c9f9332c1c47edba7c922d8bc
A0A803MZ61,unique_never_inserted,62a0ba5630331c552d8b99c3b598aa37
A0A803MZ94,unique_never_inserted,30d52c51af13d8d3ab39d899536663c5
A0A803MZF4,unique_never_inserted,f51cba92370b0207467aa277d0aeaacf
A0A803MZI5,unique_never_inserted,69bb104204aa03d9676de6b9dca0517b
A0A803MZS6,unique_never_inserted,67bdcb39eb58e62845e4a52c905d67f8
A0A803N000,unique_never_inserted,97a1ef5e63f17acf79b167e65e07ca95
A0A803N007,unique_never_inserted,470efd3119e31bbe77dd6c38fa5b7f23
A0A803N052,unique_never_inserted,f63729cf8ddc1bd15d3d5f17741f2a0f
A0A803N065,unique_never_inserted,a1467dfd49cf59ab76329d15ed0c8cd3
A0A803N0D2,unique_never_inserted,bf127f67a74dbd91b32b46ac0c63f7b0
A0A803N0H3,unique_never_inserted,472e3bef4ae0335a370f6557d43efda1
A0A803N0L7,unique_never_inserted,ccccb3a2df041d8b2a721c34c8f38459
A0A803N156,unique_never_inserted,77dd4926a07c0ba2ddd4880ceeb3dba1
A0A803N163,unique_never_inserted,bd80f1a672eb667d3cb9ab0a1a1878b2
A0A803N171,unique_never_inserted,806c7f9290145bd0b6e8337b80776d55
A0A803N185,unique_never_inserted,a13d3038c3eabf50ee191440b807f31a
A0A803N1G4,unique_never_inserted,b62af068d12fb7bcccfba2f47abb36c5
A0A803N1J7,unique_never_inserted,8fead8fa274ae5d82e34b50845f0a099
A0A803N1R2,unique_never_inserted,7bbf9eb428475279c12aa2a9626c1888
A0A803N1X7,unique_never_inserted,0b403a9adfb669116ff8c9996e005af6
A0A803N206,unique_never_inserted,a9b9f624817ae2fb9eabded3fe11ca8b
A0A803N277,unique_never_inserted,3e9efdcf593361344b9850c1c35a0b19
A0A803N2D1,unique_never_inserted,c3756ad6f8cd7a912b5d84b344a631cd
A0A803N2M0,unique_never_inserted,f98007dac8b224e9d4fee29aeba6a0d2
A0A803N2V8,unique_never_inserted,c829b98b22c299205aa5f96d222e93b1
A0A803N2W9,unique_never_inserted,c3e8da74a94b0541a44259aef4b15545
A0A803N325,unique_never_inserted,6c8ded6c63eb903c17a99ea74ebecd35
A0A803N330,unique_never_inserted,853354340bc346d11527ad7026df3155
A0A803N357,unique_never_inserted,18c916f6d727023868a4f2a031d39136
A0A803N365,unique_never_inserted,6a6875c035b6c645be69e1bdfde37313
A0A803N390,unique_never_inserted,f349c14e93911465a6682a3fc53e2fee
A0A803N3C1,unique_never_inserted,b4eac4115bf2dca2c3905d76a7844aab
A0A803N3P6,unique_never_inserted,24a434cf4ca652937179edb6a735865f
A0A803N3V3,unique_never_inserted,d9e18a7bde365449c45e7a5325612b28
A0A803N427,unique_never_inserted,ff9bd8ac487ad83b92a70f6fc9abcf11
A0A803N477,unique_never_inserted,667880c601d935d4720d6b5541ec76c1
A0A803N4B0,unique_never_inserted,9c4e036144418aab85ec1946d2813eca
A0A803N4D6,unique_never_inserted,d1e0f8b915c66cdb9861795f5826aa49
A0A803N4I7,unique_never_inserted,9c2d30d2c1e1a3bc92e1da25c727da06
A0A803N4I8,unique_never_inserted,485f4f162265e188c8bcc9f6a7dbef1b
A0A803N4J5,unique_never_inserted,b9d6ec848b0ecc7d564a7cb03d477503
A0A803N4N3,unique_never_inserted,70cd694d26da013de70c18ae63423290
A0A803N4P7,unique_never_inserted,c3ebdb53bc4e34c8bf9f839d78b66c2d
A0A803N4R6,unique_never_inserted,81d08b8c764030de9119e30dc5a9ffb8
A0A803N4S4,unique_never_inserted,4bafa33e197e7381ff4d21457e354585
A0A803N4Y6,unique_never_inserted,5ce8aa5c56b7ad1bdbc01459b5559ede
A0A803N4Y7,unique_never_inserted,b2aa5cd294ecf9d5e0e826afb0301eee
A0A803N4Z8,unique_never_inserted,55a41e8ad740fe79456362ba11cf0641
A0A803N534,unique_never_inserted,b95fb439392487e70cd30a367b12ae5a
A0A803N5C3,unique_never_inserted,dc5dee9d33a5b263bed724cd59aea213
A0A803N5F3,unique_never_inserted,9b9cd100a147a612030a25984cfd8d89
A0A803N5J3,unique_never_inserted,204dcc350d6c72c21706a7dd58395db9
A0A803N5R1,unique_never_inserted,2d800d43597eecb11f2ee6dcd42575e3
A0A803N5W7,unique_never_inserted,d6a7961b9af6691cc9b3dc52b005bd48
A0A803N5Y9,unique_never_inserted,dd66026a1f94624b9b153686cb913654
A0A803N654,unique_never_inserted,2a26d5a25e6abf5bf9cf9c7b40853f46
A0A803N6D9,unique_never_inserted,f38b032c1a578bf76b07253ce896413c
A0A803N6J8,unique_never_inserted,6f708304bc8d81de69542c12454f7be2
A0A803N6K3,unique_never_inserted,efbc0c68b6ed3881955740eb66250b64
A0A803N6U0,unique_never_inserted,11344b9b8096d580853cece6452a458c
A0A803N6Y4,unique_never_inserted,289b417411394fb12f28f4e344cc51c4
A0A803N7B0,unique_never_inserted,35a538df4c1d0f8d74a03c310d906eed
A0A803N7D3,unique_never_inserted,4b6fa85537c39f276d0c678656cc9cc6
A0A803N7H0,unique_never_inserted,b170a8d2821fc8d24c40856b538345e2
A0A803N7L1,unique_never_inserted,f64d00d7987d4542955b477aa5662d94
A0A803N7N8,unique_never_inserted,8a33b54ef88e2d6af12c7307c56081ad
A0A803N7Q6,unique_never_inserted,81651dd23a5b20203bda374aa326f862
A0A803N800,unique_never_inserted,6fafd706dc8b2690f54f825e68fea644
A0A803N8I5,unique_never_inserted,4c71008baebe22090725507e27abf297
A0A803N8U0,unique_never_inserted,8d118bbeb17720ac48bd86d40a4bb4c4
A0A803N8W4,unique_never_inserted,eb7499b2a926756e6cc9467f40afbaae
A0A803N8Z7,unique_never_inserted,1976e48465f3c87f207c1a848d42bef0
A0A803N949,unique_never_inserted,20f9915525ab80a1c57435389aece12a
A0A803N9W2,unique_never_inserted,315b38375f53dbba4c206be869cbfca4
A0A803N9W3,unique_never_inserted,dc53795d2a072338f4fa6ee34ad9ca9e
A0A803NA44,unique_never_inserted,decf4f40eaef7eb6188ef57c3239eb79
A0A803NA66,unique_never_inserted,41edecff473179333fc421a3372ea89e
A0A803NA87,unique_never_inserted,a426bd8d9c4c9de7a2256ee053202a65
A0A803NAD6,unique_never_inserted,c76c0960e343b4d790cdbbf26bf1b648
A0A803NAJ8,unique_never_inserted,e8fcce80ae44a15a5e62678105efbff0
A0A803NAQ6,unique_never_inserted,5b4302a9ef93a79d3cccf5987b4f1ab4
A0A803NAS0,unique_never_inserted,31cd37c1449468c4aa7625189be8dc1a
A0A803NAT3,unique_never_inserted,ebca9c8c1107411a46c53f4a501c1cb0
A0A803NAX7,unique_never_inserted,80904d8ef5f2c74ba4f349aa90926131
A0A803NAZ5,unique_never_inserted,109c0d907d61e2fb83fbb02b594216af
A0A803NB55,unique_never_inserted,9ecc3bb80de5a5065d9aa882424bc774
A0A803NBI8,unique_never_inserted,9922b48234bbef4c225da6ff2c4dab07
A0A803NBJ8,unique_never_inserted,eda74ed661e64e2937e23dc856160073
A0A803NBQ1,unique_never_inserted,fec64b985fa16fcb9ae010a9413fdc90
A0A803NBR9,unique_never_inserted,7dcc6c30180d26727d8677b4ef04890e
A0A803NBU6,unique_never_inserted,6581ac3ad38df62db3ca19e282bc97c5
A0A803NCC4,unique_never_inserted,bb6dcd28eaa53cde08daf6aaf2f8411c
A0A803NCX2,unique_never_inserted,0e5f9d4c2bb8002c7e9a16ab3cc84355
A0A803ND46,unique_never_inserted,8d9435099cbc7b9aaf1339043471e4d3
A0A803ND61,unique_never_inserted,8b7aad6c3ae77994e33f342feead46d4
A0A803NDT2,unique_never_inserted,b001ab713cb06b788d0e74e405820a10
A0A803NE18,unique_never_inserted,2bfc0b8d8de2a5649370378a165b836d
A0A803NE98,unique_never_inserted,10b924ac218557dbb0475db090ef69ac
A0A803NEH3,unique_never_inserted,f4126bd963c4189944b936e2add98af8
A0A803NEH6,unique_never_inserted,6dabe78b05821f700881971196c87cbd
A0A803NEL2,unique_never_inserted,b6c0216bf348db48d0ca4827c5d46233
W5VXM2,unique_never_inserted,84e4f22d7982b1afc87ffd0b5c31f3d6
A0A0M4B1M0,unique_never_inserted,2df4e9bb97e70f3f809e6e19a81ace23
A0A1X9WDE2,unique_never_inserted,75bf4da24303f6b716a12f5d353834df
A0A1X9WDE8,unique_never_inserted,135f539cf984e8c341e65d4f46a98998
A0A1X9WDF1,unique_never_inserted,d15983f314634a2f2ed50cd8574e5f7c
A0A1X9WDH3,unique_never_inserted,3af76b84cee7ec3165b89c9ca060b739
A0A1X9WDH6,unique_never_inserted,e5ecec73b03dec323c4015970b0bc4c7
A0A803KLV6,unique_never_inserted,e60c1594eff9c50cad467f227d7aef0a
A0A803KLZ2,unique_never_inserted,147125ec806d6492cffcd99149bc01ba
A0A803KLZ9,unique_never_inserted,57455d13641e988c73d0649b61e6255d
A0A803KM04,unique_never_inserted,9cde9a7bfaa5c27de3a0fdcb69f31970
A0A803KM12,unique_never_inserted,79e92956716abad4284e11d4e07e2d8e
A0A803KM37,unique_never_inserted,8784d32774d5394016bf70967d74ef1c
A0A803KMI0,unique_never_inserted,81826c9f323c0dfdc18780355ed06a74
A0A803KMI2,unique_never_inserted,7ff73e42b80863761e471a4b9d6e11ad
A0A803KMS9,unique_never_inserted,0bb55248351d98d5bdacf391afb6c7c7
A0A803KMT0,unique_never_inserted,01a7d695804adf1e3e1d2fa7817879f8
A0A803KMU9,unique_never_inserted,8cbedd0118421ef84e44f5ee31b65720
A0A803KMX7,unique_never_inserted,54d5df968e5483611fe31dac538ba4ac
A0A803KMZ0,unique_never_inserted,a90cccaf3e733670fa061b113f8ff43c
A0A803KN40,unique_never_inserted,bffd960a21ccac61e33778b9ed7697bd
A0A803KNC8,unique_never_inserted,d3b558ed290976bfbad53f69f3798385
A0A803KNH5,unique_never_inserted,1b441a322b7467fc8ab27c4ff87e5c12
A0A803KNH9,unique_never_inserted,c97b337b02bab6a871e914e0ef351260
A0A803KNJ0,unique_never_inserted,dc92002b8a386058382bae48a95b799b
A0A803KNK0,unique_never_inserted,b15de976c8651fd70127d2e8fd40a244
A0A803KNN8,unique_never_inserted,c10fbe849d9a114b0acc0d0d609189f0
A0A803KP73,unique_never_inserted,71bc2d912097facfa8716d5d0a3c771e
A0A803KPN0,unique_never_inserted,4063dc8a8c56760b4d3ec67126f1e2b7
A0A803KPN6,unique_never_inserted,1e329c00004e02dd461904648e91f89b
A0A803KPN8,unique_never_inserted,7c7ac8a045896eec9918e458a6a38f5f
A0A803KPQ4,unique_never_inserted,9779de78d3b714cd05daad98e58947b1
A0A803KPT8,unique_never_inserted,37fba87288633dabd29b34db98322ed3
A0A803KPV2,unique_never_inserted,9f5e5e235647238a3df90f592b9f984e
A0A803KQ74,unique_never_inserted,9fcbeda9f09cecbd5d6dcfff72f6d98a
A0A803KQU4,unique_never_inserted,0db818bf7eb0f497a819e9cd0bb75717
A0A803KQV3,unique_never_inserted,ce6114da77c696e9127d53b384d31050
A0A803KQW1,unique_never_inserted,1d2e72f4f90cb832523d868788a8ab5a
A0A803KQW6,unique_never_inserted,01f2f757ac6ebb57fd38dd0640acfcc7
A0A803KR59,unique_never_inserted,0afe173f5771d7e419a9916e6aaa0227
A0A803KR74,unique_never_inserted,93af60da34f23958730c1dab2a9355a5
A0A803KR78,unique_never_inserted,4d5ca9e8b1a3bf79b520a3be7f0965ae
A0A803KR90,unique_never_inserted,7a72f45c95ec2578d546ed7f0fd3199f
A0A803KR95,unique_never_inserted,61e8da20d3192eacb7449ee4af526765
A0A803KR96,unique_never_inserted,0ea5334dce8d5269734279ddadd34a3b
A0A803KRD9,unique_never_inserted,bd1d4cd6d38a49402d65596631660046
A0A803KRN2,unique_never_inserted,f6625f44c56ade423a794b804874d3fe
A0A803KRX7,unique_never_inserted,c3a96dd669f73ddccd9eb5938edfef34
A0A803KSA3,unique_never_inserted,ac6a78cf2f211afd8306dda8555cbb36
A0A803KSC4,unique_never_inserted,4216d6e383eb915afe280711dfc02704
A0A803KSE3,unique_never_inserted,b02e492e11b74ea54b2bdc6b867a72c2
A0A803KSI5,unique_never_inserted,1d61b865e2c470ae728c82a712ce052d
A0A803KSM3,unique_never_inserted,daa6dedba3369e8ecf0ef6a183082c24
A0A803KSP0,unique_never_inserted,7c2e0a0b38b5d501d5f2a6137c203d7f
A0A803KT64,unique_never_inserted,0d123f5df242a6cf59c4cce3baaa1766
A0A803KT79,unique_never_inserted,5340213f245466f7a9348623441962fc
A0A803KTB1,unique_never_inserted,04e2bfb3591556176ad811ce7eb5e877
A0A803KTR5,unique_never_inserted,4f1b563367f00ab2b08caa03ccfa2f7a
A0A803KTU7,unique_never_inserted,3553c8678114b750df36b85e701ffb8d
A0A803KTV4,unique_never_inserted,529a0106e95515e7a757264ac519767c
A0A803KTZ0,unique_never_inserted,e7a068fb42bae23cf20a0217d6217f77
A0A803KU11,unique_never_inserted,16bfe04a472e740867d09ef9fe7f7a31
A0A803KU37,unique_never_inserted,1d40542bf35e757e2b5c2c1277bda91d
A0A803KU52,unique_never_inserted,a3cb0d9121644704e168929ff0520983
A0A803KUJ4,unique_never_inserted,72f1056310faa7547ffdaa799f63b1e6
A0A803KUU6,unique_never_inserted,a16fe49745c498d47c42f2ba4c2cb15a
A0A803KUV2,unique_never_inserted,2988d222a8fa35fda5156d7d27bb55bf
A0A803KUY9,unique_never_inserted,74a61765544a96b4a0f80cf00d9b0fe3
A0A803KV23,unique_never_inserted,f82e9389f167d254b32dd3dc75b018fa
A0A803KV36,unique_never_inserted,82fb255aab4a2bcce51b33b2bfd2e997
A0A803KVC4,unique_never_inserted,00933777074cff4bfd7705c6861d99ad
A0A803KVK4,unique_never_inserted,0a835125af29e7f1ccb9a76533441ed6
A0A803KVR9,unique_never_inserted,ef605b3029fe74341b7e73d8f2fd685a
A0A803KVX0,unique_never_inserted,647767f9062a8731cdd42ec7884928f9
A0A803KVY0,unique_never_inserted,c281023553a89c462b7665ef039f017d
A0A803KVY1,unique_never_inserted,5db33139850b9a3a60e880edf1e0605e
A0A803KW62,unique_never_inserted,2508d93e661e567e02f2b7bfaeba4653
A0A803KW64,unique_never_inserted,0737a59b7c854b5e3646f4f1f16d1590
A0A803KWB2,unique_never_inserted,9deb8a0dcb4574aee34cdeda5c1788af
A0A803KWC0,unique_never_inserted,a24bb87b91ae635e8055cd124d163e3a
A0A803KWH3,unique_never_inserted,c2b2ded1ea9e570b6773815ab9ad7984
A0A803KWM1,unique_never_inserted,cd7e7fb397b4525d4fc31f1dd7ac3ee5
A0A803KWP4,unique_never_inserted,a802da8921a93705c83b25b3a0e4323c
A0A803KX24,unique_never_inserted,858f321742247cdc44d0b5f99bad61df
A0A803KX55,unique_never_inserted,892401768c8ed1fd9fb49e759b90d146
A0A803KX71,unique_never_inserted,b6e7ab9158131cdcae52b8850a92c671
A0A803KX84,unique_never_inserted,56745fbe9428acb5f7c3e0f9d911d6dd
A0A803KXB1,unique_never_inserted,eeff90c9c30bb458d32a293ea5ef09ab
A0A803KXD2,unique_never_inserted,4d9e664ac8422c8a186c71d6b84f26ac
A0A803KXI5,unique_never_inserted,dc037d07a2cc66b6383daeadf4d6d0b6
A0A803KXJ3,unique_never_inserted,d374930edb8875b1d70c20c53ec51071
A0A803KY26,unique_never_inserted,48d9ebc05f5912e09942085d77a37b29
A0A803KY85,unique_never_inserted,2d4d70f74d974b201a7b57cccd55f79f
A0A803KYC1,unique_never_inserted,d21610f28a7f37d5d14e2bafd3404aa1
A0A803KYP4,unique_never_inserted,48a83b026683a92a08307b1528d2d4c1
A0A803KYQ1,unique_never_inserted,abe60d59133d8e27a05351c08ac92faa
A0A803KYS4,unique_never_inserted,e827e0661028fa890d87020549ed40aa
A0A803KYW9,unique_never_inserted,e6f9f9abff759c2024da4c303f80b9b9
A0A803KZH4,unique_never_inserted,eb9f201ae9de84104e9a0f2db63ee211
A0A803KZJ4,unique_never_inserted,fce6eae561139d7721a77ec7d7e915a1
A0A803KZQ2,unique_never_inserted,2897a6a0ade864cb36cd122810c891a2
A0A803KZQ4,unique_never_inserted,bca0465a9b35e15a2c845d8b2b6c9164
A0A803L050,unique_never_inserted,7701611aecc25fb32db01ed68bb6fc51
A0A803L0A7,unique_never_inserted,50a78a4a3154a91a4fdfb63facad4ba9
A0A803L0D1,unique_never_inserted,c53d3250650010b1737b3a559c6cbd11
A0A803L0I0,unique_never_inserted,0648355388e05a5e066f6110e42917e3
A0A803L0Q2,unique_never_inserted,316de1856b2ca5c611307d1ed64620e9
A0A803L0Y3,unique_never_inserted,9df992c2033f92dc7749ecc4fd5929f7
A0A803L156,unique_never_inserted,8c59be8a67dcd28824d12026ae42697c
A0A803L1C0,unique_never_inserted,e14ffe6de2c102dca77b9d5b590d339e
A0A803L1D2,unique_never_inserted,c1644b18d47d1f4b64f14d2493617ebf
A0A803L1F5,unique_never_inserted,20cb32d21301888c3f1b2ced779633d0
A0A803L1G1,unique_never_inserted,aadaa005ec2adb6df7da95deae053195
A0A803L1H6,unique_never_inserted,70bf77d4826b44ba44f70e87dda26c0a
A0A803L1J3,unique_never_inserted,2ab433a6f2a12d7fc599e8d71ab9a995
A0A803L1J8,unique_never_inserted,3f151ecf079709a41c8df06e8085057e
A0A803L1R2,unique_never_inserted,b0c16c68b61e4a0a6a5ea5c36cc23464
A0A803L1S1,unique_never_inserted,dcbf1541769670b63a6d409c97624610
A0A803L1U7,unique_never_inserted,76a3a09fd84140a3514662b3679186ff
A0A803L1Y7,unique_never_inserted,3ff9ed6b50cd67f4cf8e36952ff194b3
A0A803L1Z6,unique_never_inserted,3ec5c774d8cb233634f9748a1a9493df
A0A803L224,unique_never_inserted,b9f97c869204bf8a12d393800d205945
A0A803L226,unique_never_inserted,3ab50023cf8b094ab118e6efe2ea1107
A0A803L266,unique_never_inserted,04655638a2f6fefe8be62a44dda59784
A0A803L277,unique_never_inserted,76c403a47af96d46f7f4f025ebc6679b
A0A803L2A0,unique_never_inserted,e3a4d43c3774b6d011d53573beb6861e
A0A803L2A6,unique_never_inserted,ca252c8024533f37fa9a41ddf1d1203b
A0A803L2C9,unique_never_inserted,20658bd9adddc4b36edab2d465843340
A0A803L2D7,unique_never_inserted,34ed889a5b6b8e66ca1760a8869a6db2
A0A803L2Q3,unique_never_inserted,4a5db8beae1d9080f4dd2973e7aea31a
A0A803L2R1,unique_never_inserted,2c180719ef1ec572f5e5f466a457f491
A0A803L2T6,unique_never_inserted,d7bd5452eb804f31cf4e95579e939d69
A0A803L2U3,unique_never_inserted,7f8a83afb2259133143256c9a9c99b3a
A0A803L308,unique_never_inserted,01eb08c8ee43f37851196d4ef0798ee8
A0A803L380,unique_never_inserted,231ba0e7ef62f463b7f4cb9364a6ed45
A0A803L389,unique_never_inserted,5fece3c507ee6b288fac386897f243a7
A0A803L3B2,unique_never_inserted,c841af6cfea1c85495e99bcf3de72b27
A0A803L3F0,unique_never_inserted,c25251ba6f0931a14782a158d8e480c0
A0A803L3G4,unique_never_inserted,549c0dac30e085fecba1e8750b6f0479
A0A803L3Q7,unique_never_inserted,3a7671c5271071ac5384b2ec32b45db1
A0A803L3S1,unique_never_inserted,3db7ebe1f1153e9beb9a9ba89f3abaf7
A0A803L3Z6,unique_never_inserted,20b7de6b5f11d87fe9115efa1268cbde
A0A803L413,unique_never_inserted,75a20bb25a0869c793da0055e7b7042b
A0A803L419,unique_never_inserted,45cf63e3d58da19202adb97e231a1a1d
A0A803L478,unique_never_inserted,fd234ace9f239f90269c0b0ed8a6b61b
A0A803L488,unique_never_inserted,6bd60f7571a20ab62d0ffc36828df53b
A0A803L498,unique_never_inserted,be3a38987d39a0b56c8d75fd3d4e0399
A0A803L4G5,unique_never_inserted,0b3cdf3599534a970ac57edb4b46fce2
A0A803L4L0,unique_never_inserted,3b0782852caa6a23ef7fb9575a6fcb5b
A0A803L4L1,unique_never_inserted,b7cab40591601aaff5014126caaf92b8
A0A803L536,unique_never_inserted,b7b4f4bb0abab1ddae144d33bdb92290
A0A803L5D7,unique_never_inserted,5e5ac80caa0f564051a615abf5e09162
A0A803L5Y4,unique_never_inserted,ea3b15853e2c0f140293730335ebeb1f
A0A803L628,unique_never_inserted,5e46e978f4d8fcb5a0ccffd3f4789cd6
A0A803L6M1,unique_never_inserted,0b639eed099b2736152c2a4ab63fa532
A0A803L6S3,unique_never_inserted,1a1044ff041470ca5e3b5341d1ba95e6
A0A803L711,unique_never_inserted,08884ba098774344e112dff7ad163d7d
A0A803L7D0,unique_never_inserted,35b981a34ebee24500c9b349944b2681
A0A803L7H5,unique_never_inserted,184f32cc88a8fb64050d3fd6e5329981
A0A803L7V7,unique_never_inserted,0d33a306b51349e2c03d507be6fac8ec
A0A803L815,unique_never_inserted,0669216dc2ad1f3d6f092159da9d1151
A0A803L840,unique_never_inserted,2f16624f527ce2bf5cb77a321d67a834
A0A803L935,unique_never_inserted,ce66805b2ff0c6dd9ea73377187aa8f5
A0A803L941,unique_never_inserted,ea209af38108106b3e824fd73089428a
A0A803L9C0,unique_never_inserted,9a47fc616933ce9dd84fb13652a6a5a9
A0A803L9D5,unique_never_inserted,ec0cef90c4c27f1dad9a139a18e7404b
A0A803L9Q2,unique_never_inserted,1fa0677fe120c7f8e8919643ff2332dc
A0A803L9Q4,unique_never_inserted,841329b340a39491d10525120c6b1d1b
A0A803L9W9,unique_never_inserted,5cd6c1ec2a9f4be0c9a882c4a4278c5f
A0A803LA29,unique_never_inserted,94eb09f2ec298e6608b2ac6e5d31a740
A0A803LA40,unique_never_inserted,fcf8be4960e90c7e1d379692adf54663
A0A803LA45,unique_never_inserted,37ed26603187e4e73a18eb8ca5993fcc
A0A803LA90,unique_never_inserted,32ab9c16daf37739c1ae3ae1f620762a
A0A803LAB2,unique_never_inserted,f7001f7e7f692a2fd3468b39224c7dcc
A0A803LAJ6,unique_never_inserted,6fe68de15a09562976505167f711e84d
A0A803LAK1,unique_never_inserted,e2d412b0a0e36baa5354e085f637bee7
A0A803LAY1,unique_never_inserted,184f463859a203820bc3fd71b98664e1
A0A803LAY8,unique_never_inserted,36bccbe93e4f4a1fda88dad3aa345583
A0A803LB65,unique_never_inserted,6bfba84a59bb1ef608a2c0b297b335c2
A0A803LBF0,unique_never_inserted,d05b4a1eb7b4a2bbf55a97aefec9c10c
A0A803LBG0,unique_never_inserted,6fffd9ff1c6af98649a1f427cc03419d
A0A803LBI8,unique_never_inserted,9116c5d1b689fd17287785fe38d1ea1f
A0A803LBN1,unique_never_inserted,0d3b3edc3e3d4567831bb0265cffa350
A0A803LBS1,unique_never_inserted,755142c73379005df30157f5475ec421
A0A803LCD5,unique_never_inserted,4a7867adf7a64b4cc11caa2339e9bc37
A0A803LCH2,unique_never_inserted,6d0f6a9b247eaec01face3e550183e52
A0A803LCK4,unique_never_inserted,8be13c929566e154c1614bfb7e7a29ce
A0A803LD13,unique_never_inserted,c55743074588ce4cdf95dff626ea7fb2
A0A803LD48,unique_never_inserted,7b66eddd972677f2566c03e0a18b0c04
A0A803LD92,unique_never_inserted,ec8a8590bb58e7856dcfdfed6a5c37cf
A0A803LDB3,unique_never_inserted,1bf34114b5c3fc906d0f63c392e60fbd
A0A803LDE4,unique_never_inserted,0c6ef58d1fa37e8c9cbd7b60555115b3
A0A803LDH9,unique_never_inserted,b7077009b964e88004aba2186d656638
A0A803LDK9,unique_never_inserted,2b1c48c3134139b7545d3bfb9d06b072
A0A803LDQ1,unique_never_inserted,2b04c1273d933753a1a498a57423ae54
A0A803LE99,unique_never_inserted,34dadd5cda5ac09b78fa332c747cb564
A0A803LEC7,unique_never_inserted,4f67d3b3c693ebde902b466695e8a220
A0A803LEF7,unique_never_inserted,2d3c715900e6c1fe764fcaf2ac9a9484
A0A803LEK5,unique_never_inserted,933cb48a1f2f01879030eebb936e443a
A0A803LEM1,unique_never_inserted,c08f58fe623990c577030aa534d4db4e
A0A803LEM5,unique_never_inserted,c8f2679402534b9b22daea5ea2452792
A0A803LEP0,unique_never_inserted,4b307ffce95e59f34ada45b381d20c30
A0A803LEU1,unique_never_inserted,c7834cd165cc550773ff15626086aa04
A0A803LEW9,unique_never_inserted,85d5e095999a8b718c6fb08e35ba2a82
A0A803LF09,unique_never_inserted,52254cbb61cfbc306ea6ff76f38257a2
A0A803LF55,unique_never_inserted,b743e81dfc07d7ed6024f488e695c589
A0A803LF60,unique_never_inserted,60a1e53183d3417cd7e1d278cd82306a
A0A803LF94,unique_never_inserted,f18d9df29729be65b4da71d0c583d517
A0A803LFC7,unique_never_inserted,0b88c6f34cc6ce5a9372b0a800d5ef68
A0A803LFF1,unique_never_inserted,3e38dfc6f289b3e057e8ed62c2bba4cc
A0A803LFI9,unique_never_inserted,5af5d070f59f422e9625539069dfc0d7
A0A803LFL6,unique_never_inserted,8355001c66cd24fee9f7e9ba66262b41
A0A803LFV5,unique_never_inserted,beaea5b63d92d4f9e90298684609ed45
A0A803LFY6,unique_never_inserted,1093342dc778e185de237a1d30ad9453
A0A803LFZ5,unique_never_inserted,f231acd093c1bff399269900a80b1f37
A0A803LG06,unique_never_inserted,30bc9bb8a5d5a4f2c8cd991c7d92ba58
A0A803LG92,unique_never_inserted,012629007047dcbcd8b4d37c5f1f52c8
A0A803LGC5,unique_never_inserted,928416f797e768f7ad677320e2a8e91b
A0A803LGC6,unique_never_inserted,a60a0b13ce31ddeae009d16a5fcbbef8
A0A803LGI7,unique_never_inserted,c68ffd3c4a7d3f72b782bd756b405da7
A0A803LH29,unique_never_inserted,1cd345d9d2a9d8b926777785f82ce3a8
A0A803LH39,unique_never_inserted,cb286a727e3f98c6c5293336362399ee
A0A803LHC4,unique_never_inserted,d8449afa89490c1700562d890ed89f99
A0A803LHI2,unique_never_inserted,7425624342ef40b31853849679bfd35c
A0A803LHQ1,unique_never_inserted,f3d21be50dd433c2c49e07dafa996c6a
A0A803LHV2,unique_never_inserted,8d9d43ceb8eb5ee0315c9a222bcfbbcf
A0A803LI63,unique_never_inserted,9f199d3231403abe3d05ba73f704cf04
A0A803LII5,unique_never_inserted,9396637c9b74ade94a3d662482f38e0b
A0A803LIK2,unique_never_inserted,228781d1c74f03d8f2649f9745c90869
A0A803LIM5,unique_never_inserted,087a104101934f1d516b1b1e1d65732c
A0A803LIS4,unique_never_inserted,a67164af7b384d3f71e80412babb66d9
A0A803LIU5,unique_never_inserted,584048d51d4825948f8ce26f43b0650c
A0A803LIX3,unique_never_inserted,35a7b721dd76cf32a9c81d5ba1cd9b3a
A0A803LIX5,unique_never_inserted,c919e8d249fef2cf751ef682a4845254
A0A803LJ06,unique_never_inserted,66e9e443b9c6fab13cca4aab5a22381d
A0A803LJB3,unique_never_inserted,79e8739195bbe294fe67dc1acf17ebf2
A0A803LJX5,unique_never_inserted,8c7dbf4d4eb7ef912c6a44c0814b7661
A0A803LJY1,unique_never_inserted,dbf5cc21d6643fc4fc9c1f0298e2c1d1
A0A803LK35,unique_never_inserted,51e211222a6fbe8dfb75bedf4747169e
A0A803LKA4,unique_never_inserted,c77b2504a7ccaf0f5778241846418009
A0A803LKD9,unique_never_inserted,639a277e620489af7ec45d4138718003
A0A803LKG0,unique_never_inserted,0dd6378c37e57b7b71822933a6f4fcdb
A0A803LKG1,unique_never_inserted,2a53510d163d292c8bb0a8bb2758398e
A0A803LKH8,unique_never_inserted,fd248577a577f964e6958891a35072dc
A0A803LKI8,unique_never_inserted,4a77dfe219d488a6e47b17904b5af3d5
A0A803LKK2,unique_never_inserted,13fef6e54f679d6953a8ff8ecf68b6f4
A0A803LKU1,unique_never_inserted,1630dd58a2211c7cd770068fe85ff07b
A0A803LKU8,unique_never_inserted,593651afc4006ea3b129253bc5ac6abf
A0A803LKV3,unique_never_inserted,485f5a8ad3eee7d21987cd0b5544ac83
A0A803LKV4,unique_never_inserted,57b85792d987bc19dbf08fb5ccfd5765
A0A803LKV8,unique_never_inserted,0c4e879d91fd3f34a1c12b56c024aad3
A0A803LKW5,unique_never_inserted,9ab615380e95d3509decfe5915635459
A0A803LL23,unique_never_inserted,0b11ece3d3f4f04fadd129391c050f85
A0A803LL32,unique_never_inserted,10ab702ef892759879d330cce116d34b
A0A803LL47,unique_never_inserted,8eff22a28f54e39fb765c299afc46ea5
A0A803LL95,unique_never_inserted,d01982de0d62e8dd53ccde66936d2c5f
A0A803LLC8,unique_never_inserted,b0f9ba13d2cb778b13796ad793702473
A0A803LLR1,unique_never_inserted,8bdac0d74744f1d277b53ab44d243082
A0A803LM48,unique_never_inserted,3803630361763ad0554b9d495ccfa668
A0A803LMD8,unique_never_inserted,fc3dc84bf533d9513852195d0735dc1d
A0A803LN14,unique_never_inserted,3df10ae599fbc67e906d796638240c3f
A0A803LN91,unique_never_inserted,021dcc98f7f293a81361ef7ed7b12f52
A0A803LNJ7,unique_never_inserted,09316e850ab0a321de55aeab2daf888a
A0A803LNM6,unique_never_inserted,5ef60a19ed9cd12382ef66b235d5ca1f
A0A803LP11,unique_never_inserted,b66a79f158d74272b79fcf30579c113d
A0A803LP25,unique_never_inserted,ace388bce0239894fa0d9d2b87b76cf2
A0A803LPA7,unique_never_inserted,1697452ad0a4e165e8e08e58687f62b6
A0A803LPA9,unique_never_inserted,73e2f3c35e9416bafe0a87f5b599301c
A0A803LPK6,unique_never_inserted,a65821c90fa746f7e246488dea5c793f
A0A803LPP0,unique_never_inserted,0936cb8210983fe55cf6f16ce008ef1a
A0A803LPT1,unique_never_inserted,6ed0954d7895e37061c3c3cba46d81b8
A0A803LPT8,unique_never_inserted,fdc69c365aa3f27352c463fa10763d2c
A0A803LQ39,unique_never_inserted,ebe68c3357eca8edad225cdd1fabbcca
A0A803LQ78,unique_never_inserted,c0906309d599b8d032428892fb6a77b4
A0A803LQF6,unique_never_inserted,289891791e3ab97dd206a7eea72b79ed
A0A803LQG9,unique_never_inserted,28dc402062c83d319567fe06bb0749e9
A0A803LQJ9,unique_never_inserted,f8a1cb4061458e12979e7f24ee6310b2
A0A803LQP6,unique_never_inserted,0870d63cd26028401c55eaf001b54acc
A0A803LR19,unique_never_inserted,233556f06d7763352141ca2d4f8dc058
A0A803LRB7,unique_never_inserted,efd3bd96a632d45786e87eae0a7a1a2d
A0A803LRN1,unique_never_inserted,74cdbbc188f13e88fbdf9ab3885548c8
A0A803LRR6,unique_never_inserted,7a9c95c16bd1d214deebed40b70d412a
A0A803LRS0,unique_never_inserted,6c3b8764cebc18e733d07e91a76f0592
A0A803LS17,unique_never_inserted,d22eb97b1cec9b38b883d271a7d5d3c4
A0A803LSD3,unique_never_inserted,3409f86046b99fdb339a5841d3a104a4
A0A803LSG0,unique_never_inserted,971f62d21c82eeab087eddc3bf7ba918
A0A803LSL6,unique_never_inserted,96e7a79cf087e6e767ef2612226ca18e
A0A803LSM2,unique_never_inserted,158474e587553844af027c47edf4e5f2
A0A803LSS6,unique_never_inserted,7eabe85cea1af855fc27aaafd22b7477
A0A803LST1,unique_never_inserted,290f807ecc1c32e9910876ac03261889
A0A803LSZ7,unique_never_inserted,06a90b108d394a5b33d7a487d15755e3
A0A803LT41,unique_never_inserted,8961fc75ef324b325c12cda5cfb29afb
A0A803LT46,unique_never_inserted,175788b7c50029aa02c97b91cd8512f2
A0A803LT73,unique_never_inserted,de2b8987dda662e7fde988a7473c73f3
A0A803LTC4,unique_never_inserted,dd5298cbdf21678002b22846660e6685
A0A803LTE3,unique_never_inserted,e0daa2c9f116a419a0fbcd3f8ca2f2ee
A0A803LTH1,unique_never_inserted,fb4775ec8233f88093df4770247cffae
A0A803LTK2,unique_never_inserted,84f587de7670f9b9379e26211fa5e67b
A0A803LTT3,unique_never_inserted,fb2c83f0ac612ea189c78f40a36f238e
A0A803LU30,unique_never_inserted,92ebb54f6ecd7b8e917f80cdbedecd72
A0A803LU31,unique_never_inserted,dce76dd4305797e7000cc1c17d85ff19
A0A803LU78,unique_never_inserted,418ec94c676ba1a3b1f482f417ba5321
A0A803LUI4,unique_never_inserted,b0e17d1e72fb0f011e072702d5dd2297
A0A803LUS2,unique_never_inserted,94ef3012108d1a3c3288cb5b9120a5d7
A0A803LUS4,unique_never_inserted,94b2aa70b482965fc1d3f17982b619b7
A0A803LUZ6,unique_never_inserted,412fd716a04dea04da52f805fccf1c17
A0A803LV71,unique_never_inserted,b6c8a53f3d57fbacc01103e31ee67187
A0A803LVA0,unique_never_inserted,8253baebf24e9f5926282877f83a372b
A0A803LVB3,unique_never_inserted,a8ab1c39aab5f43fef9ce9b539c823d8
A0A803LVB6,unique_never_inserted,9dec4d769f2da2e87db923a44a593957
A0A803LVD3,unique_never_inserted,caefe8f286280049f8bef1e650cba889
A0A803LVK1,unique_never_inserted,513641ec1672be5ee848a75ff005dec1
A0A803LVK3,unique_never_inserted,9d6dc20081152012925e507a18f04644
A0A803LVQ2,unique_never_inserted,0a9cf9fab442732b5c16d0355cc8198f
A0A803LW08,unique_never_inserted,a07c67ac31cc10dc299f71863e81fc71
A0A803LW36,unique_never_inserted,9a78283af3c7aeea1ae0a029cad7eab5
A0A803LWE4,unique_never_inserted,749bb643c4a6feffe1dd125e4f2b73b9
A0A803LWG9,unique_never_inserted,734c54fb733f498fb6a42509642737f0
A0A803LWK4,unique_never_inserted,dec38b0f13ad9ab5c3582fa4c60a966a
A0A803LX53,unique_never_inserted,c996b812cac8b37b21f985f2d07dc788
A0A803LX77,unique_never_inserted,720b367ec5aed6c5e4edca536264159b
A0A803LXI2,unique_never_inserted,67b4b5aaeb546fc6e9fc2dbec102b882
A0A803LXM8,unique_never_inserted,844890e5c866b0c3e44747cb6e938004
A0A803LXX3,unique_never_inserted,78c2c724d27b11a08beff89d60f648b0
A0A803LYI5,unique_never_inserted,cda7e9d19bc3f695024acb248e8a901d
A0A803LYS8,unique_never_inserted,a706d24600e88b5438566442ebe4b58d
A0A803LYT1,unique_never_inserted,5e26d1f14f2750fd733afd693ec4ccdf
A0A803LYV0,unique_never_inserted,0e9b8c375c0951cba2f8c5e4473005e6
A0A803LYV3,unique_never_inserted,a19aedfbaa69244ee3c2df676c8bb687
A0A803LYY3,unique_never_inserted,9eb3ee8ea6c15aa33cc19e8f45936e02
A0A803LZ12,unique_never_inserted,03d4ad6e2fa701131c599e9137c4862f
A0A803LZ38,unique_never_inserted,3613e9a67cdb90bf56634570fdb6e1be
A0A803LZ50,unique_never_inserted,465ece5c34d16f2d1863996ca3f4cb50
A0A803LZG5,unique_never_inserted,55afa90ee7c060bbbecdcd2467609b8a
A0A803LZH9,unique_never_inserted,c994f08d7705cd737b4655c0424e3b2a
A0A803LZJ2,unique_never_inserted,4177ae5777c413277d32d2865878c7ab
A0A803LZK0,unique_never_inserted,6fc8652896d5b4193e5155537b6528e8
A0A803LZL3,unique_never_inserted,a47da54eee29d864fe291620510f4772
A0A803LZN2,unique_never_inserted,155fe5a4a95b83feff4f658c655b9d7b
A0A803LZN8,unique_never_inserted,7fe20e664ca83d287ec0e206a3659a71
A0A803LZS7,unique_never_inserted,1357b280b0d4860578c3e7010e2da1cf
A0A803M005,unique_never_inserted,9ef51f90dbe98e1f04ca9f735a2659bc
A0A803M022,unique_never_inserted,cf4a721500401664d75449a618939973
A0A803M033,unique_never_inserted,266fb58643971eb2f7e6670de96f2c41
A0A803M079,unique_never_inserted,12c811a66055532ba05f2f19f4ba6bed
A0A803M0G5,unique_never_inserted,505a5a70775b6a263dcfc2818f680559
A0A803M0M0,unique_never_inserted,93d7b646d85eaf8d9785e572ce7e939b
A0A803M0U1,unique_never_inserted,53fd27d5fe12e80802d5162ccd42a18e
A0A803M0Z6,unique_never_inserted,6e08bb1c756638e974d34a7bb7b948e6
A0A803M132,unique_never_inserted,61145246f45136b2efa9b68f1f29ec1a
A0A803M160,unique_never_inserted,622fccf0a5a68806f12ffd01bbf9adc5
A0A803M1D1,unique_never_inserted,cf6d750a6ff65e0208c58491723b8b0e
A0A803M1E6,unique_never_inserted,c81c0e9d529fde459e0de5d32907bac0
A0A803M1I1,unique_never_inserted,95089224d1e14cf11e1eec701fa4ac55
A0A803M1M7,unique_never_inserted,3e38478eb5fc9a4664d458e04891468f
A0A803M1R0,unique_never_inserted,ea833245e4d12245618ac512f15472b7
A0A803M1T5,unique_never_inserted,65f1ad0775693352627b3f83e0c0d3fb
A0A803M1W4,unique_never_inserted,fa04c77f53560d12fc45230321b74083
A0A803M1W8,unique_never_inserted,2d394938a5ac4dbaf908bc8cbe8f1797
A0A803M1Z0,unique_never_inserted,2857bae5bc2b4fbea8094c182b6aae23
A0A803M241,unique_never_inserted,e3e0879181c81fab7588d7ee75218f63
A0A803M274,unique_never_inserted,10df7bb200fea01dc8f9d2f28722fa1a
A0A803M2E6,unique_never_inserted,a765f942a2900dbb372f3a8a1bc1f7a3
A0A803M2G5,unique_never_inserted,4399f9b80dc98f2290a8a77c159ccb48
A0A803M2T8,unique_never_inserted,8f46aaa2cbef4ea0949cc5dfc93b4d3a
A0A803M306,unique_never_inserted,fb3a9df0bdc716d936d8c9b9fb583510
A0A803M3M8,unique_never_inserted,5e975638fd7d5012ba7d801a7346838c
A0A803M3R1,unique_never_inserted,a1008e57e384c277afddeb45fbafb701
A0A803M3W5,unique_never_inserted,77503fe3b788a4bfa8e253299bbec774
A0A803M4E5,unique_never_inserted,37e3f878f1f54fbcb1490f0a8774c1a1
A0A803M4E8,unique_never_inserted,6cce5450d9931bf6cfea910e43d7eca7
A0A803M4V7,unique_never_inserted,277d76f9b827c978a522dd9002667bbf
A0A803M4Y4,unique_never_inserted,4fafbfacf52189e46e39a4ce1854c58a
A0A803M568,unique_never_inserted,f4d549248dd416af5271971b50e133d0
A0A803M5D7,unique_never_inserted,b69de43bf88802b43c812ddb3bbf8c5d
A0A803M5F9,unique_never_inserted,0de647677ad70f59dbdec0d3b067055b
A0A803M5K9,unique_never_inserted,a9cc8dcfdd3f5eb05b074ca27c46e176
A0A803M5P2,unique_never_inserted,66ffdad945fcb0c439e3212a4fceefb8
A0A803M5T7,unique_never_inserted,e05a26d02fa9e745769e34e4fee09216
A0A803M671,unique_never_inserted,37b30fe5a0b2fe4a5559a8212c4de67a
A0A803M6A8,unique_never_inserted,6ebc9dc17124c840266bf2a17151a16e
A0A803M6B2,unique_never_inserted,06c73f140f37fc6dee47c948b9000bc7
A0A803M6G3,unique_never_inserted,a310c64711ad6b50c166b5b94dcc1f49
A0A803M6J3,unique_never_inserted,203c193f64049ec8d4b35429a6ee813c
A0A803M6N4,unique_never_inserted,b4bdd69522c0f1e72f64c4bdb2e22c4b
A0A803M6N9,unique_never_inserted,a77d959c4fd0507547a816bbf9dd227e
A0A803M6Y4,unique_never_inserted,c4d9297c3580ba9ff8304bb299e40fc8
A0A803M730,unique_never_inserted,c5302f38d069e9e26628670df5efb653
A0A803M7C7,unique_never_inserted,c1233f923baf783ea6165222715080b8
A0A803M7M8,unique_never_inserted,74d699f21dde22fca858e4538d509f9a
A0A803M7M9,unique_never_inserted,6632062e6497e64ece5da5fdfe07348d
A0A803M7Q9,unique_never_inserted,934482d8e27a138a6ec470b28c31b381
A0A803M812,unique_never_inserted,1f93cfcc7e5c2c387ad760da6d887428
A0A803M8D6,unique_never_inserted,2e081473600df5a58625e9f810a1e75e
A0A803M8J8,unique_never_inserted,71f1d4abc89de7b86f2bc122817defe7
A0A803M8K7,unique_never_inserted,692ea4c7535da246aeafade3340aaee4
A0A803M8L1,unique_never_inserted,fbd4a4b8fb451d16297e8514b8ba675b
A0A803M8L6,unique_never_inserted,0f8374fb32a6fb74d702de3a9467adc6
A0A803M8Q2,unique_never_inserted,527bf860669192278281c577ee94486b
A0A803M8X0,unique_never_inserted,9e57d11f88e758e081b7542ae2505a1a
A0A803M963,unique_never_inserted,a9c4e221c05929a269600a4ae7afade0
A0A803M970,unique_never_inserted,2d8f1d809f2a54a428cf851591a3eb7f
A0A803M9F3,unique_never_inserted,fa46dd9df93218988226a1b5bfdff262
A0A803M9J6,unique_never_inserted,fa229cf86e5900a913e624e5b4cb43e9
A0A803M9L5,unique_never_inserted,f3be6fe55030eef4be0390b6948e63c7
A0A803M9M6,unique_never_inserted,ecb999f5f5dc107d8cf7a091a84617bb
A0A803M9V8,unique_never_inserted,f16868a30df4d0256cc020ba4e1129c8
A0A803M9X4,unique_never_inserted,a02eeae54834833a76c781fd9137fe82
A0A803MA28,unique_never_inserted,9e2da74b33d1364879a7310fe81d0879
A0A803MA64,unique_never_inserted,62b4e3d76b411b942ee19bf4ecbd2868
A0A803MA68,unique_never_inserted,7845c7dc87ae19f2616f255cacb9a20c
A0A803MA72,unique_never_inserted,0d0836ffb8c0328215efbd8f04475195
A0A803MA80,unique_never_inserted,4cf3be53094e2233a96a0461d774c43d
A0A803MAB3,unique_never_inserted,774b5d93a4fa8410cb0ecba26d66b3cf
A0A803MAK6,unique_never_inserted,6a4e25332c790794da953c602e8be418
A0A803MAL4,unique_never_inserted,28f2302d86029dae971bfef3d3e47ea3
A0A803MAM0,unique_never_inserted,7d6438a1ef2abdcf8d2939cff083d6b1
A0A803MAY4,unique_never_inserted,03f6b40ee5f52f5b75cd3b68e7ddba0c
A0A803MB34,unique_never_inserted,96dd17ae7a0a57db7001c4dd527b3e98
A0A803MB99,unique_never_inserted,dbd7ecb7c106233decfc8ed6d8a4e4e4
A0A803MBF5,unique_never_inserted,9510bff1cdddd0eb7e0cba68b395cf4c
A0A803MBJ6,unique_never_inserted,44112f61ad318ca3dadeab7133944668
A0A803MC55,unique_never_inserted,160b8d30727630cefbd0d1eb1ff6957b
A0A803MC60,unique_never_inserted,eeb1fa5138e77deb02f96b56095ace4e
A0A803MC71,unique_never_inserted,7725aef56774fc1082f207458268d656
A0A803MCU8,unique_never_inserted,c75e9db13f53fdd5a4d5b0185dc5ae35
A0A803MCW5,unique_never_inserted,c63f05aa47b0f0b8ad1fc21e03a05dd7
A0A803MD01,unique_never_inserted,edc2f80f0bafb03c855600af13a65adc
A0A803MD94,unique_never_inserted,2f7e0589fd3579d9900ae40606f9b209
A0A803MDD8,unique_never_inserted,6fe7f704e63d85da537805e076cef6e9
A0A803MDD9,unique_never_inserted,26c518b0783e450118822e3a2b395992
A0A803MDP3,unique_never_inserted,7603c35b69775b14c6a876005c66137f
A0A803MDU0,unique_never_inserted,6c13900aa5002baa93ce4dc85496c1c3
A0A803ME08,unique_never_inserted,48bc08732d0e8a7a8588b25b84fd63c9
A0A803ME14,unique_never_inserted,eed130ac34124c420ef5153e36967461
A0A803ME31,unique_never_inserted,1d004a5dd2b173ee376f4b2f924b04b9
A0A803ME32,unique_never_inserted,4bcfadaf14eab296bd642bbb07980a22
A0A803MEJ1,unique_never_inserted,7500c8bec87b2ae59fe97936d238802b
A0A803MEJ4,unique_never_inserted,8ed5694a5c96ec109f507cf13bd96f52
A0A803MER3,unique_never_inserted,d7d062768cc2856a98a3f758bb6dc7e9
A0A803MER6,unique_never_inserted,7e164f68c70dc0b199a074a3adaf4ecf
A0A803MET9,unique_never_inserted,ebc236dbfbcb52c39c4a33e7778308a3
A0A803MF67,unique_never_inserted,f60173280bfb7a5fd211e1956d97a9e3
A0A803MFJ5,unique_never_inserted,d673b083ea513852a8c96ee8d306c4f2
A0A803MFP7,unique_never_inserted,d9e12e0b4e08ff5976fcf25c00568761
A0A803MFU9,unique_never_inserted,63706b5734c9383302be2fe7097fbb7c
A0A803MG07,unique_never_inserted,1b49d9c5d4ffcc141be2fe6ba4045bdc
A0A803MG26,unique_never_inserted,a3d2178ef1955f94a231eb1bc85a9767
A0A803MG50,unique_never_inserted,d8326697c3318a1b736bd9e425185722
A0A803MG56,unique_never_inserted,8b899bad5acb39a0a7798d9c7b79e8ee
A0A803MGL8,unique_never_inserted,b1501aefa5796879259540ab02b160a1
A0A803MGT3,unique_never_inserted,5e51349c5a3c2fe11a21294941f40d1d
A0A803MGX4,unique_never_inserted,ef7c68c27628ac57240fb7001769c1b5
A0A803MHC5,unique_never_inserted,fb2be2b79dbc8f1ff754c588ee215dfc
A0A803MHE0,unique_never_inserted,158cb7bc157c4a2cb844966f68fe4180
A0A803MHE4,unique_never_inserted,288b749cd43072204d87d45f959d31b5
A0A803MHS1,unique_never_inserted,1bbc2598d9204c84a93c0500ce0faa62
A0A803MHZ8,unique_never_inserted,d05d69c4e773dda5fe407541c98c9218
A0A803MI23,unique_never_inserted,36fa7b89a1348fdaa182c6df0edaf486
A0A803MI63,unique_never_inserted,5ae9f1c3e281163a4237cb63d0a5a030
A0A803MIC8,unique_never_inserted,6fe7d9cde59d651a84eca292d31907c1
A0A803MIF3,unique_never_inserted,1a89db9fcd25ffdebb43843f86db5c76
A0A803MII0,unique_never_inserted,5b926cdd009da433c5850cd3e6184bcc
A0A803MIP5,unique_never_inserted,4b1769851b4d4f42406888899043dcdc
A0A803MIR0,unique_never_inserted,62c2725b3c7e11bee7a3f793e5df17b5
A0A803MIU8,unique_never_inserted,9a7ef14404c7eaf357dadd544102f159
A0A803MIV9,unique_never_inserted,f030661377ef37212fc3274d87119407
A0A803MJ24,unique_never_inserted,f27083c3c3cb397a4a5ee81b00c81239
A0A803MJ38,unique_never_inserted,c697de9996636f201ef23d5aa759324f
A0A803MJ92,unique_never_inserted,03254a11ec8b1a37cd851c12b5bcfdc2
A0A803MJX5,unique_never_inserted,518839a4a037fb0db01e3865993512f9
A0A803MJX6,unique_never_inserted,2b7d708cc69e21ad9efa7bdb39261aba
A0A803MJX8,unique_never_inserted,02bb700861c6685a02dbf90ab94fddba
A0A803MK30,unique_never_inserted,dd0442ed8da4dbcbf5237a5784d3dc2d
A0A803MKB1,unique_never_inserted,43ccaeda15ee2c3ec2fa166389bd5eca
A0A803MKG9,unique_never_inserted,193375931031e6d13ae7bbfbbc8c4254
A0A803MKH5,unique_never_inserted,c9bf3fb37589cd5a59667bf3f3a2ca5f
A0A803MKK0,unique_never_inserted,c610f74c92db2579ad90bce1e11a162d
A0A803MKM4,unique_never_inserted,ca6127349de66181c9eda2ea44918c19
A0A803MKY7,unique_never_inserted,2f74177e09a02ffe2cdff958e9ba1c52
A0A803ML01,unique_never_inserted,49275fbc1beb886720f645a623a3ad45
A0A803MLI0,unique_never_inserted,d6531c31a1c8a7da2f8d0190fe3b0ca2
A0A803MLW7,unique_never_inserted,429a2fdfe2e0457fb15b06517de933e0
A0A803MM00,unique_never_inserted,cea1e72e034f4cbcca2214eb95b05d6d
A0A803MM04,unique_never_inserted,9fc8fa7a7aadde81a758e8c0f6b5ea55
A0A803MM11,unique_never_inserted,9f2f15c466e919cfa4449744e2168e32
A0A803MM50,unique_never_inserted,cf798c3c9d81103c87ba1a56bbd36b80
A0A803MM58,unique_never_inserted,8dcd919a39d906734ba4f1ca1446719b
A0A803MM75,unique_never_inserted,cd9789d0d844ea679fceec90a0532041
A0A803MM91,unique_never_inserted,e5e7067b272467285e1516aa50852e15
A0A803MMH1,unique_never_inserted,19e1b77d159237bd1c968d825a95aa8d
A0A803MMH9,unique_never_inserted,74849c4d269b4584bac7336e7f784145
A0A803MMP4,unique_never_inserted,1baf6873471f6c08167df9f47695db48
A0A803MMZ3,unique_never_inserted,98d184e78a5ec7daf1c2c8bab4e5db8b
A0A803MN21,unique_never_inserted,1b1d4ac01d72d7f4422ea7b64b450f9b
A0A803MN37,unique_never_inserted,23224fd5180c8cef454c6162b75cfe93
A0A803MNF1,unique_never_inserted,8b0b69c006659f17fff28af64a9cf09d
A0A803MNN7,unique_never_inserted,dcfd0e229e0e668ea82fa03579692cf9
A0A803MNS8,unique_never_inserted,bb44fc8c96dbf4e3cc170ae2df65dca9
A0A803MNW8,unique_never_inserted,02ceca30fa2b937d2e47b801d7679bba
A0A803MPG0,unique_never_inserted,1c43c43a073ffdbec60e21b548134c03
A0A803MPP6,unique_never_inserted,cfed454c7c2a1075494ff0d4d0e156dd
A0A803MPQ6,unique_never_inserted,c79cb1c659f72d197179689c30dde908
A0A803MQ61,unique_never_inserted,47b70f459068bf8d356493d1cab0f937
A0A803MQ72,unique_never_inserted,64fcfe4e4c5a8fbb96be7270146e9962
A0A803MQ87,unique_never_inserted,dfe599d7e500786d6df65a58d4138558
A0A803MQ98,unique_never_inserted,792aedf9b4ec588b2d92dd9dc999eb61
A0A803MQP3,unique_never_inserted,6a81152060bc22763cac19d4b1bda48c
A0A803MQR0,unique_never_inserted,b7b75fa368cbbba990c8f73aa6bd3a08
A0A803MQR6,unique_never_inserted,973d09381d6f3bd1d60b88bd3af6b699
A0A803MQW2,unique_never_inserted,fdfcc817a234bad0b46f77f45a1d545a
A0A803MR03,unique_never_inserted,a7b949d0c6a1e6a7b76658fa4b8e9cdf
A0A803MR04,unique_never_inserted,9219f4dc543e6e3d584a793acaba6b4e
A0A803MR15,unique_never_inserted,ce909bc460b84ec059f723fe8e52c1aa
A0A803MRQ1,unique_never_inserted,6453a7c458bc397d5987e6a060575e03
A0A803MRX8,unique_never_inserted,df5a7a11b8a1fea50814af75b843392c
A0A803MS79,unique_never_inserted,291ce3c3b3e509bf378e45c85c590fbb
A0A803MSI5,unique_never_inserted,021b59f64a82e32bd79a9148c33dd676
A0A803MSP0,unique_never_inserted,6be75963db24319ca0beab3549f0c65f
A0A803MSQ1,unique_never_inserted,bdecee1d196c1c7f91d2f103d9f8038b
A0A803MST2,unique_never_inserted,5c28ee7716027ae5b16040e7cbc4a471
A0A803MT88,unique_never_inserted,360097b6d3add1627a7219ea57765f09
A0A803MU18,unique_never_inserted,0650ad907fbc017b26b47b8eaac4f2c0
A0A803MV07,unique_never_inserted,cf6e1fd26a77959847a68c057cad905c
A0A803MV28,unique_never_inserted,18f31ec3601d418129be114bad2665e0
A0A803MV61,unique_never_inserted,4d0812b1c7d5fe19b0e913301d730e35
A0A803MVQ4,unique_never_inserted,04285de71f146567a4fe184407f5240f
A0A803MVX7,unique_never_inserted,6804b7b955b82eefbbdf646d6c0c0dc5
A0A803MW22,unique_never_inserted,20027ca5597895e2b2e5123fa28c7f41
A0A803MW46,unique_never_inserted,3918d875302fbc169f92b430220723b8
A0A803MWA8,unique_never_inserted,af6c1a2a9716471bf5f02eed303d974b
A0A803MWD0,unique_never_inserted,fe468d614e961fdd88c8dde253fdfc3e
A0A803MWI6,unique_never_inserted,4785c2e16854d68ff866b380cc0ce19b
A0A803MWQ7,unique_never_inserted,1df265e66c46be0f7d30af37aae9cfa8
A0A803MX56,unique_never_inserted,f9b776d1e48aa4285eb232996318e34e
A0A803MXE1,unique_never_inserted,670b142a6a9c255d8f4885f22e025729
A0A803MXE7,unique_never_inserted,ba74477483abdaea2b3f5c7813abf2de
A0A803MXI7,unique_never_inserted,a3bd65f84bb9d0cb32f52c201b0a08d3
A0A803MXK2,unique_never_inserted,fe1db36ff36fcb2c2a019db8162cf0cb
A0A803MXQ7,unique_never_inserted,4226211f4512ae01f5f48c208284de12
A0A803MY33,unique_never_inserted,32de5771fe19597e6549431379be22a9
A0A803MY88,unique_never_inserted,0484d9c7e7de883246b15ffe28f29dfb
A0A803MYF7,unique_never_inserted,c75ffd4f21bad16b35765359e9fc86ed
A0A803MYK7,unique_never_inserted,ab9e313858505c4006f19094bfe0d3bd
A0A803MYR3,unique_never_inserted,ef5792f34f941a961023638327cac1ea
A0A803MYU9,unique_never_inserted,07b525e01cfd84016cdecd6596b846fe
A0A803MYX3,unique_never_inserted,c4316cd34fcc0e01774bb24114be2269
A0A803MZ29,unique_never_inserted,1f368445e738506dc070b94e422007c6
A0A803MZ53,unique_never_inserted,f79cddb53d2913d3b49b2f12a721220d
A0A803MZ74,unique_never_inserted,f74780074266ad2cb40e046e35729d21
A0A803MZI9,unique_never_inserted,7d77c1159e60e1f61efe95ebb9eed2c4
A0A803MZL9,unique_never_inserted,37bc50017eee1b5d0c011d7e2b62e6d6
A0A803MZP1,unique_never_inserted,21eab71ae68b822077ff07023aee497b
A0A803MZP7,unique_never_inserted,83f585577fc40b72d2e7f02535e76131
A0A803MZW2,unique_never_inserted,d77f8d8d08401b27ca84a34fef641c0d
A0A803N017,unique_never_inserted,28f96707b072187001397483c872ceb9
A0A803N025,unique_never_inserted,c03e687fe6426b73623e236110124c20
A0A803N034,unique_never_inserted,03d5cd88f18f8e2c4496755220c5aaea
A0A803N084,unique_never_inserted,d93151de4b34a7da5910a0d32538c86e
A0A803N0H0,unique_never_inserted,43d06f4d2cd79964f13004b461307444
A0A803N0Q4,unique_never_inserted,cf2f00c9327121afa399d082b7a6de59
A0A803N138,unique_never_inserted,53859a4ea03448a12c33f043511e7a84
A0A803N180,unique_never_inserted,44209af715abbf113197704da3194ce0
A0A803N1E2,unique_never_inserted,00da2f172440f6a3d4424eaf3e8d6629
A0A803N1Q3,unique_never_inserted,a1369a4d0855aed544b7dc0b61df1e6a
A0A803N1Z8,unique_never_inserted,b1b9a17566ff57234da3ab47ae384d9e
A0A803N2C3,unique_never_inserted,126824dc2ce62f8dcc71267ad1572e97
A0A803N2U5,unique_never_inserted,cee91b040e19d02c29b2ed7f5fe2886a
A0A803N2U8,unique_never_inserted,5507d478e7ba544933a8f3307b96109f
A0A803N2W2,unique_never_inserted,86f9cc8d0d4403033e9a3b9b96f78da3
A0A803N360,unique_never_inserted,efa8a6ae553262ac072562291e75dac6
A0A803N362,unique_never_inserted,1070b55c0ad7a0f5b4d8b2d35d092f6e
A0A803N3G6,unique_never_inserted,6c2aa4f29b307128161602c17abf7e96
A0A803N440,unique_never_inserted,6ca4a64d92a1c291027a1e29a806239a
A0A803N4A7,unique_never_inserted,fb53813eaa81d544a486ee9d4c3634d1
A0A803N4J8,unique_never_inserted,7a0400ad220a7a066dd1ed4387607ba9
A0A803N4W0,unique_never_inserted,f49188297f65a49426c30a55e6ae7b52
A0A803N540,unique_never_inserted,e95818bd4f7049951e7b93afee79ecf5
A0A803N594,unique_never_inserted,1ebcdc79402b0cddaf1159c30458b7b6
A0A803N5X4,unique_never_inserted,f317c6023861f6214218fdcd16511e77
A0A803N648,unique_never_inserted,57a3847ee0b6d1f946b4f8eb6a4c054f
A0A803N6B1,unique_never_inserted,53140681e16223101da218ee74a1ea56
A0A803N6J7,unique_never_inserted,c2c6404ae3f3de25b8c9ff322d92fe66
A0A803N6L3,unique_never_inserted,3530268cd191cdafa94849dfd2cf1f51
A0A803N6N6,unique_never_inserted,dc7f2504f0b824d24ff214e055ff4d7b
A0A803N6P1,unique_never_inserted,99a160a37e115431c364d4cbac370d5f
A0A803N6P4,unique_never_inserted,c03077d007f23046736ac4a7294b7e18
A0A803N6Q5,unique_never_inserted,019a6303b9a7030fbb2b7dd488bdff82
A0A803N6Z5,unique_never_inserted,cf3f98e23da5a99a6fe16f58dfb741b6
A0A803N7C9,unique_never_inserted,bd6a7b734390d1e873f56f21f2d0f3c5
A0A803N7T8,unique_never_inserted,1604699b6a97b2755c580ebc14ff5c9c
A0A803N888,unique_never_inserted,5aba0d2331fd4d81f84f9c27b30340cb
A0A803N8D7,unique_never_inserted,b3aa34f73742df2cb3d72abeef11dbc3
A0A803N8F8,unique_never_inserted,e014d810378e89ba071353b6bc6438ea
A0A803N8L3,unique_never_inserted,93723648571f62f6ee45fcd9c5fd4ff9
A0A803N8N8,unique_never_inserted,177aeb8d6c8f6f9297426c89f06406a1
A0A803N953,unique_never_inserted,24980eafaf307384b9f9f7071c9d90e0
A0A803N9H3,unique_never_inserted,d3b817b559c5b2b756d0a2cb13a89e33
A0A803N9J1,unique_never_inserted,428b888e2e776f7c5a8e46e65c0b5b1e
A0A803N9S1,unique_never_inserted,971a1eb0cd31abea0c33ddd03f26d237
A0A803N9T3,unique_never_inserted,1f9925086b0849b87f87b93d1ed157ae
A0A803N9U2,unique_never_inserted,d9eb596b7b029bba357155e0db683e19
A0A803NA13,unique_never_inserted,18598c534e77047f1f660654d15b539c
A0A803NAJ6,unique_never_inserted,fee3b07d30158a2f0b2d5f19704c09a0
A0A803NAM5,unique_never_inserted,61cecde03c5119f1cf0f80b9c2688d30
A0A803NAT6,unique_never_inserted,ae74c9430c5a861b7f6edc93eccb4a55
A0A803NBE5,unique_never_inserted,cf8bf6dadeffe902063bc8f7215e434f
A0A803NCC0,unique_never_inserted,7189c9f3fe456b44b35ab8a9f9a20242
A0A803NCE1,unique_never_inserted,f71d1a6307705b47a44667bad368cb90
A0A803NCG6,unique_never_inserted,0ca650d2d0a2bf533d355ed02e87c4f1
A0A803NCV7,unique_never_inserted,906da9c1f4b7cd26a5bf3bb8e77d25b8
A0A803NCV8,unique_never_inserted,2b01fad60858c43cce42fd4b68928f7f
A0A803ND33,unique_never_inserted,399ab39b03464ebd7fcade4ee2f65bff
A0A803ND39,unique_never_inserted,5f2c050a372fe01eb788bace803d9a90
A0A803ND40,unique_never_inserted,71e521943bbaf1e60449c6e61c8fd1ed
A0A803NDD7,unique_never_inserted,94c563367a004c8bdbff82de71632f48
A0A803NDI0,unique_never_inserted,cb1cd40001cd283b2b8b78f0291c91c3
A0A803NF58,unique_never_inserted,6242f6a0c352f9d82483c0c48e4fa0b5
Q8L5T3,unique_never_inserted,b65f1532466e0d4d8ab03200d9f6a780
A0A0G2UR69,unique_never_inserted,fc0a76baa9bb57fe1ce3073ab2643a4c
A0A509GUM8,unique_never_inserted,11e82efdd19164563d01a6b147796fc0
A0A803KLX4,unique_never_inserted,3563ae22fc7e4a2253654b394b9cf322
A0A803KM07,unique_never_inserted,083fc626265bcc948c679143dc9b13ce
A0A803KM27,unique_never_inserted,efc8b3085c4590397d9d607affd4182f
A0A803KM59,unique_never_inserted,c8f0c18cc5f8f2d703e671cd80f99ab3
A0A803KM78,unique_never_inserted,aca9ce311ae55a6e7847b83a836e54d1
A0A803KM93,unique_never_inserted,20d45311ade728c4bd6d56cb8ae7650e
A0A803KMB2,unique_never_inserted,8e4a91bac2ccb0b07b0e9d1262656603
A0A803KMB4,unique_never_inserted,8e4d6ec9210e3e617f692a1263348306
A0A803KMC0,unique_never_inserted,2e0e45735041e25f19af4e3f29c3e75c
A0A803KMC7,unique_never_inserted,8a564f5e2c02b874b0ba3ff28075cb7b
A0A803KMF0,unique_never_inserted,e372b87b3cfe3aa34e9e7ae17aa509a1
A0A803KMF2,unique_never_inserted,4e27dd83842995fb5d6972602eb65b59
A0A803KMI3,unique_never_inserted,985de94cd42b54d00fbca8c24de1bebb
A0A803KMJ4,unique_never_inserted,921e486edf3c3b59391e2ea073b4872b
A0A803KMN6,unique_never_inserted,460da9de0857b344e2376ee8ac93ca81
A0A803KMP6,unique_never_inserted,1ab2e61fbaca9e2d00ff67c2563142e6
A0A803KMS1,unique_never_inserted,91386cafd5cc6c68630a90c2e47b908a
A0A803KMT6,unique_never_inserted,5727dda2fcfa8d1ee55f1e4665fc595a
A0A803KMY2,unique_never_inserted,2246658872d0fac79aebbe482a59d727
A0A803KMY4,unique_never_inserted,502051a7febf523cbb37480ff44772d3
A0A803KMY5,unique_never_inserted,0eb1f2a206ce155684e5da69cfed32ca
A0A803KN92,unique_never_inserted,3cb98fb7183989b0d44577f5534e4113
A0A803KN96,unique_never_inserted,6b32a9beb0444fd3ad33a6f5b4218c48
A0A803KNF2,unique_never_inserted,cf0ca0457df5795f45a0857afad02833
A0A803KNF3,unique_never_inserted,37434474b67c1d02eb14ccd4c956d15c
A0A803KNI2,unique_never_inserted,3bddb14b48281f2cccf8513088f0c889
A0A803KNJ1,unique_never_inserted,9d7a658b664ed3bc086c6ed348713d3d
A0A803KNK5,unique_never_inserted,7bf11313a7eb274a166d681a05e4f178
A0A803KNL6,unique_never_inserted,0a477c000495d3566d037aabfaef0fb5
A0A803KNM3,unique_never_inserted,d0727406b6cb812de1c6dcc3b560f244
A0A803KNN1,unique_never_inserted,2bac5e05c8f8e1abe275770672d250aa
A0A803KNP2,unique_never_inserted,8775f203bf4d0fbca7ea1354182b6193
A0A803KNP7,unique_never_inserted,6f1be7d877ee35847fed002742ebebdf
A0A803KNQ6,unique_never_inserted,ddf88768803be17f3ae9bf18a7fec2b1
A0A803KNR0,unique_never_inserted,b4b3dcb9d7a00a8b324439979d5f0e49
A0A803KNR2,unique_never_inserted,8a615ee73dca77481fa977c80b76e888
A0A803KNR4,unique_never_inserted,feb843cfad1b798a30af8f1b60e262a4
A0A803KNV3,unique_never_inserted,1c3b848602f0db809bc3e7879046f4e6
A0A803KNZ0,unique_never_inserted,b4c0c788574594b35eb7567ac3c39c2f
A0A803KP12,unique_never_inserted,a5a8ed6617894223c7d800f7675523df
A0A803KP34,unique_never_inserted,27bbd1f7b5037abdd3fe200a2fcad1eb
A0A803KP71,unique_never_inserted,ab74e89733f9fbce8e2e34e2daf154bc
A0A803KP76,unique_never_inserted,b218782836def9581cb1f91d3de6273e
A0A803KPA4,unique_never_inserted,20ee0f928d0c11e0d9845b8fc6ae2a82
A0A803KPK4,unique_never_inserted,0611ac512e25e3f24ac7f75b99d54583
A0A803KPL4,unique_never_inserted,c1b95194bc60cc1fb5bed192ab114c2f
A0A803KPN2,unique_never_inserted,18c62bbd1be09ee053cf605d9c37fa39
A0A803KPR1,unique_never_inserted,b6fa9b1eb35e46ee28aab895fe05ed50
A0A803KPW8,unique_never_inserted,cd134f12ff6c9818eb3e537bd658ab54
A0A803KQ09,unique_never_inserted,1f00d06ae6add1c496dbb2986e9459bc
A0A803KQD1,unique_never_inserted,06326c96aad2cc6050080fa5357ecfaa
A0A803KQD7,unique_never_inserted,98c0f1fec4ccdb8c9d81aa71f6f44333
A0A803KQD8,unique_never_inserted,410df6f7ce161d924236ee8ca422742c
A0A803KQG2,unique_never_inserted,52bc7d952b2eab8538fba4815751c54b
A0A803KQG9,unique_never_inserted,5af448a063216986922866a32fed1794
A0A803KQH8,unique_never_inserted,6bb1f3bc8f51374f6581753a0cbf1f08
A0A803KQI3,unique_never_inserted,3cf98719ba8102945962109aedb308dd
A0A803KQJ4,unique_never_inserted,bcec9042a32cfd2d2399a275fbb38724
A0A803KQN9,unique_never_inserted,69f1381289436215ab6c27abd09e9c16
A0A803KQV5,unique_never_inserted,d296f82bc6de6a097f3a6dbd39ea5b69
A0A803KQW5,unique_never_inserted,362465e1131e5177861c527b164fa3b7
A0A803KQY6,unique_never_inserted,d6e4223ce233e9ac20925a99531008b5
A0A803KR27,unique_never_inserted,2f8411493336eec3f784fcbc1964a326
A0A803KR50,unique_never_inserted,72ed73e7f5cafce0e05df26703e9a19e
A0A803KR71,unique_never_inserted,e712a84dd72759ad175a2c2ebf232bf1
A0A803KRG4,unique_never_inserted,f3ad60d2b7d496b5275e9465685a6ecb
A0A803KRL6,unique_never_inserted,af2c1879c21a2bfe0d6d64efdbf4f963
A0A803KRM9,unique_never_inserted,cd6287f788b333bcd708df5037af446b
A0A803KRN1,unique_never_inserted,8b129ce94fd109d99539d043c86bd872
A0A803KRN5,unique_never_inserted,87c342f34cea17dea9ae3da4c74f55c3
A0A803KRS6,unique_never_inserted,5eb0a7d8f8913e7e181b383b7282726e
A0A803KRU0,unique_never_inserted,1e08b36329fe487694c9b3f4298e68f5
A0A803KS02,unique_never_inserted,ae2f390704bca5ae89175aaa8ef51231
A0A803KS37,unique_never_inserted,1586f4b41ff0f45cd844e1896384360e
A0A803KS39,unique_never_inserted,3737f8577062343b9ed67a71a18d9843
A0A803KS65,unique_never_inserted,a1b912630363e48058eca314a814281a
A0A803KS66,unique_never_inserted,49c71386904708e751fdcd01055a24dc
A0A803KS87,unique_never_inserted,60ce016a05c286abfce3ac9143415e3f
A0A803KS98,unique_never_inserted,ddef1ee9e156486c76a1ff3dfeaa33e5
A0A803KSA9,unique_never_inserted,9e1cbc36b91aafe9b2fbf3780627c97a
A0A803KSD2,unique_never_inserted,ad058d896692c27e9fdf429dfe68bf95
A0A803KSJ8,unique_never_inserted,fd59a2a03e4d2df0dd96d92062fa5a49
A0A803KSL2,unique_never_inserted,76c7c07130a5960cdaddb58eb6561e20
A0A803KSL7,unique_never_inserted,bd19061a8d96f1b36d891a66f2440473
A0A803KSM5,unique_never_inserted,b81793c6fad069415311820ba746c5cb
A0A803KSR9,unique_never_inserted,929a89b8db94f67b753e7b5a1ac2a91e
A0A803KSS9,unique_never_inserted,57c647c3192978c0428842dae8935fd1
A0A803KSU4,unique_never_inserted,562a23e03b73a24ce939d4476f917d7a
A0A803KSU5,unique_never_inserted,7c7a152fc94cf00a876f87f7d3c2a06a
A0A803KSW7,unique_never_inserted,d1646bcc56eae8999c9cfcf5234ef980
A0A803KT11,unique_never_inserted,04ec5c5811fbdc20258e2df84400adaa
A0A803KT22,unique_never_inserted,9b89951e44ecc0b987d67ffe062016c6
A0A803KTD2,unique_never_inserted,a51bd5d37eea050ad07fd5d031b082a2
A0A803KTE3,unique_never_inserted,a536b32b5472e5a6138039fe4b60c379
A0A803KTE4,unique_never_inserted,af267591b3a87e8e2e5593dae414ef5e
A0A803KTJ1,unique_never_inserted,0a79903723fbcf8f1bda10946c44955e
A0A803KTK9,unique_never_inserted,60dd084e19673c8ea8410f4f3dbb0482
A0A803KTM2,unique_never_inserted,ae3fbe1f4927c9b79c05ec45a7dab0f7
A0A803KTN6,unique_never_inserted,b6b6f794b0b417f6aca05104db47353d
A0A803KTW3,unique_never_inserted,5ffec83927f0a98f9acf5e74f8a7f6b8
A0A803KU00,unique_never_inserted,25bae340c9a2c3936f676a164e909001
A0A803KU60,unique_never_inserted,b83b7b59427cbf48b10086279fe7c2c8
A0A803KUA6,unique_never_inserted,09bfcd3ef6cee11dc4da370d58c2b0e1
A0A803KUE5,unique_never_inserted,aed28f534411071a936c2674cbf42254
A0A803KUF8,unique_never_inserted,4f8659ac6e24131590b5aef07489aad9
A0A803KUF9,unique_never_inserted,ee68e0125b6720eb57c7128a64563b9f
A0A803KUH8,unique_never_inserted,4f8f4bdacca56bdde91c72a797d5f8a4
A0A803KUK4,unique_never_inserted,f9b47d77780773ae852dd804836a1879
A0A803KUK7,unique_never_inserted,ff74d45ef74409acee1b53d948f79d1c
A0A803KUM4,unique_never_inserted,7f22bbe29df2dd895d492ee3f74d91d0
A0A803KUY6,unique_never_inserted,e72a5caf10b7721475fa56c9f20379d1
A0A803KV01,unique_never_inserted,687de2f32b04285808a48ebc6788c22b
A0A803KV10,unique_never_inserted,0212b8a9ec74da10237ea35884d76ab2
A0A803KV59,unique_never_inserted,2bf3204e2032180636e80973cdf04ca9
A0A803KV74,unique_never_inserted,124f700d99c7ff452a7b954719163a39
A0A803KV89,unique_never_inserted,0ed1e768fa30513e3136108ee434ae3b
A0A803KVD3,unique_never_inserted,f798315ee9a7798f734e72f4e5c8a923
A0A803KVG8,unique_never_inserted,9607bd3483614fd483fbbd3dac6d2b1d
A0A803KVK8,unique_never_inserted,216b63d4124fbb851168d57d0f5abcda
A0A803KVL7,unique_never_inserted,3dab358487a4b69d24598cf4969a20f1
A0A803KVQ0,unique_never_inserted,ef5d898cc855587cb3a1583ea05b865d
A0A803KVQ3,unique_never_inserted,0fcef20d39ee651530dba1ed774ead71
A0A803KVR5,unique_never_inserted,18d327ef3cc55c60455975b15e26988a
A0A803KVT0,unique_never_inserted,7265a195925dfc247a4b29c997e246b4
A0A803KVY3,unique_never_inserted,352c216099645c1e117ccc3c8308a053
A0A803KVY7,unique_never_inserted,775c3a7cf72a85cc8bfb42bb347824d3
A0A803KW19,unique_never_inserted,ec32f73a39c4236e1c01bb3305e0fb26
A0A803KW55,unique_never_inserted,782c3048e0b99c8408ebace92d9e2fb2
A0A803KW91,unique_never_inserted,7853e6078893f0eb6942b2094d725d8e
A0A803KWE7,unique_never_inserted,2bc506b3805ffd54659c91a018e36406
A0A803KWF2,unique_never_inserted,4fd703225904186a13edb5255dfb7d11
A0A803KWF5,unique_never_inserted,b790a638499a372cee7ddf87ec8db22f
A0A803KWK3,unique_never_inserted,aa94ac97080277659e9f37b225b7f54e
A0A803KX40,unique_never_inserted,8779c2cec30208ddd7e87179336bdd18
A0A803KX47,unique_never_inserted,e6429940bedff91e188ea38b898810b4
A0A803KX73,unique_never_inserted,3bf1691c6fd4a4a80af9f4dc9f8679d5
A0A803KX80,unique_never_inserted,4d9d03a0e63d589a29a73c2bf8fa2123
A0A803KX94,unique_never_inserted,2790cc30e8ec769c53509dc0ce0481af
A0A803KXA7,unique_never_inserted,8ea3839dab32cab700ee936c8cd42a2b
A0A803KXC3,unique_never_inserted,3b9b9566ba57e2ab21da5c805789701c
A0A803KXM2,unique_never_inserted,abd02c79a8fab48d0bc6a39c72111acb
A0A803KXU5,unique_never_inserted,fe5556d31cab465314c0d748cec92ae1
A0A803KXZ2,unique_never_inserted,ed2f395cec2343b0e5481b4c12115f57
A0A803KY11,unique_never_inserted,7cebf0cdd2165a0bc647dd9d11e40e3f
A0A803KYC5,unique_never_inserted,86d685ae3b6c1b6c23dd57606f100310
A0A803KYK2,unique_never_inserted,9006e19d538f8ca4d58949a285a7fcc4
A0A803KYW0,unique_never_inserted,528b500bcc4d685e10ddc5f92993955a
A0A803KYW1,unique_never_inserted,611f9a8b458f704f64411fd2efd709ab
A0A803KYZ7,unique_never_inserted,683c11c68d14fa30a8e9241556fa33ec
A0A803KZ00,unique_never_inserted,2ef17a62c2f2eeac1114c2af44b8d7cb
A0A803KZ17,unique_never_inserted,00fb15ae8c50e726b49999ba0b76ad37
A0A803KZ67,unique_never_inserted,db0c0d58bd3f90379765b07ed0c9ab99
A0A803KZ83,unique_never_inserted,95df9525157a205f36e113e499f2ea4b
A0A803KZB4,unique_never_inserted,e8e8e165cc4cb9ce20e4584baf524ba6
A0A803KZF8,unique_never_inserted,864842c71444915bf17983097a74d825
A0A803KZI1,unique_never_inserted,010dedede4dcab67fa543f57c8bbe0f8
A0A803KZJ8,unique_never_inserted,8c9135be31524a95ade1ac3f3c1ef3f8
A0A803KZJ9,unique_never_inserted,da35c7249c198bff554a57637dc52213
A0A803KZQ3,unique_never_inserted,5247bd8d274e5734eff846becdd44dfe
A0A803KZS2,unique_never_inserted,c76f4879d03ac364ebbf6826892aaf26
A0A803KZU7,unique_never_inserted,1c5116fcf3ce6529350a494f44f7fa4a
A0A803KZW3,unique_never_inserted,b5e4c6b0aef4786a1b7822b317ce06fe
A0A803KZX4,unique_never_inserted,97db9a7ca2dc7e4b149da26f2aaec7b1
A0A803L004,unique_never_inserted,1e4bd72c47e995fece0fef377da3031d
A0A803L010,unique_never_inserted,82a111d2b8c8ea7679d13a1e7d162d8d
A0A803L038,unique_never_inserted,9b5c83824d5f28a6ed1f5a29ff590fd2
A0A803L063,unique_never_inserted,1445baf5e936afe6b9d22d6b46d53651
A0A803L065,unique_never_inserted,7fb15d699bf0c91ad869931ad941ca6e
A0A803L086,unique_never_inserted,2305717506308574b1e6d8cccd8e8daa
A0A803L0S9,unique_never_inserted,dc34628d74651b7f8fe603f08f89f6eb
A0A803L0U0,unique_never_inserted,78f8a23319e44c4df82d2a639514e443
A0A803L0U7,unique_never_inserted,b30bb81c76d9aea787a0431cbecebe54
A0A803L0V9,unique_never_inserted,605cb37c4294020c6db8e682b2e2d204
A0A803L0Z7,unique_never_inserted,33d5f5833c795d09f67d6aca1933c126
A0A803L113,unique_never_inserted,619dc26bd125aa3137d2196a98c24b20
A0A803L114,unique_never_inserted,c06f11b64d7203de4be7076ae4575c05
A0A803L116,unique_never_inserted,9561d2b9f73bfb0292d65dbd04b89d50
A0A803L123,unique_never_inserted,9f45efcd9604176c51c8cf658b2a502c
A0A803L151,unique_never_inserted,17e18aa9643cce71299a128a36a507d1
A0A803L1A9,unique_never_inserted,72d073cfb01f606d2ec418d3de8095f8
A0A803L1D1,unique_never_inserted,07a01feb7822789b0dd20a2db240c602
A0A803L1F7,unique_never_inserted,841ba54d17ce636e750c47c3f1bae6fe
A0A803L1L4,unique_never_inserted,e52b95b41ef719cbe9e14b13a7026193
A0A803L1L8,unique_never_inserted,6449f571d6afe4b43413e4108bca6ff0
A0A803L1P1,unique_never_inserted,d6246c2d7a4ca0d2956fa61c6f8cc1e8
A0A803L1P3,unique_never_inserted,3adf334f9ef639104c6b96f819ce4472
A0A803L1T7,unique_never_inserted,53624246211700806f13127036ab0540
A0A803L1V9,unique_never_inserted,6bfb1165b88d465c2ba1671a74c39980
A0A803L1X9,unique_never_inserted,02032356b52cdf97ec541555ee590c89
A0A803L1Z5,unique_never_inserted,ab9c45773f8422249570751a4c4bff42
A0A803L251,unique_never_inserted,c78cb24ef496efbe1dada12ed3beb167
A0A803L252,unique_never_inserted,968738faa9852f7d01d8d7e870805ab7
A0A803L262,unique_never_inserted,f5a3d55b14e36a84ea3995728d95ff02
A0A803L299,unique_never_inserted,446e7486a083740193c81fe292576d2a
A0A803L2A2,unique_never_inserted,0d3270adff684907b47ea23725212406
A0A803L2B8,unique_never_inserted,7958bd5d42d0e3cb88619657e2af14c5
A0A803L2C1,unique_never_inserted,b38b8fc6f860a15a8f6dd60ee472e7b5
A0A803L2C4,unique_never_inserted,7e214c6b72ffb7be709c985495bce04f
A0A803L2E8,unique_never_inserted,f051b1f30abc2570e935fff254558030
A0A803L2G3,unique_never_inserted,4642b7bb022c79a69dacf1a2ea86d079
A0A803L2H4,unique_never_inserted,008604eb82138f9c0c4bb0a78a43a157
A0A803L2H5,unique_never_inserted,6628f592f37dd6b3f3c21cbd380429f4
A0A803L2J0,unique_never_inserted,110aa2b9b4a63f66d34b011186c115dc
A0A803L2J5,unique_never_inserted,753d492e6487e93d2c647a6e552a7d70
A0A803L2L0,unique_never_inserted,41067ca507e3db10a064d0e8ed8da0df
A0A803L2N3,unique_never_inserted,0732ca93690e9baca5b27c82d7a0b8fe
A0A803L2P6,unique_never_inserted,64ace90bbb8e67fc621fcd9b47104939
A0A803L2Q1,unique_never_inserted,3a17c378850d9f7341e04cc150fb2161
A0A803L2S2,unique_never_inserted,7944579f5db47126e3c38c0d3f82de5a
A0A803L2U9,unique_never_inserted,b20d9b1cc2746bfb47a9f88e16cfe277
A0A803L2W6,unique_never_inserted,36651ab1e5fa595be381252f3748dcd4
A0A803L2X9,unique_never_inserted,b872a5841df515ccc1551eddd29afbe8
A0A803L319,unique_never_inserted,9fc0737a4c2e4927765c7612dbdb726b
A0A803L321,unique_never_inserted,73bbc0d4be9708b826cf5057f10f6aa5
A0A803L374,unique_never_inserted,26c94c273499f3e269229f8f92ed1912
A0A803L375,unique_never_inserted,8dcad9d45d905f93d4b63aad95a03eda
A0A803L378,unique_never_inserted,af6cda8656494e98b0a4fe581f613780
A0A803L394,unique_never_inserted,c8ecde0e0c6cbe9ec3b514afcb5bc67c
A0A803L3F9,unique_never_inserted,db652a298af6757171feccfc8730fd1a
A0A803L3G1,unique_never_inserted,2291e938154798c63531337da35c7652
A0A803L3K7,unique_never_inserted,00d130b4fe3ef27fc8b91635b2d3de1a
A0A803L3L1,unique_never_inserted,e095ccf9ef845864616f8ebf0c439273
A0A803L3N2,unique_never_inserted,192f5ea199831ccfaae013cafb6a01cd
A0A803L3P6,unique_never_inserted,2f58cf81a4174435709fe3cc037e04ef
A0A803L3S8,unique_never_inserted,06773a7c5f363881b2c1074e9e4b833d
A0A803L3U4,unique_never_inserted,e55a7330bc89c5731ce106baedfc7720
A0A803L3V0,unique_never_inserted,3ac946227d2e13471389e447ceee6a2a
A0A803L3V6,unique_never_inserted,a7623a7dbbc72a7ad68e74f6e786f767
A0A803L3W5,unique_never_inserted,80d1f8a236a22f68cd0871bfceb10467
A0A803L406,unique_never_inserted,72cf8c63eed6561df5a75bbfc8cf53b2
A0A803L431,unique_never_inserted,6d3f041c89b3a38b8e089f316373667f
A0A803L432,unique_never_inserted,ac20872b9fd50c01e33c37deff84d827
A0A803L477,unique_never_inserted,e2f9abb15fc345ff79944c10dbbe1106
A0A803L4A2,unique_never_inserted,1dc124c5835daaaf4f6a574b9d302084
A0A803L4B2,unique_never_inserted,dde8f365a126d3e715aa06c4f7ac0ee9
A0A803L4E7,unique_never_inserted,80b9bd02940957c9ba50ef70bc8165f7
A0A803L4F6,unique_never_inserted,f57f8250f8934ac9ba3c78326d5264a0
A0A803L4H6,unique_never_inserted,a281c3ab58880fc31ee469c5f46105ef
A0A803L4K0,unique_never_inserted,b979d4db83dde664ee758fa67b07d5a0
A0A803L4Q5,unique_never_inserted,406e947aee22983d88b53aa4583dd9d4
A0A803L4X5,unique_never_inserted,0ba280013c3084342eeeb85de1e38848
A0A803L4Y0,unique_never_inserted,a5e1823cd347d2f40cfb25066ad921cc
A0A803L4Z7,unique_never_inserted,a0ba34ad37b261c2965f58888dcbfbf7
A0A803L522,unique_never_inserted,52e017b1ec543dbd3cd774e4540dfd7e
A0A803L541,unique_never_inserted,f8ad456a7cd48955c0f6122c3cfaf72c
A0A803L5B1,unique_never_inserted,92e11281c1ee7d9c2b96414ce3362e50
A0A803L5C7,unique_never_inserted,6f3140dd4a20fd59d34f1c4bb0d114f4
A0A803L5D2,unique_never_inserted,9a8b25b725695d0f05ded8fc6a358637
A0A803L5D5,unique_never_inserted,8305774bb3a52da59b0a6656d84ec8a6
A0A803L5H6,unique_never_inserted,ea155fa939cd9cd1ea1346efa7268510
A0A803L5H8,unique_never_inserted,40bc88d43bf5f01b251400d55066cb1d
A0A803L5I0,unique_never_inserted,9ee929f5832ca0ace38cc96f45bf324f
A0A803L5K5,unique_never_inserted,0d39be16d19b40d62c34737b2718710b
A0A803L5L4,unique_never_inserted,a8a183532665df72f808de9d67d1cc54
A0A803L5N0,unique_never_inserted,74441e86d39159dffcb84ad69e1b89da
A0A803L5Q0,unique_never_inserted,d225bc7043d5f8ee37a031e57e746300
A0A803L5Q7,unique_never_inserted,67a1bd04a3ec6318f035527045d817e0
A0A803L5W0,unique_never_inserted,5d9829ffb4e0d8043bbb8e4e33d409d5
A0A803L5X5,unique_never_inserted,10046d3af5baa85629587ba98fd8f47b
A0A803L5Y3,unique_never_inserted,47b68e2363516ad525946f8e3511ffc3
A0A803L5Z4,unique_never_inserted,e728fafb3f5d313fee7869b6c9cb46db
A0A803L5Z9,unique_never_inserted,38ec2b15457875707f8be87a07a38727
A0A803L620,unique_never_inserted,55173d8a47db7713fc41e79ff55df5b1
A0A803L640,unique_never_inserted,434ad736c136e0d08463e34d19335867
A0A803L661,unique_never_inserted,b567e4ef4d21221c8a6528f45a1b4dc3
A0A803L662,unique_never_inserted,b4feb684730d5fd06561d78bbb2c8bdb
A0A803L6B3,unique_never_inserted,ddec786aa3b38197486bc6127ee3f34a
A0A803L6B7,unique_never_inserted,53f874521c7ab228a4cc4b9f501f4982
A0A803L6C6,unique_never_inserted,de8d2e51a8f2776fc3347f158d635468
A0A803L6K4,unique_never_inserted,b47709a0e5827673d67793f666b45bd4
A0A803L6L5,unique_never_inserted,61ffffb39e87424e00b06783c747462e
A0A803L6Q7,unique_never_inserted,92fe50d19a402088048fdb6f48dd2d10
A0A803L6R6,unique_never_inserted,1316b4fc57c0b4bdbe6a53ed211bc9a7
A0A803L6S5,unique_never_inserted,2a440f44e00d02895aa4b07b1acbe199
A0A803L732,unique_never_inserted,a019110b9e865ccbf8a3487c80370e53
A0A803L751,unique_never_inserted,dc0143a9280aa27c8bf73fd6fd90dab8
A0A803L764,unique_never_inserted,2027c625b59f0118ae69b64e10b0d64a
A0A803L7A7,unique_never_inserted,0f27369a5da46681ca86baa83e466b1b
A0A803L7B0,unique_never_inserted,fada26fb8979c4201202408c0410928e
A0A803L7E9,unique_never_inserted,5caf90c8c4c869f92ffd24c55e999c43
A0A803L7F1,unique_never_inserted,a5bbfed0bae4bbca06aaeb6967264be8
A0A803L7G8,unique_never_inserted,d9b71f660b06d91f5e8e65cef7cb3151
A0A803L7T2,unique_never_inserted,d41d01c417764c39fc4d60adbb9bb96a
A0A803L7U8,unique_never_inserted,abe196ee7f855bc21a285971847c998c
A0A803L7V3,unique_never_inserted,ff60bc9f32f0b6e0fccbf51900445a81
A0A803L7V5,unique_never_inserted,b3a6a475ece32d4b4d9fd03d05cdb851
A0A803L7Y0,unique_never_inserted,15b2f4e6691249c792363ea227813501
A0A803L7Z1,unique_never_inserted,e33fcd283fcd5b9bd95bb439fb4a79d0
A0A803L837,unique_never_inserted,e474e569ab39a5fdca069832f274c5e1
A0A803L8A0,unique_never_inserted,a792695ec358d1accd3d193fdcde8321
A0A803L8A2,unique_never_inserted,ae98e1169d4a274ce77a69e0f65d336c
A0A803L8B6,unique_never_inserted,dfcfb0b95ee1ed27e4b49257b0883564
A0A803L8C1,unique_never_inserted,f19f5de475c510391da87b8c3bbcaf09
A0A803L8G5,unique_never_inserted,5f2ec41d6ffe98af720804a5e764c808
A0A803L8K8,unique_never_inserted,4d732671fbb91c63b21742dd7f62232e
A0A803L8N3,unique_never_inserted,0d531421e5136d111e11e58814564885
A0A803L8R6,unique_never_inserted,e1162c8118f8b7baa52e9d45e5c297d3
A0A803L8R7,unique_never_inserted,0388f65414d3cae16299d9122c0e4e93
A0A803L8U1,unique_never_inserted,c36f6ed7eb37df40bdcd0104e532e9be
A0A803L8V0,unique_never_inserted,d2bfd529fa333545d0f2272fbf3f831a
A0A803L8W3,unique_never_inserted,5172938ceb783d6544fa13d5cdd98aec
A0A803L927,unique_never_inserted,c9985b62e6008e53116daefc6f3d7fb0
A0A803L936,unique_never_inserted,63adc6d34620aaa709b8c4b50a28f1b7
A0A803L989,unique_never_inserted,aa1bd8b509ab0ebddea743dca5aa1c43
A0A803L9A8,unique_never_inserted,07a4d27d94f6c27359c155b87fa4ef37
A0A803L9B6,unique_never_inserted,f0c0d3bc95c8a53e589f89d212253103
A0A803L9G2,unique_never_inserted,a4fd20ceead6e4b6afa91b58ebae5966
A0A803L9L2,unique_never_inserted,723be433657c7692833a4a1f66c48fd8
A0A803L9M8,unique_never_inserted,0bfd471107fc0b9908362e8a7f6bc8d4
A0A803L9N6,unique_never_inserted,2a134ef50db7d48ce18ec9fbee8c8109
A0A803L9N9,unique_never_inserted,19027da68cc3de46f2a1e226baa99b36
A0A803L9P8,unique_never_inserted,f3d897616639c1ed97f4ebfef2ec4a3a
A0A803L9Q7,unique_never_inserted,3c6da63223047cc10ab0617bb333352e
A0A803L9Q8,unique_never_inserted,954e123cd95a7b1b4956f256bf98af90
A0A803L9S3,unique_never_inserted,2c398f238a8d2e76dfc9a1bd3761ab45
A0A803L9S8,unique_never_inserted,08341410ce17a3efce1968aff74f778a
A0A803L9W7,unique_never_inserted,0e1c89a86f5e4f7ee9b86b5e7ae27104
A0A803L9Z8,unique_never_inserted,bd1f679002c2d346ca68b49c9f8d4906
A0A803LA07,unique_never_inserted,187977384c4c656bdfb468f564eb1699
A0A803LA36,unique_never_inserted,c56d9488eb24bd9d651e291757ba8659
A0A803LA53,unique_never_inserted,43fa7467605c9b47e903f9fc38b9a514
A0A803LA88,unique_never_inserted,abe79819bd1aca476d64cce602569329
A0A803LA98,unique_never_inserted,5f2fc4b13c28c963fcb1f88bfbc9f1d3
A0A803LAD4,unique_never_inserted,eacacae8f9a79271a2d1f21a56797b45
A0A803LAF1,unique_never_inserted,d40d7955e9639f87735204ef49f544cc
A0A803LAF4,unique_never_inserted,4233e3496814efc08f5b549b0bc0cd3e
A0A803LAF5,unique_never_inserted,0d0c17d01ed6409de71258bfc9b15391
A0A803LAG3,unique_never_inserted,e9321c2ac3af094e7fa887de6171df03
A0A803LAG7,unique_never_inserted,e573d73872c95ab6b5e49f26defd7186
A0A803LAH5,unique_never_inserted,da65a56a08287ed46c64780ab06f0090
A0A803LAH9,unique_never_inserted,fc4829aab25379ab5b82efb93fa1ee56
A0A803LAJ4,unique_never_inserted,61ea7f62bd92929c275f41b419f33645
A0A803LAL1,unique_never_inserted,29975fbdc64ffd6eaef53ed1a2b768fa
A0A803LAL2,unique_never_inserted,b071cb4912e2370eccb5535d8ad16875
A0A803LAM1,unique_never_inserted,2f484bc4bf3902ad9a33109e1f3a1f98
A0A803LAP4,unique_never_inserted,373dc86e0ddc28403dbd628947cf4d80
A0A803LAU7,unique_never_inserted,ace892d83a6f5cbcbf8928dae0dd7197
A0A803LB13,unique_never_inserted,0d23727d5bf7c1e437066ca1624bc8a4
A0A803LB81,unique_never_inserted,2f925ae323a917c14e271864f12cd761
A0A803LBE5,unique_never_inserted,c922dee4583825c029e5534c2d587105
A0A803LBF2,unique_never_inserted,61913d17dcafef7e4e680224b1b5f070
A0A803LBR6,unique_never_inserted,166770626a49ddd77e23c876d252ee83
A0A803LBT6,unique_never_inserted,05a97dee1d84e290b073cdbd82b7e36a
A0A803LBZ1,unique_never_inserted,e9b923b8c9a187519cce5134f79f97b8
A0A803LC04,unique_never_inserted,7070640d1458768b221d0206fd89eabe
A0A803LC47,unique_never_inserted,2c74c088867eda2b21e1fb70304f8e48
A0A803LC54,unique_never_inserted,971dbdbeb55c9c44a989b0bf4df26d31
A0A803LC78,unique_never_inserted,0a35c464c2bc30eaaec1bf13d83ac5bf
A0A803LC96,unique_never_inserted,868b3a0c1a12b9a7031916f8bd4ae4a6
A0A803LCC5,unique_never_inserted,54ee64d4a5fa22c69c0279c4b1239935
A0A803LCE4,unique_never_inserted,37ff6dc5cf21416350466229e4096c24
A0A803LCF8,unique_never_inserted,0a2092e4d44ebf92d55dbb71c2a430ef
A0A803LCP9,unique_never_inserted,37895c4cff61efa8a6f3a680663dc056
A0A803LCY0,unique_never_inserted,36e5153e0ea8226d732be60405477af8
A0A803LD03,unique_never_inserted,aa3aadb679c4998299f4dc01c116658e
A0A803LD26,unique_never_inserted,794de2c9c869fb7dbf72b2f28fee694c
A0A803LDG1,unique_never_inserted,87f2c83480c5dc5995b433cffce3ce68
A0A803LDJ2,unique_never_inserted,90f454e72ec4d2de4f3ce6430d32481c
A0A803LDJ8,unique_never_inserted,88bc368e9021a5ac5e4fc7580baaaa1b
A0A803LDK5,unique_never_inserted,455b5cdf3f163ee1f18e38ecf511f0a1
A0A803LDP3,unique_never_inserted,a7fdd75543d0104fe94ddb833f277fea
A0A803LDR9,unique_never_inserted,bc98b00a2d4becd41260cbd63fb18dfb
A0A803LDY2,unique_never_inserted,a1b2b31f4b645f4f45b1bc0749ad81e6
A0A803LE25,unique_never_inserted,ce88690a37d106b14631b207f7205694
A0A803LE52,unique_never_inserted,d94981e58d0c623e383d3011161c09aa
A0A803LE53,unique_never_inserted,35eb4cdd2168ba75bddd27c70760ec8b
A0A803LE71,unique_never_inserted,67d2e6ecbce55cd8728e493d7d531714
A0A803LE81,unique_never_inserted,05c14094547460b93693bf0792665b39
A0A803LE91,unique_never_inserted,aa9e75ac1499dc6af32c71ab11cbac8e
A0A803LEA8,unique_never_inserted,3fc9132943af1f2bcae39c88964561da
A0A803LEB2,unique_never_inserted,c2147e9a6fd5d730c783e7eca9d2d129
A0A803LEJ4,unique_never_inserted,927032f83bd99961caf784c3981dd8a6
A0A803LEQ1,unique_never_inserted,4487259a090eae2b7b4b6343154501c1
A0A803LEQ8,unique_never_inserted,5fd2165d878e8c7fd834e29333c1c507
A0A803LEU6,unique_never_inserted,a8ab9f76d714796a88c7a64f9914ac9a
A0A803LF05,unique_never_inserted,08708fabf388c07ca618d48a2db8afad
A0A803LF32,unique_never_inserted,843910ba7eac61e2de83ad768dc5ae3a
A0A803LF42,unique_never_inserted,19724254b5a6568e629aeca341035e5f
A0A803LFD0,unique_never_inserted,fff8ce8c88981b9551d51690c5d4f626
A0A803LFJ5,unique_never_inserted,6acc89a21e060136f161365a6eea655f
A0A803LFN7,unique_never_inserted,16b9b1e90cd925bf3be4ad423e587394
A0A803LFP1,unique_never_inserted,ca06c908880de0c10f7d38b83a746912
A0A803LFS1,unique_never_inserted,3d0b6ebd7e4e24d3ca7ae2a41c148370
A0A803LFT2,unique_never_inserted,117600303b8c32578ca5914f81f6ccf7
A0A803LFV4,unique_never_inserted,2e47ecbc4aa7f546b34f9f6816169d8c
A0A803LG23,unique_never_inserted,6614df5462f2d58cf96f48d357ff1b52
A0A803LG55,unique_never_inserted,cf950ccdf9b0216aa5eaa905326476e4
A0A803LGC3,unique_never_inserted,30a225433fb9875fa2115c14c4f1d047
A0A803LGD4,unique_never_inserted,9a2a20aa4d211fa6ea9c02f62d3166fe
A0A803LGP9,unique_never_inserted,c1d53146c9fbe5cb645001b211828ded
A0A803LGQ5,unique_never_inserted,fc04f5b2e85a5cdb02b1bb5a795c1d01
A0A803LGS2,unique_never_inserted,5a9369ca3f74b06ec23c9824703726e1
A0A803LGT6,unique_never_inserted,000763132059fd3225713d392571a8b8
A0A803LGY3,unique_never_inserted,94cc3676f61b0ae7cc4f09489988b10a
A0A803LH32,unique_never_inserted,ccfaab2db928a8feeeff1e326cd544fb
A0A803LH52,unique_never_inserted,3f4bce09d263ba16d55dcc9070be8661
A0A803LH65,unique_never_inserted,ba843d5ee08dbc747b75cde155439f2b
A0A803LH80,unique_never_inserted,c75d095e0669bf8d9e788d3d65c6d8f3
A0A803LHB6,unique_never_inserted,27ee870e71f9f84637065f3a73b0ed15
A0A803LHC8,unique_never_inserted,90fa61612eff9710fa4d71e1e67562a2
A0A803LHI8,unique_never_inserted,a14975a135f980a21d2cd9f86291a586
A0A803LHJ0,unique_never_inserted,2988f3f861e5696534959aed599abf71
A0A803LHJ5,unique_never_inserted,d8677c67225fbddf305a52aeee7dbf17
A0A803LHK2,unique_never_inserted,3fffea30f5fe7169d1ffa3c022b0d18b
A0A803LHP7,unique_never_inserted,ff9ed61b7004282ffce851afddc5a86f
A0A803LHP8,unique_never_inserted,5410f2a24e40a58ee90ce744c093698c
A0A803LHS9,unique_never_inserted,5a392e838407ed1608c24835ce485069
A0A803LHU1,unique_never_inserted,1491ac76f8a5eac205ad7eb7f8eee78a
A0A803LHU3,unique_never_inserted,c14412b18571374b0df20f01259ebb52
A0A803LHW6,unique_never_inserted,a548a9b186e76df7a99c01761efe7bd0
A0A803LI07,unique_never_inserted,4bba2b18334a7d1a59688a5f8f5c10ed
A0A803LI21,unique_never_inserted,5539e80f641ba7df9b95dd3110b8a6cd
A0A803LI44,unique_never_inserted,9d135a23ee7019f3450e55d83f062228
A0A803LI81,unique_never_inserted,94918a0f0637f188bb481e13cf8b144a
A0A803LI86,unique_never_inserted,ff80f6e2244dc31e0c93194946d6b02e
A0A803LI91,unique_never_inserted,9c34e34f6708405f8951a8bdc2bdb3d2
A0A803LIA4,unique_never_inserted,09bde1293e0a0e56ba27107a427c90d9
A0A803LIE4,unique_never_inserted,e9aad35ba066dc0f0a30199cc5d0ef99
A0A803LIH3,unique_never_inserted,c49d2d2d113e6fd6c4e1bb833e9cd7a1
A0A803LIN9,unique_never_inserted,36317fa1bcbf9f1290d9ee7ccd94751e
A0A803LIP9,unique_never_inserted,0b577dbef754893638b7d51024798b8c
A0A803LIT4,unique_never_inserted,28dcff1edec978fc4a838007aa2e8524
A0A803LIU9,unique_never_inserted,9c79fa7b7d582a0ab4ff76c6468cd389
A0A803LIV8,unique_never_inserted,c0b0db9e7204c2459e87bc9780e18e5e
A0A803LIX1,unique_never_inserted,401c02ff03861bfcd1af2c1822886d7e
A0A803LJ02,unique_never_inserted,ca303a86dc1e32e4b7cbdfa44360f010
A0A803LJ08,unique_never_inserted,4d809f05e28720dbf91015461334005e
A0A803LJ85,unique_never_inserted,8a232d5ffa079c324b9388182dd571e1
A0A803LJA4,unique_never_inserted,b949c40722b09997a46c9835bae8dc49
A0A803LJE9,unique_never_inserted,e1776fd61dd707f777c272917e2586f4
A0A803LJJ4,unique_never_inserted,feede3bac1c11be222145b498780d60e
A0A803LJQ2,unique_never_inserted,8215a2def57b743e3be8b36ba6fcf602
A0A803LJQ3,unique_never_inserted,ee28f5324de115c8de32e0645d2c535e
A0A803LJQ6,unique_never_inserted,3743d7181055e7aa6afc598fc45cb4fa
A0A803LJR8,unique_never_inserted,0403b87dbc2b73cd98f7e6bf964d0406
A0A803LJT5,unique_never_inserted,62c54c3531aa68d0f2fad451ad347251
A0A803LK19,unique_never_inserted,673c5e6bd966cfe103840021d03e55fb
A0A803LK32,unique_never_inserted,13b02d78f2ef81e8c6ec3bd143e5a71f
A0A803LK50,unique_never_inserted,815eb850905c161da2f2c9cab034e8a8
A0A803LK58,unique_never_inserted,6a96f202063435d45b330d89db5473f5
A0A803LKA2,unique_never_inserted,0b5a1740fafea5fa3d01b261abff0775
A0A803LKC9,unique_never_inserted,4133abda7ab4966741b3090862624a34
A0A803LKE3,unique_never_inserted,226c72be4fb363aac7edc2a2fa60d73e
A0A803LKE8,unique_never_inserted,13e2dc0ab75a942777ddd734500a152f
A0A803LKF9,unique_never_inserted,710261a94b9cce75ee2d0c01e1cdae41
A0A803LKJ2,unique_never_inserted,79a1d69485018215fea9f51bb0ea6a42
A0A803LKP2,unique_never_inserted,513d7b165d7931f5903ebddbdf7bd4cd
A0A803LKQ0,unique_never_inserted,cb7164d90e45c1dd9569f9659aa38c7f
A0A803LKR4,unique_never_inserted,63a1cfe2f5d9657692c883be7d862daa
A0A803LKV7,unique_never_inserted,9d3e35ee57499a7c0f22092ac501bdb7
A0A803LKW2,unique_never_inserted,8e5b2fd66b98ae38790a9737e5ba8900
A0A803LKZ6,unique_never_inserted,88c2d76db21dad5f442e1ac519ae8ca8
A0A803LL00,unique_never_inserted,df719312e9eff97d8fe774333d7cf416
A0A803LL04,unique_never_inserted,feed6f3446decee8c2472a979fd8455b
A0A803LL26,unique_never_inserted,fd02689c39e05343a2abdd546e726adb
A0A803LL53,unique_never_inserted,dfede60ac47387dbb31c2b9e9478ad3a
A0A803LL98,unique_never_inserted,c1d82d18fce970ded8891d5456223cf5
A0A803LLB1,unique_never_inserted,66787255c189f894d524b818e9635e9b
A0A803LLC4,unique_never_inserted,ec9290e40e193cbde47d072da3db6aec
A0A803LLJ2,unique_never_inserted,e568480999e7ff55d0751ed431c922af
A0A803LLL4,unique_never_inserted,129ffe788711f945a1e4f8d8042912e6
A0A803LLR8,unique_never_inserted,f08c2289a68b08531504498708662dcd
A0A803LLY7,unique_never_inserted,3c4fcaa435ce3bd574fc1d0cb85d0579
A0A803LLZ2,unique_never_inserted,31de894f800f2ca6ccd5a7ef811c1676
A0A803LLZ4,unique_never_inserted,22f38852cb3688e6801983b3cec6842c
A0A803LM13,unique_never_inserted,324dc425fb7afd7e079a031f5bb514ea
A0A803LM26,unique_never_inserted,31da9ee30330ab2e9b80512bda777d10
A0A803LM29,unique_never_inserted,591a0dcb93fcf3d4aa247608c19ab0c7
A0A803LM65,unique_never_inserted,06ad3302c1008363e9734dc9300b3b8a
A0A803LM66,unique_never_inserted,7222515fb9aecae6c1806ecf42d7780d
A0A803LM77,unique_never_inserted,f8dfa8be66747c7d26e0f518684a2ff5
A0A803LM85,unique_never_inserted,ebf54afcc5983e3d267db0e26507455c
A0A803LMG8,unique_never_inserted,64b2a4744230d44b580e0195612e4188
A0A803LMK3,unique_never_inserted,3b6c8951313266049565783e652baad0
A0A803LMP6,unique_never_inserted,0828546c82444c6d4140d8447f8de288
A0A803LMQ7,unique_never_inserted,99a80e58c2a435f60dcbf2f77274db76
A0A803LMT6,unique_never_inserted,8288e45d8e346fb25cc0d9643cb5c4fc
A0A803LMT9,unique_never_inserted,9492849912bef7fed7c72e590adc7375
A0A803LMX4,unique_never_inserted,27c5d9e1b7aac138a9e81b2c5daa94d0
A0A803LMX5,unique_never_inserted,7d2ef1104ddff724cfec238c3524159c
A0A803LMZ3,unique_never_inserted,804c607540fd75047d1aaf7b1663e354
A0A803LN16,unique_never_inserted,b60273abf79b9fb4cf4be9c297e4f229
A0A803LN34,unique_never_inserted,9075fb0018a61ec85793f6e73e720d1f
A0A803LN52,unique_never_inserted,a83e610a5f39b0e79c472cbfe0592638
A0A803LN72,unique_never_inserted,ea469db9f69b1515bdcb1ce4ac24b298
A0A803LN92,unique_never_inserted,ae964c307eb04f99f44d44fe161dfe5c
A0A803LNC4,unique_never_inserted,94bdb57c4ad98740d5f299557f248363
A0A803LNM3,unique_never_inserted,b65f8ac3b11c80fce7d7b8194176c7ea
A0A803LNM5,unique_never_inserted,8e3632a4757149aac86f6ae26d0a14c1
A0A803LNR7,unique_never_inserted,e3cd5a723997379aac6d46c83562864b
A0A803LNU8,unique_never_inserted,b09608b54a4a070aa8a7f1a35220933e
A0A803LP56,unique_never_inserted,cd4bc0c5518b5131f140a11846b9685a
A0A803LPB5,unique_never_inserted,2bd79a8f14686a85148b7e3d2c71a242
A0A803LPB6,unique_never_inserted,f7274f958ad9ec5a82a8400f0e63e3fd
A0A803LPC2,unique_never_inserted,f2194ccdb4e0cdac05cd01c577c43bf8
A0A803LPL4,unique_never_inserted,666b0197fadc175cba837671d651bc2a
A0A803LPP4,unique_never_inserted,3c70eb595c271de5e546d2d4199cfa36
A0A803LPR8,unique_never_inserted,12c0eb1467879a4697128af869201b07
A0A803LPS4,unique_never_inserted,54422054ce95ce78a953a12d6707011e
A0A803LPW0,unique_never_inserted,e187f14234473668d4669811f196953a
A0A803LPZ4,unique_never_inserted,8f96550295f8fdf125f84f206a680503
A0A803LPZ7,unique_never_inserted,294dd9a353b060bdc72ce02e7ee1e321
A0A803LQ07,unique_never_inserted,99a55c5aaa4bbd09f090c781a85ff303
A0A803LQ29,unique_never_inserted,f64f88ab2908a361f40095e2a54e4ea3
A0A803LQ49,unique_never_inserted,1cf70de646e060597ee8627548167b2b
A0A803LQ59,unique_never_inserted,86969b61c7eef5f66df959d4ccb37e8c
A0A803LQ91,unique_never_inserted,106507ffe87df2bf02c47b5c776322fc
A0A803LQB9,unique_never_inserted,43bbe83ca4e1b734d07c4f55e9e1ef47
A0A803LQD8,unique_never_inserted,41020380618c89db5060ee6d4ee774af
A0A803LQK7,unique_never_inserted,fe40af5cb5078b3492a3216c1a0d7e6e
A0A803LQL8,unique_never_inserted,bbb246accc524926d11659645b7dbc81
A0A803LQM5,unique_never_inserted,4c162fc500f04b702d2d3234da49d898
A0A803LQM7,unique_never_inserted,46b5fb0801095e0aff9ec131333380b6
A0A803LQN2,unique_never_inserted,dc7a7fb47d0d6d4b0fe3c8abf5a0246c
A0A803LQP2,unique_never_inserted,4b1c401f56ae6ba271b063eb64cdc10a
A0A803LQQ5,unique_never_inserted,5db0d4f62562c6860099883146328ab7
A0A803LQX0,unique_never_inserted,3f5cead548b93820d4cab9f7ade0a3ce
A0A803LQX2,unique_never_inserted,04ca9944f312ea66d7cd83100198de24
A0A803LQY1,unique_never_inserted,d3022a51dfc37c992ef64cbc37e2fdbe
A0A803LR02,unique_never_inserted,89c3d0dbdb3ce253cb69ff0314490849
A0A803LR18,unique_never_inserted,dce7143581092a27070980dd4ece753b
A0A803LR27,unique_never_inserted,6419bbb00719b16e0effdf15bea442f4
A0A803LR34,unique_never_inserted,10148b0c81fc3ed3f41a9424522c89e2
A0A803LR85,unique_never_inserted,5e23a36c3075f20b6275a5313dc17a19
A0A803LRD3,unique_never_inserted,100ba18abb228241382ccdbbfd6745ae
A0A803LRD9,unique_never_inserted,7c717cae99c6f8240c69e4fd357458fa
A0A803LRG7,unique_never_inserted,c6562cab179ecd274e5582bfe04e2f60
A0A803LRN5,unique_never_inserted,0211d5b73df0e63842d29a9c1d79839e
A0A803LRV9,unique_never_inserted,7e21cda4d9e4400ba1b96fd5d6d8d890
A0A803LRX6,unique_never_inserted,463ccf5056d1f7a931b6c59584b1b2f3
A0A803LS16,unique_never_inserted,3243a50064ea75a1b25f7ae037f25d43
A0A803LS41,unique_never_inserted,f33bb85744d7a6e43787fcb05f7d160f
A0A803LS52,unique_never_inserted,4a18bf9f8ae26e2d4925c1b8e8482688
A0A803LS53,unique_never_inserted,5f3523f4ab14025cb6665b75314cb46f
A0A803LS61,unique_never_inserted,232ede7cb6e303fb4a3ef21789d9bd9d
A0A803LS65,unique_never_inserted,ae84b007c9756343fb69b93a7ab355b1
A0A803LSA6,unique_never_inserted,902d6cb6a28b03ca34b9f7a37e52952c
A0A803LSB7,unique_never_inserted,7b98f9fb3e1a5853145c31f9f31bbc47
A0A803LSC1,unique_never_inserted,50953a6f3fad4659d949b3f710a262c7
A0A803LSD7,unique_never_inserted,a164b4fc2400325bf512100729a8f890
A0A803LSI1,unique_never_inserted,c9c78bcd5617f8bc698b371085e83fe0
A0A803LSI3,unique_never_inserted,ddb608c314854da664b3ef5044dc609c
A0A803LSJ5,unique_never_inserted,df5ed23afb579709477c3bca94e7e219
A0A803LSL1,unique_never_inserted,8b8d04cffcfcfc51126f69fc14abd680
A0A803LSM9,unique_never_inserted,2353c68f0d118368777f94c488ab9033
A0A803LSP7,unique_never_inserted,62e72c07ca3884733672ad79d6884137
A0A803LSQ0,unique_never_inserted,18f2389995457b49e7888768fe3a108c
A0A803LSR3,unique_never_inserted,c0cc1d7ec25b2f224a36fa5881ca4f19
A0A803LSR9,unique_never_inserted,fb92c3c183058783b62dd50352f994a7
A0A803LSS8,unique_never_inserted,9613aa23b8b633dbc73589872db27078
A0A803LSX6,unique_never_inserted,b3a7e41b2043f0a2475485422f1fb510
A0A803LT27,unique_never_inserted,728b8ba03ed958485245bea7976b6152
A0A803LT57,unique_never_inserted,0409f8f5a7bff49c7f27ecdb1a3bf71d
A0A803LT82,unique_never_inserted,069c8938e596146e35cf181801f07eba
A0A803LT95,unique_never_inserted,74e4165071e26f45cee310056e2fb36d
A0A803LTF9,unique_never_inserted,74da168ed68a214a38dc15871d3c1563
A0A803LTI0,unique_never_inserted,120e7b10e42832af80f519c59dc72afc
A0A803LTJ1,unique_never_inserted,2864e38ac67dcc7597ceff8d0c7c495e
A0A803LTK0,unique_never_inserted,a083130f84ec7b31c881e5582ed47f82
A0A803LTT1,unique_never_inserted,4e0d8cbe18e9e8156f130affbcfd6bb5
A0A803LTT7,unique_never_inserted,8f3a213472c0012da51de4715f19cece
A0A803LTV0,unique_never_inserted,39a20cdd82ff4e9dde715122158ba027
A0A803LU29,unique_never_inserted,3defc1c1c4d04d60b51342ee29272679
A0A803LU33,unique_never_inserted,75d0cced112323d9091f327f72070b42
A0A803LUB2,unique_never_inserted,776a4b4647e6d552817b29c8abfe51fa
A0A803LUC8,unique_never_inserted,a281de18a8b8b79ade1189f057768bd9
A0A803LUF1,unique_never_inserted,ad8978bc22570f9a24fe527a7139af20
A0A803LUI0,unique_never_inserted,883af91f511f9ce5af01287bbadb25f3
A0A803LUK1,unique_never_inserted,147bec6863f3b3f553b6f6066a766bd0
A0A803LUK8,unique_never_inserted,f83c350a92566832874fabe0503078ef
A0A803LUP9,unique_never_inserted,2c7913e3ff13d1d1f7adb5603791cb4b
A0A803LUQ0,unique_never_inserted,00781afdd3ee454960afbbd3ac2149f1
A0A803LV07,unique_never_inserted,9d254b3077339e1c1da62e8d1597a542
A0A803LV20,unique_never_inserted,c39ca548b23320cba9336ab6fdc049d3
A0A803LV47,unique_never_inserted,9229abb106e3d1bf2a9b435f2339e01e
A0A803LV50,unique_never_inserted,80680209cb30c189cb6466f957c2bb33
A0A803LV81,unique_never_inserted,3a885b8d2d9eb8b834413acb2c6e2662
A0A803LV83,unique_never_inserted,dd8359d4fb208ebd1452d8be744527e6
A0A803LVC9,unique_never_inserted,e243c97cc37c014031baadecb575e20d
A0A803LVG3,unique_never_inserted,4b8690460a94ce81471a53702e216b8f
A0A803LVI3,unique_never_inserted,e76d26d6632189e405bae31450879af4
A0A803LVJ3,unique_never_inserted,65509300d914512f23fef9ecc3006ab8
A0A803LVL0,unique_never_inserted,8aaf53173b0a2ca94afab909c7e13b29
A0A803LVN7,unique_never_inserted,e2bf588f373b01c1af5dcd2395b843ff
A0A803LVR1,unique_never_inserted,041c33cabf08843753e12c09762815ab
A0A803LVT3,unique_never_inserted,eb3e59de69f8d11c00e0947bfd8c62b9
A0A803LVT8,unique_never_inserted,41c8fe970cd5c5dd0f9f6fd2c9d09f80
A0A803LVX0,unique_never_inserted,5bc307ecae98e3410d70d4b09c616399
A0A803LVY1,unique_never_inserted,6ba4e76b9ac0a4b8c784c912a00cd1a1
A0A803LVZ7,unique_never_inserted,bb44c702c1398dc03a4490109aa7d135
A0A803LW37,unique_never_inserted,47355e743667c2ba1e558b5edb5ac420
A0A803LW58,unique_never_inserted,b549ac446f73265552baa4824a5ecdea
A0A803LW89,unique_never_inserted,f64bfda64f2bafca9f23aaceed428ff3
A0A803LWA8,unique_never_inserted,448655377c94efa137f959abd70530bc
A0A803LWK2,unique_never_inserted,df2bd4cc7c40b801d913d7767d83a5b6
A0A803LWK5,unique_never_inserted,42b3123cdded5601352606afc02e2db4
A0A803LWP1,unique_never_inserted,9529e18c4aa94e61b82ec0698c8a9cb1
A0A803LWP2,unique_never_inserted,65ec2f316ea5a1572df341a1b07e6071
A0A803LWY1,unique_never_inserted,d7b0960765b6f0e922e29bd87d0902f5
A0A803LWY6,unique_never_inserted,60c3507fc3f10a7607bac3f0f4c01c11
A0A803LWZ4,unique_never_inserted,dd34bd6ac1f959ec1db56a4dfa0ac733
A0A803LX07,unique_never_inserted,468e6d44e21597086735047b2c77c0c8
A0A803LX09,unique_never_inserted,31f3e47937c470b0051d57bb2a85203a
A0A803LX18,unique_never_inserted,807bd8190ede1548c6655d0f4fceb668
A0A803LX24,unique_never_inserted,dbe417de0681fa77356d3861ff1215ed
A0A803LXD3,unique_never_inserted,c545ca208faf17a008b19f188d978b28
A0A803LXF1,unique_never_inserted,9817766181c6bebd7b5dab73c744a315
A0A803LXJ4,unique_never_inserted,6a10c38c7e3ef82f01c96a217d4ca84f
A0A803LXJ6,unique_never_inserted,a8a67c61dceddbd5e11acc5f785825b0
A0A803LXK0,unique_never_inserted,44dd6e87f8da97cf819c72fb5381eb42
A0A803LXN6,unique_never_inserted,7e7356c216b007f3214fb44e78fedc01
A0A803LXP1,unique_never_inserted,d0cae14dcc7f0338aacef2c233e06ecf
A0A803LXQ2,unique_never_inserted,7a9a719175265a9537f7b87a96629d01
A0A803LXQ4,unique_never_inserted,f5efb73ed325b75fa9057e0f2ada9a89
A0A803LXS3,unique_never_inserted,e5d5db2771519df4c6539289dc2e98c0
A0A803LXW5,unique_never_inserted,a00494ea347dbfffdfc78638aded3b7c
A0A803LXY5,unique_never_inserted,8824d36c1544e087fa0a04307dd09374
A0A803LY15,unique_never_inserted,79e8498193e3743deebe011441b5d0d0
A0A803LY44,unique_never_inserted,af5251f6e11005a1fb099064fc8e627c
A0A803LY46,unique_never_inserted,df31eed05170034f4b68de6d5c4bfebb
A0A803LY71,unique_never_inserted,b36ba2fa03c7b731a97ed9afaeaa2e42
A0A803LY99,unique_never_inserted,1a56ecbf56b113d538c30664642a95df
A0A803LYA5,unique_never_inserted,04acade623bae6ffaccf6d72089878f6
A0A803LYB9,unique_never_inserted,084135d5ca942f465d64f8d425d8f238
A0A803LYD0,unique_never_inserted,c62757e5c0b5a29b129231c144dab3f1
A0A803LYD2,unique_never_inserted,4cab2dd59d3984b78b2f05ea6b670476
A0A803LYF7,unique_never_inserted,ed915a9cce17e3c1a2552bb8bd652ed3
A0A803LYG2,unique_never_inserted,3111eade8b8a712efb9defd567725d02
A0A803LYH6,unique_never_inserted,b9d84b62ef12cdea76fcd6164a70177a
A0A803LYN6,unique_never_inserted,8edb5a4aa2225a0568834ac5b3c75ebd
A0A803LYN9,unique_never_inserted,57d1e2b4eaca0a39e01331f38dfe8f19
A0A803LYP3,unique_never_inserted,6ae94451bf7ee2f3bda5b003c209a1af
A0A803LYV8,unique_never_inserted,41928bbd2c82f517898dc5ec00c15800
A0A803LYX7,unique_never_inserted,93f7887baf227fecfc6779289aea141e
A0A803LYY2,unique_never_inserted,f937ca8f7f844639ee148b8210d57069
A0A803LYZ3,unique_never_inserted,b1b8a50be6f39349d795061001a8648e
A0A803LZ01,unique_never_inserted,ab3ef65e42ebc09d6a003469ce5c8632
A0A803LZ35,unique_never_inserted,44dc4de651c755f6011124731d491c94
A0A803LZ36,unique_never_inserted,10e331a6d040d1f2bd70555e4884b6ea
A0A803LZ52,unique_never_inserted,9fc65f9dcc0399617d530ad6da0f5f5c
A0A803LZD5,unique_never_inserted,2c1995df6675de35d1acd958dc0300b2
A0A803LZD9,unique_never_inserted,222c0187ca85018d74b49837cf669b3e
A0A803LZE5,unique_never_inserted,8c2a228cdce79e23b104a3707dda30df
A0A803LZL6,unique_never_inserted,3f496f9ba367f1bafd348f9ef4238525
A0A803LZM7,unique_never_inserted,17375fdeb7d086b65522e10fd1e3a8f6
A0A803LZR7,unique_never_inserted,7941f3d60410fde05e5dce9499a6f53d
A0A803LZS2,unique_never_inserted,c216aee6c00e0d7641ab18068fdc6af2
A0A803LZV8,unique_never_inserted,02cc6dca43e464be54934bbd0748e0d3
A0A803LZZ8,unique_never_inserted,16f4ba3aa5ef6dd3521b7d3802fb08d4
A0A803M002,unique_never_inserted,5fc40098dd1d3fee70bf54846ec13dda
A0A803M036,unique_never_inserted,5155b9796377aee2e2fff893d24adacb
A0A803M089,unique_never_inserted,ba555719e5115aac4829a130e42e9fc0
A0A803M0G4,unique_never_inserted,749cba20e642b74aec08d3c0c256d45c
A0A803M0H2,unique_never_inserted,3dffc0951d2734fce073416b5dfd1073
A0A803M0H3,unique_never_inserted,8485bc9cf089aa5692e31c5a0427fa2e
A0A803M0I8,unique_never_inserted,71532d15896d2b8764d8e40ffbbcbac9
A0A803M0K2,unique_never_inserted,5ce3c8f46d54660682ccb3697593de9f
A0A803M0M2,unique_never_inserted,8e25971dddf1f611e9d64cb9c10dcaea
A0A803M0N3,unique_never_inserted,46fd823626de6a957c585b86f209df25
A0A803M0P2,unique_never_inserted,e43402513d760387e60ad3cca079db5c
A0A803M0Q8,unique_never_inserted,4f16817b3b5296f9618ff2f4ed7a8270
A0A803M0Q9,unique_never_inserted,3d7203abbda9400978279b38d89a41d9
A0A803M0W5,unique_never_inserted,df1413a8bd242a651fba834dc96678fb
A0A803M0X0,unique_never_inserted,dd4a269fcbae565df8ceacaa50fd568f
A0A803M0Y6,unique_never_inserted,fb90d5b227d0bab2b17a9ee80fdcda00
A0A803M149,unique_never_inserted,a1cae81b35536d7dac5278ac7383ccca
A0A803M173,unique_never_inserted,ad346f81a2380d0a27d614eebb8b39ab
A0A803M192,unique_never_inserted,ee9f947d7945474d5eddfa9463da8d85
A0A803M194,unique_never_inserted,2e0680610c4614b31c001c9101f6202e
A0A803M1A1,unique_never_inserted,e05e8acbd53d35550fa9c2e4be95558d
A0A803M1E3,unique_never_inserted,281e3bd03b42de981df974dcb37570e2
A0A803M1E9,unique_never_inserted,d2a5734dffeca06a0ddb5f6e0ac9de0e
A0A803M1H3,unique_never_inserted,2d7e1b73c219c097ccb2f481868be147
A0A803M1K8,unique_never_inserted,b2070293e22713b583830eb9e194180e
A0A803M1W0,unique_never_inserted,7ac0ea7faa704b4dddcb7f7c2b839436
A0A803M233,unique_never_inserted,917c6531c46de6e3024bd9150ae9c2ec
A0A803M238,unique_never_inserted,fad122b7d9ba393b01ad87ef9632b49a
A0A803M247,unique_never_inserted,afa4a83600f470eb0a7a11b8590eb18d
A0A803M288,unique_never_inserted,b73d1ccd4a296147a8d8b6d784b794e9
A0A803M2A1,unique_never_inserted,b6746104b8d47478e2465bab49ba63d5
A0A803M2A3,unique_never_inserted,e5793d160757d0dfa3971aee6abd57ba
A0A803M2B3,unique_never_inserted,06b2962cc2340f74c79448a544755a45
A0A803M2G7,unique_never_inserted,d8d004d76f9c2ef4425163528b2658e4
A0A803M2H0,unique_never_inserted,b5224b9d156947f47794b3ea5fde3bec
A0A803M2J1,unique_never_inserted,7c97911f7d1f85615a9f1dba4029b6bb
A0A803M2L1,unique_never_inserted,cc228d8530a8b050a550bb1dacc301bd
A0A803M2L8,unique_never_inserted,d0e38bdfd6c9c8009534253f34eaa4c0
A0A803M2U0,unique_never_inserted,d728ccc16da90064772653ad24c671fe
A0A803M2W4,unique_never_inserted,b52ea5fc8880fe4cf75566b03ca56e2b
A0A803M309,unique_never_inserted,b18a9a446e44e1833b233c5c1a7982a2
A0A803M318,unique_never_inserted,703463240a3d8b6dad5b2da4480d6ec3
A0A803M329,unique_never_inserted,c1e227bd067497dd29ac413ed8ffc741
A0A803M336,unique_never_inserted,f1416a7a0d4b7c0639bb26dbb877caad
A0A803M348,unique_never_inserted,04ce85eeb9eca2ddaea658f338121943
A0A803M370,unique_never_inserted,b9690670068eb911c371414fbd3eb074
A0A803M372,unique_never_inserted,60bc50cd08a4c22a9dbd62fd42df57ba
A0A803M387,unique_never_inserted,20cec41eef97feb5f26a23527da5b030
A0A803M397,unique_never_inserted,4966be70b83823ee1c6fa9bca979a66c
A0A803M3B3,unique_never_inserted,b53bb0fac4f7a771f2867eb90fb1d084
A0A803M3G3,unique_never_inserted,e0d682088ff25312af19d8892bbc1be3
A0A803M3H3,unique_never_inserted,cf7c665f91a0b7352fe7f720fe4b3941
A0A803M3H5,unique_never_inserted,beb750f3139e8214345c59955e135d93
A0A803M3I7,unique_never_inserted,3f377677dbe76e1af11d3c5b6abc8301
A0A803M3V2,unique_never_inserted,e61003c7ed8cc9b24f022f90fe354214
A0A803M3Y5,unique_never_inserted,ef35c445a38aed90164d82699040f2a3
A0A803M4D9,unique_never_inserted,03012a062ff40da876f11a60b4ddd373
A0A803M4F5,unique_never_inserted,f734d262c08808e8a4bfc0004ec84c86
A0A803M4I4,unique_never_inserted,287d071eec42661d051b0522d3ae7bc8
A0A803M4P4,unique_never_inserted,b93e2d0896b55364cb740a1676d14383
A0A803M4P6,unique_never_inserted,53a3c85f83c3365889f35e64e08de98f
A0A803M4R1,unique_never_inserted,d93da4863e6c48afae1e41c3c542b0ea
A0A803M4T2,unique_never_inserted,7717484ca4645992dd41a517230746a5
A0A803M4T6,unique_never_inserted,12a3835a438ebb2ee1ad7749edfb750f
A0A803M4W2,unique_never_inserted,809dd5ac749e92597f9782208f21285f
A0A803M4W8,unique_never_inserted,122d34eb9e9d049508dfe26e43025c26
A0A803M4X1,unique_never_inserted,4e9db5ee6ff1b9bba55477180967cdab
A0A803M4Y3,unique_never_inserted,899476ed4f5da796ce18a2a515871c45
A0A803M4Y5,unique_never_inserted,9a37ee6c9decefc90d83441db588b9f4
A0A803M545,unique_never_inserted,cede6cb547ee1a8a72b3d36994a9ed1d
A0A803M565,unique_never_inserted,a3c371daed3fd3d04bd64ec24c499149
A0A803M5A0,unique_never_inserted,5af242b0dea2ec9450015b557184aba5
A0A803M5B4,unique_never_inserted,95c965f95524be1363c860acdbb31ca0
A0A803M5B6,unique_never_inserted,f35333d5e771e7c26148d055a03d634b
A0A803M5L3,unique_never_inserted,9aa6e0f422b0e3958dd8428ca301f35c
A0A803M5M4,unique_never_inserted,706a127996a5b2a866122c5f09f77882
A0A803M5S2,unique_never_inserted,3bf6e5a02f61919dfdb6cf3aa393e2e6
A0A803M5T1,unique_never_inserted,b94e4866191d2a6d67e3c4d93697c134
A0A803M5W7,unique_never_inserted,a1868023c2b448451abffaab7f905f45
A0A803M5X1,unique_never_inserted,4390913880b76a932c93c71309e72121
A0A803M5X9,unique_never_inserted,2842a91ee1f8fb8da3b3ca243cae98a6
A0A803M616,unique_never_inserted,be881ae08c2b1dc7794100359952d90c
A0A803M623,unique_never_inserted,52b26457a5e384ba7a38c85089cb883d
A0A803M646,unique_never_inserted,845bf52bd601fc625bd458d74b332b83
A0A803M681,unique_never_inserted,929f713a25949d118fbb832fc6127afb
A0A803M6I6,unique_never_inserted,9c8bc829c039d7fd5440fded0fcbe75e
A0A803M6L4,unique_never_inserted,e8c7c1bb103a403ec396aa549af65fbf
A0A803M6M7,unique_never_inserted,77d8e0e200fc98e12a9c8c1a093b8782
A0A803M6P6,unique_never_inserted,4eff8eab28bf772ce65a184715ce219d
A0A803M6V0,unique_never_inserted,d1002947e5c7b02320f808b68d6ca721
A0A803M6V5,unique_never_inserted,1a4de34d8f0ec8a7afaee43b2a0877bb
A0A803M6X2,unique_never_inserted,38476b76ce16bd43b944441120d854f6
A0A803M6X3,unique_never_inserted,137fd68bf20d5a8906e4d232bf05e995
A0A803M6X9,unique_never_inserted,769e7ee2348ed40ee6e75ee5e99e16ee
A0A803M6Y2,unique_never_inserted,4ca58e460dfde292b605fd16e6dadac3
A0A803M6Y7,unique_never_inserted,a55c8cf42ad1356269f12cf3f18044e2
A0A803M6Y8,unique_never_inserted,a2d7e7657e84f7f9b5a2a8197e129aa9
A0A803M6Z0,unique_never_inserted,4a5b9468e6956582faa02580d7196b83
A0A803M721,unique_never_inserted,b70c5cefe0222a01bd50913092df9779
A0A803M726,unique_never_inserted,a4ad61464ec1cbe5eb1f874d11c64e21
A0A803M737,unique_never_inserted,d6d6e83f37f7bfcc300c72e39e1fb50a
A0A803M752,unique_never_inserted,10a47cc98bc9b82969d3e78cc6020e14
A0A803M7D2,unique_never_inserted,129398a81f96e649aa888b05cec6c651
A0A803M7D7,unique_never_inserted,791733e8467bda403ba4b70b82d33915
A0A803M7K8,unique_never_inserted,e71fc429214f3261d455098a0f0ac43b
A0A803M7R0,unique_never_inserted,0f4645f59e0c11a75dc66e3631e52678
A0A803M7R1,unique_never_inserted,7c182526a1e51d464ef82fe9f7c7cc5e
A0A803M7R2,unique_never_inserted,d133a531bf1a20d68a5c88f1ba974f49
A0A803M7S3,unique_never_inserted,8a748b592878334c78fc815f828fd5ca
A0A803M7S5,unique_never_inserted,caf1f312f54f59e798a645118519f484
A0A803M852,unique_never_inserted,5ad6ae773159ef498f76796ee46471eb
A0A803M864,unique_never_inserted,7f022f6c24fc2a1a72b24ca82c7317b9
A0A803M888,unique_never_inserted,572c03d11b9d23e41503e4458781e9a7
A0A803M891,unique_never_inserted,fe416d8d66455f8013cd5d37482b568a
A0A803M8A3,unique_never_inserted,a82776234194df24772f2c9de6b83363
A0A803M8B8,unique_never_inserted,6128a18d0e745d75ffe79229b13dbe4c
A0A803M8C2,unique_never_inserted,1c10c8ccec439b4432b9e8e5e400dc94
A0A803M8E7,unique_never_inserted,3adbe153f2459343723f573c79180f2d
A0A803M8F9,unique_never_inserted,9dc941693056a2e2d7f5226e81375d68
A0A803M8G7,unique_never_inserted,2944a6de40826268253b5920f97bace0
A0A803M8I7,unique_never_inserted,f0ee64d8420faba7b76aa78ec88d117e
A0A803M8M7,unique_never_inserted,b92b16d857827f1f5202988451829e05
A0A803M8N7,unique_never_inserted,443770b466fe664326ad207d6e72f5fb
A0A803M8Q9,unique_never_inserted,90011f80ce6ba2a66cc2376dffb09548
A0A803M8R2,unique_never_inserted,eba4652cac1fee3128f3a2c09527aa61
A0A803M8R7,unique_never_inserted,e21ed79904c4ed472b4fba350c7dfda1
A0A803M8U7,unique_never_inserted,9d048a6bcc227b909ede34f340e54536
A0A803M8V0,unique_never_inserted,8f75335c8968f50f972f9076e87ce978
A0A803M8W0,unique_never_inserted,59459e74544a7854372e5d00e32b293e
A0A803M8W5,unique_never_inserted,48a41109772ddf99ae458b891e8b20b0
A0A803M931,unique_never_inserted,5794e0e2554b75764b1b30180a20711f
A0A803M947,unique_never_inserted,a614453f85178ac3b248ce4aced06e1f
A0A803M956,unique_never_inserted,472d8d078acba245b0308c7bb0dff4f2
A0A803M9B5,unique_never_inserted,c74e9509a39b0985b47e5cd0eb03fdfc
A0A803M9C1,unique_never_inserted,62d46d08127096ebe01e1ffd95baf008
A0A803M9E8,unique_never_inserted,78aa9c74484c3fdafd9cc8cd0ffffbcb
A0A803M9E9,unique_never_inserted,1b7c23490953da8c942bbee21179d874
A0A803M9F1,unique_never_inserted,8c60cb74f5fa4d2ddbd2663493b6cb39
A0A803M9G0,unique_never_inserted,7a2d9edd54f6443b14ca4bc0e60e82c4
A0A803M9L8,unique_never_inserted,9cc22c31ebecf36c7b8ef0814b62b0e4
A0A803M9M5,unique_never_inserted,4cffcadbb91f826885f65c43315ef1e2
A0A803M9N0,unique_never_inserted,943a17a4399ffb76ce16f3142f216a9c
A0A803M9P2,unique_never_inserted,eefdf5ed4a63d15b7255a402dc7fd4cf
A0A803M9R0,unique_never_inserted,6d38d3cb505cd9516d2b5dce647f8eaa
A0A803M9S2,unique_never_inserted,dd7a145360d820250b1825b84299ba73
A0A803M9U0,unique_never_inserted,15a5bf1b8880cf009eccdc3e2de2c1cc
A0A803M9W0,unique_never_inserted,f2195572af5e876a2d65edba995dc0f8
A0A803M9W1,unique_never_inserted,9531fa57e99426db69cec31e4bd3800f
A0A803M9X6,unique_never_inserted,388901ef62e852687a370c9af2efe240
A0A803M9Z8,unique_never_inserted,aee3d235a8a43d7567d2fdb5ecbb7153
A0A803MA05,unique_never_inserted,9b4b96288c97ddea3abeb8d19fd465b9
A0A803MA06,unique_never_inserted,772dab8067649504414d64cc1ce27a49
A0A803MA10,unique_never_inserted,8b0a32b3684a3d8efa502eaad55518b9
A0A803MA15,unique_never_inserted,7ee3a09d03cde92e074a6ed607a36b3b
A0A803MA31,unique_never_inserted,a89fe9595f85a706aece577a4d64f512
A0A803MA32,unique_never_inserted,4fa5f28de87f4739d4f030043506abfb
A0A803MA38,unique_never_inserted,5da49e8b717525962852104402e219db
A0A803MA49,unique_never_inserted,11a502b2ff9557378849dc68c7bb6671
A0A803MA55,unique_never_inserted,1c4c91155e3777fbb0e3d86cb4128e26
A0A803MA98,unique_never_inserted,b85d490d3e08faadcea6b8533891e72c
A0A803MAB9,unique_never_inserted,4a5f8b907447b97b46df4286a546dec0
A0A803MAF7,unique_never_inserted,0d0fb37ccc9f12f352cca74ebb4c7a31
A0A803MAI8,unique_never_inserted,500e93a10d3f398cffb84236b60d7159
A0A803MAJ3,unique_never_inserted,bcce8260efd411d483222459d6d036a3
A0A803MAK9,unique_never_inserted,89d961553abd8e6ace27a1d259146b58
A0A803MAM2,unique_never_inserted,29e5115adc7c827454f4718e15e61940
A0A803MAQ6,unique_never_inserted,794d95fe575b290b233a8cab6a8228b2
A0A803MAT3,unique_never_inserted,8d0e9b0eea900a1a615f471fe9b55b04
A0A803MAX0,unique_never_inserted,7a3bc0ec1234099956fd20e45216daf6
A0A803MAX4,unique_never_inserted,6f4837296cb356d83081657e31b964b5
A0A803MAY2,unique_never_inserted,5977079167e277f439894bfeb3e4ed7c
A0A803MB11,unique_never_inserted,2a083e1490403591b433627ed58ed330
A0A803MB37,unique_never_inserted,5ca2e1e7a70b44ff8bc3aba4c7af8723
A0A803MB63,unique_never_inserted,69ee4ad08a6ba52c403c20f7a981b64b
A0A803MBC1,unique_never_inserted,f5f869274340897753aa63e4070fc7f9
A0A803MBF2,unique_never_inserted,f5cfe2b30a5109287d3ac79b022024fa
A0A803MBG9,unique_never_inserted,f67bbb21cac0de9ed73a64fa0d357372
A0A803MBI0,unique_never_inserted,b6416df8f50e4ef4344ae11f76e753bc
A0A803MBI4,unique_never_inserted,6dbc98b4992b274d3a1c4aa303601a70
A0A803MBI9,unique_never_inserted,fcc8483ecacca1a12cf782802b87173a
A0A803MBJ2,unique_never_inserted,30dac8048fe4ca03732234ef10212171
A0A803MBJ9,unique_never_inserted,50f00983f306d88f7cbe707ef6114799
A0A803MBM2,unique_never_inserted,60a2e236370d53eb6ea267afd0f0cf84
A0A803MBP1,unique_never_inserted,dc3aa6b705c14b8313eda2892f064a00
A0A803MBV1,unique_never_inserted,ba6f9d274f4f7358aca045e8bbde323d
A0A803MBV6,unique_never_inserted,b7d7413ef0015e2cfc628d758f653ef1
A0A803MBW6,unique_never_inserted,f66c892080f9d5a6b67bd06fb7417338
A0A803MC44,unique_never_inserted,ff65ba082d27903c74c6f6a967615fa0
A0A803MC49,unique_never_inserted,8175b87a12d761eaf8cc1d724eb51bdd
A0A803MC50,unique_never_inserted,3e0bb4704500d3deb3d4dbf36d0de693
A0A803MC59,unique_never_inserted,a030bd43ad754d2746e9251b2fa67665
A0A803MC78,unique_never_inserted,554768861842d21f90b8e80b3b090c4f
A0A803MC79,unique_never_inserted,83be0d899bcce5cfeb82ff9e44aca73f
A0A803MC80,unique_never_inserted,85d5f149b5a92b688e0de32a4ee70624
A0A803MC85,unique_never_inserted,ae1227d42f3aedd7dccde90a1349a57d
A0A803MCF7,unique_never_inserted,d223340a5fa9d3bcd297a0d7a9f9307f
A0A803MCG9,unique_never_inserted,d59fb65631af19b92d946fe7cbf62844
A0A803MCI1,unique_never_inserted,7c12ec6ea675c0e509f1e1a68f02f1ab
A0A803MCJ9,unique_never_inserted,54062d429f43303ebfcf1f96073db7dd
A0A803MCL4,unique_never_inserted,ced53668d552dd8d0444fe40e490757a
A0A803MCM8,unique_never_inserted,eb7b2d63bad3d62f09dd5c1f0b22ec88
A0A803MCM9,unique_never_inserted,98a94ef1154c107207b3de3edec9515b
A0A803MCN2,unique_never_inserted,d2cebc253294ea52fd907843587ef409
A0A803MCS2,unique_never_inserted,9e93d14a0c1ff371b5892c0579e976e3
A0A803MCX1,unique_never_inserted,07f155ae6d492b5ce4983b2160dae0e6
A0A803MD00,unique_never_inserted,104b9d41beb45c0b77f1350356c7c184
A0A803MD28,unique_never_inserted,348f3f90270e8ce1cdd845433dbf283c
A0A803MD43,unique_never_inserted,d4fc0cca51f6fae7f2075764f9006530
A0A803MD63,unique_never_inserted,e5798f92a4d03f88785a8a48d2d44537
A0A803MD71,unique_never_inserted,d12f8114746330a2a5369db009b3a097
A0A803MD80,unique_never_inserted,c6984d495a5c145558601d734b1d6593
A0A803MDE6,unique_never_inserted,0ffda52e987b3ac239b11e3363407f32
A0A803MDE8,unique_never_inserted,ac399eb10374b5d8c951cea260643751
A0A803MDI1,unique_never_inserted,4e3c878864c5a107065c6a62c4f7a5c3
A0A803MDJ1,unique_never_inserted,4d489fab2a58b3c909f0b8806180fe49
A0A803MDK2,unique_never_inserted,512d90953be970472fbc2dc6f8e984de
A0A803MDT2,unique_never_inserted,e0bf2dca877cbd633fbf7112bc73831d
A0A803MDT3,unique_never_inserted,33335e2acd6f8270853452b3e0f3b753
A0A803MDU2,unique_never_inserted,c08b4c129cb90282c6de17002ace488d
A0A803MDU7,unique_never_inserted,156c12a12acd64c1ff5f7bcf83a41704
A0A803MDV4,unique_never_inserted,12a0f7ae387c2fed76d8f116ad4fe8a7
A0A803MDV6,unique_never_inserted,dcc62dc6f580cdd4ed5a079165268168
A0A803MDV7,unique_never_inserted,38ca00db28fb7e42d1edfb489a852fed
A0A803MDW5,unique_never_inserted,e9871616f7490107b20a3927567980a2
A0A803MDY3,unique_never_inserted,7f75f2ae1954ac1cb35d28eed9e7cf3d
A0A803MDZ6,unique_never_inserted,d6f0e9474e744e065c2dd0d74ef357d1
A0A803ME40,unique_never_inserted,83ae5c9e81e15a19d3ac7d0b4f9ab4dc
A0A803ME52,unique_never_inserted,7f4e677b730eb91b741e6ddb2f597a62
A0A803ME66,unique_never_inserted,c457ec8eb4ee16fdf5258f69502b2b51
A0A803MEA0,unique_never_inserted,9d8a155de415aea74c3843bdec68935e
A0A803MEA6,unique_never_inserted,069dc0364bd1d2eed3522dff8f48e7d3
A0A803MEB0,unique_never_inserted,9273511d85ff10377938b1f2d2440260
A0A803MEG6,unique_never_inserted,482f423f0dff885826adacf40b89a7a4
A0A803MEJ3,unique_never_inserted,5c3f811307a62e8204aa8c6f8ae720da
A0A803MEM2,unique_never_inserted,89dcca98dea4c825d524377e1badc152
A0A803MET1,unique_never_inserted,e22b2cb554921930564af79159dbf3a8
A0A803MEX2,unique_never_inserted,46902b0fd7c7c52518067e70e2526aa6
A0A803MEX5,unique_never_inserted,3c3b5bd5c27911c4ad931a7f3ec1a83c
A0A803MF01,unique_never_inserted,3018ee51648796e659d3114471e3ce72
A0A803MF27,unique_never_inserted,d453608ca524fcb28be259f04738ef79
A0A803MF38,unique_never_inserted,2ce0f2107635247c9a7ca8bd33293e27
A0A803MFB9,unique_never_inserted,22cc7fc102c58076e585de9d18942328
A0A803MFK0,unique_never_inserted,d9473a01ac37801793adf14003c41e9f
A0A803MFL1,unique_never_inserted,f2d0c130d1caea0f8c47ad3a4ad921da
A0A803MFR2,unique_never_inserted,032ceb799e243966e623b83fbad4c744
A0A803MFS2,unique_never_inserted,640eab22239cf25470e87f9d8fc8f28a
A0A803MFS8,unique_never_inserted,ad10fd3d57f7ae05761e5abab61f0419
A0A803MFU2,unique_never_inserted,6724c99f3f7006f2371288c4424e130c
A0A803MFU3,unique_never_inserted,f40d17beb6ce400fded518a0ce905c9a
A0A803MFU5,unique_never_inserted,5b32e57bdcd5a90e1b0cd8adaf012bbf
A0A803MFV3,unique_never_inserted,0c275d9c2d4138d492d71e53ee9bb97e
A0A803MFV7,unique_never_inserted,6d2a7d69cf6e9abf395253b357e1f45c
A0A803MFY6,unique_never_inserted,021d38537ba10ecaab5415d89b102316
A0A803MG16,unique_never_inserted,7d94f287d6322b95df2485aa96ff87a9
A0A803MG37,unique_never_inserted,ff1093d3da13ec1f64afbc1a13d51cc5
A0A803MG74,unique_never_inserted,d0e1b931724a02aeca1ccb4886f363e7
A0A803MG78,unique_never_inserted,11316ba7c4790118505739b86b96ac1f
A0A803MGB2,unique_never_inserted,5d4bdb5aa63817c2d2c0df3392cfc345
A0A803MGG4,unique_never_inserted,1c6de7d4eb66bdcfa55aea433b56186d
A0A803MGI9,unique_never_inserted,da606ceb234097d2149b67440a18ff8a
A0A803MGL1,unique_never_inserted,c1e261e9ebc7fd0731582ccd3bc87764
A0A803MGN0,unique_never_inserted,59600dc9744bf1eb5502e3fe379186c8
A0A803MGP9,unique_never_inserted,2411b3550f1ceca7d61b7d517bcb2ed1
A0A803MGR1,unique_never_inserted,f8a751fcb94a0c003c59707aba5d8890
A0A803MGS7,unique_never_inserted,a5d46466cb1979852cafde68cf5d4741
A0A803MGT9,unique_never_inserted,30afc11fb122938e24635f6bda598808
A0A803MGU9,unique_never_inserted,dfe9eafd81cbad3abd40ab3bb0ed83de
A0A803MGX1,unique_never_inserted,8c17473761dc17a5787465b5d61ec7d2
A0A803MGX2,unique_never_inserted,83fd1776ad824a35f56360d61c897d9e
A0A803MGY4,unique_never_inserted,5d7a70e2629cb6c047378d80c8d7ef6b
A0A803MGZ3,unique_never_inserted,0457ef52d96b7abf0f2acbcf554071bf
A0A803MH07,unique_never_inserted,a5fc44751afe2164e0d0d63808808e91
A0A803MH56,unique_never_inserted,099c8e2e293e093258e2231766e4be22
A0A803MH89,unique_never_inserted,bc31f5c0bbc3a3df2d2b0e3e4f55bf49
A0A803MH92,unique_never_inserted,c4d6007d38bcd58edd4f08e837b0ff93
A0A803MHB0,unique_never_inserted,deff528c67cc61691f0502b195e56519
A0A803MHG2,unique_never_inserted,a6be361010459ac9995a7c61c604b1ba
A0A803MHR1,unique_never_inserted,d5ae0a26956fb5508856113a643c55d8
A0A803MHU1,unique_never_inserted,6433d00625684e2b1b9b4f20c0dafed9
A0A803MHU4,unique_never_inserted,1e756588e337d42bab4b3e471bbac193
A0A803MHV1,unique_never_inserted,61056fce9ad57e86399e95fb073a8f8a
A0A803MHY5,unique_never_inserted,0541bc7ebee8a3ec213b661c66344be3
A0A803MI38,unique_never_inserted,12a29be17cc999f62d1e68984b2881b8
A0A803MI98,unique_never_inserted,efc94198516d505de03eb3048623cdf1
A0A803MIA8,unique_never_inserted,3541bd257ceefe24af7090b941e7972e
A0A803MIG7,unique_never_inserted,fe59290ee2714f60d0099f713b67a742
A0A803MII9,unique_never_inserted,fd37835375ba9d4ed440f52c8639a137
A0A803MIK5,unique_never_inserted,fc72bc406199d3816ceb47dc749e6004
A0A803MIP1,unique_never_inserted,29b447db8a40c2c9cb6904f15edc03c0
A0A803MIP9,unique_never_inserted,3080bfdc65c27822ae0a3abcc41e9457
A0A803MIS9,unique_never_inserted,981a5440d5b179cf65e09a4f5969fac7
A0A803MJ00,unique_never_inserted,f28b9b466e6f2f853abe497c3c294ac7
A0A803MJ30,unique_never_inserted,8512c62ea2ed61fe5e9f5819ef37ba5b
A0A803MJ39,unique_never_inserted,7252d8ff4b003a065d06655ff266364e
A0A803MJ45,unique_never_inserted,afd42bae026d25b47e312abb51e1f557
A0A803MJ70,unique_never_inserted,96df0c5d223982b2baff54dc7ea0f884
A0A803MJ85,unique_never_inserted,6d3d35492c84c677c4fe7bb3ac277abb
A0A803MJE2,unique_never_inserted,b8ef59c026b9665e58613ab4b373d9e6
A0A803MJN5,unique_never_inserted,f485d0e5a5302ff0fcfb23d024f1dd99
A0A803MJS0,unique_never_inserted,2bd798c3525b69a6eb33f18aa27d34d9
A0A803MJW8,unique_never_inserted,a66e119e6f98e48aad9b99c1bf5f945c
A0A803MK02,unique_never_inserted,02bb668195712d07feefa19e1d73bf35
A0A803MK37,unique_never_inserted,28c709c4e386eb100761e6f1fffc3559
A0A803MK53,unique_never_inserted,39c70104563dfac085e8575ead7f2636
A0A803MK91,unique_never_inserted,456f0da16d8069c4818ac04a42dc5046
A0A803MKA6,unique_never_inserted,014a5b8673a2d16406c614009e75e71c
A0A803MKD1,unique_never_inserted,e30206cff306b5ef7e0df8614db6aa6b
A0A803MKE1,unique_never_inserted,7170f4c6516aa35ceee339835b6c9aef
A0A803MKE6,unique_never_inserted,c25a4d807de7f288c55458fede39d195
A0A803MKF3,unique_never_inserted,8a4b852afff2b198b77783a96b4b56d0
A0A803MKF7,unique_never_inserted,92a18c2d1f0f6805cceb5c713e6f3b53
A0A803MKH3,unique_never_inserted,ffe33de0a23f5e8a01e3b78b1ce32c3e
A0A803MKI8,unique_never_inserted,1638016cc1ab1dc7a2592d7cf0304976
A0A803MKJ1,unique_never_inserted,075759edb2e97fbd35d99a4c79aebe94
A0A803MKJ7,unique_never_inserted,04cf0ef6e6384df702b09f356bc7d161
A0A803MKJ9,unique_never_inserted,fb57e17877dcd572a722172467ce5a0b
A0A803MKK7,unique_never_inserted,c9c4552532e6ec85d727563113683b93
A0A803MKL1,unique_never_inserted,73ee3143f33cafb2142b7dc2cdda5a1c
A0A803MKL9,unique_never_inserted,9df9778e992779d1c39384c6802d2e71
A0A803MKM0,unique_never_inserted,427f8537cd882a612aa91556ff549025
A0A803MKQ6,unique_never_inserted,6418132fc759f0fbcf2c98a67b10a9f2
A0A803MKZ7,unique_never_inserted,4cacc55ec4bd7e24c0daaa347d04a0a4
A0A803ML05,unique_never_inserted,7e79db3c8a4502cab7c4bd7c586a8c4c
A0A803ML15,unique_never_inserted,89228f3a5fceed1105604d11044489b4
A0A803ML18,unique_never_inserted,8045a3017b05308cad95f1b80f19403c
A0A803ML34,unique_never_inserted,b531e92e016eaad1c3ddcfd5ee3ef088
A0A803ML66,unique_never_inserted,d77749f46b5fda5bfbbf12e2b4ee6b27
A0A803MLA4,unique_never_inserted,418db2057996acd2aaa21fcfbf379782
A0A803MLD9,unique_never_inserted,e549c9786458c7d447379ffb0af5d60f
A0A803MLE6,unique_never_inserted,59904e45484036f69f0698a8fd620273
A0A803MLF5,unique_never_inserted,e9546799d17c65f4ec72185e856a9495
A0A803MLH9,unique_never_inserted,323e1b161d7420dda7f657f5efec4bea
A0A803MLI8,unique_never_inserted,a22b14b154a54b50cede9b4c91e0994b
A0A803MLP3,unique_never_inserted,0368908dbaf5fabfad0e4cb04a19e6b7
A0A803MLS4,unique_never_inserted,81c2dbcc76561cc0e06df6c1b78ef78b
A0A803MLS5,unique_never_inserted,2f5bfc85ae4998f56bb0b2af3b7b6e3d
A0A803MLT1,unique_never_inserted,c21d251b3fbb6d90ebcab1b7b9598ff3
A0A803MLT6,unique_never_inserted,93e8eebdae1c4e3c3dbe7131158f589d
A0A803MLU9,unique_never_inserted,5dea04f1a8451f6011059ba2228079a1
A0A803MLW8,unique_never_inserted,28cd1a8917935619dacecb0e682fe15f
A0A803MLX7,unique_never_inserted,2b7af86760f40f62e7a6542be44b8b76
A0A803MLZ7,unique_never_inserted,ee4908cf77717f28992dcc94b72fab7f
A0A803MLZ8,unique_never_inserted,47f70ec36e1bb7ef8a4a79dfefc6fa8b
A0A803MM16,unique_never_inserted,6dfeb1c63c762de0f55ac1155f7a6706
A0A803MMA7,unique_never_inserted,edfd73ed279ad516d8a8dfe5633605ac
A0A803MMB5,unique_never_inserted,a1e34edebae144b7fe4570e27e4d1f6f
A0A803MMB6,unique_never_inserted,dc8443310a9d14de932e45b33c32d451
A0A803MME9,unique_never_inserted,cd1a642980ce25d2447e26745a95fcc0
A0A803MMG4,unique_never_inserted,5f11ea091f1b444e275ab2d3db975ede
A0A803MMI4,unique_never_inserted,c84d6c27b82239dbecebaf164387d8c6
A0A803MMJ7,unique_never_inserted,c37772725e8b519ca2b889855a01b79a
A0A803MMJ8,unique_never_inserted,3d8cdb3ffc3662fe0e8a822b17a27a66
A0A803MMN3,unique_never_inserted,f9a49bdf34a55e5ca8c996fec7b28641
A0A803MMN6,unique_never_inserted,10231f79a913bbb8ce32c10ce19a5213
A0A803MMQ6,unique_never_inserted,0cb18616b466c79c741bacf411d882a6
A0A803MMU9,unique_never_inserted,a50edfebd124f4a744c0a71450fd66d5
A0A803MMW2,unique_never_inserted,8fc64caa12c37f6dadcbfd7a086bc520
A0A803MMW8,unique_never_inserted,bfbfcd2e3d3a20e0a08d22b50456b61c
A0A803MMY5,unique_never_inserted,2b0a2e9be40d93c00b02a2d3c1547263
A0A803MN30,unique_never_inserted,66b65e9de4848c0382331ab0510c21d8
A0A803MN69,unique_never_inserted,655e68f61c49e4f531947ff39ecc2751
A0A803MN90,unique_never_inserted,7b5126446145d344fe04c74ce97ecd9a
A0A803MN99,unique_never_inserted,62f401369cdb5ae89cda471e70c3edbe
A0A803MNA1,unique_never_inserted,8b114cb8a7315cb421472f0021de6bf7
A0A803MNC6,unique_never_inserted,50eab359fd5523594a19a5f08d71766b
A0A803MNC7,unique_never_inserted,cfce9f119d8ba741693c0a7518cf7ca2
A0A803MNE9,unique_never_inserted,beeee2f8c80ffedc53c978156b3b2cbd
A0A803MNF9,unique_never_inserted,bcf2ac08cd4d00d1a1c3d4a964311ac5
A0A803MNJ0,unique_never_inserted,d178c19d5e9688bf9023559100c3feda
A0A803MNK7,unique_never_inserted,9629a6ddf0e3eb7142962a79ff304842
A0A803MNL4,unique_never_inserted,b010bd9c32f6d31b47f92ea71c7cd680
A0A803MNQ4,unique_never_inserted,6cec275529a5dd245205ffb2570707c6
A0A803MNY3,unique_never_inserted,9a3b39aa9676cb09cdcfaed3cc2e74ec
A0A803MNY8,unique_never_inserted,00ed6e0d28290a9200c723d3eaea1633
A0A803MNZ3,unique_never_inserted,3deabffde8eb996e0ac6376308c379d8
A0A803MNZ7,unique_never_inserted,4b16c2459e8dda53bf5098b911ceda77
A0A803MP09,unique_never_inserted,3dadad023577a578c44d9adea8827ec7
A0A803MP45,unique_never_inserted,29d5ca224a57f04caacc7edf5c766e3c
A0A803MP49,unique_never_inserted,d91da0364af0629165d01771d27934b3
A0A803MP50,unique_never_inserted,e25fc7d1411102dd4313b84e0f9349fc
A0A803MP55,unique_never_inserted,9f2ff282d9fd385763b901fdf0928050
A0A803MPB0,unique_never_inserted,b6c286f044add42b147996f810783ef4
A0A803MPC4,unique_never_inserted,58866b6d8d7971aa932e314d1c9a182d
A0A803MPG6,unique_never_inserted,37d2f95c6d3b6d1cd431553d9fddd214
A0A803MPJ3,unique_never_inserted,4d13f3a20d9f323d65196cc7590bcfb5
A0A803MPL7,unique_never_inserted,be42175cbc30201d6762495cb4857ed2
A0A803MPS7,unique_never_inserted,9ebec207990db7239c29881cc61eb12e
A0A803MPV5,unique_never_inserted,5ecce99884ab928b6fc6781fd2586716
A0A803MPV6,unique_never_inserted,7154be25b5543f550d28847de64e256a
A0A803MPY0,unique_never_inserted,7c9d83030fe3e056765e4d026b42eb80
A0A803MQ00,unique_never_inserted,a44907901c89bf3ab3d7ad67e48ac757
A0A803MQ01,unique_never_inserted,df4e22edf8b6646829baa6622f82eda0
A0A803MQ49,unique_never_inserted,43f34c6f2f88477418099b81af769cfc
A0A803MQ68,unique_never_inserted,7f6a870db2bb93cd2fb3cf1bba3ab970
A0A803MQ85,unique_never_inserted,db381a8ec2c4d3bb88b82bc322f75cec
A0A803MQB4,unique_never_inserted,87e82a306f2731f736cd5db281d42574
A0A803MQE5,unique_never_inserted,45d670fb928906e04b031d9d52b2a226
A0A803MQE6,unique_never_inserted,04098ae74e0f78c71dfb69e734481244
A0A803MQK5,unique_never_inserted,a6511ca4478593c9e5b802036a549e12
A0A803MQL4,unique_never_inserted,7d1c0ba5cef72c421b2b3c174b3fbefa
A0A803MQQ5,unique_never_inserted,aea6d8dfbd2c409053a60f3bd8b2d8d4
A0A803MQQ9,unique_never_inserted,ee0437903eed294b430d2e5831410ba3
A0A803MQV3,unique_never_inserted,3a6ab32ef629468daa9e65cc05c08682
A0A803MQV6,unique_never_inserted,823a57a3d7ec4377fa90ddd956bf3820
A0A803MQX2,unique_never_inserted,63dd95a95d4d6e407bdb42dabdb465af
A0A803MQY3,unique_never_inserted,2948666099b4017784b0ad45aea1eb52
A0A803MQZ4,unique_never_inserted,1d6df101ee9dc950029051deec0dbdff
A0A803MR24,unique_never_inserted,2e7b21fabbb2d6f12efc55965502fa8f
A0A803MR39,unique_never_inserted,435d1e340effec27c3a57f03590e53d5
A0A803MR57,unique_never_inserted,56fbf0b078740a7c1a28eeba012dfcd4
A0A803MR61,unique_never_inserted,1adc152b7e3e9204c5d77039e5deef64
A0A803MR67,unique_never_inserted,e54694ffec7dcfe2c24d6b4ae562208c
A0A803MR71,unique_never_inserted,6c9550736e2d214dd91dffcf68e08ba8
A0A803MR78,unique_never_inserted,5cca6f96107a835e5149843ffeec42bd
A0A803MR90,unique_never_inserted,42440f8beeaf8a7ca4f74a8adeaa39a5
A0A803MRD0,unique_never_inserted,fb063793ff0a2545bd5e9e7ae317eba2
A0A803MRD3,unique_never_inserted,c5cc9c69f855ebd914ade76277c6bacc
A0A803MRJ6,unique_never_inserted,7737910544802e0d0e457fb9f91009c3
A0A803MRK3,unique_never_inserted,05f542e33014ad891a80eae693a95297
A0A803MRN3,unique_never_inserted,10a6e3cc44b533bcfd197953649a4e68
A0A803MRQ7,unique_never_inserted,965ab7ff1b3a17272c42f825abd48ebd
A0A803MRT9,unique_never_inserted,1c36230947f1e1514a5425ed118487e3
A0A803MRX5,unique_never_inserted,5b9815948001bd1b1587a21c28eee75b
A0A803MS00,unique_never_inserted,293c890180fb57c25790a8f62224b6dd
A0A803MS19,unique_never_inserted,ccd999bf9b4e7bb7f42e5ab78e13124d
A0A803MS21,unique_never_inserted,8109f77e96756174f64b24a078625258
A0A803MS22,unique_never_inserted,a89706c6a034d8218d9e90ed8eae5776
A0A803MS26,unique_never_inserted,d0ed15c59bf4f4194c7636069f22c602
A0A803MS53,unique_never_inserted,13dc79483de18e377f64c3f5693c6ede
A0A803MS58,unique_never_inserted,9f3ef39f0a80d69500d311b0ed46c9e1
A0A803MS75,unique_never_inserted,ab27de37ff532f111eb3d15aaf7fff00
A0A803MSE6,unique_never_inserted,e4a46d9f99cc26f3b8a9a1a4e073444e
A0A803MSG2,unique_never_inserted,b15340af1a04d54ef7c18201e7fc5cc4
A0A803MSG9,unique_never_inserted,71d0c66c93682427b126be8da88788de
A0A803MSK8,unique_never_inserted,304953eae156e98413a9db9fd269d5cf
A0A803MSM5,unique_never_inserted,d0054168aa623a69c9d5de92f16c76df
A0A803MSN5,unique_never_inserted,48590802892d6e8ac77c5e99a01b3e69
A0A803MSR6,unique_never_inserted,13ccb49debae02e5f5482fadf5eae2cd
A0A803MSU0,unique_never_inserted,86bf84f3b54a85ae6ccddeacd68cfd4b
A0A803MT33,unique_never_inserted,5910313e8a693435daac1a7dcc5c2aa9
A0A803MT35,unique_never_inserted,19901f027afa8879b434bc0714b2779b
A0A803MT62,unique_never_inserted,e75b7a9150c6b2fc9cc222207025c0f9
A0A803MTC2,unique_never_inserted,4fa32fa674da7b80c6ec512cb87e470c
A0A803MTC5,unique_never_inserted,f877e10bcfdb2eae24501c799ea2a7b7
A0A803MTJ8,unique_never_inserted,60d5c28174e6b00ed0b8ebdace71cf9f
A0A803MTL9,unique_never_inserted,6a8c24e499a986ea982398732f85fe26
A0A803MTM0,unique_never_inserted,6ef34d20ae4b728691c45f5d88fb37ac
A0A803MTM2,unique_never_inserted,85a6acffbdc5c5e6d5afc19143f3ab61
A0A803MTM6,unique_never_inserted,005c417b5db0f2e0c67c6df260d66864
A0A803MTN3,unique_never_inserted,a8855570afcad30bcfbc6e8274a5102f
A0A803MTN9,unique_never_inserted,2adbeb0b63b18aad23919f67c468bb1a
A0A803MTQ0,unique_never_inserted,f91e5a56b63acb585a18a89e5fbd76de
A0A803MTV0,unique_never_inserted,9a8e83d791ab8ed02646a0359b89e2e2
A0A803MTX1,unique_never_inserted,942a5510677229b5ac192ac3c0ba2915
A0A803MTY3,unique_never_inserted,149cdc1cd7995b5355f96ad7f036cb85
A0A803MU07,unique_never_inserted,dbd3b66aa8bff5c154d577d436efc153
A0A803MU58,unique_never_inserted,d827206ad124cf8215c1d295ab58774c
A0A803MUC7,unique_never_inserted,70a90c5242beca449fc1d9fcc2ae473d
A0A803MUE4,unique_never_inserted,e6a62cc3d8b732f1a0bd3fc4a18213c3
A0A803MUF9,unique_never_inserted,acf2665dc426860ab36dd452e8fbfac4
A0A803MUG9,unique_never_inserted,1d10da04a38f35b0c71d5bb24dbbbc22
A0A803MUJ0,unique_never_inserted,7aed068064e1e9fcfbfa4028b0f1f241
A0A803MUM3,unique_never_inserted,d21f7ef5ff846d17a4d475e7f5899ea3
A0A803MUP3,unique_never_inserted,b7479e76a22ad3bf0852fe45c99b5b27
A0A803MUS2,unique_never_inserted,08e9bcb382974fdfd35a6302d3589e78
A0A803MUU9,unique_never_inserted,f7f9babf1b376e024f65713a6a3c48a2
A0A803MUV1,unique_never_inserted,8126bfe91a45aaa9618218dc9646eba4
A0A803MUZ0,unique_never_inserted,6887cbaa5b6e6678753bfa9f26376405
A0A803MV19,unique_never_inserted,15b06ac943443eecfb3673b234ac6a2b
A0A803MV29,unique_never_inserted,91c93db6e54b3fa1f680f7edd1a5a24e
A0A803MV33,unique_never_inserted,e84ced8be48f6f0f7dc8f59b7abb2629
A0A803MV38,unique_never_inserted,fb35ef426bd63778c7171726614ca5e4
A0A803MV71,unique_never_inserted,7249f39afd0553615031491ca1fb0394
A0A803MV92,unique_never_inserted,3e1c45f7b9982ebc5792bd1f4416727d
A0A803MVA7,unique_never_inserted,14880d8b0ecc130350e6beb68c0396f7
A0A803MVA8,unique_never_inserted,212590ea979e6a6b6d2c7fba6f3fca2e
A0A803MVB3,unique_never_inserted,b33e4b6fb279f07e4323e23873a5753a
A0A803MVB8,unique_never_inserted,f2b063dceef27db57a62b87c789fffc0
A0A803MVC7,unique_never_inserted,6f86564ee2abbf9176326eec60f5ac09
A0A803MVC8,unique_never_inserted,854d5804c942a211f515b48b7fd64b42
A0A803MVD0,unique_never_inserted,2059c77ffdc377f465d1ab2489a766ef
A0A803MVF6,unique_never_inserted,d39cec4328f654ce4a34e6650823c583
A0A803MVH7,unique_never_inserted,3c820817f8a7dbe3799619a04b78d865
A0A803MVI3,unique_never_inserted,371f9b2a1879777a64dc958c8499899e
A0A803MVM5,unique_never_inserted,bddee7c8a3741a5bcc9db4ab9720bc07
A0A803MVP3,unique_never_inserted,3cb68fe0e00e0a82afed3e5bf144b2cf
A0A803MVP6,unique_never_inserted,a74136d9dca51bac1ecf64b16f1b26d7
A0A803MVU8,unique_never_inserted,6c3fc8e3fd4002d3f84025659bb05788
A0A803MVW1,unique_never_inserted,72ab94e1ecc376e6f481a25d181e4cd3
A0A803MVY1,unique_never_inserted,bcc3c279bc304a6b693b3fd4556bfb5a
A0A803MW09,unique_never_inserted,840f52c2ad8c7ac04ecdcbd336b7dd90
A0A803MW13,unique_never_inserted,93cd1fc1abc3e5abbcc8347150b7504c
A0A803MW89,unique_never_inserted,7ed47386f7e550e800260a16f3630a82
A0A803MWE7,unique_never_inserted,b0b0e0c6f757a6c6ea2672af9b31a3fe
A0A803MWJ0,unique_never_inserted,0f7d48a075b2064173f2dcd86313f0df
A0A803MWJ1,unique_never_inserted,d0b3f82ab2846f51c4e5581636529927
A0A803MWJ3,unique_never_inserted,7ad3619bacc7f448f765b2e5758c5227
A0A803MWK5,unique_never_inserted,4dae82fea4a3e5d6a0a6bca7c1330061
A0A803MWL6,unique_never_inserted,8e7088b84cb301a2ffe60529abe5d6b9
A0A803MWM8,unique_never_inserted,c7439025183175500cf27a1721e06aec
A0A803MWS3,unique_never_inserted,a84ad4df50818b093848f9166a3ca2df
A0A803MWT3,unique_never_inserted,7b6b5d509546cc2a5ac33a5671f32371
A0A803MWX0,unique_never_inserted,d6a90e8fdb2e97dcfe0f7893fce95ccb
A0A803MWZ3,unique_never_inserted,8a331265bf2f88d2fafd1abe40f6bf43
A0A803MWZ7,unique_never_inserted,67a7652254ebcc68a813163c926fb8a5
A0A803MWZ9,unique_never_inserted,de57e181ed12111c4a943bf9e1715727
A0A803MX27,unique_never_inserted,c9bb4ad39d4515af00bf776907343409
A0A803MX29,unique_never_inserted,1463d77c0810803df8ef6a0c3ade2553
A0A803MX37,unique_never_inserted,652abda04019a610a52fbaa144f06e0d
A0A803MX51,unique_never_inserted,1caf07f657692e606abe0cc8b25b738c
A0A803MX57,unique_never_inserted,e65005932d7c70511405c45aa97ae5f3
A0A803MX79,unique_never_inserted,dad4d50580cbcaf53347d6fb6d5ffcf6
A0A803MXK5,unique_never_inserted,6573ecc0469e430af06100067d072abe
A0A803MXL5,unique_never_inserted,30299ff54c1ab49e1e43b94b95b20dc8
A0A803MXM0,unique_never_inserted,3a5ea158890960eb8618971bd345de31
A0A803MXP6,unique_never_inserted,8847224213d6b4806ed62bd2670c1858
A0A803MXR2,unique_never_inserted,3b6d85f17bce311c0c3f3ab7a2b04f01
A0A803MXS0,unique_never_inserted,34259d279f670ae03efaa8971abbe2a4
A0A803MXS6,unique_never_inserted,a209822c61739c923541f7c2556871e4
A0A803MXX3,unique_never_inserted,12ccf6750b01e7a5e96f1cd5a620b3f3
A0A803MXX4,unique_never_inserted,eb687d1f083b1fffd7a0c433f3112e5c
A0A803MXX7,unique_never_inserted,75fd87afd50ce3f10d92f67a038bb88f
A0A803MXZ0,unique_never_inserted,861e6323512852f9cf3e174c87fb49bf
A0A803MXZ7,unique_never_inserted,ffb99cc64bf6f8bc8fa1ff14fa820d80
A0A803MY40,unique_never_inserted,3212bc6db55965bfed202db94a206479
A0A803MY41,unique_never_inserted,b3fc612b258d28c5a520dd08eb17c425
A0A803MY93,unique_never_inserted,0e56479ff867ffa4e81a132b720f0573
A0A803MY94,unique_never_inserted,479d2411c9b5a71c66adff77e4a9c4bf
A0A803MYA1,unique_never_inserted,e720dc520a856ba4e6025d4d3a55bf5f
A0A803MYE1,unique_never_inserted,481280f1afb556a35cbe876741f87d5f
A0A803MYF1,unique_never_inserted,8748d220b24e9aed1397fbbaf0924289
A0A803MYH4,unique_never_inserted,a0704c4d85e6d0696060aed25b96160d
A0A803MYH6,unique_never_inserted,9cce006ad8859d37a0e5369b7db2992c
A0A803MYJ8,unique_never_inserted,aa52616b569ea6db7726a110ff85f98a
A0A803MYL1,unique_never_inserted,764cbe11304cac97868d5dfa78948c59
A0A803MYM0,unique_never_inserted,2012271b49f0a363d6535029d9acfb66
A0A803MYP9,unique_never_inserted,ebcaa5a3174d20469678d6d9d40d11f5
A0A803MYR7,unique_never_inserted,c8f42a808b60ccd9a60ff2aeb3c5f08b
A0A803MYU5,unique_never_inserted,c54484c2fed1cdb3a0361c07071adaed
A0A803MYV9,unique_never_inserted,7810f2c7c3ef7ee1d934d245c900ef2f
A0A803MYW0,unique_never_inserted,795ac6fcc5541b0dc5b86c0a1f25756d
A0A803MZ21,unique_never_inserted,d32b5ef34c3793d15ae0c79f1dfc868d
A0A803MZ39,unique_never_inserted,a6ffe53a0f4f2d1b23a35dfdcdddb0a4
A0A803MZ55,unique_never_inserted,8e936b87d02c8211573846fbcf1bc83e
A0A803MZ59,unique_never_inserted,a1dfc5d6e222faa018c33438de8ca258
A0A803MZB6,unique_never_inserted,5ec971d35f61ad96e0b86ddeb18d7a61
A0A803MZB9,unique_never_inserted,2c678e4a0db50a60af19b8902d0059e1
A0A803MZD8,unique_never_inserted,53698dd3012006b3e94a92577e54fe11
A0A803MZG2,unique_never_inserted,7bf8d7ab21ea9f3b94e3584aa9b80da0
A0A803MZI6,unique_never_inserted,8235a7f7a5cf13d67813aa272ecab5e4
A0A803MZJ8,unique_never_inserted,9e5b2121aa763aa35fc7a169c9081420
A0A803MZM0,unique_never_inserted,d3df989c56af2fc4edf64ab9290cf35f
A0A803MZM3,unique_never_inserted,a8fe717bffacc69a9ac55cea514dba39
A0A803MZM4,unique_never_inserted,f990eb8885c147e11b4cc64e8f38eeaf
A0A803MZM8,unique_never_inserted,c691c88676b4380d8cb3d084e66df3fb
A0A803N024,unique_never_inserted,8774d2b0cb718e6c5c871bff1b97ff12
A0A803N041,unique_never_inserted,5528434ff67d26aaed9b3d99e910648e
A0A803N051,unique_never_inserted,dbb42e7820586d14e5a2c16255fb99f1
A0A803N056,unique_never_inserted,d62142bc6dc75bf02e8a1d88cc95a14c
A0A803N0A7,unique_never_inserted,6878bd28971258d019379c1d8012e109
A0A803N0G2,unique_never_inserted,0ef984153171ef296644623229133887
A0A803N0L0,unique_never_inserted,8d2ac3d8fcda47c711bd5fdb97331668
A0A803N0M3,unique_never_inserted,c02f9f38d9180331d933afe140442414
A0A803N0P9,unique_never_inserted,3b8cd247e1817ead9592671887a85591
A0A803N0U0,unique_never_inserted,4ea5b89830f9fd8934203d6fd3c156a9
A0A803N0U2,unique_never_inserted,324f0c9eed738b401a3ada6719dfe66e
A0A803N0V3,unique_never_inserted,d67ebe8a4d527163002c73c73ccc8dbc
A0A803N0X4,unique_never_inserted,6da4d73edee3412f61a7866c8708aa22
A0A803N0Z0,unique_never_inserted,bc2538df580965d89cd85e1ad7824a32
A0A803N106,unique_never_inserted,358f335ea766e9d615fe651de1e593d2
A0A803N108,unique_never_inserted,958379fcdddc2a4b7566e5c2e48fd4e5
A0A803N116,unique_never_inserted,7f2704be8c55c8ea646c370a94837aa6
A0A803N126,unique_never_inserted,84765f4a075bef871b4193d39f12987e
A0A803N128,unique_never_inserted,4e533216775c96bcafd4c09492bdfc92
A0A803N166,unique_never_inserted,7f7e76ec45e4cd23cece61dafc4647d3
A0A803N1B4,unique_never_inserted,f84309cbb589ca421d353ac8d72ead01
A0A803N1D4,unique_never_inserted,999ad530f974202b3112b08df872102f
A0A803N1D7,unique_never_inserted,c7012d623643a2bd03109aed2ea3bbda
A0A803N1E8,unique_never_inserted,28eb26e8cf8129f2aa955b0f0fec83f4
A0A803N1G1,unique_never_inserted,55ec4113944e24b16adbbf4d41298d2a
A0A803N1J3,unique_never_inserted,dfd8b16f2e55a3da3bdedcee1c46301a
A0A803N1L4,unique_never_inserted,fafbcbfe5a7eb158cd1b9fcf4d419b24
A0A803N1N9,unique_never_inserted,98b9dd24d206aaf27175e3ff25bc1567
A0A803N1Q4,unique_never_inserted,a990f996bb3b0602698950fea09f6a98
A0A803N1T2,unique_never_inserted,625cc9043af515cfecf17764e1e86fea
A0A803N1X0,unique_never_inserted,0a520e86dbc4a028428383862b4d975b
A0A803N1Y9,unique_never_inserted,3fc1a82967e4c847ad895e0a21fdc36e
A0A803N216,unique_never_inserted,3a2979fa5efb78bb2a1c80c6b91be01a
A0A803N221,unique_never_inserted,d6fffdc2aee2bb9d88f485cbb3495959
A0A803N237,unique_never_inserted,0f783e93fd9fad6c44ad5a059a6155fa
A0A803N2C8,unique_never_inserted,0dcaa23dbb27faba14a7381944ef6e68
A0A803N2F5,unique_never_inserted,15b58e863285642ce3ad5328ef8e6954
A0A803N2K9,unique_never_inserted,23f2ee21d28c820211ab7fde88f02d56
A0A803N2M6,unique_never_inserted,853105dc96a2da88460cbadbf0700f85
A0A803N2N1,unique_never_inserted,37c47dab1aee86eff1401d40c120e1cc
A0A803N2P9,unique_never_inserted,12176441b37faa26f99d10d62c3dc7d2
A0A803N2Q2,unique_never_inserted,1c03d514d655b6dca1d591ea95bd1369
A0A803N2Q8,unique_never_inserted,78881f54ca9beace3d712a165557bfa6
A0A803N314,unique_never_inserted,641fd7e346ce5dc14982081f1e6bae8b
A0A803N344,unique_never_inserted,ac61e284152584cc8d7f72b8545013a2
A0A803N347,unique_never_inserted,085615d9c9b174e2d5e2dad733dc2f9e
A0A803N3D0,unique_never_inserted,e299e4d3f51f477405b80daea40d923e
A0A803N3D5,unique_never_inserted,204c1cb0c1ccb1293a479e708453de46
A0A803N3E5,unique_never_inserted,eb46515a3c11faca82cad04c9ca7f393
A0A803N3E6,unique_never_inserted,7f4127613e8f2826e4433769b551acf7
A0A803N3E9,unique_never_inserted,0dd3a7c79cb2241e84c1279d3e096726
A0A803N3G4,unique_never_inserted,57b3f7a6a6deafab5baae89bc1493955
A0A803N3H0,unique_never_inserted,9fa55eb0106f123e1d391da4095e08d1
A0A803N3H2,unique_never_inserted,d3962b9d716ea060e3f3e070d1c5f6fb
A0A803N3H3,unique_never_inserted,6e92e673ae8727fe806b47aa1289cd1b
A0A803N3I1,unique_never_inserted,e278b1928c2638a8ac217852f2652e46
A0A803N3J5,unique_never_inserted,e30d3775ad087c97b86af1681d1dfe72
A0A803N3J7,unique_never_inserted,4c5e795ddd399339a0fb507ba7a7ed29
A0A803N3L6,unique_never_inserted,09b2cae6ef48017cc40ed96ed95e7ece
A0A803N3N8,unique_never_inserted,e47a72e3e845fef9d9a321dfc85306b7
A0A803N3U5,unique_never_inserted,23b82df0267042612c3dbb06b390335d
A0A803N3U6,unique_never_inserted,418ab992d23d83e43b0e87fc4b05afce
A0A803N3V6,unique_never_inserted,758792478b87576b42774dd19201692b
A0A803N3X5,unique_never_inserted,e24acb41f31478df43cedc223c51bb46
A0A803N3X9,unique_never_inserted,60922cc1b31e7cc14cc303a87c28c6ae
A0A803N3Z4,unique_never_inserted,caab0ad16e47b484b3aa1d9c34b0a2b3
A0A803N438,unique_never_inserted,00dca9798d4cbabdab98b1fa012cb410
A0A803N441,unique_never_inserted,ca5572a255f60de34a40aa6c024e797e
A0A803N447,unique_never_inserted,89528a5d8a7412f33f592c343c6192ec
A0A803N464,unique_never_inserted,cbadf015d228301595a202ef0613addd
A0A803N474,unique_never_inserted,419fdb83a2066ee8dbea5d13338ddaea
A0A803N4A4,unique_never_inserted,a21c057804c71440341a4782fd59bda8
A0A803N4D3,unique_never_inserted,a13a7a81c2ac218cf8ed09862a532236
A0A803N4H7,unique_never_inserted,b69ca8c8f8c83011318b029f19add70a
A0A803N4M9,unique_never_inserted,508a8f1b473e97820a0c006f0a351470
A0A803N4N0,unique_never_inserted,659f9f1d7de145b11a79e1bfe1834bd2
A0A803N4N5,unique_never_inserted,adfff252f401bf7124406d2485b5b599
A0A803N4Q7,unique_never_inserted,7c20198e1d842b9dcea7a6a63eceafb6
A0A803N4R2,unique_never_inserted,ac8c24d20aad32968702edd02406a194
A0A803N4S0,unique_never_inserted,73fc562a4c12888cf5c0e4c9d85d50df
A0A803N4X9,unique_never_inserted,5c405a7c3aa05e3fdb135c7b2b46aeb9
A0A803N4Z9,unique_never_inserted,c9d7059536f3d39f6f3bd6e3e94367b6
A0A803N522,unique_never_inserted,3b5da1576836203391cc00eb297c6374
A0A803N531,unique_never_inserted,7d354880c0c4c25330cfa028a8f50bc0
A0A803N551,unique_never_inserted,ca109b7aca681849b8a786647aeaeabd
A0A803N598,unique_never_inserted,8c28fe4e2c0f7d6fa516046276b961c0
A0A803N599,unique_never_inserted,0f1b7fb0d81b3c16a19cd4721fd15dc0
A0A803N5A1,unique_never_inserted,f0a8fa9a853850477d833c4d0d50ad6d
A0A803N5A2,unique_never_inserted,eccf212af68c99e72b371a3e03fb50eb
A0A803N5A4,unique_never_inserted,c4ca47ae3cb40b890710b3945ae56aaa
A0A803N5A9,unique_never_inserted,495b7d49e7dbcf3ec59cba3ff3a4be56
A0A803N5B1,unique_never_inserted,da465703503266a7657b3040359a7323
A0A803N5C2,unique_never_inserted,97580bcaac445d57fff4b17174ddde6f
A0A803N5C4,unique_never_inserted,e1489c4ca2068c67b87b889dd50741ba
A0A803N5C8,unique_never_inserted,f1ec9a427fb8c877db15682d3fd3a3fc
A0A803N5F0,unique_never_inserted,4fd1a54145c16a40081ab6068b4dd378
A0A803N5I3,unique_never_inserted,5b185fd0d3bed1b17c48421964cc16d0
A0A803N5I9,unique_never_inserted,0e96b8eeefa0180b4577549ca84352ea
A0A803N5P2,unique_never_inserted,1e9d243ab19674d49d45637121f2eebd
A0A803N5T5,unique_never_inserted,798826fe7600453db77233f2e87a7281
A0A803N5W9,unique_never_inserted,301980134730f4e6d1aee863568187d9
A0A803N5Z3,unique_never_inserted,9e7cda9c6b472c69ece4be0b3859b4ed
A0A803N617,unique_never_inserted,1d255bf13cfc121efa224d483929d0f3
A0A803N662,unique_never_inserted,c86ecb11eea1561cfb355aefb7977078
A0A803N678,unique_never_inserted,d9cb6076281c6711c452cb7def002413
A0A803N682,unique_never_inserted,ac02641f3fed8cb9e8a46b92a76bb1e6
A0A803N6A2,unique_never_inserted,f66f4234c8547d16b2f17cfc8cb873b9
A0A803N6C9,unique_never_inserted,fafa2cafd75671b00642723c569be50b
A0A803N6D1,unique_never_inserted,cee4cd60a7931e57887b03cd52f0bc7a
A0A803N6G6,unique_never_inserted,f4535e78eeaf3a7e8bf7c3b22baed0db
A0A803N6H1,unique_never_inserted,13cd5a9f229fe7191274ab8fca5bdc60
A0A803N6K8,unique_never_inserted,f3c8d889778ba881b097e659278022d5
A0A803N6K9,unique_never_inserted,86010b8ae2df15b48859b027895f58de
A0A803N6S1,unique_never_inserted,285a347374d36980c61a57cd61543957
A0A803N6V1,unique_never_inserted,ad9aa832b4c0cf5d93c95e2c8910b83e
A0A803N6Z7,unique_never_inserted,599ca990ac47921e542e0f19414232fd
A0A803N715,unique_never_inserted,ec82b48dc992bbc03aff754a2afdd6fe
A0A803N767,unique_never_inserted,050248128a8a374205d6de4186026a63
A0A803N769,unique_never_inserted,3e8ae6b409eb92c2cb657216c4ab47c5
A0A803N7A2,unique_never_inserted,5f84b7c41a7760a0561fa514899fc940
A0A803N7A7,unique_never_inserted,7712367ce2b598d323a55ceca7325529
A0A803N7I0,unique_never_inserted,626a0672e7f74edc4fc3cf35b8f0efce
A0A803N7K2,unique_never_inserted,6fe1468845f93f6f4473623b248dc667
A0A803N7K8,unique_never_inserted,39256b09bdd7462c1210f1d19d26a266
A0A803N7K9,unique_never_inserted,1a9843a2400bb4801c3e32091941bdc8
A0A803N7N5,unique_never_inserted,fc048e140916e951028a5d745db3f9b7
A0A803N7Q0,unique_never_inserted,4575b55615193efb9550bd1db268a491
A0A803N7Q2,unique_never_inserted,2663fa286c61b34f539718027390d78f
A0A803N7Q5,unique_never_inserted,5cc246f9c1ea06bedb94343145f4899b
A0A803N7Q7,unique_never_inserted,1db767b9a2908799527015906cdb2032
A0A803N7U5,unique_never_inserted,2c1ff654dbbb013bce573a8993339991
A0A803N7V2,unique_never_inserted,38e0b133af3a59137fa22a3701cf26a8
A0A803N7Z2,unique_never_inserted,c4c518ed78f8e631068a0262462f05a0
A0A803N7Z3,unique_never_inserted,f817ee1d368088141edb67a6e8b2a112
A0A803N7Z8,unique_never_inserted,63c58f61f45566dd06835e667992fc97
A0A803N814,unique_never_inserted,e88c3935218880a214b3b06b6837f316
A0A803N869,unique_never_inserted,ab9a58a46af296dffda932354b21f330
A0A803N891,unique_never_inserted,b642b7751d8508465a12f7b9b9931315
A0A803N8D9,unique_never_inserted,cd631954ee57cd260bf4c1630920be9d
A0A803N8E1,unique_never_inserted,232f40e08b49e46318ce3be62c0fa9fe
A0A803N8E2,unique_never_inserted,2c307eebeb87f491dfe396345e1e8d0d
A0A803N8I4,unique_never_inserted,daadec4fa9b838b11503bf3936f557c5
A0A803N8N6,unique_never_inserted,e830f6b002fdeca70ec4c876e3640798
A0A803N8R3,unique_never_inserted,aa18649bc99961068bbe995a04a8f6af
A0A803N8R7,unique_never_inserted,67cd08701ae4ac40099c39201e0baf5d
A0A803N8S5,unique_never_inserted,6aeb64a7bfe98bc4e297a1e693ebef4e
A0A803N8Z5,unique_never_inserted,4bbdebd950cc889279ee1e606b35acd1
A0A803N906,unique_never_inserted,2f3a838d702e802c95b58312cd453c72
A0A803N929,unique_never_inserted,79f58af6c239edd8a79cd1e3933a721b
A0A803N9A5,unique_never_inserted,91c58246d760c133efbb67e40cec187c
A0A803N9F7,unique_never_inserted,2035307019f889ed7eb17cdef4a00354
A0A803N9G5,unique_never_inserted,0209b316672063024c76a1f3f80ea580
A0A803N9I0,unique_never_inserted,64b515c3c8a8de721b1f2dbc29d1b787
A0A803N9J3,unique_never_inserted,c2c3214e44d2d25b4147c6d61bcbe2ee
A0A803N9J5,unique_never_inserted,ecd6e9f0a830222a2a1ae4784e5b4acc
A0A803N9J8,unique_never_inserted,0c926733624547afce4c75cf9525ecae
A0A803N9L6,unique_never_inserted,a930d51bfd48995f5bd81252cf64bc1e
A0A803N9P7,unique_never_inserted,2d06a9df0605dcdc1b77ef11fe3ed6aa
A0A803N9R8,unique_never_inserted,6d601906625756a9b73c7743ee36d8cf
A0A803N9W5,unique_never_inserted,61f60f3f95c8b81adcaed879c6f74774
A0A803N9Z2,unique_never_inserted,2894ce12fb570db09d367dd3810e2ed7
A0A803N9Z7,unique_never_inserted,ff41f3c10e3285f385d09ae5a920790f
A0A803N9Z9,unique_never_inserted,2f194abb468fd017c6bdcfeb94bfd7df
A0A803NA19,unique_never_inserted,0b4863ad500320ceaa723ff0992eb8d8
A0A803NA29,unique_never_inserted,158338792e351c21df33ef84219b0ada
A0A803NA64,unique_never_inserted,0353b3c06e5d800fdf94313afeb6be2e
A0A803NA79,unique_never_inserted,df4c7f90a2fe56781930cfdd17732add
A0A803NA95,unique_never_inserted,7c473b8f25c50b20f05c01891a7e1de0
A0A803NAB1,unique_never_inserted,75204109e0aefd0fb510fb24bfed0ddc
A0A803NAF2,unique_never_inserted,14bbe6ed0cfe9b67a901ae6ffc80cadb
A0A803NAF9,unique_never_inserted,d7669a77e7c6e62760d3f75422bc1a7c
A0A803NAG0,unique_never_inserted,2acb924722a4d224d920c4436a8d6a94
A0A803NAK3,unique_never_inserted,69b2b07143494dbe3cafda08aa613e6f
A0A803NAZ6,unique_never_inserted,b730ed8c057d0459b7f018077fbafc13
A0A803NAZ7,unique_never_inserted,af7348198fe972dfb2b33f11407875f9
A0A803NAZ9,unique_never_inserted,7877660a243c4ce0a46d58ca770d1e9e
A0A803NB28,unique_never_inserted,e9e9fe55d537a6af674b8233baa87fd7
A0A803NB47,unique_never_inserted,2ad03946f76ad73c464870bb8968fd15
A0A803NB62,unique_never_inserted,bc310db63f02cdbc5ab36f4529536b39
A0A803NBA8,unique_never_inserted,c2e4b6e88bb7967d3536e6b298bafe2a
A0A803NBB4,unique_never_inserted,8ff29f9b5515efa6185a611412e8d9a8
A0A803NBB5,unique_never_inserted,24ea6b2e66c51233ff23f599ef9b41b0
A0A803NBC5,unique_never_inserted,d40f1d50c3d644efa569a3555f989094
A0A803NBD5,unique_never_inserted,e47bf99504f4dca0607a8cdd4830c39a
A0A803NBF1,unique_never_inserted,e767357b353ee4249e6e0c3d8726d0aa
A0A803NBG1,unique_never_inserted,b4ecb84cc47d169b5fd4afa0dfe4a510
A0A803NBH0,unique_never_inserted,401249f1e138a71dad19153282b4c8bc
A0A803NBH7,unique_never_inserted,eb2e541664b585548dd5caa5f90917e8
A0A803NBJ4,unique_never_inserted,d6ce13cf96c6cc6f9b38d5d2d2fb51b9
A0A803NBK8,unique_never_inserted,9360a27aae97877bf36f0ac96a723198
A0A803NBN4,unique_never_inserted,f7ac352ff60f74afb1198bb73cb60cb4
A0A803NBN5,unique_never_inserted,592ef89f0942d33406e63d36cb479ef6
A0A803NBN6,unique_never_inserted,507709e3e55f8a5ce190043652b4ec53
A0A803NBQ5,unique_never_inserted,371aada92b33ca678f0407e94fe839b1
A0A803NBS2,unique_never_inserted,bae0aa7428175c9cecc4a4607278225b
A0A803NBT3,unique_never_inserted,dac05256add0a04486dabd5d71efcb9a
A0A803NBW2,unique_never_inserted,fd78e179f8c451560fed62a8fbf89560
A0A803NBY5,unique_never_inserted,c2220ef62edd7a0b51cd61def5020ca9
A0A803NC01,unique_never_inserted,950b137d8002d5e804e441e05b2b07f5
A0A803NC18,unique_never_inserted,6d5dfdf1cc4fc67816a3f1276a60389f
A0A803NC34,unique_never_inserted,e9bc4e7c83fcc55d0735204a398756fd
A0A803NC39,unique_never_inserted,862e6a3a63d025fe0cf85fb9a4a342fa
A0A803NC67,unique_never_inserted,d2ea31cc9eea97c81059f98abb97b94a
A0A803NC85,unique_never_inserted,8f4bb79754a2dc3de72cfbc2137280c8
A0A803NCC6,unique_never_inserted,3f09d2d43c19cce988a4c85003895167
A0A803NCG5,unique_never_inserted,de41defd3586c3df780699f6cbf66bb7
A0A803NCI8,unique_never_inserted,2104f70ab30839da0df9e7966c8588e4
A0A803NCN3,unique_never_inserted,c3d9c52bd373ae223234eb6eb1a79773
A0A803NCN5,unique_never_inserted,29ba876955e7bf3ba4081181063acce3
A0A803NCP1,unique_never_inserted,66a5bfc9cb401271dc268518d5c19855
A0A803NCP6,unique_never_inserted,2f25b9e301e4dcc836dde9a6c150736f
A0A803NCR7,unique_never_inserted,32e00260b25e5a3d9cea9167c08ea8ce
A0A803NCU1,unique_never_inserted,4747b10608b8a6aa2247114d84eba619
A0A803NCU6,unique_never_inserted,32c8773688c41937f7b726dd5e23339e
A0A803NCV0,unique_never_inserted,9d50b4169fdf4336def22669c99256cc
A0A803NCV2,unique_never_inserted,40c7725d12e4139f1eb12eb781aff4e8
A0A803NCY2,unique_never_inserted,eba90aefb525bb605f0c9347545bc7c4
A0A803NCY6,unique_never_inserted,ced7f167e65844b52b314c561f53b3ee
A0A803NCY8,unique_never_inserted,4e6fd1b5c9fe2d31645230fd53ed13eb
A0A803NCZ5,unique_never_inserted,989c980b6ad63f9fe9c66b48f7927da4
A0A803ND02,unique_never_inserted,2ee4d88e82a516c0006997fff1b0ea81
A0A803ND06,unique_never_inserted,7b458aa31e0420ba55bf7d10ba7ae134
A0A803ND12,unique_never_inserted,7b9e768dcf2bdd1f525d95596c4910d3
A0A803ND19,unique_never_inserted,2929d826a8eda17ebc1dadd9dd4540b1
A0A803ND23,unique_never_inserted,a483ed254e2cbedc606fe351bbf01b7d
A0A803ND59,unique_never_inserted,29d94e71635d105dcc18243955067023
A0A803ND73,unique_never_inserted,90ba06c3359993fc058571ffb0e77af0
A0A803ND87,unique_never_inserted,5fff56ad516004136c8b5577efac4008
A0A803ND93,unique_never_inserted,7696404230048d6813b5065889b2060c
A0A803NDG6,unique_never_inserted,5b06cdac1bfc87eef0b62f0dad6ec2c6
A0A803NDJ1,unique_never_inserted,99e00195f986bee8fdf87bdf3002547c
A0A803NDN4,unique_never_inserted,4bb1feda107be744d6ab25afdc737146
A0A803NDS0,unique_never_inserted,19407c089e95321194be81b26f24b18c
A0A803NDT3,unique_never_inserted,2cf9a41a976fb9d18c690e25253cc66b
A0A803NDV7,unique_never_inserted,6ca8dab350a6a626cba359c7b891c26f
A0A803NDX7,unique_never_inserted,e3458677eef212f6d3215bb4d3276e3d
A0A803NDZ6,unique_never_inserted,0dd7db7dc0a9cd9931eeaada4bbbe998
A0A803NE02,unique_never_inserted,5811beebe1b30d06a8ae31bb875e3aa4
A0A803NE10,unique_never_inserted,f42c1c36ab66aefceacfdb6e1feaa923
A0A803NE19,unique_never_inserted,f508c314ff50c92de89f5607e06fe3bb
A0A803NE35,unique_never_inserted,ec36af4b71d419be320742c6d1437334
A0A803NE71,unique_never_inserted,cd5c1c76fe7e8e6edf091ded5e237988
A0A803NE74,unique_never_inserted,0d4b1968d726d3adc600b767d12555de
A0A803NE89,unique_never_inserted,e77e9968181d6fd36f7857e80ca34bdd
A0A803NEF1,unique_never_inserted,9ad80decdce7179125fc83247faa82cb
A0A803NEN0,unique_never_inserted,c5b8d8fd089bae256b4286a22d05d7d4
A0A803NEQ8,unique_never_inserted,9a7778e36b5df351b281ee8dbbba85bd
A0A803NER2,unique_never_inserted,a1162525719778e3a588196d538e853a
A0A803NET0,unique_never_inserted,3de9635d83960583688ed7cdded1ffad
A0A803NET4,unique_never_inserted,92cdffff406f87e9b125d4215bf7b7f9
A0A803NEV0,unique_never_inserted,97b9bb1190a945204181a14a453382e1
A0A803NEW2,unique_never_inserted,85358c71c45e05b2e8c1c613e5ba67b9
A0A803NEW5,unique_never_inserted,d450bb84a54a33a8e1d1e0cf8a2aba2d
A0A803NF08,unique_never_inserted,7797272c820018e8dce3752ee55a45f9
A0A803NF27,unique_never_inserted,310947d49d48472df145570b1826de8c
A0A803NF44,unique_never_inserted,2182df9bb3aa3d138fdedcea1d2a3c02
A0A803NF52,unique_never_inserted,00bb83c41e3a4b3fa97bcc00930c580b
A0A803KLU6,unique_never_inserted,b042d203a2d1d944e839025df56de5e3
A0A803KM34,unique_never_inserted,f88c1158ce5d00c9db2957111743890f
A0A803KM54,unique_never_inserted,326f35906b2fb6ce422bd191167305f9
A0A803KM57,unique_never_inserted,fffbc6583b3a40f0c59c5f959a328d8c
A0A803KM77,unique_never_inserted,2f8d0f06208fbfa20c1d40ffe57da54e
A0A803KM90,unique_never_inserted,906a26c78b76f3c08df68416d86b9c09
A0A803KM99,unique_never_inserted,31d6ac8e01750479254f1b0b2f767150
A0A803KMA0,unique_never_inserted,ab10aff6cc14399d7a762956239c376e
A0A803KMA3,unique_never_inserted,4d2f2f5390578dedfc0234585dee9ce9
A0A803KMD0,unique_never_inserted,81c450b830a4dd632b3c9fdd92670532
A0A803KMH8,unique_never_inserted,6790a6818bc56827207329212f201cb2
A0A803KMK9,unique_never_inserted,10b10edc9c7d490778ada239cff6c7d3
A0A803KMQ3,unique_never_inserted,295cc1d4afb21ebcf2d9d695f28fa958
A0A803KMW0,unique_never_inserted,d88511339a90df8ba36144a8a64f2c75
A0A803KMW2,unique_never_inserted,fae6695a3c8affcd1af3466ec7f15c75
A0A803KMW6,unique_never_inserted,3320c9eaf8929b1708371980410ab227
A0A803KMW7,unique_never_inserted,08dbe3d3674a798800f2fd8959451ef3
A0A803KMX5,unique_never_inserted,2aa33f6320106c1963c172c5fd329d36
A0A803KMZ2,unique_never_inserted,3b6342dfc30c9f7a6c10176431288bb1
A0A803KMZ4,unique_never_inserted,f8e04f4a7abaca1aef0712b7c47fbc21
A0A803KMZ6,unique_never_inserted,92ce1ef497405cf93d60fbeae9bd01bd
A0A803KMZ9,unique_never_inserted,82169fb59ff5ada8aeccec565fbbe668
A0A803KN35,unique_never_inserted,21925ef15b413005b0f7263c6287d539
A0A803KN61,unique_never_inserted,7748d50a041ec10ee641341c5efd5737
A0A803KN76,unique_never_inserted,6d4d844e75222cf12069fd45b74f587b
A0A803KN83,unique_never_inserted,34c261251222e6a7ada2abad92cc245f
A0A803KNC1,unique_never_inserted,b592308e54f1521f5727e32d0fe2ba4b
A0A803KND0,unique_never_inserted,60b644e9a402954c30d239f305108010
A0A803KNF5,unique_never_inserted,bcec6d097e37362362276dac55b3c353
A0A803KNG9,unique_never_inserted,81f0d31278bcdd9fe96b64a8a7dbb62d
A0A803KNH2,unique_never_inserted,928b6225d8efea070c5f6b6bc80c1519
A0A803KNL2,unique_never_inserted,131983ba3f197471d63f405f40937bd1
A0A803KNL4,unique_never_inserted,2d1efc2ba8faa7862cef364da830cc5f
A0A803KNM1,unique_never_inserted,b971087b320e6072732d4672b9e3db99
A0A803KNN3,unique_never_inserted,693d5b9bfb714efda3c7e8aa03057c51
A0A803KNP0,unique_never_inserted,d2cf7b0cd8f9bb904f6a07f303ac8f06
A0A803KNP3,unique_never_inserted,28ae85b28a4ae65e95c90b717be29e22
A0A803KNQ1,unique_never_inserted,950624c019c5d5b5fed7127e230462db
A0A803KNQ2,unique_never_inserted,3fe0850f3c51e06af6685e8ee9610047
A0A803KNS2,unique_never_inserted,26bcc2a752e41efd1c9b6e4b532e889b
A0A803KNS3,unique_never_inserted,8d1b6c3b6dda1d5724e3d3346ddcb565
A0A803KP13,unique_never_inserted,158fcf47722c64dcce9671fb0f1b5e57
A0A803KP18,unique_never_inserted,5091de0945c03fb130c3ad5fbe58087d
A0A803KP49,unique_never_inserted,54ff7b61af9392796576193b705ef7c9
A0A803KP89,unique_never_inserted,78059f5571b7a53cc8f73eeb9cecae87
A0A803KPA1,unique_never_inserted,bd67caf92e874513913dc41df18578de
A0A803KPA7,unique_never_inserted,1f95ad8aeaa47ac3c5a67c313739ac42
A0A803KPB2,unique_never_inserted,1c1e2edb4d382ca6d8158bfa83776e7e
A0A803KPD0,unique_never_inserted,15cc7e9e57d2e33421ddefd877297312
A0A803KPD5,unique_never_inserted,51e826a5be7c13c69aae0150a2bb22c5
A0A803KPJ0,unique_never_inserted,e4b56b08754fa60e7333c4ee06a75e28
A0A803KPQ8,unique_never_inserted,914b1c0c6637f04550aca2cf5494741f
A0A803KPT2,unique_never_inserted,ba5d3e74955546d0e0728a80b7faf870
A0A803KPT9,unique_never_inserted,566b90ab7985ef88817060e4f3ce084a
A0A803KPV7,unique_never_inserted,691c7e56db1916a6f995d9698098b118
A0A803KPY5,unique_never_inserted,e442e21d213d7fda58c5b0807c24dc1d
A0A803KPZ3,unique_never_inserted,99e67cc0ba087796093f5c0139c51373
A0A803KPZ4,unique_never_inserted,dd4a97b0d8a770de833a7f06eed70f17
A0A803KQ07,unique_never_inserted,af5dfeca15b499d63ca32ef6a57abc2e
A0A803KQ15,unique_never_inserted,f75eb35d921260c6cdaf4292e77c346d
A0A803KQ19,unique_never_inserted,7c5232a1cc8243e9aa692c4f6ed7607e
A0A803KQ52,unique_never_inserted,52f7ace33c5e4be07581de9f24c3e8e8
A0A803KQ75,unique_never_inserted,34529fcce79894a73a64cd20bab1c827
A0A803KQ90,unique_never_inserted,b860aa6bb4cabac466f4431e9ca22694
A0A803KQ94,unique_never_inserted,338b726ab63cb6771dde78aab3171767
A0A803KQD0,unique_never_inserted,ae010e3732b2706e6ec0aa92772c1d1d
A0A803KQE4,unique_never_inserted,6e476180e6ee757b35489b4e92436d4b
A0A803KQH6,unique_never_inserted,e344f855dbc940511c51d3e3a5fb6ae5
A0A803KQI4,unique_never_inserted,734370eb98ce76b574c2b29a66bb8560
A0A803KQL0,unique_never_inserted,3db2e2a7ebf51af78188b224bac911cf
A0A803KQN4,unique_never_inserted,7a2b19137825b6d49e67eb12a16a0145
A0A803KQT1,unique_never_inserted,9f11d3a7aacad00917a57a5e4a3b5ebd
A0A803KQV2,unique_never_inserted,fe4c28b9095b5f313a60bbbacde3a756
A0A803KQV8,unique_never_inserted,e7d0a81f6ea01f78bd5193da1ab95a2b
A0A803KQY3,unique_never_inserted,c7e5def02e7f02c7ca7563a184296258
A0A803KQZ5,unique_never_inserted,a72c68bf981fd9a6c3096dd4516d112a
A0A803KR44,unique_never_inserted,3dc99b26645b1fe48b41539d8122142c
A0A803KR61,unique_never_inserted,113b5fa4ffe1b756ec3e24623ea25657
A0A803KRG7,unique_never_inserted,f8f2a88ef823746b996cab9b9837e372
A0A803KRM3,unique_never_inserted,ec6bbc21616942f0236d8de417805676
A0A803KRQ6,unique_never_inserted,ffd39ccfe3c9bee3dfe29e7cab56525d
A0A803KRU6,unique_never_inserted,0cf3a4142c140c698e7e1ee04daff2c9
A0A803KS35,unique_never_inserted,9b3b2e7867a811de598b14682c90910b
A0A803KS42,unique_never_inserted,ccff5cd8c9f82cf23ae36dde06e11255
A0A803KS49,unique_never_inserted,f540508eb7dd8d3fd64b5c4b83fb7446
A0A803KSA4,unique_never_inserted,39cc7c00d8798605531fb6ec5a88b035
A0A803KSC1,unique_never_inserted,882e54866bd7855d5a6a35588376b64a
A0A803KSG9,unique_never_inserted,4b3ec2d063d61d19a4cf53ddb63a8d45
A0A803KSI7,unique_never_inserted,9455e44021e12c71a80eacb5a6a613ff
A0A803KSK3,unique_never_inserted,f153390a7a7fa5a2b5887f4ddcb3ec5d
A0A803KSM6,unique_never_inserted,381874d4924b5bc633c625c219117e07
A0A803KSN4,unique_never_inserted,33c63e8f98be42e76dc6c52ae4f07996
A0A803KSP3,unique_never_inserted,99a5b6c41a5e3c82a9063e54d45d66c8
A0A803KSQ7,unique_never_inserted,b7bab14c60cd70c29577b63ad0fc64d8
A0A803KSS5,unique_never_inserted,000f6152c448b2d12158dee457847e16
A0A803KSU1,unique_never_inserted,448306f4faa944e6bfea39c33c1d218d
A0A803KSY2,unique_never_inserted,170d7aecf1e04b8cf32b4da513b55085
A0A803KT06,unique_never_inserted,6a6ceb3a8c91d7e3a87f3f3c285e525b
A0A803KT35,unique_never_inserted,440c978c62c6cac7aeea4c2523a13343
A0A803KT89,unique_never_inserted,e318fde0784ccc5e66ce652d201ccdfb
A0A803KTD6,unique_never_inserted,d3cc02d5ec768965644a69c6aa59673b
A0A803KTE5,unique_never_inserted,bded7a45e98a96275ba0cbb2604b4a7b
A0A803KTE6,unique_never_inserted,862488fce08c27782826f774565b82f2
A0A803KTF3,unique_never_inserted,cd75f2f6527d4c0b99e644f985320f5d
A0A803KTG9,unique_never_inserted,9a67dd9a4bd02fe691685d7d0c1aea4b
A0A803KTH6,unique_never_inserted,5860fec00736aeca9cf183d6c021a4c2
A0A803KTH8,unique_never_inserted,41d6f2f2dec742e18abfb02928708a43
A0A803KTI0,unique_never_inserted,e8a7eb1dfe6abaa3f92b972ab25bcff7
A0A803KTM0,unique_never_inserted,1057006240708772a39833ca9baab794
A0A803KTM9,unique_never_inserted,be7a38088c00093258fddcf969837e41
A0A803KTQ4,unique_never_inserted,7f400ddf66322005d9acb878287566b0
A0A803KTU1,unique_never_inserted,8bbd00a590a0450daccd4ab5b35644a0
A0A803KTU5,unique_never_inserted,af3395c44b41ba179350065a54750c8c
A0A803KTV6,unique_never_inserted,1d18ff55cab05f7f175d743cf048fb63
A0A803KTW7,unique_never_inserted,6030c5016e89c05270a19ca95450e23e
A0A803KTX6,unique_never_inserted,ce8b57478d9d0792039615c2d1e527f9
A0A803KTY5,unique_never_inserted,abd7b3fb2995ad5bc46bf49bedd13efa
A0A803KU16,unique_never_inserted,9ce37a2b7369f81a75a96cb4f52b19b0
A0A803KU28,unique_never_inserted,cec18f33b2765b640e2bc2abf96d41ef
A0A803KU36,unique_never_inserted,e9c6dde5c0fc1550d06ec4021410a12b
A0A803KU40,unique_never_inserted,ba0158b9128b177b445e9abebca3a380
A0A803KU61,unique_never_inserted,cb79fc85b37669238a7769c7b2dbbf5c
A0A803KU67,unique_never_inserted,8ea013b23bc537a829910ae96aa2ba0a
A0A803KU85,unique_never_inserted,a1485df494517d61067b7154019d0d63
A0A803KUE3,unique_never_inserted,5ddda12739b9d862f90c1e2ec2136796
A0A803KUG1,unique_never_inserted,2c2c8046c2150dec98ecb4ae1d944664
A0A803KUG8,unique_never_inserted,bbf9b831762961fb3a7b5aa6fc874c18
A0A803KUI7,unique_never_inserted,81c8c203f093b88da3d2569411cfac5c
A0A803KUK5,unique_never_inserted,5f72540be39ccf81fa7e05256f9c1141
A0A803KUM6,unique_never_inserted,90796275d7bb413d1f260b6b63d325ff
A0A803KUZ1,unique_never_inserted,1d23d326ef856926f0b98edf17db9230
A0A803KV03,unique_never_inserted,a1cb1dd51351642712136c86496919bb
A0A803KV16,unique_never_inserted,f9bd5ed8a78053e090a86c467358cfac
A0A803KV28,unique_never_inserted,f0d38fc5c268fece8b1fb5426a7abf77
A0A803KV40,unique_never_inserted,e9c6a536ebfbad33e447e5bd099ec3d0
A0A803KV80,unique_never_inserted,62f8285a1dabceb962c63376261753bc
A0A803KVB5,unique_never_inserted,0c6f2264bccd289eb684b246aa7408a7
A0A803KVB7,unique_never_inserted,405ef6da5b3546ce5f189457b8b1935d
A0A803KVD1,unique_never_inserted,66fb9c222aacec44173f6026ac4d07b2
A0A803KVE3,unique_never_inserted,7523ca674646eabcdc6c1b7d73078c09
A0A803KVG2,unique_never_inserted,cea4510dbfbe4a4651165f910dd21f19
A0A803KVH8,unique_never_inserted,27a187e1655d957f027d6ed4c03694a2
A0A803KVI0,unique_never_inserted,9450c731f3ceac48c8487c4ecdf9b047
A0A803KVI6,unique_never_inserted,0c165676672876f3c4b77905070c7bef
A0A803KVJ2,unique_never_inserted,48e72f280ce1b57c4667656b9715cc77
A0A803KVK3,unique_never_inserted,cd05fb4899344c7853d6ae9b5f79248f
A0A803KVR8,unique_never_inserted,9f98026afd63b15e9c11c8aa63b6e3e2
A0A803KVU8,unique_never_inserted,5f60e12a8595c06d899a343c5eee4c7b
A0A803KVY8,unique_never_inserted,1763f884f73720a74a0f5dc5424f4bef
A0A803KW36,unique_never_inserted,6d820882695c0c59f63f8980ba42c11d
A0A803KW84,unique_never_inserted,67b2a80ea44b0ceb4cecc1903594b3d0
A0A803KWA8,unique_never_inserted,40644bbd08ef5765f79e6c46fbe830d4
A0A803KWH0,unique_never_inserted,4c93a956fb89f74a3f55710fb230b8b5
A0A803KWJ6,unique_never_inserted,9096b01cd109961dfef6b62f89370f80
A0A803KWS1,unique_never_inserted,b97bd8e3556246c7cc9f62dee0cdf0c4
A0A803KWT0,unique_never_inserted,d205886f3cef33a6e9cb6a9de5e76742
A0A803KWY3,unique_never_inserted,0bb7787bdb4cbc52eb57cb7f071fa40c
A0A803KX19,unique_never_inserted,09afcf60a8a62cd2d20e4a8285574994
A0A803KX22,unique_never_inserted,2c0e40b18fd0cba2404c3e0a811fc824
A0A803KX25,unique_never_inserted,954bf8f36a6c9c51b000648210585964
A0A803KXB8,unique_never_inserted,2beab5554853b67350f3cd667b314592
A0A803KXJ5,unique_never_inserted,23dd2066981d8b4888be8ef330fcecb1
A0A803KXM6,unique_never_inserted,b6f4bf76c01e2f0caddaea233bd4e8f0
A0A803KXN6,unique_never_inserted,4624e5548be01d5ff545241a70be8920
A0A803KXP9,unique_never_inserted,3759c1c502756416fde3afdee69112f1
A0A803KXS7,unique_never_inserted,ee6b9aa11b1b141175db37df88d90fcc
A0A803KXX2,unique_never_inserted,335da22233b9b4bb1366789e46dcdb7d
A0A803KXX8,unique_never_inserted,743b745c7c38fa2f8f16aab7d21d9fcd
A0A803KY15,unique_never_inserted,61bdf16147ef765575db20264af0252c
A0A803KY22,unique_never_inserted,aea0074b6dc3a122b05d9d54005a2bb1
A0A803KY23,unique_never_inserted,23790be3604705779c981813dfa33f3d
A0A803KY30,unique_never_inserted,6a3effb7382b63080777e123b9cf3c69
A0A803KY68,unique_never_inserted,208e5656396f92f346879f83e42123b8
A0A803KY69,unique_never_inserted,9e03e8cae6cc1cebd25f26830eaf85c3
A0A803KYP2,unique_never_inserted,57b25aac123338bd6b7ae54654254ff0
A0A803KYP5,unique_never_inserted,1c0217e1ffb1f204c4a21e305b8d5b52
A0A803KYP9,unique_never_inserted,8f5d49fc493ab69c1d65df6bcfd35b3c
A0A803KYU1,unique_never_inserted,e1736163be0d9a714ae8d7343f64d6e2
A0A803KYY5,unique_never_inserted,e0930fb386ce1471179ec31c1ac27bb4
A0A803KYZ1,unique_never_inserted,b04ac54052e5e7a7c5ca119e844356a4
A0A803KYZ4,unique_never_inserted,e4c6a4d6df13344e4be44be2f0f5cf9f
A0A803KZ33,unique_never_inserted,3f4785fa4b09268e2c438ecc0254d427
A0A803KZ54,unique_never_inserted,24075b585c184608043f6e8470c53d09
A0A803KZ76,unique_never_inserted,beb58083d3553e861b194ae9509e4835
A0A803KZ79,unique_never_inserted,08457cd94883ef1a14623574baffcb09
A0A803KZG3,unique_never_inserted,6d80ef28fb52c8d5f5b657f9a771b2a2
A0A803KZI2,unique_never_inserted,de2688e12209695ae75d26559c19524f
A0A803KZP4,unique_never_inserted,1e33e2731f2365516aa6a214b81d872b
A0A803KZP7,unique_never_inserted,d3fd420615e8dcb75f7a9b086ea5a53b
A0A803KZU4,unique_never_inserted,56749423d3f6ca606f337cef57349244
A0A803KZV7,unique_never_inserted,9eb90c745aec83280c573e4eb5cdf40c
A0A803KZY0,unique_never_inserted,af69cad4f181efacd07b1a1d03899594
A0A803KZZ0,unique_never_inserted,6f84153691ce10fdc1e0d913e8d33687
A0A803L051,unique_never_inserted,fd6761fbd87326b4dbb69cd365c219a1
A0A803L066,unique_never_inserted,2bb543abcbca9e3675b179a6ce0c3311
A0A803L079,unique_never_inserted,9987eab25449baf6e9d9b74b583a6e2a
A0A803L085,unique_never_inserted,ecdb17a23db8d302cc14f7cba77fc605
A0A803L0C3,unique_never_inserted,9cc14732599756b057df71e0ed1a780b
A0A803L0F3,unique_never_inserted,225350cafdeec3ae040795aec2f76290
A0A803L0F8,unique_never_inserted,157e5751526b04a6ae7219f27e3b9026
A0A803L0G0,unique_never_inserted,cf80ab4003f29c60691a3592740b75f8
A0A803L0G2,unique_never_inserted,020b70e530b8bf24a35b2ad53f67d1a9
A0A803L0J4,unique_never_inserted,3832b2e6e9e9d3238e46d6839d27da68
A0A803L0K0,unique_never_inserted,0bfa75920375ef35aef26f7ddd704ff9
A0A803L0N0,unique_never_inserted,da7a546a797b82ebd9d6fd62053e8dd9
A0A803L0N1,unique_never_inserted,1d9f25283f5bfc659926aa556cfa633f
A0A803L0Q6,unique_never_inserted,6bd34e631c7e4bfb9d423d58585e35b7
A0A803L0X4,unique_never_inserted,e4746c9071f9e785be0aad8c3fdd5003
A0A803L0Z8,unique_never_inserted,9bb3b27c9e75a1e0d9e6633efb1d5cd4
A0A803L138,unique_never_inserted,83a8e959457da4b5e9f4c558f51a3b31
A0A803L167,unique_never_inserted,cce4525e079adedbeebc9e0b9dddcc9c
A0A803L175,unique_never_inserted,786697388b6b597bf61c4dd6f5e9ed04
A0A803L182,unique_never_inserted,21fb112c04f0877b53b51d7f98631fe3
A0A803L190,unique_never_inserted,188550c7857e519bb4d8e37d93cbbca0
A0A803L193,unique_never_inserted,e6c0ca7715245e83f135bcb85df630d4
A0A803L194,unique_never_inserted,3b07b84ddbd8df470d858f6c157f92e5
A0A803L1B4,unique_never_inserted,eb73d485c690b525a6559711780cf483
A0A803L1B5,unique_never_inserted,9a3f3a82c001f58782d30fd7c493f041
A0A803L1C3,unique_never_inserted,7a67946073ef756739eb72a8683df880
A0A803L1D5,unique_never_inserted,61bac52062393515fb8706f8284eeb28
A0A803L1E6,unique_never_inserted,0bb3cc4806ec2c4430bf63567f20e06d
A0A803L1E8,unique_never_inserted,3085388d052aa30ef539b891581e8b36
A0A803L1F4,unique_never_inserted,fd40fe5323ed741cf9a6f66ece50361a
A0A803L1I3,unique_never_inserted,f38947403bbd8fd120abdc70681d7050
A0A803L1J0,unique_never_inserted,1cd413d91fe20db4ca9efdaac8f5bf89
A0A803L1J5,unique_never_inserted,5f7060648dc858e93f9e9667457e6df5
A0A803L1K1,unique_never_inserted,18598290c9ceffc4d08fff4433cbdd33
A0A803L1M0,unique_never_inserted,e8f6b628218c21fb3a5bf546004306d7
A0A803L1M4,unique_never_inserted,88150a6333bbbd04cfea43aad6a4e96e
A0A803L1M5,unique_never_inserted,1aefffc1f7c2e71fa5f43ee234f4f171
A0A803L1U3,unique_never_inserted,0cc8c6d089a297a18d082363cf5afd75
A0A803L1V3,unique_never_inserted,e102efff74579d5765ac70e660e9656b
A0A803L1W2,unique_never_inserted,02d09db2e8b06c71250159f1096dc254
A0A803L1X8,unique_never_inserted,d76cb3a582f3ef73b12bef9ce246904f
A0A803L1Y8,unique_never_inserted,318183e3e0af053b54c99061b80e58f3
A0A803L247,unique_never_inserted,669559631f95e634ffde472279dd0170
A0A803L271,unique_never_inserted,f1f85f00597374545d0b824a9b76ce21
A0A803L274,unique_never_inserted,9d405864a61ee039fab0d58c0e3859c0
A0A803L279,unique_never_inserted,e4a072c8854405803dd740f1c193c861
A0A803L298,unique_never_inserted,46712f11c4e2bf34bc71a4b38e1a7572
A0A803L2C6,unique_never_inserted,499f6efd091c697ec094bf37b3319109
A0A803L2E1,unique_never_inserted,7a649100de8c034c4e3973e8ade09c96
A0A803L2W0,unique_never_inserted,fcb57a29f43db9ca671953a842e9489b
A0A803L2X4,unique_never_inserted,525cfbfe99eb474b74c8eed60a4c5f91
A0A803L2Z2,unique_never_inserted,bdec2a3766543d87e00906ecc62ef331
A0A803L301,unique_never_inserted,edb406ecacb4c62ac68f4044f29492ab
A0A803L356,unique_never_inserted,57ab26aa7bd4593f67dd4e20d11fb4bf
A0A803L377,unique_never_inserted,f925c7186d28c2cb93d9fe550c37dbd6
A0A803L384,unique_never_inserted,234a4e232dd59c080dcd9317b40eda2f
A0A803L397,unique_never_inserted,00f1e1886390d8995ae56275cbcf5989
A0A803L3B4,unique_never_inserted,50517a6c2e961dc33c7e3f28cbbca320
A0A803L3I1,unique_never_inserted,3535e9560c3f1edda5ccd10329940bfc
A0A803L3I3,unique_never_inserted,c026defe2faf25f1707eb932e754b4f5
A0A803L3K0,unique_never_inserted,d640d6cd390ef3f19c7f57800fbe4279
A0A803L3M0,unique_never_inserted,df50d5945627a10a10bdcb15c355ea5b
A0A803L3Q5,unique_never_inserted,0fcdfd45e17a84140aa7254f210532e9
A0A803L3U9,unique_never_inserted,1607bed24ea7ac6973ffae77e8d3efef
A0A803L3V2,unique_never_inserted,a09b22b4799d72ef976475028640bcda
A0A803L3V7,unique_never_inserted,16c47b8b18124b4cf4201f498f1c769c
A0A803L416,unique_never_inserted,34c8a5d5887003c4544904099641c794
A0A803L420,unique_never_inserted,63143538203597a5761081312d30267a
A0A803L424,unique_never_inserted,cca312933ae115c2cd1f205b2fb3f1f3
A0A803L439,unique_never_inserted,9e6a54cc95b78455077f23ba838cdad0
A0A803L4A3,unique_never_inserted,d1c773ae52d75054fb97dfd027eb3ae9
A0A803L4A7,unique_never_inserted,3fca3cde2f9c4eb59fa35449e17c6555
A0A803L4K7,unique_never_inserted,e7fcc8966fd6193c13b99b3e1062b49a
A0A803L4L3,unique_never_inserted,d5f0d845f47a05e5abe2184c77d73fd8
A0A803L4N2,unique_never_inserted,d718390cabf371086861ed74e904853b
A0A803L4N5,unique_never_inserted,fc9027eb484af65a6efac4061a011e3f
A0A803L4P5,unique_never_inserted,5821aa714d77a2202e38f5d342b88db7
A0A803L4R5,unique_never_inserted,095fc7287e19b17099fb52fda46f1fa1
A0A803L4S0,unique_never_inserted,ba7c5a225d46393f492f8117035069f6
A0A803L4U6,unique_never_inserted,14241b9e08592bab4335dd581d95e204
A0A803L4V1,unique_never_inserted,48f3ffb6e10d95668ddfb45d5c1ed701
A0A803L563,unique_never_inserted,8aedb345a6e35f51984f9c57a9c6f123
A0A803L572,unique_never_inserted,7ab3f30a1be28f9a33164554cb7098e7
A0A803L5C3,unique_never_inserted,2fd2e45efced89a8b95a9793e335f983
A0A803L5D1,unique_never_inserted,994eadefea46f430b1ed1bef2d7bdc2e
A0A803L5D6,unique_never_inserted,ac55cf68959ad2233ca02c0f222c9a24
A0A803L5E7,unique_never_inserted,d21c44ae370a43fe15ccb46cfd0dfb89
A0A803L5I7,unique_never_inserted,e964af73b0ca6e78b4943ef83b26fc4a
A0A803L5M0,unique_never_inserted,f69b26e59f81fc1d551fd225226e1740
A0A803L5N1,unique_never_inserted,30b7665f05fd2c6ad96dcd9753ae5ee7
A0A803L5N4,unique_never_inserted,817fe6051facfeeef372ed5b50ae2a05
A0A803L5V2,unique_never_inserted,0c845ff85cf1a580f7ceda9fa591d1d9
A0A803L5Z2,unique_never_inserted,69d885dab1503c1eeeecf3489da37b6e
A0A803L602,unique_never_inserted,071913574f2d7da9d9dbff454e95c8cf
A0A803L6C9,unique_never_inserted,14e438b55b3ae6b1d4357c86c00522fa
A0A803L6E3,unique_never_inserted,495df6a940fe874d40d2e3e60e461954
A0A803L6F3,unique_never_inserted,79893844e029010c8c482befc35c93c0
A0A803L6G5,unique_never_inserted,c45e98e2d2e2721f6ca7902fba7e3874
A0A803L6I0,unique_never_inserted,5b1d0a451a40c12e0d02175775b2c702
A0A803L6I2,unique_never_inserted,c7d667a137b6719a91c49ebf2910c233
A0A803L6I9,unique_never_inserted,460943e0ec4f71ca3b000296332e8eee
A0A803L6K8,unique_never_inserted,a423fb9e4d8d185472abb436ca5ffe3e
A0A803L6T8,unique_never_inserted,26e9f0c76f6529256bb5b51461be545c
A0A803L6Z9,unique_never_inserted,236c8aba6e37d7745b1a4f0c3e72d21f
A0A803L704,unique_never_inserted,7809d5f44fcad3868e74b8017ea08864
A0A803L705,unique_never_inserted,6b02e94bc86c272bc2553b7f4320286b
A0A803L726,unique_never_inserted,ea9e3d96d46d6c1868f0990d4b19784c
A0A803L748,unique_never_inserted,0cf660d690099f7c4cc92d852b8a8693
A0A803L766,unique_never_inserted,c7ae434dc5406654f5aba1cf0e6ff50b
A0A803L767,unique_never_inserted,78fc4143624d2ced00c8a17037964a37
A0A803L7A9,unique_never_inserted,3a2e4a3529ce1280d2ecfb5f0915e18d
A0A803L7D3,unique_never_inserted,0a39ff1191cd086a3ec00396579592ce
A0A803L7F6,unique_never_inserted,79426f37eae9fd51663aa45223367648
A0A803L7K2,unique_never_inserted,3d3de2e17e38686c1ac6a686c1c26964
A0A803L7P0,unique_never_inserted,f86c62e098c9ac3f924a1099f5628f80
A0A803L7V4,unique_never_inserted,ced3b4dc3f3baa9612c8ba17bad1bbc7
A0A803L7W9,unique_never_inserted,252cdbdc5b39696badf6934b0bdeebd0
A0A803L7X4,unique_never_inserted,3d9bb6cc0d2be2680802e3fe61be1244
A0A803L7Y2,unique_never_inserted,ab08684ba04536fcc4e31d6ef26e59b2
A0A803L8A8,unique_never_inserted,184d373e6a08b90a1a69e67fb61723e5
A0A803L8H5,unique_never_inserted,f744e55fef48f6c5ddbd50d56404a00a
A0A803L8H6,unique_never_inserted,83f1e094d97d1f0e888b6e3ca25e6c86
A0A803L8H7,unique_never_inserted,630ddccb0738c86b20c60a718702746f
A0A803L8S4,unique_never_inserted,0cde165243d40648775793d6b1a4cb3e
A0A803L8S6,unique_never_inserted,5a20c9eddd523a8adbd0e99cbec3db5e
A0A803L8V9,unique_never_inserted,b7d75103fc125c8e197c1ea65bd12388
A0A803L8W1,unique_never_inserted,b3450b5364354710e4a7c3e4525bd42d
A0A803L8W5,unique_never_inserted,8031a72a22c0c55b4903ca2261c669e8
A0A803L900,unique_never_inserted,8e7f1b7d91fa6fcbe2b35cc1d0e72eaf
A0A803L924,unique_never_inserted,3f5b52790daafdcf04eabc9a36fd92cc
A0A803L934,unique_never_inserted,56d37e6dcec632fdb8481bf352eeea05
A0A803L937,unique_never_inserted,e0fd1c6df5d37231a9ce061a4ed16678
A0A803L947,unique_never_inserted,915996a84d5595d4efdb9aabd48db45b
A0A803L9B9,unique_never_inserted,e6ad5309a81b3aef47c33f7a87a3303f
A0A803L9D8,unique_never_inserted,dbf2f2a30446298b437a720da65c501f
A0A803L9L5,unique_never_inserted,8bce154cb0f557d9354033f105bc9978
A0A803L9M4,unique_never_inserted,dee04e2766a762c3417e1870da2b6e24
A0A803L9N4,unique_never_inserted,185e4cc40450e06a62165a97dea43004
A0A803L9Q3,unique_never_inserted,b773824eb2c15913e8ca5ce6af8c9a52
A0A803L9U9,unique_never_inserted,bb3a2adaafc7ac6bc9d6375efaf35cc4
A0A803L9V2,unique_never_inserted,b3b377eff3b1120a426d2425be42f36b
A0A803L9V7,unique_never_inserted,7bed6929ccba8b1017bf8796e9f53af2
A0A803L9V9,unique_never_inserted,c1580b1706af28826526071f6068f8b8
A0A803L9W1,unique_never_inserted,2e6e395ccfe817cb43b8aa74f7774bae
A0A803LA56,unique_never_inserted,93bfaaa8f6a6205d7dd9eaf2bfcde0fd
A0A803LA86,unique_never_inserted,8da32623dc3b87899fd034d0f72c7809
A0A803LAA7,unique_never_inserted,7b74f7713a884d6dd7b4412411aa4dba
A0A803LAC4,unique_never_inserted,e395a66bfe37515a9c2369a9442b0b7f
A0A803LAE6,unique_never_inserted,2c96256c906f5a9c76f46205f9a7bcf2
A0A803LAG0,unique_never_inserted,4598b1d3a0cc4cabe9a695e512c0b431
A0A803LAN4,unique_never_inserted,63d90c62f49a1d72659eee6ec3684219
A0A803LAN6,unique_never_inserted,2f6c80b9ce7e305e8bb2bb32b1be8c2a
A0A803LAQ6,unique_never_inserted,0c4c1396e92d8098280f16392d429aae
A0A803LAT2,unique_never_inserted,d3cc0db5b4a5bad415f81681b58c95ef
A0A803LAV6,unique_never_inserted,c09d85676b561a450b8fb65779e09ef5
A0A803LAW9,unique_never_inserted,9cecd29729b5a67eeb607b2c323cfc75
A0A803LB70,unique_never_inserted,79e4a6901eae5f68694420438260d8a7
A0A803LB92,unique_never_inserted,d90cb73eec676854fdc928b3cbe1d27d
A0A803LBA2,unique_never_inserted,282cf106f1d98e98b052a5c135100dea
A0A803LBC1,unique_never_inserted,caf9f5db7a94fbd3b8bb52c2eb350986
A0A803LBF1,unique_never_inserted,adbb36f60e9a493832453374a4466d69
A0A803LBL8,unique_never_inserted,0e632d4e623ff9cbfe47bccd3c1ed2f9
A0A803LBQ4,unique_never_inserted,0a08113294def9add2c68bcc4f6c125f
A0A803LBR3,unique_never_inserted,8967defb8374e9db66012847d9dc1cef
A0A803LBT1,unique_never_inserted,d7c42534a616572f46e86746bf49a9ad
A0A803LBT8,unique_never_inserted,55b2e8da170454ed4560bcfef4387a30
A0A803LBV0,unique_never_inserted,df9308cf6ad2a3a510fdce7239fb8ec4
A0A803LBV8,unique_never_inserted,c69139a52932b8385b1b935e7717370a
A0A803LBW4,unique_never_inserted,8204d437c3e745d1b1718bcc7f9b8e9d
A0A803LBW5,unique_never_inserted,eec155a4e0ec0092eb19cb949144f864
A0A803LBZ4,unique_never_inserted,ffbcc9ed8db96ac271765bb76b6a599a
A0A803LC10,unique_never_inserted,fcd1a5eada44aef072e27e98900c607b
A0A803LC45,unique_never_inserted,5516513b6378794d2693c56de5c1c24a
A0A803LC74,unique_never_inserted,c61a89af708571ba03411be202ea1bc2
A0A803LCF2,unique_never_inserted,d8b7defa602d72c10e06a175aae4f273
A0A803LCI0,unique_never_inserted,312f3a9cfb2426a3f2858d6b1b00138f
A0A803LCI1,unique_never_inserted,4932460ba3c9591e5fc4e4a5d39e9603
A0A803LCJ9,unique_never_inserted,91c58a3e518b67c422fe0680eb2dc1eb
A0A803LCK7,unique_never_inserted,6150290c02aa305f2d2bb7432c23e9f2
A0A803LCN2,unique_never_inserted,fdc0f9c0d5113a4adea97eb105ca81e7
A0A803LCP0,unique_never_inserted,4cdc67daecb2c216cdf53e73ac94cd30
A0A803LCQ7,unique_never_inserted,3535ec1b8bbd0bc6224661edc23c9e82
A0A803LCR9,unique_never_inserted,eedb4df0809f999a5037f4fc6d9414cf
A0A803LCT2,unique_never_inserted,6df6cfc261905dd6bd800915c7d208ad
A0A803LCZ5,unique_never_inserted,8771fc4fe40f34ac248c53147f47e375
A0A803LD16,unique_never_inserted,8f17255620ea54c38e7579a2e3556028
A0A803LD81,unique_never_inserted,29182b540c5b377e8ea982856c97aac1
A0A803LD89,unique_never_inserted,dda2107ef51d58adff17d1229ff3547b
A0A803LD95,unique_never_inserted,08703ec6205cafeabdcca0fae4900e35
A0A803LDI9,unique_never_inserted,30e3670b9d469ebe1249f8539c89986e
A0A803LDJ5,unique_never_inserted,465d70c65b53d99f905ca287908bb828
A0A803LDK4,unique_never_inserted,41c79d8fbb9ddc6ae51a610df1ccab8a
A0A803LDM7,unique_never_inserted,d917bb23cc8eef98ae64f3d0d31d755a
A0A803LDT2,unique_never_inserted,e29c3ad5fbd025e97ec03ac2052542ee
A0A803LDU1,unique_never_inserted,791c01c56831ce8d6c32b6ccafbd8939
A0A803LDU2,unique_never_inserted,a0895a9752cb7d7333f8946d45e41c2b
A0A803LE66,unique_never_inserted,ce2523b76074ff28d84e9b1375c1bcf9
A0A803LE72,unique_never_inserted,4365ee79ca414a7c3a64de4d0786a1d4
A0A803LE77,unique_never_inserted,b10485ff48960d875d63c79c5266df59
A0A803LEB1,unique_never_inserted,12bae22a6c33f4c74b017b9a43300ece
A0A803LEB8,unique_never_inserted,99e67ec9adf095cab4726ce936ab3292
A0A803LEG3,unique_never_inserted,ddea033741654e42a4d04b96ff829490
A0A803LEP4,unique_never_inserted,91372fa3eeb6508d4bf1948acb1c338f
A0A803LER9,unique_never_inserted,6955a01628cf9f050353627f51995672
A0A803LET8,unique_never_inserted,ca007c4a04fa869b7c0fb524b0c91548
A0A803LF28,unique_never_inserted,1e4d5834ff3c70bff316c28ce6408c95
A0A803LF72,unique_never_inserted,0aede2640cc3e53d119d126e7ec192e4
A0A803LFB4,unique_never_inserted,45f7828efb68f2f0b8ca32f03b71be12
A0A803LFF3,unique_never_inserted,515e029581c368b6630aca8673700542
A0A803LFF4,unique_never_inserted,d4c042fe9809367304042e371189bbc2
A0A803LFG5,unique_never_inserted,cb52a8711d8a1316cb6b8c73294b6417
A0A803LFH6,unique_never_inserted,0c77433b89f7e67e02de651045550c0f
A0A803LFH7,unique_never_inserted,dd9dab20dbce1398c42c4ca4582fdfbb
A0A803LFK8,unique_never_inserted,017c8deaf9b233ab6d2b4a54ddacfa14
A0A803LFM5,unique_never_inserted,391faaaa568c6636d35f743ba9b35dc6
A0A803LFQ1,unique_never_inserted,0f2d51e3d4ad0b9bb8f1355749827b14
A0A803LFT4,unique_never_inserted,24a3e40f547fc8dba6a810e90e81dcb5
A0A803LFT6,unique_never_inserted,952ed98d74cc6b25ccfcfb00cdd7c0b3
A0A803LFU0,unique_never_inserted,5625f53636684cdc9125a5de19378859
A0A803LG22,unique_never_inserted,4b17967d90dabd144050db86bed52cb8
A0A803LG40,unique_never_inserted,b0b7ed5cbd3e2ee6767aecea6bf862c0
A0A803LG44,unique_never_inserted,4a3b7b3af838074789059b7da6e4ff27
A0A803LG65,unique_never_inserted,6434fe5729c081e75aa2b76670b39bac
A0A803LGA1,unique_never_inserted,a9a7f86dc40b78204868e23c15a4a0ea
A0A803LGA6,unique_never_inserted,9edafc913e569f1f78c5eeed9b3aaade
A0A803LGB0,unique_never_inserted,220403aad3260606b838ec78817d19d1
A0A803LGD3,unique_never_inserted,283b6cfc79e6cfb07e3822e6cff61d87
A0A803LGD7,unique_never_inserted,8dc5d4d3178e93d0faef8f5145363da6
A0A803LGF9,unique_never_inserted,510117890ffaf8660b48d3944df024c4
A0A803LGG6,unique_never_inserted,34b822c660bb9b23f6ee4ed21087ea73
A0A803LGH8,unique_never_inserted,6a83eebc21b356f2685ef6d256032b37
A0A803LGQ4,unique_never_inserted,5aa60412007258d7f1a7165235ea6ea0
A0A803LGT9,unique_never_inserted,e02ad6013ec4cabd304056c4dc1fd0dd
A0A803LGV9,unique_never_inserted,caffd99e175af236bef066be2b6e5c1e
A0A803LGX9,unique_never_inserted,d6c1e966f91ac7cad8539fbf6b1e07f2
A0A803LH56,unique_never_inserted,e7e844b4145a0ab10b6340b59f0c039b
A0A803LH79,unique_never_inserted,6d71dbd30ed22738ca3af9f9dcfd458e
A0A803LHB4,unique_never_inserted,73fda11aa78bdbc26fa98e83ebf025c6
A0A803LHF0,unique_never_inserted,97412be72d8a87550f7796e6fb8d54a9
A0A803LHF5,unique_never_inserted,04343eee1a0eaeb8a890473a88525e68
A0A803LHF7,unique_never_inserted,c15fbcf6faee4612042d4f0859187464
A0A803LHH2,unique_never_inserted,21174b7df98fb6c27b11d172c98514cb
A0A803LHK5,unique_never_inserted,2525c0bbe485aa5fdca442d71ec67535
A0A803LHT2,unique_never_inserted,6dfe8bdfbada381c939757f80acb5c03
A0A803LHW5,unique_never_inserted,17139cbd1e87b83dcf0be78c884df0ed
A0A803LI70,unique_never_inserted,55945a342e2ce043534b35f5405e244d
A0A803LI76,unique_never_inserted,09e078e3e2c62ee5f9a9af87bcf223d4
A0A803LI93,unique_never_inserted,2e0eda122030ca9448488e9f5ff981d7
A0A803LI96,unique_never_inserted,68ce9c4106767ae00d8aa977dc3dc6f8
A0A803LIE3,unique_never_inserted,1217e5cc345aaeb684240311e40a176d
A0A803LIE5,unique_never_inserted,c7cfe50f7e8276f8670c43b6cad1456f
A0A803LIG2,unique_never_inserted,ab7fc265e84fe4f38d234f488859be6f
A0A803LIJ9,unique_never_inserted,935d1af4e5da5deb45a9c33a16a4f936
A0A803LIM7,unique_never_inserted,13ff9249e116ca2e575223c52e46a901
A0A803LIP8,unique_never_inserted,6f4dfa9e5a5c541ff4547596de1796c0
A0A803LIT8,unique_never_inserted,984f38fac37df5cd453b80ada1e79d6c
A0A803LIV4,unique_never_inserted,ca72cc0361e6adb0c73923ce20b72735
A0A803LIW4,unique_never_inserted,429171cefdf8cf921685ba6e32dc7625
A0A803LIW5,unique_never_inserted,72547fcf4cc17bc15a936594500c8762
A0A803LIY7,unique_never_inserted,c29e422fbed9802385f3c6b9a7c9b44e
A0A803LJ42,unique_never_inserted,8362872c3f2d312923bcea1c298b2719
A0A803LJA0,unique_never_inserted,4669a0e0356bbd36a4056c015f086c41
A0A803LJC2,unique_never_inserted,84ca8828dd5af2615fa4f334682e2866
A0A803LJC3,unique_never_inserted,214c946e75a44375fe04c1d8c2631ed8
A0A803LJI3,unique_never_inserted,de90aece8aec103ef1b4ce5461254b6c
A0A803LJI5,unique_never_inserted,a61d78ddd0058e0c7f05b254c96baae3
A0A803LJJ7,unique_never_inserted,0b8ab82cf19a9aa75d1527bedaf9b78a
A0A803LJK6,unique_never_inserted,684377fb89b12b79f35e21086105340b
A0A803LJK7,unique_never_inserted,44cf85ffdca689cdb9061af5c7cebd81
A0A803LJL4,unique_never_inserted,00e020c294f4a2f1e9f2a822b7e201c2
A0A803LJU7,unique_never_inserted,a0c3d9c565f9d8e4fce30435eb46873f
A0A803LK03,unique_never_inserted,ec85efd01b4eba203e69938bcdc0c2c5
A0A803LK57,unique_never_inserted,cbde9673cbbcc269865133e1c065de93
A0A803LK76,unique_never_inserted,763ef88a6772370ea9a91371992a210d
A0A803LK79,unique_never_inserted,d2795a9d45c22e7deb9ac7ded4a877a6
A0A803LK89,unique_never_inserted,ef18fff7f45f020a4c30b6ba74885253
A0A803LKF8,unique_never_inserted,562f205a0899e672270d09925c531fcd
A0A803LKM6,unique_never_inserted,ac1ec46432203fa44c371ea1454d96ae
A0A803LKR3,unique_never_inserted,efc9b29575b6d5c3897161e627e49814
A0A803LKY2,unique_never_inserted,5bfe5a8cd2215454e8c5a60b6357c606
A0A803LKY5,unique_never_inserted,eaff1e9376e10c9e1cf58139f3458b5d
A0A803LL03,unique_never_inserted,463fb37416237655dff0f99728dc8e12
A0A803LL07,unique_never_inserted,8bcfee8eab547c9543ab3fe182e2723e
A0A803LL29,unique_never_inserted,7976b66da23eb97a6ce0c40304a63c0c
A0A803LL57,unique_never_inserted,b57f2fd86980667a5d510e7442f99717
A0A803LL68,unique_never_inserted,8445ac24fd970985ad78dbcea4c9cdb3
A0A803LL71,unique_never_inserted,37097416d1249e9ef955c519b37efe25
A0A803LL82,unique_never_inserted,743efeafb0af70cadbcfcf01bf9c52e5
A0A803LL97,unique_never_inserted,81fec779c8e1cf5aeb54eab908a31a55
A0A803LLA9,unique_never_inserted,b9beff3dd8db1aaa1b6520ed5a10c8d6
A0A803LLD3,unique_never_inserted,d1d65f733b86ba460422fed6e301b5e6
A0A803LLE6,unique_never_inserted,1b474ba45ab583c3f01f9632e95fbeba
A0A803LLE8,unique_never_inserted,63de5ba348d424dff772bfafbf32e4a8
A0A803LLG7,unique_never_inserted,eb3a7936df04e8c91687ae4077cff44c
A0A803LLJ8,unique_never_inserted,1c6e7f1dc98803813d0fb3f936cbf285
A0A803LLK3,unique_never_inserted,cc5ec9fff8d0cb8b7f5eeef9249a7254
A0A803LLU0,unique_never_inserted,00484f3186f0f150cc9ea5767cbca491
A0A803LLZ8,unique_never_inserted,1402f3c344218846860e3ff14bcc2fcb
A0A803LM05,unique_never_inserted,3e1402c7c70ddc80a56879d584a5a922
A0A803LM20,unique_never_inserted,a5406091f18112f9e59618acca154530
A0A803LM38,unique_never_inserted,7ded31e7ddcb8d45bfcc5c685d7adc27
A0A803LM43,unique_never_inserted,66d8a3fbe276c833351e0defcd19e2ee
A0A803LM44,unique_never_inserted,21ce65cfe92e52a8b61840e14649d7ab
A0A803LM67,unique_never_inserted,40f4925b1209ef456f3902f25b5141f7
A0A803LM94,unique_never_inserted,4da60faea02160652856b6a0efb3aca1
A0A803LMB7,unique_never_inserted,f5cd95c772e2588517ba57b8af324de4
A0A803LMF3,unique_never_inserted,30a721216f40c4b98476c666be161710
A0A803LMG1,unique_never_inserted,4e5ec6c467686f3ff022aad0c1a5769a
A0A803LMG9,unique_never_inserted,499535dbad4f241d9964a68f371a9f66
A0A803LMH2,unique_never_inserted,190803c05d4eb90e3b989ba7ce266ecc
A0A803LMH5,unique_never_inserted,e2f92316cddf75201a96a34f2c026374
A0A803LMI3,unique_never_inserted,4999624985611a69b0d353a3918fdc20
A0A803LMI9,unique_never_inserted,7acae7ac2581b2c3ec259061fc1f94c7
A0A803LML1,unique_never_inserted,e553b2b4e3a001ad8884a288be154a5d
A0A803LMN3,unique_never_inserted,7fa0f7e07a9c2ab7d79f7d9f69334956
A0A803LMQ9,unique_never_inserted,979630bac072b4c6b99557723238a2ff
A0A803LMT5,unique_never_inserted,e189d3d36d2a3d725b2bb2b0cfd77230
A0A803LMV2,unique_never_inserted,d4fde0b29a20edb1b1a730bbab4260e1
A0A803LMW8,unique_never_inserted,34318d113b7d322ba0f1d76f109a9c11
A0A803LN46,unique_never_inserted,cd6d2bf7e2d59bc19f0bfe16ecbf1865
A0A803LN75,unique_never_inserted,15c2657327f2bbfff36a9eb33edd4849
A0A803LNB1,unique_never_inserted,15fae7afefa55a5a215b51208114da36
A0A803LNC5,unique_never_inserted,e69b0b6a37362a3da1d369a8f3469cc3
A0A803LNG1,unique_never_inserted,8b3cfd46565f2ed14ce5691e22e2c4f5
A0A803LNI4,unique_never_inserted,4bac6dfb18ff28144927aef0d1171d31
A0A803LNJ6,unique_never_inserted,cd9068410519242704a03e40e01adc5a
A0A803LNL0,unique_never_inserted,463abc088d0eb868fec7aa188cd1e774
A0A803LNL5,unique_never_inserted,8775746204eb3159611e85eda759b4f9
A0A803LNP8,unique_never_inserted,4e7fca4a4773b71dde8715823d6417b7
A0A803LNQ7,unique_never_inserted,d26730a2009c0a1e3792ab862e8dcc42
A0A803LNV2,unique_never_inserted,663b89efa28f9ce89a2e5f0bc68df8a3
A0A803LP65,unique_never_inserted,8e24bd73bc69bc2259691547f48ae9fd
A0A803LPA4,unique_never_inserted,a43f12a5e3cf6e93de076e8cd7835b3e
A0A803LPC1,unique_never_inserted,2a8061d5bde548bc6d192925ad1d1d15
A0A803LPD6,unique_never_inserted,f7596ff0f744fd319c598622d7f4d1ee
A0A803LPK7,unique_never_inserted,25d2114b253dd18aefe9c5d8da57c518
A0A803LPN3,unique_never_inserted,60484075d9a99ec64efd95f2384d059f
A0A803LPQ4,unique_never_inserted,4322f94a5c68552b2c4b867557873606
A0A803LPR7,unique_never_inserted,d971085187c086d27755b31e6a17b1a4
A0A803LPS0,unique_never_inserted,9bee55fb2c4c519eb059b5fc59c8b1f7
A0A803LPV3,unique_never_inserted,8860aaa37b5d486f9ca1f1ac9eac4580
A0A803LPV9,unique_never_inserted,22c966451b3f0147dae9d87ce720f7fb
A0A803LPY3,unique_never_inserted,abf418d8f2df9aa72b9c50724b82599a
A0A803LPZ1,unique_never_inserted,b8636a0148d50380264898e0690a74e4
A0A803LPZ5,unique_never_inserted,b5e855c3e59761ea076a50f7739b8c3a
A0A803LPZ6,unique_never_inserted,4de8ad1f5efbe945006257a42aad851d
A0A803LQ22,unique_never_inserted,3f19e32ef58ec9c33f0fd590248f300b
A0A803LQ24,unique_never_inserted,76d53024e82cef393934573fe2d9cac1
A0A803LQ34,unique_never_inserted,2ea2dab341a75f473c09ab9d9380cf93
A0A803LQD9,unique_never_inserted,aeafdcfdec01cc95c54c555e8e3a50e4
A0A803LQJ0,unique_never_inserted,d3ca23425f4f7b66643d3b98f5707923
A0A803LQL7,unique_never_inserted,697ee9d316af8ca809fec0d76c647872
A0A803LQT0,unique_never_inserted,f6a21d051c09a20787bff4db8a0d9d17
A0A803LR77,unique_never_inserted,1db4754e696d86732db62fb0581e68c4
A0A803LRA0,unique_never_inserted,dd6fdce5069416520ab61349a5356acf
A0A803LRA9,unique_never_inserted,c60bdc31d770fe070a5db12c91b64699
A0A803LRC0,unique_never_inserted,e7dd0cc257581cab499be16e3c5847ea
A0A803LRD2,unique_never_inserted,967dc480119095ff2d5a0c5b7f11fbde
A0A803LRE9,unique_never_inserted,edf692ef316298594199660932092bbc
A0A803LRF5,unique_never_inserted,d150c94dac38679a4a6d7d99da88f6ab
A0A803LRF7,unique_never_inserted,7d3312be0375c41c90897394fbf6c225
A0A803LRF8,unique_never_inserted,c431c6d03a72f45f63b5cd1d43a4b5ec
A0A803LRJ1,unique_never_inserted,cc4c923f0d11f2b7562a3bd3a51a1642
A0A803LRJ5,unique_never_inserted,a82f03bce3d0ae890aaf0ea19909bb84
A0A803LRP8,unique_never_inserted,111dc4d7f2f281742ce657e1e629629e
A0A803LRQ0,unique_never_inserted,699db2fba4d488ea41827ad42672ffd9
A0A803LS14,unique_never_inserted,beb25375f9633754480b386cad83450c
A0A803LS68,unique_never_inserted,0162afd3b01b8a0d44df83cfd25105d9
A0A803LS93,unique_never_inserted,16787f237db2861fb553189e230347fd
A0A803LSA9,unique_never_inserted,192d6904f97963132f82185a06eab9b2
A0A803LSB3,unique_never_inserted,a8fb13b82fe7b141a2bd048bd4d766b6
A0A803LSG7,unique_never_inserted,eb5bcd20d61033e4b23be99dbbcf9c97
A0A803LSJ4,unique_never_inserted,e5cca213d40914af96340d0fbb220f8f
A0A803LSM3,unique_never_inserted,19424ff5e3984bbe26e6eb33da0c5213
A0A803LSU4,unique_never_inserted,9f9fb5cc3f36e9ad022438e1f5a02e9c
A0A803LSW7,unique_never_inserted,e4f2864161a6795b293016e151cbb040
A0A803LSW9,unique_never_inserted,71f64fd7d79d2c25375d1423de58ce2d
A0A803LSZ5,unique_never_inserted,4d4112d03f210b523a0b1c9eff2c7e0a
A0A803LT07,unique_never_inserted,c1f4a059b2879c6426c4bda0d02beb62
A0A803LT39,unique_never_inserted,29a640490859e6525e174fcd318b69cd
A0A803LT50,unique_never_inserted,8a6947ff271be034a3c07e053056e0c2
A0A803LT65,unique_never_inserted,ffcaedf299d291c2a8ef58f7e437f7b0
A0A803LTA2,unique_never_inserted,ff81844a106238b3c3cd0cfaaab97f1e
A0A803LTD1,unique_never_inserted,29abcd643b2c1791164ad25f1fb4eeab
A0A803LTE9,unique_never_inserted,8ae001b4ac65257453535c048dd92176
A0A803LTH5,unique_never_inserted,b8eb6d8b0b6adb23706df6ee37eb60bc
A0A803LTI8,unique_never_inserted,2e32d111584570d1841f8fe237855921
A0A803LTJ0,unique_never_inserted,8d298493e1c44d28dea410cd428156a0
A0A803LTN2,unique_never_inserted,1c207f9c9f63c7002886a53aa85c4fd0
A0A803LTN6,unique_never_inserted,8db0158ce429050717f1ee3272b9e08a
A0A803LTU2,unique_never_inserted,acb4dd27ea4fc9522820ae79162e48c8
A0A803LTW0,unique_never_inserted,e7833ef1b21724ebc8bb904055b6ac2b
A0A803LTX5,unique_never_inserted,bfe669f60d8994d378a30d0a5311b3ca
A0A803LTY6,unique_never_inserted,40eadf37d227958bd1c1407d239d1f26
A0A803LU65,unique_never_inserted,57229dd35204d276eae837ace6cc9388
A0A803LU92,unique_never_inserted,63d95d0a361e0048db26b734b323894e
A0A803LU98,unique_never_inserted,53a544b0127040c44fccd1660eff324d
A0A803LUA5,unique_never_inserted,e56f617cd1e8779dd3bbeeb2c2ab9419
A0A803LUB4,unique_never_inserted,1f868eafb8f1b4070e8ca46a163c4956
A0A803LUC2,unique_never_inserted,8ae49bad24455e40d7f0aa3fc74b1bd0
A0A803LUD2,unique_never_inserted,99825029e8223bcb74ba1e36b95ca205
A0A803LUH4,unique_never_inserted,8cb05295da8039e20f397126ca15b260
A0A803LUL0,unique_never_inserted,45ff1dfdba03b07f8d37d963b3630536
A0A803LUM3,unique_never_inserted,251d52fd9cec96684f9dd923125bb57d
A0A803LUN4,unique_never_inserted,6389e93ec96561842c958d7b8bfa8fb1
A0A803LUN9,unique_never_inserted,fa1e37bd5d941e28f6dd2df7afa08a2f
A0A803LUP0,unique_never_inserted,18f21445c701f2f31a918782d2101246
A0A803LUP3,unique_never_inserted,c43888751a8ed8dadcc5af237197b520
A0A803LUP4,unique_never_inserted,e07585938a6f2ecbb3f3d35b56ccd856
A0A803LUQ1,unique_never_inserted,cee9c4edef04f2dc804e7f0e71861649
A0A803LUQ2,unique_never_inserted,267ae6b3e10cab79a3865f2c710d3381
A0A803LUV7,unique_never_inserted,2cb0542e8454dbb45c70ccd0cfccf8ff
A0A803LUY7,unique_never_inserted,9c15116f93e2ce1ee61b74c3e3832af0
A0A803LV04,unique_never_inserted,b48bea004f0698bd4be63b5805227c43
A0A803LV44,unique_never_inserted,ce0fc4d45aa8f924b7e4c2147156fb5d
A0A803LV54,unique_never_inserted,28afbe0fe35797120b85b6a1d7715c23
A0A803LV80,unique_never_inserted,4c18db81b89e419a352a0e537b96114e
A0A803LVF4,unique_never_inserted,216ac166b6fcce5d5b3f76d154cd600f
A0A803LVF8,unique_never_inserted,a22ae43855a49a484fa642b9b5ea7f55
A0A803LVI5,unique_never_inserted,b5d22f10e3c376f694959b4e82beca52
A0A803LVJ5,unique_never_inserted,84cc085df6626c82d23ef167e63be274
A0A803LVK5,unique_never_inserted,4a245f02736469ae9b35f783110f76b4
A0A803LVN0,unique_never_inserted,247956b367948a6c26039f017fa61b5e
A0A803LVP0,unique_never_inserted,8eafe08785350ed206dff6cec85ca6cb
A0A803LVT9,unique_never_inserted,f3d3fd9f4a615f62ff6d243621a8d9a6
A0A803LVU0,unique_never_inserted,75f0925fa4c2b8ad0454cf969f658e07
A0A803LVV8,unique_never_inserted,8bddce790de098e41878f901ddacff52
A0A803LVX6,unique_never_inserted,0fb48b606d13b2c84028d54627444569
A0A803LVY0,unique_never_inserted,c90c3f404244c147a55c49149921f52a
A0A803LVZ0,unique_never_inserted,b527efd8a2cd63e41baeea40d8e361b2
A0A803LW43,unique_never_inserted,fea55ee9c55b314102dd1863a293ec8b
A0A803LW63,unique_never_inserted,baed5a4a17e802a05c3915a10eaec243
A0A803LW71,unique_never_inserted,40135fadfad8a16322f94e838650d953
A0A803LW77,unique_never_inserted,04caa0b1c773c06fccfcfe9931e6e1a7
A0A803LW84,unique_never_inserted,53d572b74a231b6806b4a98621207d85
A0A803LW87,unique_never_inserted,9af360caf7beff7b91ebefaa0b7b1e3a
A0A803LWA5,unique_never_inserted,6d99261209da85d585ceda6ebe0576fa
A0A803LWD4,unique_never_inserted,28c7f815944873a25ecd5356c9640d98
A0A803LWE5,unique_never_inserted,4253b0433dede5b1ee5d040ce9905e11
A0A803LWG8,unique_never_inserted,aac6dff8d40040044ae7021a109191df
A0A803LWH6,unique_never_inserted,a298e9f59157a5352f226bead7597aa4
A0A803LWJ6,unique_never_inserted,d93070d1339433176056228c3d24ccf0
A0A803LWL3,unique_never_inserted,82a7bf58dac075e2a7f1e1e71b71fb79
A0A803LWS6,unique_never_inserted,8dba8e116c7e7c044f3806cec823ca41
A0A803LWT0,unique_never_inserted,dbef6b08bf8b2f847774a41c3cbd22bf
A0A803LWT1,unique_never_inserted,843faed7f798a59d0a6502ce3ba05557
A0A803LWT5,unique_never_inserted,d17e8d4f02ca32fc865a9640893c6204
A0A803LWV0,unique_never_inserted,a5deca92c6f6b3efa093216dbbfa0dba
A0A803LX01,unique_never_inserted,06ad12c206dd5051a3a5ec1eb45d8dd6
A0A803LX22,unique_never_inserted,1ecf9704c4b0060f0fca3a0b69d04a74
A0A803LX65,unique_never_inserted,0f51cbfaeee8297ed3b7e6364e4e3147
A0A803LX93,unique_never_inserted,9a473be364abb1441241011dd0295317
A0A803LX95,unique_never_inserted,08bac36981ae936ae005507e35c5c497
A0A803LXC2,unique_never_inserted,1902bb155c83de022506aa4db9728c1d
A0A803LXJ3,unique_never_inserted,f3cc94fedf3e0ffa88fce34547b0e63f
A0A803LXP9,unique_never_inserted,739c7ed7062c01f3318d3970506adfee
A0A803LXQ3,unique_never_inserted,7401299fbf2c33deb1d8e8ac4f113426
A0A803LXR5,unique_never_inserted,651205c6ac8bd825010054c2716657c2
A0A803LXS2,unique_never_inserted,fc6ac94b9904346157e76e61f378519b
A0A803LXX1,unique_never_inserted,498b3d2177cf34386a9641fa2aa2a791
A0A803LXZ4,unique_never_inserted,fd2bda9c19489465ed16d4799b95653c
A0A803LXZ6,unique_never_inserted,3a9beb8d8fc74031d9f25649925a465e
A0A803LXZ8,unique_never_inserted,514675cd06f30ad79e611bb52493dde3
A0A803LY14,unique_never_inserted,42a0c0eecc5b5ee982638ca6ad8646c5
A0A803LY52,unique_never_inserted,30414fea2ad17095e8fdc77cd44f5080
A0A803LY76,unique_never_inserted,622870b70799f94c5846cf76a86027bb
A0A803LY81,unique_never_inserted,ec49ca3b3d16ef78e2278ddf5c06d59d
A0A803LY84,unique_never_inserted,e9e3c34ad05cd292f0fffefc5b1f450e
A0A803LYH7,unique_never_inserted,e776b7c1dc7012a18b96a71c6863085a
A0A803LYK1,unique_never_inserted,492e4b535273eed62a2d57177da0d257
A0A803LYL6,unique_never_inserted,c5dee3ab381c6f20aa26513b952c60bc
A0A803LYM3,unique_never_inserted,1843aee4604a08e80aa815423972a6b2
A0A803LYQ0,unique_never_inserted,b669e3f5897a444629e15515cd0a7cbc
A0A803LYQ4,unique_never_inserted,295298cfbd2a8b0dbe6eb17c42ec40e5
A0A803LYS7,unique_never_inserted,ff519a5daeddfe87a7c449244ba4f231
A0A803LYU3,unique_never_inserted,033dd3d1f729489214c9393ddc2f1026
A0A803LYU4,unique_never_inserted,6a68b967798b392de45dcd252a820aaf
A0A803LYU9,unique_never_inserted,dba40bfcffabf749d2ed10a2eba46459
A0A803LYY6,unique_never_inserted,f6893d0a336a1f4686880f962c59b4d5
A0A803LYZ8,unique_never_inserted,77114ebe8d66434005c7fc27fb072650
A0A803LZ14,unique_never_inserted,b80f184a029e60c1e84759b2a72f1b55
A0A803LZ23,unique_never_inserted,4c8a99b40aab5e2d9dc164a16971eab2
A0A803LZ31,unique_never_inserted,771ae041440dd123234acb59cfb25203
A0A803LZ91,unique_never_inserted,a00503b69dfe29dbfc85a353de8582c0
A0A803LZI1,unique_never_inserted,1c8a901066960015171b39ca7134109a
A0A803LZI2,unique_never_inserted,b00f7dfd23eb91a6a05ab4c6d5261a29
A0A803LZM1,unique_never_inserted,f9ab23c53b2f0152ec629779eeb0d84b
A0A803LZT6,unique_never_inserted,0ecf74d73bb0ff4b8fc0a1f84d1ffd59
A0A803LZV7,unique_never_inserted,65ae109692b749e1589dd14950c38394
A0A803LZX2,unique_never_inserted,3cee454b44bdd6fc87eeff4d66bdca79
A0A803LZY2,unique_never_inserted,db78d9181f54636461b7db2a69c9c0ff
A0A803LZY6,unique_never_inserted,4fb4715f7d91af94e7915b596980daa1
A0A803LZY9,unique_never_inserted,9ef3dfa04f24c9e31fe60a578f709701
A0A803M029,unique_never_inserted,3e530ac3bb65e4ba1172158b3c08dc6d
A0A803M090,unique_never_inserted,425b079b0211fc4021c5c3f632d8dcbc
A0A803M0A1,unique_never_inserted,b002a0a16fed4b4cd09117709023e03d
A0A803M0B1,unique_never_inserted,d8073233c3eccbcf30c54f5ea29cc5f0
A0A803M0D0,unique_never_inserted,a56e050bfd008a308ff8263312ced2c6
A0A803M0G2,unique_never_inserted,0837977187250bb865eac89ad4b3cbaf
A0A803M0K7,unique_never_inserted,b223a256ab70696eb8c67a6f5d95cdb1
A0A803M0M4,unique_never_inserted,73d6f62bdd1078bff85242a57a71bb46
A0A803M0T0,unique_never_inserted,1ba2f74bb5d704dbc7533c1aceb7e46e
A0A803M0U0,unique_never_inserted,4670dd0dbcf990556d4e44a43d389f15
A0A803M0U6,unique_never_inserted,39b6e874c7bf7f523ecebaae52c8d705
A0A803M0X4,unique_never_inserted,61813f0e3dc38f86df620303a90eb98d
A0A803M0Y8,unique_never_inserted,c20f0f33a7ce0dccc5ac21555e9c6191
A0A803M111,unique_never_inserted,38abae2294ee92f6bbb78bb4ceab843c
A0A803M125,unique_never_inserted,17603289d5ac2dffce37871b4a166232
A0A803M147,unique_never_inserted,b85a7371a4c12913f0cea3abaa25e29f
A0A803M151,unique_never_inserted,e48eb589c24f47eb8822e3b98422b632
A0A803M168,unique_never_inserted,5ea32220f2843a955e31eb30b81bdd29
A0A803M179,unique_never_inserted,e118ca558f518d70afb41cc81b127883
A0A803M195,unique_never_inserted,89f95cb682b8e277cbdaf801142a3413
A0A803M1A3,unique_never_inserted,695816e1f18ed51f0ac4e4e9bfc81602
A0A803M1K4,unique_never_inserted,d8b640fd766fdc0e3dbcd00bfef5bb78
A0A803M1P3,unique_never_inserted,94ee4640ca5129263ec7c8b3a94e4d8c
A0A803M1U8,unique_never_inserted,b43c6714a87137271698996f16ccfcb2
A0A803M1V0,unique_never_inserted,a405e51507e7bf77229db47b81aa3662
A0A803M1W7,unique_never_inserted,32b6452d85fc175e75eb381b33a91146
A0A803M1X0,unique_never_inserted,51cfc472a3fbca2c4a8a3a94c55474da
A0A803M226,unique_never_inserted,1c8bd19f4a0cdfbe4f2c51f7f63f0673
A0A803M239,unique_never_inserted,17f60414a7c05ad7b8c64bc056852dee
A0A803M248,unique_never_inserted,883bf6d0e554ac0a0be8e35dfbcd562c
A0A803M250,unique_never_inserted,052e6b6e3e0e76794aff1397d7e7ddd4
A0A803M253,unique_never_inserted,40a1e981564eaef0e7302752e9f1ad9a
A0A803M283,unique_never_inserted,5193299003530ca5d114488250cccede
A0A803M2C6,unique_never_inserted,4ab1106a22dfa7d5c7bd0659df287578
A0A803M2C7,unique_never_inserted,0f68cc42f8537356fd9905ea21a14eba
A0A803M2E0,unique_never_inserted,3a9a9e8c162a7069bbbf49b5277ea95f
A0A803M2F3,unique_never_inserted,fe18888d4b582663ffe24aed5d5e92ae
A0A803M2K3,unique_never_inserted,d2b7e976e653689509fbb851d366fe4a
A0A803M2K7,unique_never_inserted,e45350022041970ff27d312fcfdd2824
A0A803M2L3,unique_never_inserted,26cf3e8347b88108ba7c7914deb98d8d
A0A803M2N3,unique_never_inserted,397dbce08399c82306db2978054e3ed5
A0A803M2N8,unique_never_inserted,fb66b8dd21d297f50d9691c984e4d67e
A0A803M2P1,unique_never_inserted,e9e0d298d3a955497d189cd77194feb8
A0A803M2V0,unique_never_inserted,03346684675ccbd24eb8eca0e5a32476
A0A803M2Z7,unique_never_inserted,67eec867e7282699c3ad8856795c15b4
A0A803M311,unique_never_inserted,0b899f626b438409dc85a45f0012666a
A0A803M343,unique_never_inserted,103dead0ce1525f2963409cf5e8129bd
A0A803M367,unique_never_inserted,1009230e2478be6bbf1de78dde131a0a
A0A803M3B0,unique_never_inserted,2a33969a7c1e44c64db5887438eccbc3
A0A803M3C6,unique_never_inserted,048a971f2eaf584cb2fc8afb902f4d08
A0A803M3K5,unique_never_inserted,ab16c58cd1544a0b0a8242029e7dc317
A0A803M3L8,unique_never_inserted,5dccafebdffd86908369b42e8a746e9f
A0A803M3M0,unique_never_inserted,d2a689cf9e640f647859c170929d85c6
A0A803M3Q1,unique_never_inserted,7d14a92663f854d1b3d039bca8fe304b
A0A803M3T1,unique_never_inserted,2da756bbea0e315094633811b5c942e6
A0A803M491,unique_never_inserted,ff670891933a345a25d627028239630b
A0A803M4A5,unique_never_inserted,89a87bae36a91800a34f7a71d25d3a5a
A0A803M4B7,unique_never_inserted,ed2135f5979785527a1cf68ad1cf152a
A0A803M4B8,unique_never_inserted,b27369ae68add29c342f04a73706a787
A0A803M4H6,unique_never_inserted,1cde2057d6c40323dca0c28756324e59
A0A803M4I5,unique_never_inserted,bb3813adbd953d0c2363e97a0368be62
A0A803M4J9,unique_never_inserted,424f7545a38fcafc921e39664c3720f9
A0A803M4M2,unique_never_inserted,89d28975bf67c532e2f6a6dcc5a70655
A0A803M4R2,unique_never_inserted,7ab3b8a6745cb0f089c89d7ab7b07c95
A0A803M4V4,unique_never_inserted,92b998be12d853ea6cc3eba347972fa8
A0A803M4W5,unique_never_inserted,4856590d7522312e66928f4806a87c57
A0A803M4Z4,unique_never_inserted,af845e8d94ed446ca64bb1cf0746a7fa
A0A803M511,unique_never_inserted,c4451bcf8b74c26419e3bc786e5a350d
A0A803M527,unique_never_inserted,655232bf7c098c9b47cfc59f2449e835
A0A803M589,unique_never_inserted,47641963e11c58500df76ee70bd483c0
A0A803M5A4,unique_never_inserted,d3e8441be0c051e1025d2b9e49af1368
A0A803M5C3,unique_never_inserted,04e992509c389a59b4d1cb26df12ef02
A0A803M5D4,unique_never_inserted,5dd928bb41ce2d64882ccfbd7dd166c3
A0A803M5E4,unique_never_inserted,9a5f4e3f3f97832661b2d70b020bcb3a
A0A803M5H6,unique_never_inserted,fe81758698afdeabdf394b46ab9c8389
A0A803M5N8,unique_never_inserted,c390b6df27a1dd99f949d59be70c9130
A0A803M5S6,unique_never_inserted,5214f7a2c81a0304e6923038f56961bc
A0A803M5U0,unique_never_inserted,3555b8262ac2ea06e4c2bf71f7449c39
A0A803M5V4,unique_never_inserted,b01a66d5e97a819f51b2067cc627bac4
A0A803M5V6,unique_never_inserted,5357c6c58947139c6f75f8f91e062986
A0A803M5X2,unique_never_inserted,907f2310e9b6569aba0a532071d8ec64
A0A803M5Z2,unique_never_inserted,8e7ac051e1df3e76c1180c5982d21c29
A0A803M609,unique_never_inserted,5252a1fa8f3d898cb4c112739de0497a
A0A803M613,unique_never_inserted,84a4894e1ee008f03a7203b45de7ea94
A0A803M638,unique_never_inserted,adab78df4eb297028380d777f53f27a5
A0A803M6B9,unique_never_inserted,303c2dd238df22bf0cffdc2f58bba5f1
A0A803M6C1,unique_never_inserted,ef3098798aa495d135ccd66ea96531f9
A0A803M6C9,unique_never_inserted,9f96c1ec37908d37691211c17cfc7a9d
A0A803M6F9,unique_never_inserted,621c66dae5e69937f76be1a886990f48
A0A803M6G1,unique_never_inserted,97447d678fa46199439e90573b3d064f
A0A803M6H6,unique_never_inserted,43069181e2168fbc7088d50f8f7461e7
A0A803M6I3,unique_never_inserted,de453ca48c17aaab68f2ffb3b4d0ed4d
A0A803M6K1,unique_never_inserted,48e1994fcb2ca8ff807fd699de699aa1
A0A803M6N7,unique_never_inserted,59bf84723fbc8831fdcc34d604895dce
A0A803M6P8,unique_never_inserted,cfedeb6ccdda96c6d12635ce72103eaf
A0A803M6Q7,unique_never_inserted,efcfaabdbb908b59c7644b4993067742
A0A803M6V1,unique_never_inserted,34cdad3fe16c9a0ee99cdd83db829c59
A0A803M6X6,unique_never_inserted,b6e2dfb990f0ce0f7a39cfe5386c88d9
A0A803M719,unique_never_inserted,4f29517c44ec7f14689f4a4a7b89757e
A0A803M724,unique_never_inserted,74e2f770528a5e2929705c473d78b7e2
A0A803M728,unique_never_inserted,2280e8749d25ae96fa419bfc79ceca79
A0A803M740,unique_never_inserted,78cb1325154a49c5450ac1bbd2f6cf92
A0A803M748,unique_never_inserted,eb002451df345557536307b48e52c80e
A0A803M788,unique_never_inserted,cd7fcc6d57bda9676066ad5e4d9807e3
A0A803M7G2,unique_never_inserted,40f01a4615bdeebf67d86dedb9b8746c
A0A803M7I0,unique_never_inserted,08f539daccd8a8a46cc519417a55d1b5
A0A803M7P8,unique_never_inserted,08ea68a8ab86e1b286d2bf9047ca68f6
A0A803M7R7,unique_never_inserted,b361f975cd7eee6662968e9a08001b25
A0A803M7Z5,unique_never_inserted,4c78515919bb1d50fae6b87c88f422a1
A0A803M802,unique_never_inserted,cd81a7b9f16f3e8bff508d81130acdfe
A0A803M804,unique_never_inserted,85da64848286c9a33f7a5ad2697b9921
A0A803M855,unique_never_inserted,65ceeef2c1939d0f3eb612c9ec093068
A0A803M865,unique_never_inserted,77490212af1c20dd90643ecb13961fb0
A0A803M871,unique_never_inserted,7cd305a447aafe8d9986abe9c1fc43a3
A0A803M8D7,unique_never_inserted,0bd24e5a4f342a0b224e2fc75c1b8543
A0A803M8E2,unique_never_inserted,1b84651de3f217035a92d04bc530f8b6
A0A803M8N4,unique_never_inserted,d2d752b6a8355dc0b2c2484754f86da7
A0A803M8P8,unique_never_inserted,b723c98e73f76902b0f09a17d3dd20de
A0A803M8W9,unique_never_inserted,00817a78f7aee75279ede2e66c046c6b
A0A803M8X7,unique_never_inserted,87b58497874b016e838c024ea38f172a
A0A803M8X8,unique_never_inserted,bcc2608bd8677e7e8eec0816ffc41cb4
A0A803M8Z1,unique_never_inserted,32c9c58cbdf2c853f31cd3342dfaceae
A0A803M8Z3,unique_never_inserted,4e14d37fa97dc4ea1cc69a81d7a531fd
A0A803M8Z4,unique_never_inserted,e9b79e40d1f0d7104d30bc429c65847e
A0A803M913,unique_never_inserted,08df68cf43440bb0f8ef8ed8eebc7138
A0A803M918,unique_never_inserted,30c327562c695f6719756fe5f5c77972
A0A803M926,unique_never_inserted,80207a9256117e2fe891b23595279d30
A0A803M945,unique_never_inserted,e4c573aa80678a743a94c16afd6da5c4
A0A803M946,unique_never_inserted,26237aff5de5644183ff40ded10a7147
A0A803M979,unique_never_inserted,b784dbdd6c082d5a3363972ce52c7bec
A0A803M9A5,unique_never_inserted,d290ba1b7acca7a41054ec8a1b296517
A0A803M9J1,unique_never_inserted,dd9b817810920f250e582d1d9455184f
A0A803M9M9,unique_never_inserted,fc7fe57ae85f160ef765af542ff936ee
A0A803M9Q4,unique_never_inserted,28b3a117fbf827acc78dfc70993ffad0
A0A803M9U9,unique_never_inserted,2ed150e449c4d1c80b4046d332c1b5b6
A0A803M9Z2,unique_never_inserted,056a3f9b5ad67cb1155264fe4d2b2c44
A0A803MA12,unique_never_inserted,654b4ae6598655e92ba033db148f0ed4
A0A803MA33,unique_never_inserted,6e22c8e713ea0c14faf7f631e8ee08f3
A0A803MA41,unique_never_inserted,1e8c085ef115371efc73e3d5ca053532
A0A803MA59,unique_never_inserted,03b036e22c30eaae12a6de31e2276992
A0A803MAA1,unique_never_inserted,f9dc6b9fae839a8e7f587b2557d5b323
A0A803MAB0,unique_never_inserted,73628a0a207de9e2bec60cde2f9043ee
A0A803MAC8,unique_never_inserted,f44a8d4f60645d1284eba4ee03eed367
A0A803MAF8,unique_never_inserted,196e7168b712a2679a6c3a7a0fa8df73
A0A803MAI2,unique_never_inserted,5b01d7c3277815a9a321a84b8f5a8a0c
A0A803MAJ5,unique_never_inserted,576fbf3878609aa6b8d7d4291228560c
A0A803MAL6,unique_never_inserted,e3af1fa16e01b39d111afa647c31fb39
A0A803MAM1,unique_never_inserted,0f50d53308ac7a45acd01b78cebdad19
A0A803MAN6,unique_never_inserted,955cd73f4d2d11ff94dec51786c02ef4
A0A803MAR5,unique_never_inserted,eb9a6d29228c5037dcbdba24d8ab306c
A0A803MAR7,unique_never_inserted,248d5d7be829e2a94d5780874da5a9bd
A0A803MAR8,unique_never_inserted,0dbdb4025a2b6546a11488e96c98e41c
A0A803MAY1,unique_never_inserted,2ccd034f9103ea36fe8538590b117372
A0A803MB38,unique_never_inserted,9395949feae3fa58470cd49013e850bd
A0A803MB41,unique_never_inserted,13d96b0670f95c536903eca08c9d3662
A0A803MB59,unique_never_inserted,76ca1f1deabf3e79ad62d78914e88360
A0A803MB65,unique_never_inserted,6f939f087cae6380edac3a8f2fbbba8e
A0A803MB98,unique_never_inserted,8b513afacbdf51efa63be8facc3ecc9c
A0A803MBB6,unique_never_inserted,71805db156e470ee94616ec401ccb584
A0A803MBF7,unique_never_inserted,65780c3f2413ba368fcf382c9db82708
A0A803MBG8,unique_never_inserted,f3b839c74941d9f5d29fa82301f4f3c2
A0A803MBH4,unique_never_inserted,b1d2aefbbcbae177c6e863dcf1906c64
A0A803MBK2,unique_never_inserted,724e778ab23cdfdfa5ea33ee64df388b
A0A803MBK3,unique_never_inserted,484d25083a51650119fb0b4b1ea52c7c
A0A803MBL9,unique_never_inserted,b0da1969327497604c5b04c348b2adc8
A0A803MBM9,unique_never_inserted,376f86e99ac1f65e8902d013098ba648
A0A803MBP0,unique_never_inserted,1c56f6894ffc925814c637a017feff9a
A0A803MBQ5,unique_never_inserted,0a715c3b00c14db7bde3cf666499abc7
A0A803MBR1,unique_never_inserted,8e58e1815e0167a471343aeae9752ffa
A0A803MBS1,unique_never_inserted,ca46f53694bbc7a512e2c6558ede945f
A0A803MBT8,unique_never_inserted,4be4c4ce7193057a9965117f275d9cb2
A0A803MBU5,unique_never_inserted,ba08d5f9199f08fdd8b214021ee966a2
A0A803MBV0,unique_never_inserted,499f6b7b8cedae8283b065a090c91463
A0A803MBV2,unique_never_inserted,3b9118c9627386351a530ca20b456a13
A0A803MBW1,unique_never_inserted,758d01c248211cf929cddb06ce33cd83
A0A803MBX0,unique_never_inserted,13e4ccb045f5556366ca0e24540a651d
A0A803MBX9,unique_never_inserted,042123499c0c0e946f0889eff30c087e
A0A803MBY0,unique_never_inserted,781ea30681a5e006a1edee7553e66218
A0A803MBZ3,unique_never_inserted,2458e8d68b52edbde13794c30e92749f
A0A803MC13,unique_never_inserted,a70403b972c32d9b81a8690c86af0013
A0A803MC48,unique_never_inserted,95cade97cd281ba2e922d86a4ce19d2d
A0A803MC86,unique_never_inserted,b61eb48555bdf120b42dbf59d3760d07
A0A803MC88,unique_never_inserted,158beda04f0ecbcd1bfb3ee71ed8e34d
A0A803MC96,unique_never_inserted,35d7d3eca28658c5497710a449d8cfba
A0A803MCB5,unique_never_inserted,dc55328585bc38ed258607bcab7823a2
A0A803MCE6,unique_never_inserted,761f49f3d1b1b6b20f2e0a8b07c5af6d
A0A803MCE8,unique_never_inserted,21352739b975d6ebf8113d2aa1c724a2
A0A803MCF1,unique_never_inserted,02ba060b6dc4afa1b2d94c5d00a51699
A0A803MCM0,unique_never_inserted,6b38195d88757af4e581fb81ad28f3c4
A0A803MCS1,unique_never_inserted,93f5f93e28d6e1ff4772dddfff230fbd
A0A803MCS3,unique_never_inserted,f38b9257a000cdc622b146cdd5373be0
A0A803MCV6,unique_never_inserted,d10243fc4bb9d5a7ea19804ba5d8b0ff
A0A803MD56,unique_never_inserted,33cc7908f148ca365000a23d210a98aa
A0A803MD87,unique_never_inserted,d2bcefb7e43dbcc1a69702c7d51ea6e5
A0A803MD96,unique_never_inserted,267daeb62e58825ccc5c2002a80ccfef
A0A803MDF0,unique_never_inserted,957c8f988ce3888b24bc58a92f2846b6
A0A803MDG7,unique_never_inserted,eb67a8ea56f20842952286954d3b4746
A0A803MDI6,unique_never_inserted,1cb244e0071ee5cf1fefe92668644f2d
A0A803MDK0,unique_never_inserted,d5651abd2fe0017603ea6764f395f2ff
A0A803MDP8,unique_never_inserted,c1d2c574ab17fdb0a16c7d73cb0b33ae
A0A803MDS7,unique_never_inserted,ee6567bee5de369e5846e0473cb3249e
A0A803MDT4,unique_never_inserted,bae9d7220246650efbcf2113954db34d
A0A803MDU8,unique_never_inserted,50837ef2f61a0a46aabc7c0ebe736bd3
A0A803MDV1,unique_never_inserted,0a766e97482bef25254cabef12484df1
A0A803MDV9,unique_never_inserted,a75bd8be676fb1fed1a410462ed8527f
A0A803MDX4,unique_never_inserted,eae55042788ab01a7dafa6331f736947
A0A803ME11,unique_never_inserted,3e0035f1e19f1ed46429addb1428d99d
A0A803ME30,unique_never_inserted,2e4a81a8670eac6c73698260bff78280
A0A803ME39,unique_never_inserted,362e2d3010c638678b3bf42552c98804
A0A803ME43,unique_never_inserted,9eae462c696d71b0497ff69c14e291b1
A0A803ME79,unique_never_inserted,9880d961c1564a60bf40128cb99394c7
A0A803ME84,unique_never_inserted,2e98605cd1dd1e4c2065925881ec7dff
A0A803ME89,unique_never_inserted,a2e10deb726392b552211258ac0c93bd
A0A803ME90,unique_never_inserted,f6b18d4be926fbada28d12fcab72bf4f
A0A803ME95,unique_never_inserted,60e40880db584bf7c38d60a4e867885d
A0A803ME97,unique_never_inserted,bd248a55fa3b6b4281e03bbb586a19d1
A0A803MEA2,unique_never_inserted,c2ddb84b26d4d5bcf790d06ebafb10bc
A0A803MEC3,unique_never_inserted,80df3788991ab3cfa76fdfa771f07fa9
A0A803MEG1,unique_never_inserted,c13ccc66b3d059e8a26c8625fe2b8c48
A0A803MEI1,unique_never_inserted,7f4faad09a79ce1880ae61cd70f3155e
A0A803MEK4,unique_never_inserted,e4a7f588a76fce291870e652bcd286c3
A0A803MEL7,unique_never_inserted,e31b60ba1e0613f275dba6af3ecc67b6
A0A803MEM4,unique_never_inserted,ae924c19148fa3c8ccdeb42acba1dd8c
A0A803MEM6,unique_never_inserted,456388062dc36fd5d1b80905a7dd920a
A0A803MEN1,unique_never_inserted,beff9ecfd56a0aed7e16c93685807fa0
A0A803MEP7,unique_never_inserted,261f397d889d5c4dba698db265080dc2
A0A803MER1,unique_never_inserted,8c65674444c0011e6c65a690d41e8dee
A0A803MES4,unique_never_inserted,4f6d859a5c6dcc972e50d171603441f5
A0A803MES5,unique_never_inserted,8f94c7c76160c8b2ea4ce30f34f90129
A0A803MET5,unique_never_inserted,a1d9e9a9088bb79c23719b103f2fcf3a
A0A803MEU6,unique_never_inserted,b700b38e091a3985ce57db41f6960091
A0A803MEY8,unique_never_inserted,a4f4e1fff457c3d06a601f72f39dd9b4
A0A803MEZ2,unique_never_inserted,3a7387f8115770f30828c244f37378a9
A0A803MEZ3,unique_never_inserted,d026c2aefeae05e1b69b971dfa28a14d
A0A803MEZ9,unique_never_inserted,e9273d7028ddf192080e1f237899cfbf
A0A803MF02,unique_never_inserted,15a21dbc0f119db0fa0edff96ac8ba35
A0A803MF05,unique_never_inserted,3ed28e5cc08e5b4d1f583439eda2e6a3
A0A803MF39,unique_never_inserted,69b3a869fc279cbbaf4b898c2a0b0541
A0A803MF47,unique_never_inserted,e85a28d82b852c9567960385a4738a9f
A0A803MF61,unique_never_inserted,e1f776646a691ef13886276aeb9b2542
A0A803MFA5,unique_never_inserted,4c4c5cbe1633953ba0442bbe78f8c977
A0A803MFC8,unique_never_inserted,2ee45c117c4280d01ac6586d1ed06f64
A0A803MFD7,unique_never_inserted,8bf63d78ee1f10fa0fc1c1fbd4cf5ffc
A0A803MFE6,unique_never_inserted,135fb3c07a0829e39b3d0828518e723e
A0A803MFF0,unique_never_inserted,f6e8f30b2fd918de0e0523944664aee1
A0A803MFG4,unique_never_inserted,f0c3e31d445f132189d6319e8669355b
A0A803MFI9,unique_never_inserted,8e77a88bffe6d4cab3faf1ed301d73fe
A0A803MFJ8,unique_never_inserted,326fbbca275368d28b790e0d0e2ba590
A0A803MFL3,unique_never_inserted,8f87fbb403aa5c9dbcb2c3f23510817a
A0A803MFS4,unique_never_inserted,8884febad9b87d05074e6b927db708ba
A0A803MFS9,unique_never_inserted,0cf06af4444cdb9be1f60b2a8339f300
A0A803MFT1,unique_never_inserted,9f897ec11fe1c9c7b45f637e76f629e2
A0A803MFT5,unique_never_inserted,23bf5789447d6468b4a986a36ca3dcc9
A0A803MFW5,unique_never_inserted,b0f10a259502a3cff90eeca4a78c9e9a
A0A803MFW6,unique_never_inserted,8ee495611f0e9666cc42ea6ab9c1c85f
A0A803MFY1,unique_never_inserted,9fe692770c87d0886c2a9422e0249bf1
A0A803MFY2,unique_never_inserted,508fc258b1da8b1457a92d7bf7b1c423
A0A803MG15,unique_never_inserted,87929a6742fd485e9de71f0c49e3e1f6
A0A803MG18,unique_never_inserted,28ac7a034dc88782bf43c5bd0c174dca
A0A803MG31,unique_never_inserted,f595da8c4a3e756891d45106debaf0ce
A0A803MG45,unique_never_inserted,5442b7fb62451bce0bc6f8e5d137a60d
A0A803MGA1,unique_never_inserted,bdf90a9dd674304515a27a5cb1ed501c
A0A803MGC2,unique_never_inserted,04e18d0d26951714cfb4bb79991972a6
A0A803MGD8,unique_never_inserted,afa45c5075512ffd10d9ceb25d0d2e71
A0A803MGE8,unique_never_inserted,3ba8fe351d0c42b84e9cc6c9d5cdd1b1
A0A803MGF1,unique_never_inserted,41db2afffa58d2eeaa2fb4f257f4b855
A0A803MGJ9,unique_never_inserted,d5c33ba032d9a70ebacb6eed865c0272
A0A803MGK9,unique_never_inserted,65d36b090280469406b6e191a497bf9c
A0A803MGN7,unique_never_inserted,9ef056b02e3261d47de6b59908d0e0ae
A0A803MGP1,unique_never_inserted,015967798b13ea317f804ca390be627e
A0A803MGQ5,unique_never_inserted,c029bd33a8b6b11da3fd30207d86492a
A0A803MGR0,unique_never_inserted,cdb89f19165c1061a0f1f3677ab8254e
A0A803MGR3,unique_never_inserted,5d7802a09f282ffb386b1ca1bfffcf5b
A0A803MGT1,unique_never_inserted,ea2d2ceea5f198bac714f412a2db40c3
A0A803MGW1,unique_never_inserted,8ef6130a8b5cb4f70a2f823fa7c930a6
A0A803MGZ0,unique_never_inserted,cb6578d23282740e05a69996085b4682
A0A803MH39,unique_never_inserted,04b67d88fdd0351a462de15acb91c499
A0A803MH44,unique_never_inserted,621b70335d51655c38c9a299b817c940
A0A803MH45,unique_never_inserted,d13f72c267ea844c15ae9c2e6c54fa62
A0A803MHB3,unique_never_inserted,6c95d90d87971295b9b108fb8765d3dd
A0A803MHB8,unique_never_inserted,53f31c335092751e4c8b41a6c670f1ba
A0A803MHC8,unique_never_inserted,72d7a1b71fb37623a292caf67d60e07b
A0A803MHI1,unique_never_inserted,e5ad21832dca12faec49c5f624ee42ff
A0A803MHJ1,unique_never_inserted,88b0b48a3e0e1a45acc346dbbd035532
A0A803MHM9,unique_never_inserted,89f16ca7b2bfa6e97406ced723e2d445
A0A803MHP5,unique_never_inserted,6e1b8589b84c317c5cbe6e7304eb392b
A0A803MHQ6,unique_never_inserted,409048fbe71785aa6fc2d06cb6bd547f
A0A803MHV9,unique_never_inserted,543ad055927b7738d0915122afe88ecc
A0A803MHY3,unique_never_inserted,210ca80a37b7fc16024ebdd0c22c9524
A0A803MI05,unique_never_inserted,badb7b77612c9ac5b8a2d8c60e3bb9cf
A0A803MI83,unique_never_inserted,764b4a87fd4b61365cd95b29a86ebba9
A0A803MI91,unique_never_inserted,ae40dc2ba8f2c1c635b1a541d5f9175f
A0A803MID3,unique_never_inserted,120436d04e57505b7056b12dc3b22e99
A0A803MIE6,unique_never_inserted,73b613fdea4ee13e69083cec53a23dd7
A0A803MII5,unique_never_inserted,2e42543fa05a74bfe77438b314e20178
A0A803MIN0,unique_never_inserted,cdd89946395a6738330e9c7f7bab9bed
A0A803MIP0,unique_never_inserted,361a2bedb6f5a85a44e7e3b1aa2a0a23
A0A803MIQ3,unique_never_inserted,00f1bbdec2eeb5eb75760f2776484f3f
A0A803MIR1,unique_never_inserted,b0a9f6c892f6ae9dc169f6eed097c2f9
A0A803MIR9,unique_never_inserted,d35fd57f07c0bce1e172b488d400ba8c
A0A803MIS2,unique_never_inserted,81bd7863eb862d5bc4ba97f6189437ac
A0A803MIS7,unique_never_inserted,304bcb3b95952100dfbef5fe40d08f6f
A0A803MIU3,unique_never_inserted,fadd9c69583aba593a9902a0d60e0d4c
A0A803MIV0,unique_never_inserted,72f9e5d0a75c9632dcdb3c8885d131d1
A0A803MIV1,unique_never_inserted,f1958477432d88fbcbe6106e3d4f88f2
A0A803MIX2,unique_never_inserted,f0ce97b2e4092caaf02a6ff988b1f339
A0A803MIY2,unique_never_inserted,977580cd3e4f3037d0229197aec50186
A0A803MJ07,unique_never_inserted,3093de9640601049169dc8c377c3363d
A0A803MJ25,unique_never_inserted,5d797074a7745d80e8df9ecd066f760c
A0A803MJ53,unique_never_inserted,dcf028886d63930aadb5e601e64cdb52
A0A803MJ55,unique_never_inserted,3fbce51f5b4d8a8818c05bb37d82d3c4
A0A803MJ69,unique_never_inserted,5f96d653fa18c7035b42ae962fff3d32
A0A803MJ71,unique_never_inserted,a7889ac59917c8a9605324bb45973cd4
A0A803MJA2,unique_never_inserted,76b05853225f4ea480fb943d5a799688
A0A803MJB1,unique_never_inserted,a325ecc2a634804a8863535571f2f3db
A0A803MJC3,unique_never_inserted,422bae0dd605d6e6c9807014594a12bc
A0A803MJC6,unique_never_inserted,c206b35be82c238bc0f3736db5e174da
A0A803MJD8,unique_never_inserted,499406b64a10f3a51301b2b8457ce508
A0A803MJF0,unique_never_inserted,f400d962a9a7d3f8624ba4e6cb0e34d5
A0A803MJG6,unique_never_inserted,f3ccbd32f47fd10ab5b8929947054508
A0A803MJI7,unique_never_inserted,a9ec521a9961bc3edba7aa1e8112e068
A0A803MJK2,unique_never_inserted,5757280cf4a79aa1354110887fc380bb
A0A803MJL6,unique_never_inserted,ab10e8951ffc6ac2252df87a5d37ab5e
A0A803MJL7,unique_never_inserted,eb0697827d3f334b87da6b78d1190507
A0A803MJL8,unique_never_inserted,fdda3e7cc221e2cec1649f1c0b7ea29b
A0A803MJM0,unique_never_inserted,cd1d3bc7bd4fe47c1ef89f102ad6e98e
A0A803MJP7,unique_never_inserted,79c255637d2f3103649008ccbb47c5aa
A0A803MJR9,unique_never_inserted,d85d1d24e36a7f25d6ba8f34d30aba8b
A0A803MJW3,unique_never_inserted,4bd7501d3ce4a688d8f213ff0783f596
A0A803MJX3,unique_never_inserted,d425533e7f78063af440ab1c2062057b
A0A803MJZ1,unique_never_inserted,84a3d81c6ebad76c29773cf86e919c97
A0A803MK41,unique_never_inserted,b0f986f39ae220b281c27ef7ad83ae2b
A0A803MK47,unique_never_inserted,b1319c572e2ca3d6fd487bc7c70cadb7
A0A803MKB4,unique_never_inserted,b3af366eb9a5e1c4de22f73f6a397b4a
A0A803MKG3,unique_never_inserted,06d07b1b362dd51b307cc230d7927d31
A0A803MKG6,unique_never_inserted,f3f258621a0dd793708e4ee57d04509a
A0A803MKH1,unique_never_inserted,5c2f1bfc11a067a5181943c98f4596f2
A0A803MKH2,unique_never_inserted,06cd9dcd695ce7a3ad359b86842be173
A0A803MKI4,unique_never_inserted,d65b849bf350b468d82f665496a41dd9
A0A803MKK2,unique_never_inserted,cc3bcd2a6f1296f236e643b8ce2572c0
A0A803MKN6,unique_never_inserted,5b0c10c07437a03af4bf26cbc746901c
A0A803MKQ9,unique_never_inserted,2c9a38e9b3228c5d07cccd3e2171efbb
A0A803MKR0,unique_never_inserted,dc58f9b71b166d904c1fe4f7c8f50dec
A0A803MKR2,unique_never_inserted,bd878fd92903dca7a539ffd3c64e9239
A0A803MKR9,unique_never_inserted,9019dbbc77963a5cdd39583aceef540e
A0A803MKS5,unique_never_inserted,6a8f04d347cb4b041e15bb9001a12b53
A0A803MKV9,unique_never_inserted,21db56eb70c07cb3cbe20f588def41db
A0A803ML03,unique_never_inserted,5ced0080cb317b9a2ffc5e47b05a64e7
A0A803ML38,unique_never_inserted,06edec8848cc0f07583aee1f12abe3db
A0A803ML59,unique_never_inserted,a30cf079520942c5d253082f2dbbe726
A0A803ML61,unique_never_inserted,c3519fb62ba5a005eacb275c44c42b75
A0A803ML71,unique_never_inserted,89e0346c6088b6ab59bcc311e5eff6cf
A0A803MLB6,unique_never_inserted,30ada1715949d0b4ce5b841ea10c1d92
A0A803MLC0,unique_never_inserted,340e922d96b5bcdeaf0254c51c58da21
A0A803MLC1,unique_never_inserted,9b3eae569d3e2b69f9164856ebf949ab
A0A803MLC2,unique_never_inserted,d47c8251563e919a218841589e201bb1
A0A803MLF2,unique_never_inserted,789be310d1080b8fbbd2bb20022bc425
A0A803MLI3,unique_never_inserted,33c95e516ba51ec8f4bef10bada62955
A0A803MLJ2,unique_never_inserted,55f24c5a97bd2a52ccf6d98ee9041775
A0A803MLJ6,unique_never_inserted,cdbd867fce814e0a064ac1c2e6029ecd
A0A803MLJ7,unique_never_inserted,1cb1370d7d8e60253452bc0da25b5f21
A0A803MLN5,unique_never_inserted,d24a371efd445c978326ac7ae55493a6
A0A803MLP2,unique_never_inserted,a65bcdfa6f9c2860dd2aed119451c891
A0A803MLT5,unique_never_inserted,ddc944b55a38f9f30218523eb463c9f3
A0A803MLU2,unique_never_inserted,b019184e5d31a7b99ecb02629b0ab42f
A0A803MLY6,unique_never_inserted,06c2d70ef833883fcf5d2845dd41b970
A0A803MLZ6,unique_never_inserted,425df4f7929626285a83d63fd8aa6f76
A0A803MLZ9,unique_never_inserted,a04d09ccad7daef9bfadaf8b2228f049
A0A803MM06,unique_never_inserted,f05c17c7e9dafe3249c7204b5c77d218
A0A803MM38,unique_never_inserted,a2980649eec39ac14424330fdbaacd98
A0A803MM53,unique_never_inserted,548e2aece3f17f0978c00fcd44699e13
A0A803MM61,unique_never_inserted,7d739636ca07583bd72323396ece262c
A0A803MM69,unique_never_inserted,814bd2adeab4c211a24c9c42c647ca2f
A0A803MM85,unique_never_inserted,e23406106c584cadc628add38f6c0bfc
A0A803MM87,unique_never_inserted,066049a03e8ae26ae83227bde802ffd2
A0A803MME0,unique_never_inserted,c2947dc1858cd7c3bf70243cfdd5e09d
A0A803MMF1,unique_never_inserted,33d201efcb59e07cd9989544ff3d152e
A0A803MMG3,unique_never_inserted,0ea97f3dd6fa081393d34ea42fb8ebf7
A0A803MMQ3,unique_never_inserted,5b5e44318ab7f7f306a628d1cbf76080
A0A803MMS5,unique_never_inserted,077c0d57b5266bc003abf577bc7e03b7
A0A803MMT7,unique_never_inserted,2983dd5e0e2fa7c58cd64afe8d07dd8d
A0A803MMU1,unique_never_inserted,5f785c8d6112731e82554c72d50a9d52
A0A803MMW6,unique_never_inserted,d1edfee872fd4aff2d3b84f7aa6610e1
A0A803MMW7,unique_never_inserted,ddc03e7f53e0f39d010f8e044ff41e0a
A0A803MMX5,unique_never_inserted,f1389399ded6c0b834f5fafcc4a5d9af
A0A803MMY4,unique_never_inserted,5c2701a706fcdddb247322e2e79f1b60
A0A803MN17,unique_never_inserted,1d2c14ba1496657acf9d5474657dd33b
A0A803MN49,unique_never_inserted,68b08b8b1b3ec7f02dd9ef2429d142b3
A0A803MN50,unique_never_inserted,e0f792da45fe353ae3a7583a6b74864b
A0A803MN59,unique_never_inserted,b791d487056c9709ab479d3d8a8f36f8
A0A803MN67,unique_never_inserted,fa83fc85d086b22a8032751bec753199
A0A803MN86,unique_never_inserted,c443745f297ddb6fc3acfbf4a6d99b71
A0A803MND4,unique_never_inserted,50cdbd79a4ddde066c80f3269dee1865
A0A803MNF0,unique_never_inserted,86ca4e43c3708dd2378a59dcead539d0
A0A803MNL5,unique_never_inserted,6fe576c1ceeb60d0848a6742ec17c7ca
A0A803MNV9,unique_never_inserted,a0a305585de2d349c7d6fd422ba7ceb5
A0A803MNY0,unique_never_inserted,01a71e56ce52e31bd70465a0a3819c15
A0A803MNZ5,unique_never_inserted,1b4d30279c89a5ceeedb96d3c15d938e
A0A803MNZ9,unique_never_inserted,b7b34d82544463b28176600bb2b0c6f3
A0A803MP16,unique_never_inserted,e52afe1754e025aba891914be19b8e94
A0A803MP23,unique_never_inserted,08cb0be63c97dd3753ff687c49871c6d
A0A803MP69,unique_never_inserted,2e1f05b8debcb6400a29b3a07cbf7301
A0A803MPC2,unique_never_inserted,8ad309710a52a71817f1c70d793bebd8
A0A803MPC7,unique_never_inserted,94ad8332247f502a9daa637769e71782
A0A803MPD4,unique_never_inserted,4d21e6aa4a255d7351aa144e49801da3
A0A803MPE3,unique_never_inserted,20643e223389ded04967c13198068454
A0A803MPH0,unique_never_inserted,380d3b86be5abb78d4073ed5b657dde5
A0A803MPK3,unique_never_inserted,9216a3f5c2f5cdac5577daab110c13ab
A0A803MPN1,unique_never_inserted,3d658e8d28eef1ac7fc2a42d1b50763c
A0A803MPY6,unique_never_inserted,6becfd6fc61d4de14014ca95b9f0542e
A0A803MQ41,unique_never_inserted,6192a0ead4b89ff7ccf9e79b8b9693ca
A0A803MQ95,unique_never_inserted,2c39e573a5de97f61d2ee4adecf2cd6b
A0A803MQB8,unique_never_inserted,90083bcdcda530411b1e61810ec8c0f4
A0A803MQC8,unique_never_inserted,8a75a2e22eed04984ca4268db64d1f95
A0A803MQE1,unique_never_inserted,0ab1a5d93262a5ab802c334d6df9589f
A0A803MQE4,unique_never_inserted,11bb16478cd7ea024e90bfa8a0617252
A0A803MQE8,unique_never_inserted,6278d040de14fcaa09c70c355dadc098
A0A803MQH0,unique_never_inserted,5640bfe6c40f19b64ee815b08b5f074c
A0A803MQH3,unique_never_inserted,68c387bab48305a7786bedf1f8643d9e
A0A803MQH5,unique_never_inserted,430b3cec32dd830b5b6645ce0f844a4f
A0A803MQN1,unique_never_inserted,9f6462c19406f08c1e9a77abc7bad695
A0A803MQN4,unique_never_inserted,b5b47178f4fac5cdd86aa88308b52db7
A0A803MQN7,unique_never_inserted,bfc99ad186e1678a487ad62f38367c23
A0A803MQQ6,unique_never_inserted,9b12e4cc82dcb4aeb0ed97b6eff7e7f8
A0A803MQR5,unique_never_inserted,a5337da4d50af801b73d0aa960639893
A0A803MQR7,unique_never_inserted,1bdf32fe3cc37bbedd07b13a6a75263c
A0A803MQW0,unique_never_inserted,708289804f9fc86b3b030de9429d3487
A0A803MQX4,unique_never_inserted,fd2c77e2233ef35b596c319710fa97d1
A0A803MQX5,unique_never_inserted,b22ad4cfb3affe7e3b3385d31748c990
A0A803MQX8,unique_never_inserted,2c83ba2a5cb8078cc14f3ecb1f791ae2
A0A803MR25,unique_never_inserted,39286e083a3bb89c641ca9ed5565678c
A0A803MR30,unique_never_inserted,f0deeafcf5cf3b88881ca02f969a265f
A0A803MR53,unique_never_inserted,587bd8672d25c7c110b0d5c04865c175
A0A803MR59,unique_never_inserted,26fd4d771d766b5745e65cd56b75a219
A0A803MR92,unique_never_inserted,c9d3a81358f702679806d7dbfd8036b7
A0A803MRA3,unique_never_inserted,1099ce58458fc2cb42c3f8feea0cfbf6
A0A803MRB8,unique_never_inserted,46430aad455e9702de46e42edf57cb46
A0A803MRG6,unique_never_inserted,7850d1d6953df2ec7dcf606dd6f3df78
A0A803MRH4,unique_never_inserted,a4660cdc93050f79ae470c47d8682db8
A0A803MRK0,unique_never_inserted,cf8e24285521ca02d960eb7476281a1f
A0A803MRM0,unique_never_inserted,be6744e02dbbfbd7d41e3c65e4b913d1
A0A803MRM4,unique_never_inserted,fcec8d86c288cd7cdbc0a0479bbf4af8
A0A803MRM6,unique_never_inserted,4f12417113f81a3fe0a84503ce085c08
A0A803MRN8,unique_never_inserted,93ccc015b1ee9fb1d07e5bfca16541f3
A0A803MRP1,unique_never_inserted,144fdb743f1430bfa88c2a518d4ab839
A0A803MRR6,unique_never_inserted,d0d0d54e5c6954dda7b5f1db37bc30c0
A0A803MRR9,unique_never_inserted,4bcc7b976fd3662cdb73ce0fbafba1d2
A0A803MRX7,unique_never_inserted,83ab28fbb2a2030d4c95717db6c83fee
A0A803MS65,unique_never_inserted,3b0075ed7c5e3ab748604951329e310f
A0A803MS66,unique_never_inserted,6ad82a127b734b1ed9aa4c08442a5913
A0A803MSA6,unique_never_inserted,0fd89fce0cf868f5ec349134154fb85f
A0A803MSA9,unique_never_inserted,0357c58daab5d825141d8ba6a44d9c84
A0A803MSF1,unique_never_inserted,767f0b95b4f6956ddaaefda13e6594e6
A0A803MSJ9,unique_never_inserted,638689f9570770eeee3a22c7bdf6e637
A0A803MSK4,unique_never_inserted,712fca6f230a8652508300477bb01c97
A0A803MSR0,unique_never_inserted,84a92e0206c18d794c3157e01511ec87
A0A803MSY6,unique_never_inserted,9752bfec1ff049d49cf17ccfe9a7cd2c
A0A803MT10,unique_never_inserted,acd99f8e6e686b82380fa241d3133ee7
A0A803MT15,unique_never_inserted,46970a6592d823752ef14c1f31d42307
A0A803MT61,unique_never_inserted,6f0ffe09107ba9e3d909a707f4a1e376
A0A803MT70,unique_never_inserted,d52bd47b6b1ec646017fd49600d57238
A0A803MT77,unique_never_inserted,b95a206f17fce93725a8fa4217af6e8a
A0A803MT91,unique_never_inserted,01b893928aeb0d7a16877dcd7d18b8d1
A0A803MTH9,unique_never_inserted,32380384382fb2c114ea5412d820380a
A0A803MTJ6,unique_never_inserted,0522bd0b2062ceb533b71d592c3ce729
A0A803MTK3,unique_never_inserted,5d821f318f867e4c3fb496ac2353b791
A0A803MTL4,unique_never_inserted,c39af88d3eb430b5290c998979d15210
A0A803MTR7,unique_never_inserted,d0105727992882822a82070b2908cbd5
A0A803MTY1,unique_never_inserted,82b0bde5298e470c9e6296e843fbf752
A0A803MTY4,unique_never_inserted,a1897bc746b2ec3806a34abb5b09f562
A0A803MTZ8,unique_never_inserted,ea663a50c3470b7d794349d408b354b4
A0A803MU23,unique_never_inserted,054a816cf5624790a86de015edd33411
A0A803MU64,unique_never_inserted,9047b7c727151df559602e2709816405
A0A803MU84,unique_never_inserted,7d42f9827a4cf45b6fc60bf8117a5a2f
A0A803MU87,unique_never_inserted,eadb0dfcf456e9fbfb3af44c5e3d9e01
A0A803MU92,unique_never_inserted,3c780a0ae5e79c8cf2d6542e7cc37beb
A0A803MUB7,unique_never_inserted,ba680d5ce39e0711263a22c0826480c9
A0A803MUD9,unique_never_inserted,76f56e3317c81677a7eb3cf1868866a2
A0A803MUE5,unique_never_inserted,04a6a0415eeb6e7c40922c99014d3c4b
A0A803MUG7,unique_never_inserted,e33f2d380495d1f15c9f4456113ecf1a
A0A803MUH1,unique_never_inserted,45607be18342091b5d2cb340e58362d9
A0A803MUI1,unique_never_inserted,a8d8e85a39f74d9ea87e9d40582abccf
A0A803MUJ4,unique_never_inserted,dde883fd66122bbe5f894e90a69f38bd
A0A803MUV7,unique_never_inserted,2be00a66396982576306424fbee057c7
A0A803MUW3,unique_never_inserted,62690817518c02eb7570e8f9c58c95f1
A0A803MUY5,unique_never_inserted,4e1a4f0b1731b03119788c431168d879
A0A803MV04,unique_never_inserted,535898ba63970c49d0888b7a66e44405
A0A803MV25,unique_never_inserted,f88a147efa015deabd21a1af3259053a
A0A803MV67,unique_never_inserted,b05eee98bcfd12dbfb3f3017dabea0b1
A0A803MV91,unique_never_inserted,de9a2a86081da294288394c9a5c1f99b
A0A803MV97,unique_never_inserted,2824908f3ee4d22787b77715896f166e
A0A803MV98,unique_never_inserted,ce5802a31a98f9984d4af3868632848c
A0A803MV99,unique_never_inserted,80119d8adb529fb1daf111f94b0059c7
A0A803MVA3,unique_never_inserted,dba9e27e08d64ea7d781b8813083c3ba
A0A803MVB7,unique_never_inserted,cd8dd3384b127485c7efe8b1b79523b9
A0A803MVC9,unique_never_inserted,4fc140264a9a17eeb5e36713241fae29
A0A803MVD6,unique_never_inserted,ced1831d58af46060436e1ed3235ec27
