issue_type,key,field,json_value,db_value
missing_from_db,A0A0A7DNE1,,,
missing_from_db,A0A0G2UR69,,,
missing_from_db,A0A0M3PSK5,,,
missing_from_db,A0A0M4B1M0,,,
missing_from_db,A0A0U1YJA7,,,
missing_from_db,A0A1E1ERU3,,,
missing_from_db,A0A1E1ERU7,,,
missing_from_db,A0A1X9WDB2,,,
missing_from_db,A0A1X9WDB3,,,
missing_from_db,A0A1X9WDB4,,,
missing_from_db,A0A1X9WDB6,,,
missing_from_db,A0A1X9WDB7,,,
missing_from_db,A0A1X9WDB8,,,
missing_from_db,A0A1X9WDB9,,,
missing_from_db,A0A1X9WDC0,,,
missing_from_db,A0A1X9WDC1,,,
missing_from_db,A0A1X9WDC2,,,
missing_from_db,A0A1X9WDC3,,,
missing_from_db,A0A1X9WDC4,,,
missing_from_db,A0A1X9WDC5,,,
missing_from_db,A0A1X9WDC6,,,
missing_from_db,A0A1X9WDC7,,,
missing_from_db,A0A1X9WDC8,,,
missing_from_db,A0A1X9WDC9,,,
missing_from_db,A0A1X9WDD0,,,
missing_from_db,A0A1X9WDD1,,,
missing_from_db,A0A1X9WDD2,,,
missing_from_db,A0A1X9WDD3,,,
missing_from_db,A0A1X9WDD4,,,
missing_from_db,A0A1X9WDD5,,,
missing_from_db,A0A1X9WDD6,,,
missing_from_db,A0A1X9WDD7,,,
missing_from_db,A0A1X9WDD8,,,
missing_from_db,A0A1X9WDD9,,,
missing_from_db,A0A1X9WDE0,,,
missing_from_db,A0A1X9WDE1,,,
missing_from_db,A0A1X9WDE2,,,
missing_from_db,A0A1X9WDE3,,,
missing_from_db,A0A1X9WDE4,,,
missing_from_db,A0A1X9WDE5,,,
missing_from_db,A0A1X9WDE6,,,
missing_from_db,A0A1X9WDE7,,,
missing_from_db,A0A1X9WDE8,,,
missing_from_db,A0A1X9WDE9,,,
missing_from_db,A0A1X9WDF0,,,
missing_from_db,A0A1X9WDF1,,,
missing_from_db,A0A1X9WDF2,,,
missing_from_db,A0A1X9WDF3,,,
missing_from_db,A0A1X9WDF4,,,
missing_from_db,A0A1X9WDF5,,,
missing_from_db,A0A1X9WDF6,,,
missing_from_db,A0A1X9WDF7,,,
missing_from_db,A0A1X9WDF8,,,
missing_from_db,A0A1X9WDF9,,,
missing_from_db,A0A1X9WDG0,,,
missing_from_db,A0A1X9WDG1,,,
missing_from_db,A0A1X9WDG2,,,
missing_from_db,A0A1X9WDG3,,,
missing_from_db,A0A1X9WDG5,,,
missing_from_db,A0A1X9WDG6,,,
missing_from_db,A0A1X9WDG9,,,
missing_from_db,A0A1X9WDH0,,,
missing_from_db,A0A1X9WDH1,,,
missing_from_db,A0A1X9WDH2,,,
missing_from_db,A0A1X9WDH3,,,
missing_from_db,A0A1X9WDH5,,,
missing_from_db,A0A1X9WDH6,,,
missing_from_db,A0A1X9WDH7,,,
missing_from_db,A0A1X9WDH8,,,
missing_from_db,A0A1X9WDI1,,,
missing_from_db,A0A1X9WDI2,,,
missing_from_db,A0A1X9WDI3,,,
missing_from_db,A0A1X9WDI4,,,
missing_from_db,A0A1X9WDI5,,,
missing_from_db,A0A1X9WDI7,,,
missing_from_db,A0A1X9WDI9,,,
missing_from_db,A0A1X9WDJ4,,,
missing_from_db,A0A1X9WDJ5,,,
missing_from_db,A0A410KLL3,,,
missing_from_db,A0A509GUM8,,,
missing_from_db,A0A7U3QS13,,,
missing_from_db,A0A7U3QS18,,,
missing_from_db,A0A7U3QS74,,,
missing_from_db,A0A7U3QSA5,,,
missing_from_db,A0A7U3T0I3,,,
missing_from_db,A0A7U3T110,,,
missing_from_db,A0A803KLU6,,,
missing_from_db,A0A803KLU9,,,
missing_from_db,A0A803KLV1,,,
missing_from_db,A0A803KLV3,,,
missing_from_db,A0A803KLV4,,,
missing_from_db,A0A803KLV6,,,
missing_from_db,A0A803KLX1,,,
missing_from_db,A0A803KLX4,,,
missing_from_db,A0A803KLX7,,,
missing_from_db,A0A803KLY5,,,
missing_from_db,A0A803KLZ2,,,
missing_from_db,A0A803KLZ8,,,
missing_from_db,A0A803KLZ9,,,
missing_from_db,A0A803KM00,,,
missing_from_db,A0A803KM03,,,
missing_from_db,A0A803KM04,,,
missing_from_db,A0A803KM05,,,
missing_from_db,A0A803KM06,,,
missing_from_db,A0A803KM07,,,
missing_from_db,A0A803KM08,,,
missing_from_db,A0A803KM10,,,
missing_from_db,A0A803KM12,,,
missing_from_db,A0A803KM17,,,
missing_from_db,A0A803KM21,,,
missing_from_db,A0A803KM27,,,
missing_from_db,A0A803KM34,,,
missing_from_db,A0A803KM37,,,
missing_from_db,A0A803KM49,,,
missing_from_db,A0A803KM54,,,
missing_from_db,A0A803KM57,,,
missing_from_db,A0A803KM59,,,
missing_from_db,A0A803KM63,,,
missing_from_db,A0A803KM77,,,
missing_from_db,A0A803KM78,,,
missing_from_db,A0A803KM90,,,
missing_from_db,A0A803KM93,,,
missing_from_db,A0A803KM99,,,
missing_from_db,A0A803KMA0,,,
missing_from_db,A0A803KMA3,,,
missing_from_db,A0A803KMA8,,,
missing_from_db,A0A803KMB2,,,
missing_from_db,A0A803KMB4,,,
missing_from_db,A0A803KMB8,,,
missing_from_db,A0A803KMC0,,,
missing_from_db,A0A803KMC7,,,
missing_from_db,A0A803KMC9,,,
missing_from_db,A0A803KMD0,,,
missing_from_db,A0A803KME2,,,
missing_from_db,A0A803KME6,,,
missing_from_db,A0A803KME7,,,
missing_from_db,A0A803KMF0,,,
missing_from_db,A0A803KMF2,,,
missing_from_db,A0A803KMF4,,,
missing_from_db,A0A803KMG0,,,
missing_from_db,A0A803KMH4,,,
missing_from_db,A0A803KMH8,,,
missing_from_db,A0A803KMH9,,,
missing_from_db,A0A803KMI0,,,
missing_from_db,A0A803KMI2,,,
missing_from_db,A0A803KMI3,,,
missing_from_db,A0A803KMI8,,,
missing_from_db,A0A803KMJ4,,,
missing_from_db,A0A803KMJ8,,,
missing_from_db,A0A803KMK4,,,
missing_from_db,A0A803KMK9,,,
missing_from_db,A0A803KMM3,,,
missing_from_db,A0A803KMM4,,,
missing_from_db,A0A803KMN5,,,
missing_from_db,A0A803KMN6,,,
missing_from_db,A0A803KMP3,,,
missing_from_db,A0A803KMP6,,,
missing_from_db,A0A803KMQ1,,,
missing_from_db,A0A803KMQ3,,,
missing_from_db,A0A803KMQ5,,,
missing_from_db,A0A803KMR6,,,
missing_from_db,A0A803KMS1,,,
missing_from_db,A0A803KMS9,,,
missing_from_db,A0A803KMT0,,,
missing_from_db,A0A803KMT2,,,
missing_from_db,A0A803KMT4,,,
missing_from_db,A0A803KMT5,,,
missing_from_db,A0A803KMT6,,,
missing_from_db,A0A803KMT7,,,
missing_from_db,A0A803KMT8,,,
missing_from_db,A0A803KMT9,,,
missing_from_db,A0A803KMU6,,,
missing_from_db,A0A803KMU9,,,
missing_from_db,A0A803KMV4,,,
missing_from_db,A0A803KMV7,,,
missing_from_db,A0A803KMW0,,,
missing_from_db,A0A803KMW2,,,
missing_from_db,A0A803KMW3,,,
missing_from_db,A0A803KMW6,,,
missing_from_db,A0A803KMW7,,,
missing_from_db,A0A803KMW8,,,
missing_from_db,A0A803KMX5,,,
missing_from_db,A0A803KMX6,,,
missing_from_db,A0A803KMX7,,,
missing_from_db,A0A803KMX8,,,
missing_from_db,A0A803KMY2,,,
missing_from_db,A0A803KMY4,,,
missing_from_db,A0A803KMY5,,,
missing_from_db,A0A803KMZ0,,,
missing_from_db,A0A803KMZ2,,,
missing_from_db,A0A803KMZ4,,,
missing_from_db,A0A803KMZ6,,,
missing_from_db,A0A803KMZ9,,,
missing_from_db,A0A803KN14,,,
missing_from_db,A0A803KN25,,,
missing_from_db,A0A803KN26,,,
missing_from_db,A0A803KN34,,,
missing_from_db,A0A803KN35,,,
missing_from_db,A0A803KN38,,,
missing_from_db,A0A803KN40,,,
missing_from_db,A0A803KN45,,,
missing_from_db,A0A803KN46,,,
missing_from_db,A0A803KN47,,,
missing_from_db,A0A803KN48,,,
missing_from_db,A0A803KN51,,,
missing_from_db,A0A803KN61,,,
missing_from_db,A0A803KN63,,,
missing_from_db,A0A803KN71,,,
missing_from_db,A0A803KN76,,,
missing_from_db,A0A803KN77,,,
missing_from_db,A0A803KN83,,,
missing_from_db,A0A803KN85,,,
missing_from_db,A0A803KN92,,,
missing_from_db,A0A803KN96,,,
missing_from_db,A0A803KNC1,,,
missing_from_db,A0A803KNC8,,,
missing_from_db,A0A803KND0,,,
missing_from_db,A0A803KNE3,,,
missing_from_db,A0A803KNF2,,,
missing_from_db,A0A803KNF3,,,
missing_from_db,A0A803KNF4,,,
missing_from_db,A0A803KNF5,,,
missing_from_db,A0A803KNG9,,,
missing_from_db,A0A803KNH2,,,
missing_from_db,A0A803KNH5,,,
missing_from_db,A0A803KNH9,,,
missing_from_db,A0A803KNI2,,,
missing_from_db,A0A803KNI5,,,
missing_from_db,A0A803KNJ0,,,
missing_from_db,A0A803KNJ1,,,
missing_from_db,A0A803KNJ2,,,
missing_from_db,A0A803KNJ9,,,
missing_from_db,A0A803KNK0,,,
missing_from_db,A0A803KNK5,,,
missing_from_db,A0A803KNL2,,,
missing_from_db,A0A803KNL4,,,
missing_from_db,A0A803KNL6,,,
missing_from_db,A0A803KNM0,,,
missing_from_db,A0A803KNM1,,,
missing_from_db,A0A803KNM3,,,
missing_from_db,A0A803KNM5,,,
missing_from_db,A0A803KNN1,,,
missing_from_db,A0A803KNN3,,,
missing_from_db,A0A803KNN7,,,
missing_from_db,A0A803KNN8,,,
missing_from_db,A0A803KNN9,,,
missing_from_db,A0A803KNP0,,,
missing_from_db,A0A803KNP2,,,
missing_from_db,A0A803KNP3,,,
missing_from_db,A0A803KNP7,,,
missing_from_db,A0A803KNQ1,,,
missing_from_db,A0A803KNQ2,,,
missing_from_db,A0A803KNQ5,,,
missing_from_db,A0A803KNQ6,,,
missing_from_db,A0A803KNR0,,,
missing_from_db,A0A803KNR2,,,
missing_from_db,A0A803KNR4,,,
missing_from_db,A0A803KNS2,,,
missing_from_db,A0A803KNS3,,,
missing_from_db,A0A803KNT9,,,
missing_from_db,A0A803KNU1,,,
missing_from_db,A0A803KNU5,,,
missing_from_db,A0A803KNV3,,,
missing_from_db,A0A803KNV4,,,
missing_from_db,A0A803KNV8,,,
missing_from_db,A0A803KNW1,,,
missing_from_db,A0A803KNX9,,,
missing_from_db,A0A803KNY4,,,
missing_from_db,A0A803KNZ0,,,
missing_from_db,A0A803KP12,,,
missing_from_db,A0A803KP13,,,
missing_from_db,A0A803KP14,,,
missing_from_db,A0A803KP18,,,
missing_from_db,A0A803KP20,,,
missing_from_db,A0A803KP34,,,
missing_from_db,A0A803KP41,,,
missing_from_db,A0A803KP49,,,
missing_from_db,A0A803KP71,,,
missing_from_db,A0A803KP73,,,
missing_from_db,A0A803KP76,,,
missing_from_db,A0A803KP89,,,
missing_from_db,A0A803KP91,,,
missing_from_db,A0A803KPA1,,,
missing_from_db,A0A803KPA4,,,
missing_from_db,A0A803KPA5,,,
missing_from_db,A0A803KPA7,,,
missing_from_db,A0A803KPB2,,,
missing_from_db,A0A803KPB4,,,
missing_from_db,A0A803KPB5,,,
missing_from_db,A0A803KPB8,,,
missing_from_db,A0A803KPC0,,,
missing_from_db,A0A803KPD0,,,
missing_from_db,A0A803KPD2,,,
missing_from_db,A0A803KPD5,,,
missing_from_db,A0A803KPE4,,,
missing_from_db,A0A803KPG0,,,
missing_from_db,A0A803KPH3,,,
missing_from_db,A0A803KPI0,,,
missing_from_db,A0A803KPJ0,,,
missing_from_db,A0A803KPJ4,,,
missing_from_db,A0A803KPJ6,,,
missing_from_db,A0A803KPK2,,,
missing_from_db,A0A803KPK4,,,
missing_from_db,A0A803KPK6,,,
missing_from_db,A0A803KPL1,,,
missing_from_db,A0A803KPL3,,,
missing_from_db,A0A803KPL4,,,
missing_from_db,A0A803KPN0,,,
missing_from_db,A0A803KPN2,,,
missing_from_db,A0A803KPN6,,,
missing_from_db,A0A803KPN8,,,
missing_from_db,A0A803KPP9,,,
missing_from_db,A0A803KPQ4,,,
missing_from_db,A0A803KPQ8,,,
missing_from_db,A0A803KPR0,,,
missing_from_db,A0A803KPR1,,,
missing_from_db,A0A803KPS3,,,
missing_from_db,A0A803KPT2,,,
missing_from_db,A0A803KPT6,,,
missing_from_db,A0A803KPT8,,,
missing_from_db,A0A803KPT9,,,
missing_from_db,A0A803KPU1,,,
missing_from_db,A0A803KPV2,,,
missing_from_db,A0A803KPV7,,,
missing_from_db,A0A803KPW8,,,
missing_from_db,A0A803KPY5,,,
missing_from_db,A0A803KPZ3,,,
missing_from_db,A0A803KPZ4,,,
missing_from_db,A0A803KQ02,,,
missing_from_db,A0A803KQ07,,,
missing_from_db,A0A803KQ09,,,
missing_from_db,A0A803KQ15,,,
missing_from_db,A0A803KQ19,,,
missing_from_db,A0A803KQ31,,,
missing_from_db,A0A803KQ33,,,
missing_from_db,A0A803KQ44,,,
missing_from_db,A0A803KQ52,,,
missing_from_db,A0A803KQ56,,,
missing_from_db,A0A803KQ74,,,
missing_from_db,A0A803KQ75,,,
missing_from_db,A0A803KQ77,,,
missing_from_db,A0A803KQ78,,,
missing_from_db,A0A803KQ79,,,
missing_from_db,A0A803KQ80,,,
missing_from_db,A0A803KQ83,,,
missing_from_db,A0A803KQ86,,,
missing_from_db,A0A803KQ90,,,
missing_from_db,A0A803KQ94,,,
missing_from_db,A0A803KQA7,,,
missing_from_db,A0A803KQB5,,,
missing_from_db,A0A803KQB8,,,
missing_from_db,A0A803KQD0,,,
missing_from_db,A0A803KQD1,,,
missing_from_db,A0A803KQD7,,,
missing_from_db,A0A803KQD8,,,
missing_from_db,A0A803KQE4,,,
missing_from_db,A0A803KQG0,,,
missing_from_db,A0A803KQG2,,,
missing_from_db,A0A803KQG9,,,
missing_from_db,A0A803KQH6,,,
missing_from_db,A0A803KQH8,,,
missing_from_db,A0A803KQI3,,,
missing_from_db,A0A803KQI4,,,
missing_from_db,A0A803KQJ0,,,
missing_from_db,A0A803KQJ4,,,
missing_from_db,A0A803KQJ7,,,
missing_from_db,A0A803KQL0,,,
missing_from_db,A0A803KQN4,,,
missing_from_db,A0A803KQN9,,,
missing_from_db,A0A803KQP3,,,
missing_from_db,A0A803KQQ0,,,
missing_from_db,A0A803KQT0,,,
missing_from_db,A0A803KQT1,,,
missing_from_db,A0A803KQT9,,,
missing_from_db,A0A803KQU4,,,
missing_from_db,A0A803KQU7,,,
missing_from_db,A0A803KQV2,,,
missing_from_db,A0A803KQV3,,,
missing_from_db,A0A803KQV5,,,
missing_from_db,A0A803KQV8,,,
missing_from_db,A0A803KQW1,,,
missing_from_db,A0A803KQW5,,,
missing_from_db,A0A803KQW6,,,
missing_from_db,A0A803KQX4,,,
missing_from_db,A0A803KQY3,,,
missing_from_db,A0A803KQY6,,,
missing_from_db,A0A803KQZ1,,,
missing_from_db,A0A803KQZ5,,,
missing_from_db,A0A803KR12,,,
missing_from_db,A0A803KR25,,,
missing_from_db,A0A803KR27,,,
missing_from_db,A0A803KR33,,,
missing_from_db,A0A803KR44,,,
missing_from_db,A0A803KR47,,,
missing_from_db,A0A803KR50,,,
missing_from_db,A0A803KR57,,,
missing_from_db,A0A803KR59,,,
missing_from_db,A0A803KR61,,,
missing_from_db,A0A803KR68,,,
missing_from_db,A0A803KR71,,,
missing_from_db,A0A803KR74,,,
missing_from_db,A0A803KR78,,,
missing_from_db,A0A803KR82,,,
missing_from_db,A0A803KR84,,,
missing_from_db,A0A803KR90,,,
missing_from_db,A0A803KR95,,,
missing_from_db,A0A803KR96,,,
missing_from_db,A0A803KRB7,,,
missing_from_db,A0A803KRC7,,,
missing_from_db,A0A803KRD2,,,
missing_from_db,A0A803KRD9,,,
missing_from_db,A0A803KRE0,,,
missing_from_db,A0A803KRG1,,,
missing_from_db,A0A803KRG4,,,
missing_from_db,A0A803KRG7,,,
missing_from_db,A0A803KRG8,,,
missing_from_db,A0A803KRH8,,,
missing_from_db,A0A803KRH9,,,
missing_from_db,A0A803KRL6,,,
missing_from_db,A0A803KRM3,,,
missing_from_db,A0A803KRM9,,,
missing_from_db,A0A803KRN1,,,
missing_from_db,A0A803KRN2,,,
missing_from_db,A0A803KRN5,,,
missing_from_db,A0A803KRP2,,,
missing_from_db,A0A803KRQ5,,,
missing_from_db,A0A803KRQ6,,,
missing_from_db,A0A803KRR0,,,
missing_from_db,A0A803KRS6,,,
missing_from_db,A0A803KRT4,,,
missing_from_db,A0A803KRU0,,,
missing_from_db,A0A803KRU6,,,
missing_from_db,A0A803KRU7,,,
missing_from_db,A0A803KRV5,,,
missing_from_db,A0A803KRW6,,,
missing_from_db,A0A803KRW7,,,
missing_from_db,A0A803KRX7,,,
missing_from_db,A0A803KS00,,,
missing_from_db,A0A803KS02,,,
missing_from_db,A0A803KS35,,,
missing_from_db,A0A803KS37,,,
missing_from_db,A0A803KS39,,,
missing_from_db,A0A803KS42,,,
missing_from_db,A0A803KS49,,,
missing_from_db,A0A803KS65,,,
missing_from_db,A0A803KS66,,,
missing_from_db,A0A803KS68,,,
missing_from_db,A0A803KS69,,,
missing_from_db,A0A803KS87,,,
missing_from_db,A0A803KS93,,,
missing_from_db,A0A803KS98,,,
missing_from_db,A0A803KSA3,,,
missing_from_db,A0A803KSA4,,,
missing_from_db,A0A803KSA5,,,
missing_from_db,A0A803KSA8,,,
missing_from_db,A0A803KSA9,,,
missing_from_db,A0A803KSC1,,,
missing_from_db,A0A803KSC4,,,
missing_from_db,A0A803KSC7,,,
missing_from_db,A0A803KSC8,,,
missing_from_db,A0A803KSD2,,,
missing_from_db,A0A803KSE1,,,
missing_from_db,A0A803KSE3,,,
missing_from_db,A0A803KSE9,,,
missing_from_db,A0A803KSG2,,,
missing_from_db,A0A803KSG9,,,
missing_from_db,A0A803KSH0,,,
missing_from_db,A0A803KSI5,,,
missing_from_db,A0A803KSI7,,,
missing_from_db,A0A803KSJ3,,,
missing_from_db,A0A803KSJ5,,,
missing_from_db,A0A803KSJ8,,,
missing_from_db,A0A803KSK3,,,
missing_from_db,A0A803KSL2,,,
missing_from_db,A0A803KSL6,,,
missing_from_db,A0A803KSL7,,,
missing_from_db,A0A803KSM0,,,
missing_from_db,A0A803KSM2,,,
missing_from_db,A0A803KSM3,,,
missing_from_db,A0A803KSM4,,,
missing_from_db,A0A803KSM5,,,
missing_from_db,A0A803KSM6,,,
missing_from_db,A0A803KSM7,,,
missing_from_db,A0A803KSN4,,,
missing_from_db,A0A803KSN5,,,
missing_from_db,A0A803KSP0,,,
missing_from_db,A0A803KSP3,,,
missing_from_db,A0A803KSP9,,,
missing_from_db,A0A803KSQ7,,,
missing_from_db,A0A803KSR3,,,
missing_from_db,A0A803KSR5,,,
missing_from_db,A0A803KSR8,,,
missing_from_db,A0A803KSR9,,,
missing_from_db,A0A803KSS3,,,
missing_from_db,A0A803KSS5,,,
missing_from_db,A0A803KSS9,,,
missing_from_db,A0A803KST0,,,
missing_from_db,A0A803KST6,,,
missing_from_db,A0A803KST9,,,
missing_from_db,A0A803KSU1,,,
missing_from_db,A0A803KSU4,,,
missing_from_db,A0A803KSU5,,,
missing_from_db,A0A803KSV4,,,
missing_from_db,A0A803KSV5,,,
missing_from_db,A0A803KSV6,,,
missing_from_db,A0A803KSW7,,,
missing_from_db,A0A803KSX5,,,
missing_from_db,A0A803KSX7,,,
missing_from_db,A0A803KSY1,,,
missing_from_db,A0A803KSY2,,,
missing_from_db,A0A803KSZ5,,,
missing_from_db,A0A803KT06,,,
missing_from_db,A0A803KT11,,,
missing_from_db,A0A803KT22,,,
missing_from_db,A0A803KT32,,,
missing_from_db,A0A803KT33,,,
missing_from_db,A0A803KT35,,,
missing_from_db,A0A803KT48,,,
missing_from_db,A0A803KT59,,,
missing_from_db,A0A803KT62,,,
missing_from_db,A0A803KT63,,,
missing_from_db,A0A803KT64,,,
missing_from_db,A0A803KT79,,,
missing_from_db,A0A803KT89,,,
missing_from_db,A0A803KT95,,,
missing_from_db,A0A803KTB1,,,
missing_from_db,A0A803KTC5,,,
missing_from_db,A0A803KTD2,,,
missing_from_db,A0A803KTD3,,,
missing_from_db,A0A803KTD6,,,
missing_from_db,A0A803KTE3,,,
missing_from_db,A0A803KTE4,,,
missing_from_db,A0A803KTE5,,,
missing_from_db,A0A803KTE6,,,
missing_from_db,A0A803KTF3,,,
missing_from_db,A0A803KTG9,,,
missing_from_db,A0A803KTH6,,,
missing_from_db,A0A803KTH8,,,
missing_from_db,A0A803KTH9,,,
missing_from_db,A0A803KTI0,,,
missing_from_db,A0A803KTI5,,,
missing_from_db,A0A803KTI9,,,
missing_from_db,A0A803KTJ1,,,
missing_from_db,A0A803KTJ3,,,
missing_from_db,A0A803KTK5,,,
missing_from_db,A0A803KTK9,,,
missing_from_db,A0A803KTL2,,,
missing_from_db,A0A803KTM0,,,
missing_from_db,A0A803KTM1,,,
missing_from_db,A0A803KTM2,,,
missing_from_db,A0A803KTM9,,,
missing_from_db,A0A803KTN6,,,
missing_from_db,A0A803KTP2,,,
missing_from_db,A0A803KTQ4,,,
missing_from_db,A0A803KTR5,,,
missing_from_db,A0A803KTS0,,,
missing_from_db,A0A803KTS2,,,
missing_from_db,A0A803KTS3,,,
missing_from_db,A0A803KTU1,,,
missing_from_db,A0A803KTU5,,,
missing_from_db,A0A803KTU7,,,
missing_from_db,A0A803KTV1,,,
missing_from_db,A0A803KTV4,,,
missing_from_db,A0A803KTV6,,,
missing_from_db,A0A803KTV8,,,
missing_from_db,A0A803KTW3,,,
missing_from_db,A0A803KTW7,,,
missing_from_db,A0A803KTX6,,,
missing_from_db,A0A803KTY2,,,
missing_from_db,A0A803KTY5,,,
missing_from_db,A0A803KTZ0,,,
missing_from_db,A0A803KTZ5,,,
missing_from_db,A0A803KU00,,,
missing_from_db,A0A803KU04,,,
missing_from_db,A0A803KU11,,,
missing_from_db,A0A803KU13,,,
missing_from_db,A0A803KU14,,,
missing_from_db,A0A803KU16,,,
missing_from_db,A0A803KU19,,,
missing_from_db,A0A803KU20,,,
missing_from_db,A0A803KU25,,,
missing_from_db,A0A803KU28,,,
missing_from_db,A0A803KU35,,,
missing_from_db,A0A803KU36,,,
missing_from_db,A0A803KU37,,,
missing_from_db,A0A803KU39,,,
missing_from_db,A0A803KU40,,,
missing_from_db,A0A803KU42,,,
missing_from_db,A0A803KU48,,,
missing_from_db,A0A803KU51,,,
missing_from_db,A0A803KU52,,,
missing_from_db,A0A803KU55,,,
missing_from_db,A0A803KU60,,,
missing_from_db,A0A803KU61,,,
missing_from_db,A0A803KU67,,,
missing_from_db,A0A803KU70,,,
missing_from_db,A0A803KU75,,,
missing_from_db,A0A803KU85,,,
missing_from_db,A0A803KU89,,,
missing_from_db,A0A803KUA2,,,
missing_from_db,A0A803KUA6,,,
missing_from_db,A0A803KUA7,,,
missing_from_db,A0A803KUB9,,,
missing_from_db,A0A803KUD1,,,
missing_from_db,A0A803KUE3,,,
missing_from_db,A0A803KUE5,,,
missing_from_db,A0A803KUF3,,,
missing_from_db,A0A803KUF8,,,
missing_from_db,A0A803KUF9,,,
missing_from_db,A0A803KUG1,,,
missing_from_db,A0A803KUG8,,,
missing_from_db,A0A803KUH6,,,
missing_from_db,A0A803KUH8,,,
missing_from_db,A0A803KUI6,,,
missing_from_db,A0A803KUI7,,,
missing_from_db,A0A803KUJ4,,,
missing_from_db,A0A803KUK4,,,
missing_from_db,A0A803KUK5,,,
missing_from_db,A0A803KUK7,,,
missing_from_db,A0A803KUM4,,,
missing_from_db,A0A803KUM6,,,
missing_from_db,A0A803KUN4,,,
missing_from_db,A0A803KUP4,,,
missing_from_db,A0A803KUQ0,,,
missing_from_db,A0A803KUQ4,,,
missing_from_db,A0A803KUS5,,,
missing_from_db,A0A803KUU6,,,
missing_from_db,A0A803KUV2,,,
missing_from_db,A0A803KUV7,,,
missing_from_db,A0A803KUW6,,,
missing_from_db,A0A803KUX3,,,
missing_from_db,A0A803KUX5,,,
missing_from_db,A0A803KUX6,,,
missing_from_db,A0A803KUY6,,,
missing_from_db,A0A803KUY9,,,
missing_from_db,A0A803KUZ1,,,
missing_from_db,A0A803KV01,,,
missing_from_db,A0A803KV03,,,
missing_from_db,A0A803KV10,,,
missing_from_db,A0A803KV16,,,
missing_from_db,A0A803KV22,,,
missing_from_db,A0A803KV23,,,
missing_from_db,A0A803KV28,,,
missing_from_db,A0A803KV36,,,
missing_from_db,A0A803KV40,,,
missing_from_db,A0A803KV59,,,
missing_from_db,A0A803KV60,,,
missing_from_db,A0A803KV62,,,
missing_from_db,A0A803KV71,,,
missing_from_db,A0A803KV74,,,
missing_from_db,A0A803KV77,,,
missing_from_db,A0A803KV80,,,
missing_from_db,A0A803KV87,,,
missing_from_db,A0A803KV89,,,
missing_from_db,A0A803KV96,,,
missing_from_db,A0A803KVA2,,,
missing_from_db,A0A803KVB5,,,
missing_from_db,A0A803KVB7,,,
missing_from_db,A0A803KVC1,,,
missing_from_db,A0A803KVC4,,,
missing_from_db,A0A803KVD1,,,
missing_from_db,A0A803KVD3,,,
missing_from_db,A0A803KVE3,,,
missing_from_db,A0A803KVF0,,,
missing_from_db,A0A803KVF1,,,
missing_from_db,A0A803KVG1,,,
missing_from_db,A0A803KVG2,,,
missing_from_db,A0A803KVG8,,,
missing_from_db,A0A803KVH1,,,
missing_from_db,A0A803KVH3,,,
missing_from_db,A0A803KVH8,,,
missing_from_db,A0A803KVI0,,,
missing_from_db,A0A803KVI1,,,
missing_from_db,A0A803KVI2,,,
missing_from_db,A0A803KVI6,,,
missing_from_db,A0A803KVJ2,,,
missing_from_db,A0A803KVJ4,,,
missing_from_db,A0A803KVJ8,,,
missing_from_db,A0A803KVK3,,,
missing_from_db,A0A803KVK4,,,
missing_from_db,A0A803KVK8,,,
missing_from_db,A0A803KVL7,,,
missing_from_db,A0A803KVL8,,,
missing_from_db,A0A803KVN0,,,
missing_from_db,A0A803KVN7,,,
missing_from_db,A0A803KVQ0,,,
missing_from_db,A0A803KVQ3,,,
missing_from_db,A0A803KVR2,,,
missing_from_db,A0A803KVR4,,,
missing_from_db,A0A803KVR5,,,
missing_from_db,A0A803KVR7,,,
missing_from_db,A0A803KVR8,,,
missing_from_db,A0A803KVR9,,,
missing_from_db,A0A803KVT0,,,
missing_from_db,A0A803KVT2,,,
missing_from_db,A0A803KVU1,,,
missing_from_db,A0A803KVU8,,,
missing_from_db,A0A803KVW1,,,
missing_from_db,A0A803KVX0,,,
missing_from_db,A0A803KVX5,,,
missing_from_db,A0A803KVY0,,,
missing_from_db,A0A803KVY1,,,
missing_from_db,A0A803KVY3,,,
missing_from_db,A0A803KVY7,,,
missing_from_db,A0A803KVY8,,,
missing_from_db,A0A803KVZ6,,,
missing_from_db,A0A803KW19,,,
missing_from_db,A0A803KW25,,,
missing_from_db,A0A803KW35,,,
missing_from_db,A0A803KW36,,,
missing_from_db,A0A803KW44,,,
missing_from_db,A0A803KW49,,,
missing_from_db,A0A803KW51,,,
missing_from_db,A0A803KW53,,,
missing_from_db,A0A803KW55,,,
missing_from_db,A0A803KW56,,,
missing_from_db,A0A803KW60,,,
missing_from_db,A0A803KW61,,,
missing_from_db,A0A803KW62,,,
missing_from_db,A0A803KW63,,,
missing_from_db,A0A803KW64,,,
missing_from_db,A0A803KW68,,,
missing_from_db,A0A803KW69,,,
missing_from_db,A0A803KW70,,,
missing_from_db,A0A803KW76,,,
missing_from_db,A0A803KW83,,,
missing_from_db,A0A803KW84,,,
missing_from_db,A0A803KW91,,,
missing_from_db,A0A803KWA8,,,
missing_from_db,A0A803KWB2,,,
missing_from_db,A0A803KWB3,,,
missing_from_db,A0A803KWC0,,,
missing_from_db,A0A803KWC8,,,
missing_from_db,A0A803KWD4,,,
missing_from_db,A0A803KWD5,,,
missing_from_db,A0A803KWD7,,,
missing_from_db,A0A803KWD9,,,
missing_from_db,A0A803KWE2,,,
missing_from_db,A0A803KWE7,,,
missing_from_db,A0A803KWF2,,,
missing_from_db,A0A803KWF5,,,
missing_from_db,A0A803KWG9,,,
missing_from_db,A0A803KWH0,,,
missing_from_db,A0A803KWH3,,,
missing_from_db,A0A803KWI5,,,
missing_from_db,A0A803KWJ6,,,
missing_from_db,A0A803KWJ9,,,
missing_from_db,A0A803KWK3,,,
missing_from_db,A0A803KWM1,,,
missing_from_db,A0A803KWN2,,,
missing_from_db,A0A803KWP0,,,
missing_from_db,A0A803KWP3,,,
missing_from_db,A0A803KWP4,,,
missing_from_db,A0A803KWP5,,,
missing_from_db,A0A803KWP6,,,
missing_from_db,A0A803KWP7,,,
missing_from_db,A0A803KWP8,,,
missing_from_db,A0A803KWR4,,,
missing_from_db,A0A803KWS1,,,
missing_from_db,A0A803KWS8,,,
missing_from_db,A0A803KWT0,,,
missing_from_db,A0A803KWT6,,,
missing_from_db,A0A803KWU4,,,
missing_from_db,A0A803KWV6,,,
missing_from_db,A0A803KWW3,,,
missing_from_db,A0A803KWY3,,,
missing_from_db,A0A803KWY4,,,
missing_from_db,A0A803KX19,,,
missing_from_db,A0A803KX22,,,
missing_from_db,A0A803KX24,,,
missing_from_db,A0A803KX25,,,
missing_from_db,A0A803KX40,,,
missing_from_db,A0A803KX43,,,
missing_from_db,A0A803KX47,,,
missing_from_db,A0A803KX48,,,
missing_from_db,A0A803KX55,,,
missing_from_db,A0A803KX57,,,
missing_from_db,A0A803KX61,,,
missing_from_db,A0A803KX71,,,
missing_from_db,A0A803KX73,,,
missing_from_db,A0A803KX80,,,
missing_from_db,A0A803KX84,,,
missing_from_db,A0A803KX85,,,
missing_from_db,A0A803KX86,,,
missing_from_db,A0A803KX89,,,
missing_from_db,A0A803KX94,,,
missing_from_db,A0A803KXA7,,,
missing_from_db,A0A803KXB1,,,
missing_from_db,A0A803KXB3,,,
missing_from_db,A0A803KXB4,,,
missing_from_db,A0A803KXB8,,,
missing_from_db,A0A803KXC3,,,
missing_from_db,A0A803KXD2,,,
missing_from_db,A0A803KXE4,,,
missing_from_db,A0A803KXE9,,,
missing_from_db,A0A803KXI0,,,
missing_from_db,A0A803KXI5,,,
missing_from_db,A0A803KXJ3,,,
missing_from_db,A0A803KXJ5,,,
missing_from_db,A0A803KXK1,,,
missing_from_db,A0A803KXK2,,,
missing_from_db,A0A803KXK3,,,
missing_from_db,A0A803KXL7,,,
missing_from_db,A0A803KXM2,,,
missing_from_db,A0A803KXM6,,,
missing_from_db,A0A803KXN6,,,
missing_from_db,A0A803KXP3,,,
missing_from_db,A0A803KXP9,,,
missing_from_db,A0A803KXR7,,,
missing_from_db,A0A803KXS7,,,
missing_from_db,A0A803KXU5,,,
missing_from_db,A0A803KXU7,,,
missing_from_db,A0A803KXU9,,,
missing_from_db,A0A803KXW8,,,
missing_from_db,A0A803KXX2,,,
missing_from_db,A0A803KXX8,,,
missing_from_db,A0A803KXZ2,,,
missing_from_db,A0A803KY02,,,
missing_from_db,A0A803KY04,,,
missing_from_db,A0A803KY11,,,
missing_from_db,A0A803KY15,,,
missing_from_db,A0A803KY22,,,
missing_from_db,A0A803KY23,,,
missing_from_db,A0A803KY26,,,
missing_from_db,A0A803KY30,,,
missing_from_db,A0A803KY54,,,
missing_from_db,A0A803KY68,,,
missing_from_db,A0A803KY69,,,
missing_from_db,A0A803KY85,,,
missing_from_db,A0A803KYC1,,,
missing_from_db,A0A803KYC4,,,
missing_from_db,A0A803KYC5,,,
missing_from_db,A0A803KYE9,,,
missing_from_db,A0A803KYF3,,,
missing_from_db,A0A803KYH7,,,
missing_from_db,A0A803KYI3,,,
missing_from_db,A0A803KYI4,,,
missing_from_db,A0A803KYI8,,,
missing_from_db,A0A803KYK2,,,
missing_from_db,A0A803KYK4,,,
missing_from_db,A0A803KYK6,,,
missing_from_db,A0A803KYK8,,,
missing_from_db,A0A803KYL1,,,
missing_from_db,A0A803KYL4,,,
missing_from_db,A0A803KYM8,,,
missing_from_db,A0A803KYP2,,,
missing_from_db,A0A803KYP4,,,
missing_from_db,A0A803KYP5,,,
missing_from_db,A0A803KYP9,,,
missing_from_db,A0A803KYQ1,,,
missing_from_db,A0A803KYQ3,,,
missing_from_db,A0A803KYQ7,,,
missing_from_db,A0A803KYR6,,,
missing_from_db,A0A803KYS1,,,
missing_from_db,A0A803KYS4,,,
missing_from_db,A0A803KYU1,,,
missing_from_db,A0A803KYU3,,,
missing_from_db,A0A803KYU7,,,
missing_from_db,A0A803KYV8,,,
missing_from_db,A0A803KYW0,,,
missing_from_db,A0A803KYW1,,,
missing_from_db,A0A803KYW8,,,
missing_from_db,A0A803KYW9,,,
missing_from_db,A0A803KYX2,,,
missing_from_db,A0A803KYX4,,,
missing_from_db,A0A803KYX7,,,
missing_from_db,A0A803KYY3,,,
missing_from_db,A0A803KYY5,,,
missing_from_db,A0A803KYZ1,,,
missing_from_db,A0A803KYZ4,,,
missing_from_db,A0A803KYZ7,,,
missing_from_db,A0A803KZ00,,,
missing_from_db,A0A803KZ01,,,
missing_from_db,A0A803KZ10,,,
missing_from_db,A0A803KZ11,,,
missing_from_db,A0A803KZ16,,,
missing_from_db,A0A803KZ17,,,
missing_from_db,A0A803KZ30,,,
missing_from_db,A0A803KZ33,,,
missing_from_db,A0A803KZ43,,,
missing_from_db,A0A803KZ54,,,
missing_from_db,A0A803KZ63,,,
missing_from_db,A0A803KZ66,,,
missing_from_db,A0A803KZ67,,,
missing_from_db,A0A803KZ71,,,
missing_from_db,A0A803KZ76,,,
missing_from_db,A0A803KZ79,,,
missing_from_db,A0A803KZ83,,,
missing_from_db,A0A803KZ86,,,
missing_from_db,A0A803KZ91,,,
missing_from_db,A0A803KZA6,,,
missing_from_db,A0A803KZB4,,,
missing_from_db,A0A803KZB5,,,
missing_from_db,A0A803KZF0,,,
missing_from_db,A0A803KZF3,,,
missing_from_db,A0A803KZF8,,,
missing_from_db,A0A803KZG0,,,
missing_from_db,A0A803KZG2,,,
missing_from_db,A0A803KZG3,,,
missing_from_db,A0A803KZG8,,,
missing_from_db,A0A803KZH1,,,
missing_from_db,A0A803KZH4,,,
missing_from_db,A0A803KZH7,,,
missing_from_db,A0A803KZI1,,,
missing_from_db,A0A803KZI2,,,
missing_from_db,A0A803KZI3,,,
missing_from_db,A0A803KZI4,,,
missing_from_db,A0A803KZJ2,,,
missing_from_db,A0A803KZJ4,,,
missing_from_db,A0A803KZJ8,,,
missing_from_db,A0A803KZJ9,,,
missing_from_db,A0A803KZK6,,,
missing_from_db,A0A803KZL0,,,
missing_from_db,A0A803KZM6,,,
missing_from_db,A0A803KZN5,,,
missing_from_db,A0A803KZP4,,,
missing_from_db,A0A803KZP5,,,
missing_from_db,A0A803KZP7,,,
missing_from_db,A0A803KZQ2,,,
missing_from_db,A0A803KZQ3,,,
missing_from_db,A0A803KZQ4,,,
missing_from_db,A0A803KZQ5,,,
missing_from_db,A0A803KZR0,,,
missing_from_db,A0A803KZR5,,,
missing_from_db,A0A803KZS2,,,
missing_from_db,A0A803KZT5,,,
missing_from_db,A0A803KZU4,,,
missing_from_db,A0A803KZU7,,,
missing_from_db,A0A803KZV1,,,
missing_from_db,A0A803KZV4,,,
missing_from_db,A0A803KZV7,,,
missing_from_db,A0A803KZW3,,,
missing_from_db,A0A803KZX4,,,
missing_from_db,A0A803KZX9,,,
missing_from_db,A0A803KZY0,,,
missing_from_db,A0A803KZZ0,,,
missing_from_db,A0A803KZZ9,,,
missing_from_db,A0A803L000,,,
missing_from_db,A0A803L002,,,
missing_from_db,A0A803L004,,,
missing_from_db,A0A803L010,,,
missing_from_db,A0A803L016,,,
missing_from_db,A0A803L017,,,
missing_from_db,A0A803L038,,,
missing_from_db,A0A803L050,,,
missing_from_db,A0A803L051,,,
missing_from_db,A0A803L061,,,
missing_from_db,A0A803L062,,,
missing_from_db,A0A803L063,,,
missing_from_db,A0A803L065,,,
missing_from_db,A0A803L066,,,
missing_from_db,A0A803L079,,,
missing_from_db,A0A803L085,,,
missing_from_db,A0A803L086,,,
missing_from_db,A0A803L089,,,
missing_from_db,A0A803L092,,,
missing_from_db,A0A803L0A7,,,
missing_from_db,A0A803L0B5,,,
missing_from_db,A0A803L0C3,,,
missing_from_db,A0A803L0D1,,,
missing_from_db,A0A803L0E1,,,
missing_from_db,A0A803L0F3,,,
missing_from_db,A0A803L0F8,,,
missing_from_db,A0A803L0G0,,,
missing_from_db,A0A803L0G2,,,
missing_from_db,A0A803L0H7,,,
missing_from_db,A0A803L0H8,,,
missing_from_db,A0A803L0I0,,,
missing_from_db,A0A803L0I4,,,
missing_from_db,A0A803L0I7,,,
missing_from_db,A0A803L0J4,,,
missing_from_db,A0A803L0K0,,,
missing_from_db,A0A803L0K9,,,
missing_from_db,A0A803L0L2,,,
missing_from_db,A0A803L0L6,,,
missing_from_db,A0A803L0M9,,,
missing_from_db,A0A803L0N0,,,
missing_from_db,A0A803L0N1,,,
missing_from_db,A0A803L0N7,,,
missing_from_db,A0A803L0Q2,,,
missing_from_db,A0A803L0Q6,,,
missing_from_db,A0A803L0S8,,,
missing_from_db,A0A803L0S9,,,
missing_from_db,A0A803L0U0,,,
missing_from_db,A0A803L0U7,,,
missing_from_db,A0A803L0V0,,,
missing_from_db,A0A803L0V9,,,
missing_from_db,A0A803L0X3,,,
missing_from_db,A0A803L0X4,,,
missing_from_db,A0A803L0Y3,,,
missing_from_db,A0A803L0Z2,,,
missing_from_db,A0A803L0Z7,,,
missing_from_db,A0A803L0Z8,,,
missing_from_db,A0A803L110,,,
missing_from_db,A0A803L113,,,
missing_from_db,A0A803L114,,,
missing_from_db,A0A803L116,,,
missing_from_db,A0A803L120,,,
missing_from_db,A0A803L123,,,
missing_from_db,A0A803L134,,,
missing_from_db,A0A803L138,,,
missing_from_db,A0A803L140,,,
missing_from_db,A0A803L151,,,
missing_from_db,A0A803L156,,,
missing_from_db,A0A803L160,,,
missing_from_db,A0A803L167,,,
missing_from_db,A0A803L175,,,
missing_from_db,A0A803L182,,,
missing_from_db,A0A803L190,,,
missing_from_db,A0A803L193,,,
missing_from_db,A0A803L194,,,
missing_from_db,A0A803L1A6,,,
missing_from_db,A0A803L1A9,,,
missing_from_db,A0A803L1B4,,,
missing_from_db,A0A803L1B5,,,
missing_from_db,A0A803L1C0,,,
missing_from_db,A0A803L1C3,,,
missing_from_db,A0A803L1C9,,,
missing_from_db,A0A803L1D1,,,
missing_from_db,A0A803L1D2,,,
missing_from_db,A0A803L1D5,,,
missing_from_db,A0A803L1D6,,,
missing_from_db,A0A803L1D9,,,
missing_from_db,A0A803L1E3,,,
missing_from_db,A0A803L1E5,,,
missing_from_db,A0A803L1E6,,,
missing_from_db,A0A803L1E8,,,
missing_from_db,A0A803L1F4,,,
missing_from_db,A0A803L1F5,,,
missing_from_db,A0A803L1F7,,,
missing_from_db,A0A803L1G1,,,
missing_from_db,A0A803L1G3,,,
missing_from_db,A0A803L1H3,,,
missing_from_db,A0A803L1H4,,,
missing_from_db,A0A803L1H6,,,
missing_from_db,A0A803L1I3,,,
missing_from_db,A0A803L1J0,,,
missing_from_db,A0A803L1J3,,,
missing_from_db,A0A803L1J5,,,
missing_from_db,A0A803L1J8,,,
missing_from_db,A0A803L1K1,,,
missing_from_db,A0A803L1K2,,,
missing_from_db,A0A803L1K6,,,
missing_from_db,A0A803L1K8,,,
missing_from_db,A0A803L1L4,,,
missing_from_db,A0A803L1L8,,,
missing_from_db,A0A803L1M0,,,
missing_from_db,A0A803L1M4,,,
missing_from_db,A0A803L1M5,,,
missing_from_db,A0A803L1P1,,,
missing_from_db,A0A803L1P3,,,
missing_from_db,A0A803L1Q3,,,
missing_from_db,A0A803L1Q6,,,
missing_from_db,A0A803L1Q7,,,
missing_from_db,A0A803L1Q8,,,
missing_from_db,A0A803L1R0,,,
missing_from_db,A0A803L1R2,,,
missing_from_db,A0A803L1R3,,,
missing_from_db,A0A803L1R6,,,
missing_from_db,A0A803L1S1,,,
missing_from_db,A0A803L1S6,,,
missing_from_db,A0A803L1T7,,,
missing_from_db,A0A803L1U2,,,
missing_from_db,A0A803L1U3,,,
missing_from_db,A0A803L1U7,,,
missing_from_db,A0A803L1V3,,,
missing_from_db,A0A803L1V7,,,
missing_from_db,A0A803L1V9,,,
missing_from_db,A0A803L1W2,,,
missing_from_db,A0A803L1X3,,,
missing_from_db,A0A803L1X8,,,
missing_from_db,A0A803L1X9,,,
missing_from_db,A0A803L1Y2,,,
missing_from_db,A0A803L1Y4,,,
missing_from_db,A0A803L1Y6,,,
missing_from_db,A0A803L1Y7,,,
missing_from_db,A0A803L1Y8,,,
missing_from_db,A0A803L1Y9,,,
missing_from_db,A0A803L1Z0,,,
missing_from_db,A0A803L1Z5,,,
missing_from_db,A0A803L1Z6,,,
missing_from_db,A0A803L200,,,
missing_from_db,A0A803L208,,,
missing_from_db,A0A803L214,,,
missing_from_db,A0A803L219,,,
missing_from_db,A0A803L224,,,
missing_from_db,A0A803L226,,,
missing_from_db,A0A803L233,,,
missing_from_db,A0A803L234,,,
missing_from_db,A0A803L247,,,
missing_from_db,A0A803L251,,,
missing_from_db,A0A803L252,,,
missing_from_db,A0A803L262,,,
missing_from_db,A0A803L263,,,
missing_from_db,A0A803L266,,,
missing_from_db,A0A803L269,,,
missing_from_db,A0A803L270,,,
missing_from_db,A0A803L271,,,
missing_from_db,A0A803L274,,,
missing_from_db,A0A803L277,,,
missing_from_db,A0A803L279,,,
missing_from_db,A0A803L284,,,
missing_from_db,A0A803L285,,,
missing_from_db,A0A803L286,,,
missing_from_db,A0A803L287,,,
missing_from_db,A0A803L288,,,
missing_from_db,A0A803L298,,,
missing_from_db,A0A803L299,,,
missing_from_db,A0A803L2A0,,,
missing_from_db,A0A803L2A2,,,
missing_from_db,A0A803L2A3,,,
missing_from_db,A0A803L2A4,,,
missing_from_db,A0A803L2A6,,,
missing_from_db,A0A803L2B8,,,
missing_from_db,A0A803L2C1,,,
missing_from_db,A0A803L2C4,,,
missing_from_db,A0A803L2C6,,,
missing_from_db,A0A803L2C9,,,
missing_from_db,A0A803L2D7,,,
missing_from_db,A0A803L2E1,,,
missing_from_db,A0A803L2E7,,,
missing_from_db,A0A803L2E8,,,
missing_from_db,A0A803L2F8,,,
missing_from_db,A0A803L2G3,,,
missing_from_db,A0A803L2H4,,,
missing_from_db,A0A803L2H5,,,
missing_from_db,A0A803L2H7,,,
missing_from_db,A0A803L2I2,,,
missing_from_db,A0A803L2J0,,,
missing_from_db,A0A803L2J5,,,
missing_from_db,A0A803L2J9,,,
missing_from_db,A0A803L2K2,,,
missing_from_db,A0A803L2L0,,,
missing_from_db,A0A803L2L3,,,
missing_from_db,A0A803L2L6,,,
missing_from_db,A0A803L2M8,,,
missing_from_db,A0A803L2M9,,,
missing_from_db,A0A803L2N0,,,
missing_from_db,A0A803L2N3,,,
missing_from_db,A0A803L2N6,,,
missing_from_db,A0A803L2N9,,,
missing_from_db,A0A803L2P0,,,
missing_from_db,A0A803L2P6,,,
missing_from_db,A0A803L2Q1,,,
missing_from_db,A0A803L2Q3,,,
missing_from_db,A0A803L2Q6,,,
missing_from_db,A0A803L2R1,,,
missing_from_db,A0A803L2R7,,,
missing_from_db,A0A803L2S2,,,
missing_from_db,A0A803L2T2,,,
missing_from_db,A0A803L2T3,,,
missing_from_db,A0A803L2T6,,,
missing_from_db,A0A803L2U3,,,
missing_from_db,A0A803L2U9,,,
missing_from_db,A0A803L2W0,,,
missing_from_db,A0A803L2W1,,,
missing_from_db,A0A803L2W6,,,
missing_from_db,A0A803L2X4,,,
missing_from_db,A0A803L2X9,,,
missing_from_db,A0A803L2Y6,,,
missing_from_db,A0A803L2Z2,,,
missing_from_db,A0A803L301,,,
missing_from_db,A0A803L302,,,
missing_from_db,A0A803L308,,,
missing_from_db,A0A803L311,,,
missing_from_db,A0A803L319,,,
missing_from_db,A0A803L321,,,
missing_from_db,A0A803L356,,,
missing_from_db,A0A803L359,,,
missing_from_db,A0A803L361,,,
missing_from_db,A0A803L368,,,
missing_from_db,A0A803L374,,,
missing_from_db,A0A803L375,,,
missing_from_db,A0A803L377,,,
missing_from_db,A0A803L378,,,
missing_from_db,A0A803L380,,,
missing_from_db,A0A803L384,,,
missing_from_db,A0A803L388,,,
missing_from_db,A0A803L389,,,
missing_from_db,A0A803L390,,,
missing_from_db,A0A803L394,,,
missing_from_db,A0A803L397,,,
missing_from_db,A0A803L399,,,
missing_from_db,A0A803L3A0,,,
missing_from_db,A0A803L3A1,,,
missing_from_db,A0A803L3A2,,,
missing_from_db,A0A803L3A5,,,
missing_from_db,A0A803L3B2,,,
missing_from_db,A0A803L3B4,,,
missing_from_db,A0A803L3C4,,,
missing_from_db,A0A803L3C8,,,
missing_from_db,A0A803L3D5,,,
missing_from_db,A0A803L3D8,,,
missing_from_db,A0A803L3E3,,,
missing_from_db,A0A803L3F0,,,
missing_from_db,A0A803L3F9,,,
missing_from_db,A0A803L3G1,,,
missing_from_db,A0A803L3G4,,,
missing_from_db,A0A803L3H7,,,
missing_from_db,A0A803L3I0,,,
missing_from_db,A0A803L3I1,,,
missing_from_db,A0A803L3I3,,,
missing_from_db,A0A803L3I8,,,
missing_from_db,A0A803L3J2,,,
missing_from_db,A0A803L3J6,,,
missing_from_db,A0A803L3J9,,,
missing_from_db,A0A803L3K0,,,
missing_from_db,A0A803L3K7,,,
missing_from_db,A0A803L3K8,,,
missing_from_db,A0A803L3L1,,,
missing_from_db,A0A803L3L6,,,
missing_from_db,A0A803L3M0,,,
missing_from_db,A0A803L3N2,,,
missing_from_db,A0A803L3P6,,,
missing_from_db,A0A803L3Q5,,,
missing_from_db,A0A803L3Q7,,,
missing_from_db,A0A803L3R0,,,
missing_from_db,A0A803L3R2,,,
missing_from_db,A0A803L3S0,,,
missing_from_db,A0A803L3S1,,,
missing_from_db,A0A803L3S3,,,
missing_from_db,A0A803L3S8,,,
missing_from_db,A0A803L3U4,,,
missing_from_db,A0A803L3U9,,,
missing_from_db,A0A803L3V0,,,
missing_from_db,A0A803L3V2,,,
missing_from_db,A0A803L3V6,,,
missing_from_db,A0A803L3V7,,,
missing_from_db,A0A803L3W1,,,
missing_from_db,A0A803L3W5,,,
missing_from_db,A0A803L3W7,,,
missing_from_db,A0A803L3X0,,,
missing_from_db,A0A803L3X2,,,
missing_from_db,A0A803L3Y7,,,
missing_from_db,A0A803L3Z3,,,
missing_from_db,A0A803L3Z6,,,
missing_from_db,A0A803L406,,,
missing_from_db,A0A803L409,,,
missing_from_db,A0A803L412,,,
missing_from_db,A0A803L413,,,
missing_from_db,A0A803L416,,,
missing_from_db,A0A803L419,,,
missing_from_db,A0A803L420,,,
missing_from_db,A0A803L424,,,
missing_from_db,A0A803L431,,,
missing_from_db,A0A803L432,,,
missing_from_db,A0A803L438,,,
missing_from_db,A0A803L439,,,
missing_from_db,A0A803L457,,,
missing_from_db,A0A803L466,,,
missing_from_db,A0A803L477,,,
missing_from_db,A0A803L478,,,
missing_from_db,A0A803L486,,,
missing_from_db,A0A803L487,,,
missing_from_db,A0A803L488,,,
missing_from_db,A0A803L491,,,
missing_from_db,A0A803L494,,,
missing_from_db,A0A803L495,,,
missing_from_db,A0A803L498,,,
missing_from_db,A0A803L4A1,,,
missing_from_db,A0A803L4A2,,,
missing_from_db,A0A803L4A3,,,
missing_from_db,A0A803L4A7,,,
missing_from_db,A0A803L4A9,,,
missing_from_db,A0A803L4B2,,,
missing_from_db,A0A803L4B7,,,
missing_from_db,A0A803L4C4,,,
missing_from_db,A0A803L4E0,,,
missing_from_db,A0A803L4E7,,,
missing_from_db,A0A803L4E8,,,
missing_from_db,A0A803L4F6,,,
missing_from_db,A0A803L4G5,,,
missing_from_db,A0A803L4H3,,,
missing_from_db,A0A803L4H6,,,
missing_from_db,A0A803L4H7,,,
missing_from_db,A0A803L4J7,,,
missing_from_db,A0A803L4K0,,,
missing_from_db,A0A803L4K5,,,
missing_from_db,A0A803L4K7,,,
missing_from_db,A0A803L4L0,,,
missing_from_db,A0A803L4L1,,,
missing_from_db,A0A803L4L2,,,
missing_from_db,A0A803L4L3,,,
missing_from_db,A0A803L4N2,,,
missing_from_db,A0A803L4N5,,,
missing_from_db,A0A803L4N6,,,
missing_from_db,A0A803L4P5,,,
missing_from_db,A0A803L4P6,,,
missing_from_db,A0A803L4Q2,,,
missing_from_db,A0A803L4Q5,,,
missing_from_db,A0A803L4Q9,,,
missing_from_db,A0A803L4R2,,,
missing_from_db,A0A803L4R5,,,
missing_from_db,A0A803L4S0,,,
missing_from_db,A0A803L4U3,,,
missing_from_db,A0A803L4U6,,,
missing_from_db,A0A803L4U9,,,
missing_from_db,A0A803L4V1,,,
missing_from_db,A0A803L4V7,,,
missing_from_db,A0A803L4X5,,,
missing_from_db,A0A803L4Y0,,,
missing_from_db,A0A803L4Z7,,,
missing_from_db,A0A803L503,,,
missing_from_db,A0A803L506,,,
missing_from_db,A0A803L507,,,
missing_from_db,A0A803L508,,,
missing_from_db,A0A803L516,,,
missing_from_db,A0A803L522,,,
missing_from_db,A0A803L523,,,
missing_from_db,A0A803L536,,,
missing_from_db,A0A803L540,,,
missing_from_db,A0A803L541,,,
missing_from_db,A0A803L543,,,
missing_from_db,A0A803L545,,,
missing_from_db,A0A803L563,,,
missing_from_db,A0A803L572,,,
missing_from_db,A0A803L578,,,
missing_from_db,A0A803L579,,,
missing_from_db,A0A803L586,,,
missing_from_db,A0A803L590,,,
missing_from_db,A0A803L5B1,,,
missing_from_db,A0A803L5B8,,,
missing_from_db,A0A803L5B9,,,
missing_from_db,A0A803L5C1,,,
missing_from_db,A0A803L5C3,,,
missing_from_db,A0A803L5C7,,,
missing_from_db,A0A803L5D1,,,
missing_from_db,A0A803L5D2,,,
missing_from_db,A0A803L5D5,,,
missing_from_db,A0A803L5D6,,,
missing_from_db,A0A803L5D7,,,
missing_from_db,A0A803L5D8,,,
missing_from_db,A0A803L5E7,,,
missing_from_db,A0A803L5F1,,,
missing_from_db,A0A803L5G4,,,
missing_from_db,A0A803L5H6,,,
missing_from_db,A0A803L5H8,,,
missing_from_db,A0A803L5I0,,,
missing_from_db,A0A803L5I4,,,
missing_from_db,A0A803L5I7,,,
missing_from_db,A0A803L5K0,,,
missing_from_db,A0A803L5K2,,,
missing_from_db,A0A803L5K5,,,
missing_from_db,A0A803L5K7,,,
missing_from_db,A0A803L5L4,,,
missing_from_db,A0A803L5L8,,,
missing_from_db,A0A803L5M0,,,
missing_from_db,A0A803L5N0,,,
missing_from_db,A0A803L5N1,,,
missing_from_db,A0A803L5N4,,,
missing_from_db,A0A803L5Q0,,,
missing_from_db,A0A803L5Q7,,,
missing_from_db,A0A803L5Q8,,,
missing_from_db,A0A803L5Q9,,,
missing_from_db,A0A803L5R1,,,
missing_from_db,A0A803L5R3,,,
missing_from_db,A0A803L5S6,,,
missing_from_db,A0A803L5T8,,,
missing_from_db,A0A803L5U5,,,
missing_from_db,A0A803L5U7,,,
missing_from_db,A0A803L5V0,,,
missing_from_db,A0A803L5V2,,,
missing_from_db,A0A803L5W0,,,
missing_from_db,A0A803L5X5,,,
missing_from_db,A0A803L5Y3,,,
missing_from_db,A0A803L5Y4,,,
missing_from_db,A0A803L5Z0,,,
missing_from_db,A0A803L5Z1,,,
missing_from_db,A0A803L5Z2,,,
missing_from_db,A0A803L5Z4,,,
missing_from_db,A0A803L5Z9,,,
missing_from_db,A0A803L602,,,
missing_from_db,A0A803L605,,,
missing_from_db,A0A803L609,,,
missing_from_db,A0A803L620,,,
missing_from_db,A0A803L628,,,
missing_from_db,A0A803L638,,,
missing_from_db,A0A803L639,,,
missing_from_db,A0A803L640,,,
missing_from_db,A0A803L657,,,
missing_from_db,A0A803L661,,,
missing_from_db,A0A803L662,,,
missing_from_db,A0A803L672,,,
missing_from_db,A0A803L677,,,
missing_from_db,A0A803L688,,,
missing_from_db,A0A803L694,,,
missing_from_db,A0A803L695,,,
missing_from_db,A0A803L696,,,
missing_from_db,A0A803L697,,,
missing_from_db,A0A803L6A1,,,
missing_from_db,A0A803L6B3,,,
missing_from_db,A0A803L6B7,,,
missing_from_db,A0A803L6C6,,,
missing_from_db,A0A803L6C9,,,
missing_from_db,A0A803L6D6,,,
missing_from_db,A0A803L6E3,,,
missing_from_db,A0A803L6F3,,,
missing_from_db,A0A803L6G5,,,
missing_from_db,A0A803L6G7,,,
missing_from_db,A0A803L6H7,,,
missing_from_db,A0A803L6H8,,,
missing_from_db,A0A803L6I0,,,
missing_from_db,A0A803L6I2,,,
missing_from_db,A0A803L6I3,,,
missing_from_db,A0A803L6I4,,,
missing_from_db,A0A803L6I9,,,
missing_from_db,A0A803L6K4,,,
missing_from_db,A0A803L6K8,,,
missing_from_db,A0A803L6L5,,,
missing_from_db,A0A803L6M1,,,
missing_from_db,A0A803L6M7,,,
missing_from_db,A0A803L6N0,,,
missing_from_db,A0A803L6P7,,,
missing_from_db,A0A803L6P9,,,
missing_from_db,A0A803L6Q7,,,
missing_from_db,A0A803L6R6,,,
missing_from_db,A0A803L6S3,,,
missing_from_db,A0A803L6S5,,,
missing_from_db,A0A803L6T3,,,
missing_from_db,A0A803L6T6,,,
missing_from_db,A0A803L6T8,,,
missing_from_db,A0A803L6U3,,,
missing_from_db,A0A803L6V5,,,
missing_from_db,A0A803L6V7,,,
missing_from_db,A0A803L6W8,,,
missing_from_db,A0A803L6X1,,,
missing_from_db,A0A803L6X2,,,
missing_from_db,A0A803L6Y9,,,
missing_from_db,A0A803L6Z5,,,
missing_from_db,A0A803L6Z8,,,
missing_from_db,A0A803L6Z9,,,
missing_from_db,A0A803L704,,,
missing_from_db,A0A803L705,,,
missing_from_db,A0A803L711,,,
missing_from_db,A0A803L716,,,
missing_from_db,A0A803L726,,,
missing_from_db,A0A803L732,,,
missing_from_db,A0A803L746,,,
missing_from_db,A0A803L748,,,
missing_from_db,A0A803L751,,,
missing_from_db,A0A803L764,,,
missing_from_db,A0A803L766,,,
missing_from_db,A0A803L767,,,
missing_from_db,A0A803L773,,,
missing_from_db,A0A803L775,,,
missing_from_db,A0A803L776,,,
missing_from_db,A0A803L790,,,
missing_from_db,A0A803L7A0,,,
missing_from_db,A0A803L7A5,,,
missing_from_db,A0A803L7A7,,,
missing_from_db,A0A803L7A9,,,
missing_from_db,A0A803L7B0,,,
missing_from_db,A0A803L7B6,,,
missing_from_db,A0A803L7C7,,,
missing_from_db,A0A803L7D0,,,
missing_from_db,A0A803L7D3,,,
missing_from_db,A0A803L7E6,,,
missing_from_db,A0A803L7E8,,,
missing_from_db,A0A803L7E9,,,
missing_from_db,A0A803L7F1,,,
missing_from_db,A0A803L7F6,,,
missing_from_db,A0A803L7G8,,,
missing_from_db,A0A803L7H5,,,
missing_from_db,A0A803L7K2,,,
missing_from_db,A0A803L7K4,,,
missing_from_db,A0A803L7K7,,,
missing_from_db,A0A803L7M6,,,
missing_from_db,A0A803L7P0,,,
missing_from_db,A0A803L7P9,,,
missing_from_db,A0A803L7Q2,,,
missing_from_db,A0A803L7Q9,,,
missing_from_db,A0A803L7S4,,,
missing_from_db,A0A803L7T2,,,
missing_from_db,A0A803L7U8,,,
missing_from_db,A0A803L7V0,,,
missing_from_db,A0A803L7V3,,,
missing_from_db,A0A803L7V4,,,
missing_from_db,A0A803L7V5,,,
missing_from_db,A0A803L7V7,,,
missing_from_db,A0A803L7W9,,,
missing_from_db,A0A803L7X1,,,
missing_from_db,A0A803L7X4,,,
missing_from_db,A0A803L7Y0,,,
missing_from_db,A0A803L7Y2,,,
missing_from_db,A0A803L7Y3,,,
missing_from_db,A0A803L7Z1,,,
missing_from_db,A0A803L815,,,
missing_from_db,A0A803L820,,,
missing_from_db,A0A803L834,,,
missing_from_db,A0A803L837,,,
missing_from_db,A0A803L840,,,
missing_from_db,A0A803L865,,,
missing_from_db,A0A803L8A0,,,
missing_from_db,A0A803L8A2,,,
missing_from_db,A0A803L8A8,,,
missing_from_db,A0A803L8B6,,,
missing_from_db,A0A803L8C1,,,
missing_from_db,A0A803L8D5,,,
missing_from_db,A0A803L8F1,,,
missing_from_db,A0A803L8F7,,,
missing_from_db,A0A803L8G5,,,
missing_from_db,A0A803L8H5,,,
missing_from_db,A0A803L8H6,,,
missing_from_db,A0A803L8H7,,,
missing_from_db,A0A803L8I2,,,
missing_from_db,A0A803L8I7,,,
missing_from_db,A0A803L8J6,,,
missing_from_db,A0A803L8J7,,,
missing_from_db,A0A803L8J8,,,
missing_from_db,A0A803L8J9,,,
missing_from_db,A0A803L8K8,,,
missing_from_db,A0A803L8L6,,,
missing_from_db,A0A803L8M1,,,
missing_from_db,A0A803L8N3,,,
missing_from_db,A0A803L8P0,,,
missing_from_db,A0A803L8Q0,,,
missing_from_db,A0A803L8Q6,,,
missing_from_db,A0A803L8Q7,,,
missing_from_db,A0A803L8R6,,,
missing_from_db,A0A803L8R7,,,
missing_from_db,A0A803L8S4,,,
missing_from_db,A0A803L8S6,,,
missing_from_db,A0A803L8U1,,,
missing_from_db,A0A803L8U8,,,
missing_from_db,A0A803L8U9,,,
missing_from_db,A0A803L8V0,,,
missing_from_db,A0A803L8V1,,,
missing_from_db,A0A803L8V2,,,
missing_from_db,A0A803L8V9,,,
missing_from_db,A0A803L8W1,,,
missing_from_db,A0A803L8W3,,,
missing_from_db,A0A803L8W5,,,
missing_from_db,A0A803L8W7,,,
missing_from_db,A0A803L8W9,,,
missing_from_db,A0A803L8X5,,,
missing_from_db,A0A803L8X9,,,
missing_from_db,A0A803L8Y0,,,
missing_from_db,A0A803L900,,,
missing_from_db,A0A803L924,,,
missing_from_db,A0A803L925,,,
missing_from_db,A0A803L927,,,
missing_from_db,A0A803L931,,,
missing_from_db,A0A803L934,,,
missing_from_db,A0A803L935,,,
missing_from_db,A0A803L936,,,
missing_from_db,A0A803L937,,,
missing_from_db,A0A803L939,,,
missing_from_db,A0A803L941,,,
missing_from_db,A0A803L947,,,
missing_from_db,A0A803L955,,,
missing_from_db,A0A803L964,,,
missing_from_db,A0A803L981,,,
missing_from_db,A0A803L989,,,
missing_from_db,A0A803L990,,,
missing_from_db,A0A803L9A8,,,
missing_from_db,A0A803L9B2,,,
missing_from_db,A0A803L9B4,,,
missing_from_db,A0A803L9B6,,,
missing_from_db,A0A803L9B9,,,
missing_from_db,A0A803L9C0,,,
missing_from_db,A0A803L9D5,,,
missing_from_db,A0A803L9D8,,,
missing_from_db,A0A803L9F2,,,
missing_from_db,A0A803L9F3,,,
missing_from_db,A0A803L9F4,,,
missing_from_db,A0A803L9G2,,,
missing_from_db,A0A803L9I5,,,
missing_from_db,A0A803L9K1,,,
missing_from_db,A0A803L9L2,,,
missing_from_db,A0A803L9L5,,,
missing_from_db,A0A803L9M0,,,
missing_from_db,A0A803L9M2,,,
missing_from_db,A0A803L9M4,,,
missing_from_db,A0A803L9M8,,,
missing_from_db,A0A803L9N4,,,
missing_from_db,A0A803L9N6,,,
missing_from_db,A0A803L9N8,,,
missing_from_db,A0A803L9N9,,,
missing_from_db,A0A803L9P8,,,
missing_from_db,A0A803L9Q2,,,
missing_from_db,A0A803L9Q3,,,
missing_from_db,A0A803L9Q4,,,
missing_from_db,A0A803L9Q7,,,
missing_from_db,A0A803L9Q8,,,
missing_from_db,A0A803L9S3,,,
missing_from_db,A0A803L9S8,,,
missing_from_db,A0A803L9T3,,,
missing_from_db,A0A803L9U9,,,
missing_from_db,A0A803L9V2,,,
missing_from_db,A0A803L9V7,,,
missing_from_db,A0A803L9V9,,,
missing_from_db,A0A803L9W1,,,
missing_from_db,A0A803L9W7,,,
missing_from_db,A0A803L9W8,,,
missing_from_db,A0A803L9W9,,,
missing_from_db,A0A803L9Z1,,,
missing_from_db,A0A803L9Z8,,,
missing_from_db,A0A803LA01,,,
missing_from_db,A0A803LA02,,,
missing_from_db,A0A803LA07,,,
missing_from_db,A0A803LA11,,,
missing_from_db,A0A803LA12,,,
missing_from_db,A0A803LA19,,,
missing_from_db,A0A803LA22,,,
missing_from_db,A0A803LA29,,,
missing_from_db,A0A803LA36,,,
missing_from_db,A0A803LA40,,,
missing_from_db,A0A803LA44,,,
missing_from_db,A0A803LA45,,,
missing_from_db,A0A803LA47,,,
missing_from_db,A0A803LA51,,,
missing_from_db,A0A803LA52,,,
missing_from_db,A0A803LA53,,,
missing_from_db,A0A803LA56,,,
missing_from_db,A0A803LA58,,,
missing_from_db,A0A803LA76,,,
missing_from_db,A0A803LA84,,,
missing_from_db,A0A803LA86,,,
missing_from_db,A0A803LA88,,,
missing_from_db,A0A803LA90,,,
missing_from_db,A0A803LA91,,,
missing_from_db,A0A803LA92,,,
missing_from_db,A0A803LA93,,,
missing_from_db,A0A803LA98,,,
missing_from_db,A0A803LA99,,,
missing_from_db,A0A803LAA7,,,
missing_from_db,A0A803LAA8,,,
missing_from_db,A0A803LAB1,,,
missing_from_db,A0A803LAB2,,,
missing_from_db,A0A803LAB5,,,
missing_from_db,A0A803LAB9,,,
missing_from_db,A0A803LAC4,,,
missing_from_db,A0A803LAD4,,,
missing_from_db,A0A803LAE6,,,
missing_from_db,A0A803LAF1,,,
missing_from_db,A0A803LAF4,,,
missing_from_db,A0A803LAF5,,,
missing_from_db,A0A803LAG0,,,
missing_from_db,A0A803LAG3,,,
missing_from_db,A0A803LAG7,,,
missing_from_db,A0A803LAH5,,,
missing_from_db,A0A803LAH7,,,
missing_from_db,A0A803LAH9,,,
missing_from_db,A0A803LAJ1,,,
missing_from_db,A0A803LAJ4,,,
missing_from_db,A0A803LAJ5,,,
missing_from_db,A0A803LAJ6,,,
missing_from_db,A0A803LAK1,,,
missing_from_db,A0A803LAK2,,,
missing_from_db,A0A803LAK5,,,
missing_from_db,A0A803LAL1,,,
missing_from_db,A0A803LAL2,,,
missing_from_db,A0A803LAL4,,,
missing_from_db,A0A803LAM0,,,
missing_from_db,A0A803LAM1,,,
missing_from_db,A0A803LAM5,,,
missing_from_db,A0A803LAN4,,,
missing_from_db,A0A803LAN6,,,
missing_from_db,A0A803LAN7,,,
missing_from_db,A0A803LAP4,,,
missing_from_db,A0A803LAQ6,,,
missing_from_db,A0A803LAR1,,,
missing_from_db,A0A803LAR9,,,
missing_from_db,A0A803LAT2,,,
missing_from_db,A0A803LAU3,,,
missing_from_db,A0A803LAU6,,,
missing_from_db,A0A803LAU7,,,
missing_from_db,A0A803LAU9,,,
missing_from_db,A0A803LAV4,,,
missing_from_db,A0A803LAV6,,,
missing_from_db,A0A803LAW9,,,
missing_from_db,A0A803LAX8,,,
missing_from_db,A0A803LAY1,,,
missing_from_db,A0A803LAY4,,,
missing_from_db,A0A803LAY8,,,
missing_from_db,A0A803LB13,,,
missing_from_db,A0A803LB48,,,
missing_from_db,A0A803LB65,,,
missing_from_db,A0A803LB70,,,
missing_from_db,A0A803LB75,,,
missing_from_db,A0A803LB77,,,
missing_from_db,A0A803LB81,,,
missing_from_db,A0A803LB92,,,
missing_from_db,A0A803LBA1,,,
missing_from_db,A0A803LBA2,,,
missing_from_db,A0A803LBB2,,,
missing_from_db,A0A803LBB8,,,
missing_from_db,A0A803LBC1,,,
missing_from_db,A0A803LBE2,,,
missing_from_db,A0A803LBE5,,,
missing_from_db,A0A803LBF0,,,
missing_from_db,A0A803LBF1,,,
missing_from_db,A0A803LBF2,,,
missing_from_db,A0A803LBF9,,,
missing_from_db,A0A803LBG0,,,
missing_from_db,A0A803LBG8,,,
missing_from_db,A0A803LBH9,,,
missing_from_db,A0A803LBI5,,,
missing_from_db,A0A803LBI7,,,
missing_from_db,A0A803LBI8,,,
missing_from_db,A0A803LBI9,,,
missing_from_db,A0A803LBL8,,,
missing_from_db,A0A803LBN1,,,
missing_from_db,A0A803LBP0,,,
missing_from_db,A0A803LBP5,,,
missing_from_db,A0A803LBP7,,,
missing_from_db,A0A803LBP9,,,
missing_from_db,A0A803LBQ4,,,
missing_from_db,A0A803LBR3,,,
missing_from_db,A0A803LBR6,,,
missing_from_db,A0A803LBS1,,,
missing_from_db,A0A803LBT1,,,
missing_from_db,A0A803LBT6,,,
missing_from_db,A0A803LBT8,,,
missing_from_db,A0A803LBV0,,,
missing_from_db,A0A803LBV6,,,
missing_from_db,A0A803LBV8,,,
missing_from_db,A0A803LBW4,,,
missing_from_db,A0A803LBW5,,,
missing_from_db,A0A803LBX5,,,
missing_from_db,A0A803LBX9,,,
missing_from_db,A0A803LBY8,,,
missing_from_db,A0A803LBZ1,,,
missing_from_db,A0A803LBZ4,,,
missing_from_db,A0A803LBZ9,,,
missing_from_db,A0A803LC04,,,
missing_from_db,A0A803LC09,,,
missing_from_db,A0A803LC10,,,
missing_from_db,A0A803LC26,,,
missing_from_db,A0A803LC32,,,
missing_from_db,A0A803LC33,,,
missing_from_db,A0A803LC37,,,
missing_from_db,A0A803LC41,,,
missing_from_db,A0A803LC45,,,
missing_from_db,A0A803LC47,,,
missing_from_db,A0A803LC54,,,
missing_from_db,A0A803LC55,,,
missing_from_db,A0A803LC56,,,
missing_from_db,A0A803LC57,,,
missing_from_db,A0A803LC63,,,
missing_from_db,A0A803LC67,,,
missing_from_db,A0A803LC69,,,
missing_from_db,A0A803LC74,,,
missing_from_db,A0A803LC78,,,
missing_from_db,A0A803LC87,,,
missing_from_db,A0A803LC88,,,
missing_from_db,A0A803LC96,,,
missing_from_db,A0A803LC99,,,
missing_from_db,A0A803LCA4,,,
missing_from_db,A0A803LCA5,,,
missing_from_db,A0A803LCA8,,,
missing_from_db,A0A803LCA9,,,
missing_from_db,A0A803LCB0,,,
missing_from_db,A0A803LCB1,,,
missing_from_db,A0A803LCB4,,,
missing_from_db,A0A803LCB5,,,
missing_from_db,A0A803LCC5,,,
missing_from_db,A0A803LCD4,,,
missing_from_db,A0A803LCD5,,,
missing_from_db,A0A803LCE4,,,
missing_from_db,A0A803LCE5,,,
missing_from_db,A0A803LCF2,,,
missing_from_db,A0A803LCF8,,,
missing_from_db,A0A803LCG4,,,
missing_from_db,A0A803LCG6,,,
missing_from_db,A0A803LCH2,,,
missing_from_db,A0A803LCH5,,,
missing_from_db,A0A803LCI0,,,
missing_from_db,A0A803LCI1,,,
missing_from_db,A0A803LCJ2,,,
missing_from_db,A0A803LCJ9,,,
missing_from_db,A0A803LCK4,,,
missing_from_db,A0A803LCK7,,,
missing_from_db,A0A803LCL0,,,
missing_from_db,A0A803LCL1,,,
missing_from_db,A0A803LCL6,,,
missing_from_db,A0A803LCN2,,,
missing_from_db,A0A803LCP0,,,
missing_from_db,A0A803LCP8,,,
missing_from_db,A0A803LCP9,,,
missing_from_db,A0A803LCQ6,,,
missing_from_db,A0A803LCQ7,,,
missing_from_db,A0A803LCR9,,,
missing_from_db,A0A803LCS0,,,
missing_from_db,A0A803LCT0,,,
missing_from_db,A0A803LCT1,,,
missing_from_db,A0A803LCT2,,,
missing_from_db,A0A803LCT4,,,
missing_from_db,A0A803LCU6,,,
missing_from_db,A0A803LCV2,,,
missing_from_db,A0A803LCW0,,,
missing_from_db,A0A803LCX1,,,
missing_from_db,A0A803LCX9,,,
missing_from_db,A0A803LCY0,,,
missing_from_db,A0A803LCY2,,,
missing_from_db,A0A803LCZ4,,,
missing_from_db,A0A803LCZ5,,,
missing_from_db,A0A803LD00,,,
missing_from_db,A0A803LD01,,,
missing_from_db,A0A803LD03,,,
missing_from_db,A0A803LD04,,,
missing_from_db,A0A803LD05,,,
missing_from_db,A0A803LD13,,,
missing_from_db,A0A803LD16,,,
missing_from_db,A0A803LD17,,,
missing_from_db,A0A803LD26,,,
missing_from_db,A0A803LD32,,,
missing_from_db,A0A803LD48,,,
missing_from_db,A0A803LD49,,,
missing_from_db,A0A803LD78,,,
missing_from_db,A0A803LD81,,,
missing_from_db,A0A803LD85,,,
missing_from_db,A0A803LD89,,,
missing_from_db,A0A803LD91,,,
missing_from_db,A0A803LD92,,,
missing_from_db,A0A803LD95,,,
missing_from_db,A0A803LDA8,,,
missing_from_db,A0A803LDB3,,,
missing_from_db,A0A803LDB7,,,
missing_from_db,A0A803LDE4,,,
missing_from_db,A0A803LDE6,,,
missing_from_db,A0A803LDG1,,,
missing_from_db,A0A803LDH9,,,
missing_from_db,A0A803LDI9,,,
missing_from_db,A0A803LDJ2,,,
missing_from_db,A0A803LDJ5,,,
missing_from_db,A0A803LDJ8,,,
missing_from_db,A0A803LDK4,,,
missing_from_db,A0A803LDK5,,,
missing_from_db,A0A803LDK9,,,
missing_from_db,A0A803LDL3,,,
missing_from_db,A0A803LDL4,,,
missing_from_db,A0A803LDM5,,,
missing_from_db,A0A803LDM7,,,
missing_from_db,A0A803LDP3,,,
missing_from_db,A0A803LDQ1,,,
missing_from_db,A0A803LDR9,,,
missing_from_db,A0A803LDT2,,,
missing_from_db,A0A803LDU1,,,
missing_from_db,A0A803LDU2,,,
missing_from_db,A0A803LDV7,,,
missing_from_db,A0A803LDV9,,,
missing_from_db,A0A803LDW1,,,
missing_from_db,A0A803LDW2,,,
missing_from_db,A0A803LDW5,,,
missing_from_db,A0A803LDW7,,,
missing_from_db,A0A803LDX5,,,
missing_from_db,A0A803LDX6,,,
missing_from_db,A0A803LDY2,,,
missing_from_db,A0A803LE15,,,
missing_from_db,A0A803LE20,,,
missing_from_db,A0A803LE25,,,
missing_from_db,A0A803LE29,,,
missing_from_db,A0A803LE42,,,
missing_from_db,A0A803LE45,,,
missing_from_db,A0A803LE52,,,
missing_from_db,A0A803LE53,,,
missing_from_db,A0A803LE66,,,
missing_from_db,A0A803LE71,,,
missing_from_db,A0A803LE72,,,
missing_from_db,A0A803LE77,,,
missing_from_db,A0A803LE81,,,
missing_from_db,A0A803LE91,,,
missing_from_db,A0A803LE96,,,
missing_from_db,A0A803LE99,,,
missing_from_db,A0A803LEA8,,,
missing_from_db,A0A803LEA9,,,
missing_from_db,A0A803LEB1,,,
missing_from_db,A0A803LEB2,,,
missing_from_db,A0A803LEB6,,,
missing_from_db,A0A803LEB8,,,
missing_from_db,A0A803LEB9,,,
missing_from_db,A0A803LEC7,,,
missing_from_db,A0A803LEF1,,,
missing_from_db,A0A803LEF7,,,
missing_from_db,A0A803LEF8,,,
missing_from_db,A0A803LEG3,,,
missing_from_db,A0A803LEI2,,,
missing_from_db,A0A803LEJ4,,,
missing_from_db,A0A803LEK5,,,
missing_from_db,A0A803LEK9,,,
missing_from_db,A0A803LEL4,,,
missing_from_db,A0A803LEM1,,,
missing_from_db,A0A803LEM5,,,
missing_from_db,A0A803LEP0,,,
missing_from_db,A0A803LEP4,,,
missing_from_db,A0A803LEP9,,,
missing_from_db,A0A803LEQ0,,,
missing_from_db,A0A803LEQ1,,,
missing_from_db,A0A803LEQ2,,,
missing_from_db,A0A803LEQ8,,,
missing_from_db,A0A803LER9,,,
missing_from_db,A0A803LET8,,,
missing_from_db,A0A803LET9,,,
missing_from_db,A0A803LEU1,,,
missing_from_db,A0A803LEU6,,,
missing_from_db,A0A803LEW0,,,
missing_from_db,A0A803LEW8,,,
missing_from_db,A0A803LEW9,,,
missing_from_db,A0A803LEY0,,,
missing_from_db,A0A803LEY8,,,
missing_from_db,A0A803LEZ3,,,
missing_from_db,A0A803LEZ6,,,
missing_from_db,A0A803LEZ7,,,
missing_from_db,A0A803LF00,,,
missing_from_db,A0A803LF03,,,
missing_from_db,A0A803LF05,,,
missing_from_db,A0A803LF06,,,
missing_from_db,A0A803LF09,,,
missing_from_db,A0A803LF28,,,
missing_from_db,A0A803LF32,,,
missing_from_db,A0A803LF36,,,
missing_from_db,A0A803LF39,,,
missing_from_db,A0A803LF40,,,
missing_from_db,A0A803LF42,,,
missing_from_db,A0A803LF47,,,
missing_from_db,A0A803LF50,,,
missing_from_db,A0A803LF55,,,
missing_from_db,A0A803LF60,,,
missing_from_db,A0A803LF72,,,
missing_from_db,A0A803LF93,,,
missing_from_db,A0A803LF94,,,
missing_from_db,A0A803LF99,,,
missing_from_db,A0A803LFA4,,,
missing_from_db,A0A803LFB4,,,
missing_from_db,A0A803LFC2,,,
missing_from_db,A0A803LFC7,,,
missing_from_db,A0A803LFD0,,,
missing_from_db,A0A803LFD7,,,
missing_from_db,A0A803LFF1,,,
missing_from_db,A0A803LFF3,,,
missing_from_db,A0A803LFF4,,,
missing_from_db,A0A803LFG0,,,
missing_from_db,A0A803LFG5,,,
missing_from_db,A0A803LFH6,,,
missing_from_db,A0A803LFH7,,,
missing_from_db,A0A803LFI7,,,
missing_from_db,A0A803LFI9,,,
missing_from_db,A0A803LFJ5,,,
missing_from_db,A0A803LFK8,,,
missing_from_db,A0A803LFL3,,,
missing_from_db,A0A803LFL6,,,
missing_from_db,A0A803LFM5,,,
missing_from_db,A0A803LFN2,,,
missing_from_db,A0A803LFN6,,,
missing_from_db,A0A803LFN7,,,
missing_from_db,A0A803LFP1,,,
missing_from_db,A0A803LFP3,,,
missing_from_db,A0A803LFQ1,,,
missing_from_db,A0A803LFR6,,,
missing_from_db,A0A803LFR7,,,
missing_from_db,A0A803LFR9,,,
missing_from_db,A0A803LFS1,,,
missing_from_db,A0A803LFT2,,,
missing_from_db,A0A803LFT4,,,
missing_from_db,A0A803LFT6,,,
missing_from_db,A0A803LFT9,,,
missing_from_db,A0A803LFU0,,,
missing_from_db,A0A803LFU7,,,
missing_from_db,A0A803LFV3,,,
missing_from_db,A0A803LFV4,,,
missing_from_db,A0A803LFV5,,,
missing_from_db,A0A803LFV7,,,
missing_from_db,A0A803LFW1,,,
missing_from_db,A0A803LFX3,,,
missing_from_db,A0A803LFY6,,,
missing_from_db,A0A803LFZ5,,,
missing_from_db,A0A803LG06,,,
missing_from_db,A0A803LG07,,,
missing_from_db,A0A803LG17,,,
missing_from_db,A0A803LG22,,,
missing_from_db,A0A803LG23,,,
missing_from_db,A0A803LG40,,,
missing_from_db,A0A803LG44,,,
missing_from_db,A0A803LG53,,,
missing_from_db,A0A803LG55,,,
missing_from_db,A0A803LG65,,,
missing_from_db,A0A803LG92,,,
missing_from_db,A0A803LG97,,,
missing_from_db,A0A803LGA1,,,
missing_from_db,A0A803LGA6,,,
missing_from_db,A0A803LGB0,,,
missing_from_db,A0A803LGB3,,,
missing_from_db,A0A803LGB9,,,
missing_from_db,A0A803LGC1,,,
missing_from_db,A0A803LGC3,,,
missing_from_db,A0A803LGC5,,,
missing_from_db,A0A803LGC6,,,
missing_from_db,A0A803LGD1,,,
missing_from_db,A0A803LGD3,,,
missing_from_db,A0A803LGD4,,,
missing_from_db,A0A803LGD7,,,
missing_from_db,A0A803LGE2,,,
missing_from_db,A0A803LGE3,,,
missing_from_db,A0A803LGE4,,,
missing_from_db,A0A803LGF1,,,
missing_from_db,A0A803LGF9,,,
missing_from_db,A0A803LGG6,,,
missing_from_db,A0A803LGH3,,,
missing_from_db,A0A803LGH7,,,
missing_from_db,A0A803LGH8,,,
missing_from_db,A0A803LGI7,,,
missing_from_db,A0A803LGL7,,,
missing_from_db,A0A803LGM2,,,
missing_from_db,A0A803LGM3,,,
missing_from_db,A0A803LGN2,,,
missing_from_db,A0A803LGN7,,,
missing_from_db,A0A803LGN8,,,
missing_from_db,A0A803LGP0,,,
missing_from_db,A0A803LGP5,,,
missing_from_db,A0A803LGP9,,,
missing_from_db,A0A803LGQ1,,,
missing_from_db,A0A803LGQ4,,,
missing_from_db,A0A803LGQ5,,,
missing_from_db,A0A803LGS2,,,
missing_from_db,A0A803LGT6,,,
missing_from_db,A0A803LGT9,,,
missing_from_db,A0A803LGU8,,,
missing_from_db,A0A803LGV9,,,
missing_from_db,A0A803LGW2,,,
missing_from_db,A0A803LGX7,,,
missing_from_db,A0A803LGX9,,,
missing_from_db,A0A803LGY3,,,
missing_from_db,A0A803LH14,,,
missing_from_db,A0A803LH29,,,
missing_from_db,A0A803LH32,,,
missing_from_db,A0A803LH38,,,
missing_from_db,A0A803LH39,,,
missing_from_db,A0A803LH42,,,
missing_from_db,A0A803LH52,,,
missing_from_db,A0A803LH56,,,
missing_from_db,A0A803LH60,,,
missing_from_db,A0A803LH65,,,
missing_from_db,A0A803LH66,,,
missing_from_db,A0A803LH73,,,
missing_from_db,A0A803LH74,,,
missing_from_db,A0A803LH79,,,
missing_from_db,A0A803LH80,,,
missing_from_db,A0A803LH88,,,
missing_from_db,A0A803LH91,,,
missing_from_db,A0A803LHA0,,,
missing_from_db,A0A803LHA7,,,
missing_from_db,A0A803LHB4,,,
missing_from_db,A0A803LHB6,,,
missing_from_db,A0A803LHC4,,,
missing_from_db,A0A803LHC7,,,
missing_from_db,A0A803LHC8,,,
missing_from_db,A0A803LHC9,,,
missing_from_db,A0A803LHE0,,,
missing_from_db,A0A803LHF0,,,
missing_from_db,A0A803LHF5,,,
missing_from_db,A0A803LHF7,,,
missing_from_db,A0A803LHH2,,,
missing_from_db,A0A803LHI2,,,
missing_from_db,A0A803LHI4,,,
missing_from_db,A0A803LHI8,,,
missing_from_db,A0A803LHI9,,,
missing_from_db,A0A803LHJ0,,,
missing_from_db,A0A803LHJ3,,,
missing_from_db,A0A803LHJ5,,,
missing_from_db,A0A803LHK2,,,
missing_from_db,A0A803LHK5,,,
missing_from_db,A0A803LHK7,,,
missing_from_db,A0A803LHN3,,,
missing_from_db,A0A803LHP7,,,
missing_from_db,A0A803LHP8,,,
missing_from_db,A0A803LHQ0,,,
missing_from_db,A0A803LHQ1,,,
missing_from_db,A0A803LHQ2,,,
missing_from_db,A0A803LHR3,,,
missing_from_db,A0A803LHS9,,,
missing_from_db,A0A803LHT2,,,
missing_from_db,A0A803LHT5,,,
missing_from_db,A0A803LHU1,,,
missing_from_db,A0A803LHU3,,,
missing_from_db,A0A803LHV2,,,
missing_from_db,A0A803LHW5,,,
missing_from_db,A0A803LHW6,,,
missing_from_db,A0A803LI07,,,
missing_from_db,A0A803LI15,,,
missing_from_db,A0A803LI18,,,
missing_from_db,A0A803LI21,,,
missing_from_db,A0A803LI24,,,
missing_from_db,A0A803LI34,,,
missing_from_db,A0A803LI44,,,
missing_from_db,A0A803LI45,,,
missing_from_db,A0A803LI49,,,
missing_from_db,A0A803LI63,,,
missing_from_db,A0A803LI66,,,
missing_from_db,A0A803LI70,,,
missing_from_db,A0A803LI72,,,
missing_from_db,A0A803LI76,,,
missing_from_db,A0A803LI81,,,
missing_from_db,A0A803LI83,,,
missing_from_db,A0A803LI85,,,
missing_from_db,A0A803LI86,,,
missing_from_db,A0A803LI90,,,
missing_from_db,A0A803LI91,,,
missing_from_db,A0A803LI93,,,
missing_from_db,A0A803LI96,,,
missing_from_db,A0A803LIA4,,,
missing_from_db,A0A803LIC1,,,
missing_from_db,A0A803LID0,,,
missing_from_db,A0A803LIE3,,,
missing_from_db,A0A803LIE4,,,
missing_from_db,A0A803LIE5,,,
missing_from_db,A0A803LIF4,,,
missing_from_db,A0A803LIG2,,,
missing_from_db,A0A803LIG3,,,
missing_from_db,A0A803LIH3,,,
missing_from_db,A0A803LII2,,,
missing_from_db,A0A803LII5,,,
missing_from_db,A0A803LIJ5,,,
missing_from_db,A0A803LIJ9,,,
missing_from_db,A0A803LIK2,,,
missing_from_db,A0A803LIK9,,,
missing_from_db,A0A803LIL8,,,
missing_from_db,A0A803LIM5,,,
missing_from_db,A0A803LIM7,,,
missing_from_db,A0A803LIN5,,,
missing_from_db,A0A803LIN9,,,
missing_from_db,A0A803LIP7,,,
missing_from_db,A0A803LIP8,,,
missing_from_db,A0A803LIP9,,,
missing_from_db,A0A803LIR6,,,
missing_from_db,A0A803LIS1,,,
missing_from_db,A0A803LIS4,,,
missing_from_db,A0A803LIT4,,,
missing_from_db,A0A803LIT8,,,
missing_from_db,A0A803LIU5,,,
missing_from_db,A0A803LIU8,,,
missing_from_db,A0A803LIU9,,,
missing_from_db,A0A803LIV1,,,
missing_from_db,A0A803LIV3,,,
missing_from_db,A0A803LIV4,,,
missing_from_db,A0A803LIV8,,,
missing_from_db,A0A803LIV9,,,
missing_from_db,A0A803LIW0,,,
missing_from_db,A0A803LIW1,,,
missing_from_db,A0A803LIW2,,,
missing_from_db,A0A803LIW3,,,
missing_from_db,A0A803LIW4,,,
missing_from_db,A0A803LIW5,,,
missing_from_db,A0A803LIX1,,,
missing_from_db,A0A803LIX3,,,
missing_from_db,A0A803LIX5,,,
missing_from_db,A0A803LIX6,,,
missing_from_db,A0A803LIX8,,,
missing_from_db,A0A803LIY7,,,
missing_from_db,A0A803LIZ0,,,
missing_from_db,A0A803LJ02,,,
missing_from_db,A0A803LJ06,,,
missing_from_db,A0A803LJ08,,,
missing_from_db,A0A803LJ16,,,
missing_from_db,A0A803LJ21,,,
missing_from_db,A0A803LJ23,,,
missing_from_db,A0A803LJ28,,,
missing_from_db,A0A803LJ42,,,
missing_from_db,A0A803LJ85,,,
missing_from_db,A0A803LJA0,,,
missing_from_db,A0A803LJA1,,,
missing_from_db,A0A803LJA2,,,
missing_from_db,A0A803LJA4,,,
missing_from_db,A0A803LJB2,,,
missing_from_db,A0A803LJB3,,,
missing_from_db,A0A803LJB5,,,
missing_from_db,A0A803LJB7,,,
missing_from_db,A0A803LJC2,,,
missing_from_db,A0A803LJC3,,,
missing_from_db,A0A803LJD1,,,
missing_from_db,A0A803LJE9,,,
missing_from_db,A0A803LJH3,,,
missing_from_db,A0A803LJI3,,,
missing_from_db,A0A803LJI5,,,
missing_from_db,A0A803LJJ3,,,
missing_from_db,A0A803LJJ4,,,
missing_from_db,A0A803LJJ7,,,
missing_from_db,A0A803LJK6,,,
missing_from_db,A0A803LJK7,,,
missing_from_db,A0A803LJL3,,,
missing_from_db,A0A803LJL4,,,
missing_from_db,A0A803LJN3,,,
missing_from_db,A0A803LJQ2,,,
missing_from_db,A0A803LJQ3,,,
missing_from_db,A0A803LJQ4,,,
missing_from_db,A0A803LJQ6,,,
missing_from_db,A0A803LJR3,,,
missing_from_db,A0A803LJR8,,,
missing_from_db,A0A803LJT5,,,
missing_from_db,A0A803LJT9,,,
missing_from_db,A0A803LJU7,,,
missing_from_db,A0A803LJW2,,,
missing_from_db,A0A803LJX5,,,
missing_from_db,A0A803LJY1,,,
missing_from_db,A0A803LJZ3,,,
missing_from_db,A0A803LJZ7,,,
missing_from_db,A0A803LK01,,,
missing_from_db,A0A803LK03,,,
missing_from_db,A0A803LK04,,,
missing_from_db,A0A803LK19,,,
missing_from_db,A0A803LK29,,,
missing_from_db,A0A803LK32,,,
missing_from_db,A0A803LK35,,,
missing_from_db,A0A803LK44,,,
missing_from_db,A0A803LK50,,,
missing_from_db,A0A803LK57,,,
missing_from_db,A0A803LK58,,,
missing_from_db,A0A803LK67,,,
missing_from_db,A0A803LK76,,,
missing_from_db,A0A803LK79,,,
missing_from_db,A0A803LK80,,,
missing_from_db,A0A803LK89,,,
missing_from_db,A0A803LK96,,,
missing_from_db,A0A803LK97,,,
missing_from_db,A0A803LK99,,,
missing_from_db,A0A803LKA0,,,
missing_from_db,A0A803LKA1,,,
missing_from_db,A0A803LKA2,,,
missing_from_db,A0A803LKA4,,,
missing_from_db,A0A803LKA9,,,
missing_from_db,A0A803LKC3,,,
missing_from_db,A0A803LKC4,,,
missing_from_db,A0A803LKC7,,,
missing_from_db,A0A803LKC9,,,
missing_from_db,A0A803LKD3,,,
missing_from_db,A0A803LKD8,,,
missing_from_db,A0A803LKD9,,,
missing_from_db,A0A803LKE3,,,
missing_from_db,A0A803LKE4,,,
missing_from_db,A0A803LKE8,,,
missing_from_db,A0A803LKF1,,,
missing_from_db,A0A803LKF4,,,
missing_from_db,A0A803LKF5,,,
missing_from_db,A0A803LKF8,,,
missing_from_db,A0A803LKF9,,,
missing_from_db,A0A803LKG0,,,
missing_from_db,A0A803LKG1,,,
missing_from_db,A0A803LKG2,,,
missing_from_db,A0A803LKG3,,,
missing_from_db,A0A803LKG4,,,
missing_from_db,A0A803LKH4,,,
missing_from_db,A0A803LKH5,,,
missing_from_db,A0A803LKH7,,,
missing_from_db,A0A803LKH8,,,
missing_from_db,A0A803LKI3,,,
missing_from_db,A0A803LKI8,,,
missing_from_db,A0A803LKJ2,,,
missing_from_db,A0A803LKJ4,,,
missing_from_db,A0A803LKK1,,,
missing_from_db,A0A803LKK2,,,
missing_from_db,A0A803LKK6,,,
missing_from_db,A0A803LKM2,,,
missing_from_db,A0A803LKM6,,,
missing_from_db,A0A803LKP2,,,
missing_from_db,A0A803LKQ0,,,
missing_from_db,A0A803LKQ6,,,
missing_from_db,A0A803LKR1,,,
missing_from_db,A0A803LKR3,,,
missing_from_db,A0A803LKR4,,,
missing_from_db,A0A803LKS1,,,
missing_from_db,A0A803LKS2,,,
missing_from_db,A0A803LKT4,,,
missing_from_db,A0A803LKT9,,,
missing_from_db,A0A803LKU0,,,
missing_from_db,A0A803LKU1,,,
missing_from_db,A0A803LKU5,,,
missing_from_db,A0A803LKU6,,,
missing_from_db,A0A803LKU8,,,
missing_from_db,A0A803LKV2,,,
missing_from_db,A0A803LKV3,,,
missing_from_db,A0A803LKV4,,,
missing_from_db,A0A803LKV7,,,
missing_from_db,A0A803LKV8,,,
missing_from_db,A0A803LKV9,,,
missing_from_db,A0A803LKW0,,,
missing_from_db,A0A803LKW2,,,
missing_from_db,A0A803LKW5,,,
missing_from_db,A0A803LKX1,,,
missing_from_db,A0A803LKY2,,,
missing_from_db,A0A803LKY5,,,
missing_from_db,A0A803LKZ0,,,
missing_from_db,A0A803LKZ6,,,
missing_from_db,A0A803LL00,,,
missing_from_db,A0A803LL03,,,
missing_from_db,A0A803LL04,,,
missing_from_db,A0A803LL07,,,
missing_from_db,A0A803LL13,,,
missing_from_db,A0A803LL19,,,
missing_from_db,A0A803LL20,,,
missing_from_db,A0A803LL23,,,
missing_from_db,A0A803LL24,,,
missing_from_db,A0A803LL26,,,
missing_from_db,A0A803LL29,,,
missing_from_db,A0A803LL30,,,
missing_from_db,A0A803LL32,,,
missing_from_db,A0A803LL33,,,
missing_from_db,A0A803LL36,,,
missing_from_db,A0A803LL47,,,
missing_from_db,A0A803LL53,,,
missing_from_db,A0A803LL57,,,
missing_from_db,A0A803LL68,,,
missing_from_db,A0A803LL71,,,
missing_from_db,A0A803LL82,,,
missing_from_db,A0A803LL91,,,
missing_from_db,A0A803LL95,,,
missing_from_db,A0A803LL97,,,
missing_from_db,A0A803LL98,,,
missing_from_db,A0A803LL99,,,
missing_from_db,A0A803LLA9,,,
missing_from_db,A0A803LLB1,,,
missing_from_db,A0A803LLB7,,,
missing_from_db,A0A803LLC4,,,
missing_from_db,A0A803LLC8,,,
missing_from_db,A0A803LLD3,,,
missing_from_db,A0A803LLD7,,,
missing_from_db,A0A803LLE6,,,
missing_from_db,A0A803LLE8,,,
missing_from_db,A0A803LLG7,,,
missing_from_db,A0A803LLG8,,,
missing_from_db,A0A803LLH5,,,
missing_from_db,A0A803LLH7,,,
missing_from_db,A0A803LLI1,,,
missing_from_db,A0A803LLI2,,,
missing_from_db,A0A803LLJ2,,,
missing_from_db,A0A803LLJ8,,,
missing_from_db,A0A803LLK3,,,
missing_from_db,A0A803LLK8,,,
missing_from_db,A0A803LLL4,,,
missing_from_db,A0A803LLM7,,,
missing_from_db,A0A803LLN4,,,
missing_from_db,A0A803LLP7,,,
missing_from_db,A0A803LLR1,,,
missing_from_db,A0A803LLR2,,,
missing_from_db,A0A803LLR7,,,
missing_from_db,A0A803LLR8,,,
missing_from_db,A0A803LLS0,,,
missing_from_db,A0A803LLU0,,,
missing_from_db,A0A803LLU9,,,
missing_from_db,A0A803LLW2,,,
missing_from_db,A0A803LLY7,,,
missing_from_db,A0A803LLZ2,,,
missing_from_db,A0A803LLZ4,,,
missing_from_db,A0A803LLZ8,,,
missing_from_db,A0A803LM05,,,
missing_from_db,A0A803LM10,,,
missing_from_db,A0A803LM13,,,
missing_from_db,A0A803LM20,,,
missing_from_db,A0A803LM26,,,
missing_from_db,A0A803LM27,,,
missing_from_db,A0A803LM29,,,
missing_from_db,A0A803LM38,,,
missing_from_db,A0A803LM43,,,
missing_from_db,A0A803LM44,,,
missing_from_db,A0A803LM46,,,
missing_from_db,A0A803LM48,,,
missing_from_db,A0A803LM51,,,
missing_from_db,A0A803LM61,,,
missing_from_db,A0A803LM65,,,
missing_from_db,A0A803LM66,,,
missing_from_db,A0A803LM67,,,
missing_from_db,A0A803LM77,,,
missing_from_db,A0A803LM85,,,
missing_from_db,A0A803LM94,,,
missing_from_db,A0A803LMB7,,,
missing_from_db,A0A803LMC3,,,
missing_from_db,A0A803LMD8,,,
missing_from_db,A0A803LMF2,,,
missing_from_db,A0A803LMF3,,,
missing_from_db,A0A803LMG1,,,
missing_from_db,A0A803LMG3,,,
missing_from_db,A0A803LMG8,,,
missing_from_db,A0A803LMG9,,,
missing_from_db,A0A803LMH2,,,
missing_from_db,A0A803LMH5,,,
missing_from_db,A0A803LMI3,,,
missing_from_db,A0A803LMI9,,,
missing_from_db,A0A803LMK3,,,
missing_from_db,A0A803LMK7,,,
missing_from_db,A0A803LMK9,,,
missing_from_db,A0A803LML0,,,
missing_from_db,A0A803LML1,,,
missing_from_db,A0A803LMN3,,,
missing_from_db,A0A803LMP6,,,
missing_from_db,A0A803LMQ7,,,
missing_from_db,A0A803LMQ9,,,
missing_from_db,A0A803LMT3,,,
missing_from_db,A0A803LMT5,,,
missing_from_db,A0A803LMT6,,,
missing_from_db,A0A803LMT9,,,
missing_from_db,A0A803LMV2,,,
missing_from_db,A0A803LMW8,,,
missing_from_db,A0A803LMW9,,,
missing_from_db,A0A803LMX4,,,
missing_from_db,A0A803LMX5,,,
missing_from_db,A0A803LMX6,,,
missing_from_db,A0A803LMX8,,,
missing_from_db,A0A803LMZ2,,,
missing_from_db,A0A803LMZ3,,,
missing_from_db,A0A803LN04,,,
missing_from_db,A0A803LN05,,,
missing_from_db,A0A803LN14,,,
missing_from_db,A0A803LN16,,,
missing_from_db,A0A803LN24,,,
missing_from_db,A0A803LN34,,,
missing_from_db,A0A803LN46,,,
missing_from_db,A0A803LN52,,,
missing_from_db,A0A803LN53,,,
missing_from_db,A0A803LN71,,,
missing_from_db,A0A803LN72,,,
missing_from_db,A0A803LN73,,,
missing_from_db,A0A803LN75,,,
missing_from_db,A0A803LN91,,,
missing_from_db,A0A803LN92,,,
missing_from_db,A0A803LNA6,,,
missing_from_db,A0A803LNB1,,,
missing_from_db,A0A803LNB2,,,
missing_from_db,A0A803LNC4,,,
missing_from_db,A0A803LNC5,,,
missing_from_db,A0A803LND0,,,
missing_from_db,A0A803LND3,,,
missing_from_db,A0A803LNF2,,,
missing_from_db,A0A803LNG1,,,
missing_from_db,A0A803LNI1,,,
missing_from_db,A0A803LNI4,,,
missing_from_db,A0A803LNI5,,,
missing_from_db,A0A803LNI7,,,
missing_from_db,A0A803LNI8,,,
missing_from_db,A0A803LNJ6,,,
missing_from_db,A0A803LNJ7,,,
missing_from_db,A0A803LNK5,,,
missing_from_db,A0A803LNL0,,,
missing_from_db,A0A803LNL5,,,
missing_from_db,A0A803LNM3,,,
missing_from_db,A0A803LNM5,,,
missing_from_db,A0A803LNM6,,,
missing_from_db,A0A803LNP0,,,
missing_from_db,A0A803LNP8,,,
missing_from_db,A0A803LNQ7,,,
missing_from_db,A0A803LNR7,,,
missing_from_db,A0A803LNS7,,,
missing_from_db,A0A803LNU8,,,
missing_from_db,A0A803LNV2,,,
missing_from_db,A0A803LNV5,,,
missing_from_db,A0A803LNW0,,,
missing_from_db,A0A803LP04,,,
missing_from_db,A0A803LP08,,,
missing_from_db,A0A803LP10,,,
missing_from_db,A0A803LP11,,,
missing_from_db,A0A803LP12,,,
missing_from_db,A0A803LP13,,,
missing_from_db,A0A803LP14,,,
missing_from_db,A0A803LP16,,,
missing_from_db,A0A803LP17,,,
missing_from_db,A0A803LP19,,,
missing_from_db,A0A803LP25,,,
missing_from_db,A0A803LP37,,,
missing_from_db,A0A803LP48,,,
missing_from_db,A0A803LP56,,,
missing_from_db,A0A803LP60,,,
missing_from_db,A0A803LP65,,,
missing_from_db,A0A803LP71,,,
missing_from_db,A0A803LP73,,,
missing_from_db,A0A803LP97,,,
missing_from_db,A0A803LPA4,,,
missing_from_db,A0A803LPA7,,,
missing_from_db,A0A803LPA9,,,
missing_from_db,A0A803LPB5,,,
missing_from_db,A0A803LPB6,,,
missing_from_db,A0A803LPC1,,,
missing_from_db,A0A803LPC2,,,
missing_from_db,A0A803LPC6,,,
missing_from_db,A0A803LPD6,,,
missing_from_db,A0A803LPE2,,,
missing_from_db,A0A803LPK6,,,
missing_from_db,A0A803LPK7,,,
missing_from_db,A0A803LPL4,,,
missing_from_db,A0A803LPL8,,,
missing_from_db,A0A803LPN3,,,
missing_from_db,A0A803LPP0,,,
missing_from_db,A0A803LPP3,,,
missing_from_db,A0A803LPP4,,,
missing_from_db,A0A803LPQ2,,,
missing_from_db,A0A803LPQ4,,,
missing_from_db,A0A803LPR7,,,
missing_from_db,A0A803LPR8,,,
missing_from_db,A0A803LPS0,,,
missing_from_db,A0A803LPS4,,,
missing_from_db,A0A803LPT1,,,
missing_from_db,A0A803LPT2,,,
missing_from_db,A0A803LPT8,,,
missing_from_db,A0A803LPU7,,,
missing_from_db,A0A803LPV3,,,
missing_from_db,A0A803LPV9,,,
missing_from_db,A0A803LPW0,,,
missing_from_db,A0A803LPY3,,,
missing_from_db,A0A803LPZ1,,,
missing_from_db,A0A803LPZ4,,,
missing_from_db,A0A803LPZ5,,,
missing_from_db,A0A803LPZ6,,,
missing_from_db,A0A803LPZ7,,,
missing_from_db,A0A803LPZ8,,,
missing_from_db,A0A803LQ05,,,
missing_from_db,A0A803LQ07,,,
missing_from_db,A0A803LQ09,,,
missing_from_db,A0A803LQ11,,,
missing_from_db,A0A803LQ22,,,
missing_from_db,A0A803LQ24,,,
missing_from_db,A0A803LQ27,,,
missing_from_db,A0A803LQ29,,,
missing_from_db,A0A803LQ34,,,
missing_from_db,A0A803LQ39,,,
missing_from_db,A0A803LQ43,,,
missing_from_db,A0A803LQ46,,,
missing_from_db,A0A803LQ49,,,
missing_from_db,A0A803LQ57,,,
missing_from_db,A0A803LQ59,,,
missing_from_db,A0A803LQ63,,,
missing_from_db,A0A803LQ78,,,
missing_from_db,A0A803LQ80,,,
missing_from_db,A0A803LQ90,,,
missing_from_db,A0A803LQ91,,,
missing_from_db,A0A803LQA9,,,
missing_from_db,A0A803LQB3,,,
missing_from_db,A0A803LQB9,,,
missing_from_db,A0A803LQC2,,,
missing_from_db,A0A803LQC7,,,
missing_from_db,A0A803LQD0,,,
missing_from_db,A0A803LQD8,,,
missing_from_db,A0A803LQD9,,,
missing_from_db,A0A803LQF6,,,
missing_from_db,A0A803LQG9,,,
missing_from_db,A0A803LQH0,,,
missing_from_db,A0A803LQH7,,,
missing_from_db,A0A803LQJ0,,,
missing_from_db,A0A803LQJ3,,,
missing_from_db,A0A803LQJ6,,,
missing_from_db,A0A803LQJ9,,,
missing_from_db,A0A803LQK7,,,
missing_from_db,A0A803LQL7,,,
missing_from_db,A0A803LQL8,,,
missing_from_db,A0A803LQM1,,,
missing_from_db,A0A803LQM5,,,
missing_from_db,A0A803LQM7,,,
missing_from_db,A0A803LQN2,,,
missing_from_db,A0A803LQP2,,,
missing_from_db,A0A803LQP4,,,
missing_from_db,A0A803LQP6,,,
missing_from_db,A0A803LQQ5,,,
missing_from_db,A0A803LQS2,,,
missing_from_db,A0A803LQT0,,,
missing_from_db,A0A803LQU7,,,
missing_from_db,A0A803LQU9,,,
missing_from_db,A0A803LQW6,,,
missing_from_db,A0A803LQX0,,,
missing_from_db,A0A803LQX2,,,
missing_from_db,A0A803LQX5,,,
missing_from_db,A0A803LQY1,,,
missing_from_db,A0A803LQY7,,,
missing_from_db,A0A803LR02,,,
missing_from_db,A0A803LR18,,,
missing_from_db,A0A803LR19,,,
missing_from_db,A0A803LR27,,,
missing_from_db,A0A803LR34,,,
missing_from_db,A0A803LR35,,,
missing_from_db,A0A803LR48,,,
missing_from_db,A0A803LR49,,,
missing_from_db,A0A803LR58,,,
missing_from_db,A0A803LR77,,,
missing_from_db,A0A803LR83,,,
missing_from_db,A0A803LR85,,,
missing_from_db,A0A803LR94,,,
missing_from_db,A0A803LRA0,,,
missing_from_db,A0A803LRA9,,,
missing_from_db,A0A803LRB7,,,
missing_from_db,A0A803LRC0,,,
missing_from_db,A0A803LRD2,,,
missing_from_db,A0A803LRD3,,,
missing_from_db,A0A803LRD9,,,
missing_from_db,A0A803LRE9,,,
missing_from_db,A0A803LRF5,,,
missing_from_db,A0A803LRF7,,,
missing_from_db,A0A803LRF8,,,
missing_from_db,A0A803LRG7,,,
missing_from_db,A0A803LRJ1,,,
missing_from_db,A0A803LRJ5,,,
missing_from_db,A0A803LRJ6,,,
missing_from_db,A0A803LRJ7,,,
missing_from_db,A0A803LRK0,,,
missing_from_db,A0A803LRK5,,,
missing_from_db,A0A803LRN1,,,
missing_from_db,A0A803LRN4,,,
missing_from_db,A0A803LRN5,,,
missing_from_db,A0A803LRP7,,,
missing_from_db,A0A803LRP8,,,
missing_from_db,A0A803LRP9,,,
missing_from_db,A0A803LRQ0,,,
missing_from_db,A0A803LRQ9,,,
missing_from_db,A0A803LRR6,,,
missing_from_db,A0A803LRS0,,,
missing_from_db,A0A803LRV7,,,
missing_from_db,A0A803LRV9,,,
missing_from_db,A0A803LRX6,,,
missing_from_db,A0A803LRZ3,,,
missing_from_db,A0A803LS14,,,
missing_from_db,A0A803LS16,,,
missing_from_db,A0A803LS17,,,
missing_from_db,A0A803LS23,,,
missing_from_db,A0A803LS27,,,
missing_from_db,A0A803LS35,,,
missing_from_db,A0A803LS41,,,
missing_from_db,A0A803LS50,,,
missing_from_db,A0A803LS52,,,
missing_from_db,A0A803LS53,,,
missing_from_db,A0A803LS60,,,
missing_from_db,A0A803LS61,,,
missing_from_db,A0A803LS63,,,
missing_from_db,A0A803LS65,,,
missing_from_db,A0A803LS67,,,
missing_from_db,A0A803LS68,,,
missing_from_db,A0A803LS76,,,
missing_from_db,A0A803LS93,,,
missing_from_db,A0A803LSA0,,,
missing_from_db,A0A803LSA6,,,
missing_from_db,A0A803LSA9,,,
missing_from_db,A0A803LSB3,,,
missing_from_db,A0A803LSB7,,,
missing_from_db,A0A803LSC1,,,
missing_from_db,A0A803LSC9,,,
missing_from_db,A0A803LSD2,,,
missing_from_db,A0A803LSD3,,,
missing_from_db,A0A803LSD7,,,
missing_from_db,A0A803LSE6,,,
missing_from_db,A0A803LSG0,,,
missing_from_db,A0A803LSG6,,,
missing_from_db,A0A803LSG7,,,
missing_from_db,A0A803LSH2,,,
missing_from_db,A0A803LSI1,,,
missing_from_db,A0A803LSI3,,,
missing_from_db,A0A803LSJ2,,,
missing_from_db,A0A803LSJ4,,,
missing_from_db,A0A803LSJ5,,,
missing_from_db,A0A803LSK7,,,
missing_from_db,A0A803LSL0,,,
missing_from_db,A0A803LSL1,,,
missing_from_db,A0A803LSL6,,,
missing_from_db,A0A803LSM1,,,
missing_from_db,A0A803LSM2,,,
missing_from_db,A0A803LSM3,,,
missing_from_db,A0A803LSM6,,,
missing_from_db,A0A803LSM9,,,
missing_from_db,A0A803LSP7,,,
missing_from_db,A0A803LSQ0,,,
missing_from_db,A0A803LSQ4,,,
missing_from_db,A0A803LSR2,,,
missing_from_db,A0A803LSR3,,,
missing_from_db,A0A803LSR5,,,
missing_from_db,A0A803LSR9,,,
missing_from_db,A0A803LSS2,,,
missing_from_db,A0A803LSS3,,,
missing_from_db,A0A803LSS4,,,
missing_from_db,A0A803LSS5,,,
missing_from_db,A0A803LSS6,,,
missing_from_db,A0A803LSS7,,,
missing_from_db,A0A803LSS8,,,
missing_from_db,A0A803LST1,,,
missing_from_db,A0A803LST6,,,
missing_from_db,A0A803LST7,,,
missing_from_db,A0A803LST8,,,
missing_from_db,A0A803LST9,,,
missing_from_db,A0A803LSU0,,,
missing_from_db,A0A803LSU1,,,
missing_from_db,A0A803LSU4,,,
missing_from_db,A0A803LSU8,,,
missing_from_db,A0A803LSV4,,,
missing_from_db,A0A803LSW7,,,
missing_from_db,A0A803LSW9,,,
missing_from_db,A0A803LSX6,,,
missing_from_db,A0A803LSX8,,,
missing_from_db,A0A803LSY8,,,
missing_from_db,A0A803LSZ4,,,
missing_from_db,A0A803LSZ5,,,
missing_from_db,A0A803LSZ7,,,
missing_from_db,A0A803LT00,,,
missing_from_db,A0A803LT06,,,
missing_from_db,A0A803LT07,,,
missing_from_db,A0A803LT15,,,
missing_from_db,A0A803LT27,,,
missing_from_db,A0A803LT28,,,
missing_from_db,A0A803LT30,,,
missing_from_db,A0A803LT34,,,
missing_from_db,A0A803LT39,,,
missing_from_db,A0A803LT41,,,
missing_from_db,A0A803LT43,,,
missing_from_db,A0A803LT45,,,
missing_from_db,A0A803LT46,,,
missing_from_db,A0A803LT48,,,
missing_from_db,A0A803LT50,,,
missing_from_db,A0A803LT54,,,
missing_from_db,A0A803LT57,,,
missing_from_db,A0A803LT65,,,
missing_from_db,A0A803LT73,,,
missing_from_db,A0A803LT82,,,
missing_from_db,A0A803LT88,,,
missing_from_db,A0A803LT94,,,
missing_from_db,A0A803LT95,,,
missing_from_db,A0A803LT97,,,
missing_from_db,A0A803LT98,,,
missing_from_db,A0A803LT99,,,
missing_from_db,A0A803LTA2,,,
missing_from_db,A0A803LTA6,,,
missing_from_db,A0A803LTB5,,,
missing_from_db,A0A803LTB9,,,
missing_from_db,A0A803LTC4,,,
missing_from_db,A0A803LTD1,,,
missing_from_db,A0A803LTD7,,,
missing_from_db,A0A803LTE0,,,
missing_from_db,A0A803LTE3,,,
missing_from_db,A0A803LTE9,,,
missing_from_db,A0A803LTF4,,,
missing_from_db,A0A803LTF9,,,
missing_from_db,A0A803LTG1,,,
missing_from_db,A0A803LTH1,,,
missing_from_db,A0A803LTH2,,,
missing_from_db,A0A803LTH4,,,
missing_from_db,A0A803LTH5,,,
missing_from_db,A0A803LTH8,,,
missing_from_db,A0A803LTI0,,,
missing_from_db,A0A803LTI1,,,
missing_from_db,A0A803LTI2,,,
missing_from_db,A0A803LTI3,,,
missing_from_db,A0A803LTI4,,,
missing_from_db,A0A803LTI8,,,
missing_from_db,A0A803LTI9,,,
missing_from_db,A0A803LTJ0,,,
missing_from_db,A0A803LTJ1,,,
missing_from_db,A0A803LTJ3,,,
missing_from_db,A0A803LTK0,,,
missing_from_db,A0A803LTK2,,,
missing_from_db,A0A803LTK3,,,
missing_from_db,A0A803LTK6,,,
missing_from_db,A0A803LTK9,,,
missing_from_db,A0A803LTL1,,,
missing_from_db,A0A803LTL4,,,
missing_from_db,A0A803LTM7,,,
missing_from_db,A0A803LTN1,,,
missing_from_db,A0A803LTN2,,,
missing_from_db,A0A803LTN6,,,
missing_from_db,A0A803LTQ3,,,
missing_from_db,A0A803LTQ7,,,
missing_from_db,A0A803LTQ8,,,
missing_from_db,A0A803LTQ9,,,
missing_from_db,A0A803LTR0,,,
missing_from_db,A0A803LTR7,,,
missing_from_db,A0A803LTR9,,,
missing_from_db,A0A803LTS9,,,
missing_from_db,A0A803LTT1,,,
missing_from_db,A0A803LTT3,,,
missing_from_db,A0A803LTT7,,,
missing_from_db,A0A803LTU2,,,
missing_from_db,A0A803LTV0,,,
missing_from_db,A0A803LTV9,,,
missing_from_db,A0A803LTW0,,,
missing_from_db,A0A803LTX5,,,
missing_from_db,A0A803LTX8,,,
missing_from_db,A0A803LTY0,,,
missing_from_db,A0A803LTY6,,,
missing_from_db,A0A803LU00,,,
missing_from_db,A0A803LU07,,,
missing_from_db,A0A803LU08,,,
missing_from_db,A0A803LU13,,,
missing_from_db,A0A803LU19,,,
missing_from_db,A0A803LU26,,,
missing_from_db,A0A803LU29,,,
missing_from_db,A0A803LU30,,,
missing_from_db,A0A803LU31,,,
missing_from_db,A0A803LU33,,,
missing_from_db,A0A803LU65,,,
missing_from_db,A0A803LU67,,,
missing_from_db,A0A803LU70,,,
missing_from_db,A0A803LU76,,,
missing_from_db,A0A803LU78,,,
missing_from_db,A0A803LU91,,,
missing_from_db,A0A803LU92,,,
missing_from_db,A0A803LU98,,,
missing_from_db,A0A803LUA5,,,
missing_from_db,A0A803LUA6,,,
missing_from_db,A0A803LUA8,,,
missing_from_db,A0A803LUB0,,,
missing_from_db,A0A803LUB1,,,
missing_from_db,A0A803LUB2,,,
missing_from_db,A0A803LUB4,,,
missing_from_db,A0A803LUC2,,,
missing_from_db,A0A803LUC8,,,
missing_from_db,A0A803LUD2,,,
missing_from_db,A0A803LUF1,,,
missing_from_db,A0A803LUF7,,,
missing_from_db,A0A803LUG0,,,
missing_from_db,A0A803LUH1,,,
missing_from_db,A0A803LUH4,,,
missing_from_db,A0A803LUH7,,,
missing_from_db,A0A803LUI0,,,
missing_from_db,A0A803LUI4,,,
missing_from_db,A0A803LUK0,,,
missing_from_db,A0A803LUK1,,,
missing_from_db,A0A803LUK8,,,
missing_from_db,A0A803LUL0,,,
missing_from_db,A0A803LUL1,,,
missing_from_db,A0A803LUL2,,,
missing_from_db,A0A803LUL3,,,
missing_from_db,A0A803LUL4,,,
missing_from_db,A0A803LUM3,,,
missing_from_db,A0A803LUN4,,,
missing_from_db,A0A803LUN9,,,
missing_from_db,A0A803LUP0,,,
missing_from_db,A0A803LUP1,,,
missing_from_db,A0A803LUP3,,,
missing_from_db,A0A803LUP4,,,
missing_from_db,A0A803LUP9,,,
missing_from_db,A0A803LUQ0,,,
missing_from_db,A0A803LUQ1,,,
missing_from_db,A0A803LUQ2,,,
missing_from_db,A0A803LUQ9,,,
missing_from_db,A0A803LUR9,,,
missing_from_db,A0A803LUS0,,,
missing_from_db,A0A803LUS2,,,
missing_from_db,A0A803LUS4,,,
missing_from_db,A0A803LUT7,,,
missing_from_db,A0A803LUU1,,,
missing_from_db,A0A803LUV7,,,
missing_from_db,A0A803LUW6,,,
missing_from_db,A0A803LUW7,,,
missing_from_db,A0A803LUY7,,,
missing_from_db,A0A803LUZ6,,,
missing_from_db,A0A803LV00,,,
missing_from_db,A0A803LV03,,,
missing_from_db,A0A803LV04,,,
missing_from_db,A0A803LV07,,,
missing_from_db,A0A803LV20,,,
missing_from_db,A0A803LV22,,,
missing_from_db,A0A803LV23,,,
missing_from_db,A0A803LV39,,,
missing_from_db,A0A803LV44,,,
missing_from_db,A0A803LV47,,,
missing_from_db,A0A803LV50,,,
missing_from_db,A0A803LV54,,,
missing_from_db,A0A803LV71,,,
missing_from_db,A0A803LV80,,,
missing_from_db,A0A803LV81,,,
missing_from_db,A0A803LV83,,,
missing_from_db,A0A803LV99,,,
missing_from_db,A0A803LVA0,,,
missing_from_db,A0A803LVB2,,,
missing_from_db,A0A803LVB3,,,
missing_from_db,A0A803LVB6,,,
missing_from_db,A0A803LVC4,,,
missing_from_db,A0A803LVC6,,,
missing_from_db,A0A803LVC7,,,
missing_from_db,A0A803LVC9,,,
missing_from_db,A0A803LVD0,,,
missing_from_db,A0A803LVD3,,,
missing_from_db,A0A803LVE5,,,
missing_from_db,A0A803LVF4,,,
missing_from_db,A0A803LVF8,,,
missing_from_db,A0A803LVG3,,,
missing_from_db,A0A803LVH0,,,
missing_from_db,A0A803LVH8,,,
missing_from_db,A0A803LVI1,,,
missing_from_db,A0A803LVI3,,,
missing_from_db,A0A803LVI5,,,
missing_from_db,A0A803LVJ3,,,
missing_from_db,A0A803LVJ5,,,
missing_from_db,A0A803LVK1,,,
missing_from_db,A0A803LVK3,,,
missing_from_db,A0A803LVK4,,,
missing_from_db,A0A803LVK5,,,
missing_from_db,A0A803LVK7,,,
missing_from_db,A0A803LVL0,,,
missing_from_db,A0A803LVL2,,,
missing_from_db,A0A803LVM4,,,
missing_from_db,A0A803LVM7,,,
missing_from_db,A0A803LVN0,,,
missing_from_db,A0A803LVN6,,,
missing_from_db,A0A803LVN7,,,
missing_from_db,A0A803LVN9,,,
missing_from_db,A0A803LVP0,,,
missing_from_db,A0A803LVP8,,,
missing_from_db,A0A803LVQ2,,,
missing_from_db,A0A803LVR1,,,
missing_from_db,A0A803LVT3,,,
missing_from_db,A0A803LVT8,,,
missing_from_db,A0A803LVT9,,,
missing_from_db,A0A803LVU0,,,
missing_from_db,A0A803LVU8,,,
missing_from_db,A0A803LVV4,,,
missing_from_db,A0A803LVV8,,,
missing_from_db,A0A803LVW0,,,
missing_from_db,A0A803LVW5,,,
missing_from_db,A0A803LVX0,,,
missing_from_db,A0A803LVX3,,,
missing_from_db,A0A803LVX4,,,
missing_from_db,A0A803LVX6,,,
missing_from_db,A0A803LVY0,,,
missing_from_db,A0A803LVY1,,,
missing_from_db,A0A803LVZ0,,,
missing_from_db,A0A803LVZ7,,,
missing_from_db,A0A803LW01,,,
missing_from_db,A0A803LW06,,,
missing_from_db,A0A803LW08,,,
missing_from_db,A0A803LW09,,,
missing_from_db,A0A803LW36,,,
missing_from_db,A0A803LW37,,,
missing_from_db,A0A803LW43,,,
missing_from_db,A0A803LW48,,,
missing_from_db,A0A803LW58,,,
missing_from_db,A0A803LW63,,,
missing_from_db,A0A803LW71,,,
missing_from_db,A0A803LW76,,,
missing_from_db,A0A803LW77,,,
missing_from_db,A0A803LW84,,,
missing_from_db,A0A803LW87,,,
missing_from_db,A0A803LW89,,,
missing_from_db,A0A803LW99,,,
missing_from_db,A0A803LWA4,,,
missing_from_db,A0A803LWA5,,,
missing_from_db,A0A803LWA8,,,
missing_from_db,A0A803LWC7,,,
missing_from_db,A0A803LWD4,,,
missing_from_db,A0A803LWE2,,,
missing_from_db,A0A803LWE4,,,
missing_from_db,A0A803LWE5,,,
missing_from_db,A0A803LWE7,,,
missing_from_db,A0A803LWF7,,,
missing_from_db,A0A803LWG8,,,
missing_from_db,A0A803LWG9,,,
missing_from_db,A0A803LWH6,,,
missing_from_db,A0A803LWH8,,,
missing_from_db,A0A803LWI9,,,
missing_from_db,A0A803LWJ6,,,
missing_from_db,A0A803LWJ7,,,
missing_from_db,A0A803LWJ8,,,
missing_from_db,A0A803LWK2,,,
missing_from_db,A0A803LWK4,,,
missing_from_db,A0A803LWK5,,,
missing_from_db,A0A803LWL3,,,
missing_from_db,A0A803LWM1,,,
missing_from_db,A0A803LWN0,,,
missing_from_db,A0A803LWN7,,,
missing_from_db,A0A803LWP1,,,
missing_from_db,A0A803LWP2,,,
missing_from_db,A0A803LWP5,,,
missing_from_db,A0A803LWR9,,,
missing_from_db,A0A803LWS2,,,
missing_from_db,A0A803LWS6,,,
missing_from_db,A0A803LWT0,,,
missing_from_db,A0A803LWT1,,,
missing_from_db,A0A803LWT5,,,
missing_from_db,A0A803LWT9,,,
missing_from_db,A0A803LWV0,,,
missing_from_db,A0A803LWW5,,,
missing_from_db,A0A803LWW9,,,
missing_from_db,A0A803LWX3,,,
missing_from_db,A0A803LWX9,,,
missing_from_db,A0A803LWY1,,,
missing_from_db,A0A803LWY5,,,
missing_from_db,A0A803LWY6,,,
missing_from_db,A0A803LWZ1,,,
missing_from_db,A0A803LWZ3,,,
missing_from_db,A0A803LWZ4,,,
missing_from_db,A0A803LWZ7,,,
missing_from_db,A0A803LX01,,,
missing_from_db,A0A803LX06,,,
missing_from_db,A0A803LX07,,,
missing_from_db,A0A803LX09,,,
missing_from_db,A0A803LX16,,,
missing_from_db,A0A803LX18,,,
missing_from_db,A0A803LX22,,,
missing_from_db,A0A803LX24,,,
missing_from_db,A0A803LX26,,,
missing_from_db,A0A803LX27,,,
missing_from_db,A0A803LX28,,,
missing_from_db,A0A803LX53,,,
missing_from_db,A0A803LX54,,,
missing_from_db,A0A803LX65,,,
missing_from_db,A0A803LX77,,,
missing_from_db,A0A803LX82,,,
missing_from_db,A0A803LX84,,,
missing_from_db,A0A803LX93,,,
missing_from_db,A0A803LX95,,,
missing_from_db,A0A803LXC2,,,
missing_from_db,A0A803LXD3,,,
missing_from_db,A0A803LXE1,,,
missing_from_db,A0A803LXF1,,,
missing_from_db,A0A803LXG1,,,
missing_from_db,A0A803LXG4,,,
missing_from_db,A0A803LXI2,,,
missing_from_db,A0A803LXI3,,,
missing_from_db,A0A803LXJ0,,,
missing_from_db,A0A803LXJ3,,,
missing_from_db,A0A803LXJ4,,,
missing_from_db,A0A803LXJ6,,,
missing_from_db,A0A803LXJ8,,,
missing_from_db,A0A803LXK0,,,
missing_from_db,A0A803LXM8,,,
missing_from_db,A0A803LXN5,,,
missing_from_db,A0A803LXN6,,,
missing_from_db,A0A803LXP1,,,
missing_from_db,A0A803LXP9,,,
missing_from_db,A0A803LXQ2,,,
missing_from_db,A0A803LXQ3,,,
missing_from_db,A0A803LXQ4,,,
missing_from_db,A0A803LXQ6,,,
missing_from_db,A0A803LXQ7,,,
missing_from_db,A0A803LXR5,,,
missing_from_db,A0A803LXS1,,,
missing_from_db,A0A803LXS2,,,
missing_from_db,A0A803LXS3,,,
missing_from_db,A0A803LXT4,,,
missing_from_db,A0A803LXU6,,,
missing_from_db,A0A803LXV9,,,
missing_from_db,A0A803LXW0,,,
missing_from_db,A0A803LXW1,,,
missing_from_db,A0A803LXW5,,,
missing_from_db,A0A803LXX1,,,
missing_from_db,A0A803LXX3,,,
missing_from_db,A0A803LXY5,,,
missing_from_db,A0A803LXY7,,,
missing_from_db,A0A803LXZ3,,,
missing_from_db,A0A803LXZ4,,,
missing_from_db,A0A803LXZ6,,,
missing_from_db,A0A803LXZ8,,,
missing_from_db,A0A803LY06,,,
missing_from_db,A0A803LY13,,,
missing_from_db,A0A803LY14,,,
missing_from_db,A0A803LY15,,,
missing_from_db,A0A803LY34,,,
missing_from_db,A0A803LY44,,,
missing_from_db,A0A803LY45,,,
missing_from_db,A0A803LY46,,,
missing_from_db,A0A803LY50,,,
missing_from_db,A0A803LY52,,,
missing_from_db,A0A803LY66,,,
missing_from_db,A0A803LY67,,,
missing_from_db,A0A803LY68,,,
missing_from_db,A0A803LY71,,,
missing_from_db,A0A803LY76,,,
missing_from_db,A0A803LY81,,,
missing_from_db,A0A803LY84,,,
missing_from_db,A0A803LY99,,,
missing_from_db,A0A803LYA5,,,
missing_from_db,A0A803LYB9,,,
missing_from_db,A0A803LYD0,,,
missing_from_db,A0A803LYD2,,,
missing_from_db,A0A803LYE6,,,
missing_from_db,A0A803LYE7,,,
missing_from_db,A0A803LYF1,,,
missing_from_db,A0A803LYF7,,,
missing_from_db,A0A803LYG2,,,
missing_from_db,A0A803LYH6,,,
missing_from_db,A0A803LYH7,,,
missing_from_db,A0A803LYH9,,,
missing_from_db,A0A803LYI1,,,
missing_from_db,A0A803LYI3,,,
missing_from_db,A0A803LYI5,,,
missing_from_db,A0A803LYJ4,,,
missing_from_db,A0A803LYJ5,,,
missing_from_db,A0A803LYK1,,,
missing_from_db,A0A803LYL6,,,
missing_from_db,A0A803LYM3,,,
missing_from_db,A0A803LYM7,,,
missing_from_db,A0A803LYN1,,,
missing_from_db,A0A803LYN2,,,
missing_from_db,A0A803LYN6,,,
missing_from_db,A0A803LYN9,,,
missing_from_db,A0A803LYP1,,,
missing_from_db,A0A803LYP3,,,
missing_from_db,A0A803LYP8,,,
missing_from_db,A0A803LYQ0,,,
missing_from_db,A0A803LYQ4,,,
missing_from_db,A0A803LYR2,,,
missing_from_db,A0A803LYR8,,,
missing_from_db,A0A803LYS1,,,
missing_from_db,A0A803LYS7,,,
missing_from_db,A0A803LYS8,,,
missing_from_db,A0A803LYT1,,,
missing_from_db,A0A803LYT7,,,
missing_from_db,A0A803LYU3,,,
missing_from_db,A0A803LYU4,,,
missing_from_db,A0A803LYU9,,,
missing_from_db,A0A803LYV0,,,
missing_from_db,A0A803LYV3,,,
missing_from_db,A0A803LYV8,,,
missing_from_db,A0A803LYW2,,,
missing_from_db,A0A803LYW9,,,
missing_from_db,A0A803LYX7,,,
missing_from_db,A0A803LYY2,,,
missing_from_db,A0A803LYY3,,,
missing_from_db,A0A803LYY6,,,
missing_from_db,A0A803LYY9,,,
missing_from_db,A0A803LYZ3,,,
missing_from_db,A0A803LYZ8,,,
missing_from_db,A0A803LZ01,,,
missing_from_db,A0A803LZ12,,,
missing_from_db,A0A803LZ14,,,
missing_from_db,A0A803LZ21,,,
missing_from_db,A0A803LZ23,,,
missing_from_db,A0A803LZ27,,,
missing_from_db,A0A803LZ31,,,
missing_from_db,A0A803LZ35,,,
missing_from_db,A0A803LZ36,,,
missing_from_db,A0A803LZ38,,,
missing_from_db,A0A803LZ40,,,
missing_from_db,A0A803LZ42,,,
missing_from_db,A0A803LZ50,,,
missing_from_db,A0A803LZ52,,,
missing_from_db,A0A803LZ56,,,
missing_from_db,A0A803LZ57,,,
missing_from_db,A0A803LZ91,,,
missing_from_db,A0A803LZA5,,,
missing_from_db,A0A803LZB4,,,
missing_from_db,A0A803LZD5,,,
missing_from_db,A0A803LZD9,,,
missing_from_db,A0A803LZE5,,,
missing_from_db,A0A803LZF5,,,
missing_from_db,A0A803LZG2,,,
missing_from_db,A0A803LZG3,,,
missing_from_db,A0A803LZG5,,,
missing_from_db,A0A803LZG8,,,
missing_from_db,A0A803LZH1,,,
missing_from_db,A0A803LZH2,,,
missing_from_db,A0A803LZH6,,,
missing_from_db,A0A803LZH9,,,
missing_from_db,A0A803LZI1,,,
missing_from_db,A0A803LZI2,,,
missing_from_db,A0A803LZI3,,,
missing_from_db,A0A803LZI8,,,
missing_from_db,A0A803LZI9,,,
missing_from_db,A0A803LZJ0,,,
missing_from_db,A0A803LZJ1,,,
missing_from_db,A0A803LZJ2,,,
missing_from_db,A0A803LZJ6,,,
missing_from_db,A0A803LZK0,,,
missing_from_db,A0A803LZK2,,,
missing_from_db,A0A803LZK3,,,
missing_from_db,A0A803LZL3,,,
missing_from_db,A0A803LZL6,,,
missing_from_db,A0A803LZM1,,,
missing_from_db,A0A803LZM2,,,
missing_from_db,A0A803LZM7,,,
missing_from_db,A0A803LZN2,,,
missing_from_db,A0A803LZN3,,,
missing_from_db,A0A803LZN8,,,
missing_from_db,A0A803LZQ4,,,
missing_from_db,A0A803LZR7,,,
missing_from_db,A0A803LZS2,,,
missing_from_db,A0A803LZS3,,,
missing_from_db,A0A803LZS7,,,
missing_from_db,A0A803LZT3,,,
missing_from_db,A0A803LZT6,,,
missing_from_db,A0A803LZU0,,,
missing_from_db,A0A803LZU1,,,
missing_from_db,A0A803LZU3,,,
missing_from_db,A0A803LZU4,,,
missing_from_db,A0A803LZV0,,,
missing_from_db,A0A803LZV7,,,
missing_from_db,A0A803LZV8,,,
missing_from_db,A0A803LZX2,,,
missing_from_db,A0A803LZX4,,,
missing_from_db,A0A803LZY2,,,
missing_from_db,A0A803LZY6,,,
missing_from_db,A0A803LZY9,,,
missing_from_db,A0A803LZZ8,,,
missing_from_db,A0A803M001,,,
missing_from_db,A0A803M002,,,
missing_from_db,A0A803M003,,,
missing_from_db,A0A803M005,,,
missing_from_db,A0A803M014,,,
missing_from_db,A0A803M015,,,
missing_from_db,A0A803M017,,,
missing_from_db,A0A803M018,,,
missing_from_db,A0A803M019,,,
missing_from_db,A0A803M022,,,
missing_from_db,A0A803M026,,,
missing_from_db,A0A803M029,,,
missing_from_db,A0A803M033,,,
missing_from_db,A0A803M036,,,
missing_from_db,A0A803M045,,,
missing_from_db,A0A803M046,,,
missing_from_db,A0A803M048,,,
missing_from_db,A0A803M050,,,
missing_from_db,A0A803M058,,,
missing_from_db,A0A803M079,,,
missing_from_db,A0A803M082,,,
missing_from_db,A0A803M085,,,
missing_from_db,A0A803M089,,,
missing_from_db,A0A803M090,,,
missing_from_db,A0A803M0A1,,,
missing_from_db,A0A803M0A3,,,
missing_from_db,A0A803M0A9,,,
missing_from_db,A0A803M0B1,,,
missing_from_db,A0A803M0D0,,,
missing_from_db,A0A803M0D9,,,
missing_from_db,A0A803M0G2,,,
missing_from_db,A0A803M0G4,,,
missing_from_db,A0A803M0G5,,,
missing_from_db,A0A803M0G9,,,
missing_from_db,A0A803M0H2,,,
missing_from_db,A0A803M0H3,,,
missing_from_db,A0A803M0H6,,,
missing_from_db,A0A803M0H8,,,
missing_from_db,A0A803M0I5,,,
missing_from_db,A0A803M0I8,,,
missing_from_db,A0A803M0I9,,,
missing_from_db,A0A803M0J1,,,
missing_from_db,A0A803M0J2,,,
missing_from_db,A0A803M0J9,,,
missing_from_db,A0A803M0K2,,,
missing_from_db,A0A803M0K7,,,
missing_from_db,A0A803M0L1,,,
missing_from_db,A0A803M0L2,,,
missing_from_db,A0A803M0L4,,,
missing_from_db,A0A803M0M0,,,
missing_from_db,A0A803M0M2,,,
missing_from_db,A0A803M0M4,,,
missing_from_db,A0A803M0N1,,,
missing_from_db,A0A803M0N3,,,
missing_from_db,A0A803M0P2,,,
missing_from_db,A0A803M0Q2,,,
missing_from_db,A0A803M0Q5,,,
missing_from_db,A0A803M0Q8,,,
missing_from_db,A0A803M0Q9,,,
missing_from_db,A0A803M0S2,,,
missing_from_db,A0A803M0T0,,,
missing_from_db,A0A803M0T3,,,
missing_from_db,A0A803M0U0,,,
missing_from_db,A0A803M0U1,,,
missing_from_db,A0A803M0U6,,,
missing_from_db,A0A803M0V2,,,
missing_from_db,A0A803M0V3,,,
missing_from_db,A0A803M0V4,,,
missing_from_db,A0A803M0W5,,,
missing_from_db,A0A803M0W6,,,
missing_from_db,A0A803M0X0,,,
missing_from_db,A0A803M0X4,,,
missing_from_db,A0A803M0X7,,,
missing_from_db,A0A803M0Y5,,,
missing_from_db,A0A803M0Y6,,,
missing_from_db,A0A803M0Y8,,,
missing_from_db,A0A803M0Z4,,,
missing_from_db,A0A803M0Z6,,,
missing_from_db,A0A803M0Z7,,,
missing_from_db,A0A803M104,,,
missing_from_db,A0A803M105,,,
missing_from_db,A0A803M107,,,
missing_from_db,A0A803M108,,,
missing_from_db,A0A803M111,,,
missing_from_db,A0A803M125,,,
missing_from_db,A0A803M130,,,
missing_from_db,A0A803M131,,,
missing_from_db,A0A803M132,,,
missing_from_db,A0A803M138,,,
missing_from_db,A0A803M142,,,
missing_from_db,A0A803M147,,,
missing_from_db,A0A803M149,,,
missing_from_db,A0A803M150,,,
missing_from_db,A0A803M151,,,
missing_from_db,A0A803M160,,,
missing_from_db,A0A803M163,,,
missing_from_db,A0A803M164,,,
missing_from_db,A0A803M168,,,
missing_from_db,A0A803M173,,,
missing_from_db,A0A803M178,,,
missing_from_db,A0A803M179,,,
missing_from_db,A0A803M181,,,
missing_from_db,A0A803M187,,,
missing_from_db,A0A803M192,,,
missing_from_db,A0A803M194,,,
missing_from_db,A0A803M195,,,
missing_from_db,A0A803M199,,,
missing_from_db,A0A803M1A1,,,
missing_from_db,A0A803M1A2,,,
missing_from_db,A0A803M1A3,,,
missing_from_db,A0A803M1B5,,,
missing_from_db,A0A803M1B9,,,
missing_from_db,A0A803M1D1,,,
missing_from_db,A0A803M1E1,,,
missing_from_db,A0A803M1E3,,,
missing_from_db,A0A803M1E5,,,
missing_from_db,A0A803M1E6,,,
missing_from_db,A0A803M1E7,,,
missing_from_db,A0A803M1E8,,,
missing_from_db,A0A803M1E9,,,
missing_from_db,A0A803M1F5,,,
missing_from_db,A0A803M1F6,,,
missing_from_db,A0A803M1G4,,,
missing_from_db,A0A803M1G7,,,
missing_from_db,A0A803M1G8,,,
missing_from_db,A0A803M1H3,,,
missing_from_db,A0A803M1H6,,,
missing_from_db,A0A803M1I1,,,
missing_from_db,A0A803M1I5,,,
missing_from_db,A0A803M1J1,,,
missing_from_db,A0A803M1J3,,,
missing_from_db,A0A803M1K4,,,
missing_from_db,A0A803M1K8,,,
missing_from_db,A0A803M1L2,,,
missing_from_db,A0A803M1M6,,,
missing_from_db,A0A803M1M7,,,
missing_from_db,A0A803M1N5,,,
missing_from_db,A0A803M1N7,,,
missing_from_db,A0A803M1P3,,,
missing_from_db,A0A803M1P9,,,
missing_from_db,A0A803M1Q0,,,
missing_from_db,A0A803M1Q2,,,
missing_from_db,A0A803M1R0,,,
missing_from_db,A0A803M1R3,,,
missing_from_db,A0A803M1R4,,,
missing_from_db,A0A803M1S3,,,
missing_from_db,A0A803M1T2,,,
missing_from_db,A0A803M1T5,,,
missing_from_db,A0A803M1U8,,,
missing_from_db,A0A803M1V0,,,
missing_from_db,A0A803M1V2,,,
missing_from_db,A0A803M1W0,,,
missing_from_db,A0A803M1W4,,,
missing_from_db,A0A803M1W7,,,
missing_from_db,A0A803M1W8,,,
missing_from_db,A0A803M1X0,,,
missing_from_db,A0A803M1X1,,,
missing_from_db,A0A803M1Y2,,,
missing_from_db,A0A803M1Z0,,,
missing_from_db,A0A803M216,,,
missing_from_db,A0A803M226,,,
missing_from_db,A0A803M230,,,
missing_from_db,A0A803M233,,,
missing_from_db,A0A803M238,,,
missing_from_db,A0A803M239,,,
missing_from_db,A0A803M240,,,
missing_from_db,A0A803M241,,,
missing_from_db,A0A803M242,,,
missing_from_db,A0A803M247,,,
missing_from_db,A0A803M248,,,
missing_from_db,A0A803M250,,,
missing_from_db,A0A803M253,,,
missing_from_db,A0A803M254,,,
missing_from_db,A0A803M256,,,
missing_from_db,A0A803M271,,,
missing_from_db,A0A803M274,,,
missing_from_db,A0A803M283,,,
missing_from_db,A0A803M288,,,
missing_from_db,A0A803M2A1,,,
missing_from_db,A0A803M2A3,,,
missing_from_db,A0A803M2B3,,,
missing_from_db,A0A803M2B6,,,
missing_from_db,A0A803M2B8,,,
missing_from_db,A0A803M2C6,,,
missing_from_db,A0A803M2C7,,,
missing_from_db,A0A803M2E0,,,
missing_from_db,A0A803M2E6,,,
missing_from_db,A0A803M2F3,,,
missing_from_db,A0A803M2F5,,,
missing_from_db,A0A803M2G5,,,
missing_from_db,A0A803M2G7,,,
missing_from_db,A0A803M2H0,,,
missing_from_db,A0A803M2I8,,,
missing_from_db,A0A803M2J1,,,
missing_from_db,A0A803M2K2,,,
missing_from_db,A0A803M2K3,,,
missing_from_db,A0A803M2K7,,,
missing_from_db,A0A803M2L1,,,
missing_from_db,A0A803M2L3,,,
missing_from_db,A0A803M2L8,,,
missing_from_db,A0A803M2M4,,,
missing_from_db,A0A803M2N3,,,
missing_from_db,A0A803M2N8,,,
missing_from_db,A0A803M2P1,,,
missing_from_db,A0A803M2P5,,,
missing_from_db,A0A803M2S6,,,
missing_from_db,A0A803M2T6,,,
missing_from_db,A0A803M2T8,,,
missing_from_db,A0A803M2U0,,,
missing_from_db,A0A803M2V0,,,
missing_from_db,A0A803M2V3,,,
missing_from_db,A0A803M2W4,,,
missing_from_db,A0A803M2X6,,,
missing_from_db,A0A803M2Z7,,,
missing_from_db,A0A803M306,,,
missing_from_db,A0A803M309,,,
missing_from_db,A0A803M311,,,
missing_from_db,A0A803M317,,,
missing_from_db,A0A803M318,,,
missing_from_db,A0A803M320,,,
missing_from_db,A0A803M323,,,
missing_from_db,A0A803M329,,,
missing_from_db,A0A803M330,,,
missing_from_db,A0A803M336,,,
missing_from_db,A0A803M339,,,
missing_from_db,A0A803M343,,,
missing_from_db,A0A803M348,,,
missing_from_db,A0A803M357,,,
missing_from_db,A0A803M360,,,
missing_from_db,A0A803M367,,,
missing_from_db,A0A803M370,,,
missing_from_db,A0A803M372,,,
missing_from_db,A0A803M378,,,
missing_from_db,A0A803M379,,,
missing_from_db,A0A803M384,,,
missing_from_db,A0A803M387,,,
missing_from_db,A0A803M391,,,
missing_from_db,A0A803M397,,,
missing_from_db,A0A803M3B0,,,
missing_from_db,A0A803M3B1,,,
missing_from_db,A0A803M3B2,,,
missing_from_db,A0A803M3B3,,,
missing_from_db,A0A803M3B6,,,
missing_from_db,A0A803M3C6,,,
missing_from_db,A0A803M3D6,,,
missing_from_db,A0A803M3E1,,,
missing_from_db,A0A803M3F2,,,
missing_from_db,A0A803M3G3,,,
missing_from_db,A0A803M3H1,,,
missing_from_db,A0A803M3H3,,,
missing_from_db,A0A803M3H4,,,
missing_from_db,A0A803M3H5,,,
missing_from_db,A0A803M3I5,,,
missing_from_db,A0A803M3I7,,,
missing_from_db,A0A803M3K5,,,
missing_from_db,A0A803M3L8,,,
missing_from_db,A0A803M3M0,,,
missing_from_db,A0A803M3M8,,,
missing_from_db,A0A803M3M9,,,
missing_from_db,A0A803M3P5,,,
missing_from_db,A0A803M3Q1,,,
missing_from_db,A0A803M3R0,,,
missing_from_db,A0A803M3R1,,,
missing_from_db,A0A803M3R4,,,
missing_from_db,A0A803M3S3,,,
missing_from_db,A0A803M3S7,,,
missing_from_db,A0A803M3S8,,,
missing_from_db,A0A803M3T1,,,
missing_from_db,A0A803M3T7,,,
missing_from_db,A0A803M3U3,,,
missing_from_db,A0A803M3V2,,,
missing_from_db,A0A803M3V3,,,
missing_from_db,A0A803M3V8,,,
missing_from_db,A0A803M3W5,,,
missing_from_db,A0A803M3X3,,,
missing_from_db,A0A803M3X9,,,
missing_from_db,A0A803M3Y5,,,
missing_from_db,A0A803M3Z5,,,
missing_from_db,A0A803M403,,,
missing_from_db,A0A803M435,,,
missing_from_db,A0A803M445,,,
missing_from_db,A0A803M450,,,
missing_from_db,A0A803M459,,,
missing_from_db,A0A803M491,,,
missing_from_db,A0A803M4A2,,,
missing_from_db,A0A803M4A5,,,
missing_from_db,A0A803M4A7,,,
missing_from_db,A0A803M4A8,,,
missing_from_db,A0A803M4A9,,,
missing_from_db,A0A803M4B7,,,
missing_from_db,A0A803M4B8,,,
missing_from_db,A0A803M4C0,,,
missing_from_db,A0A803M4D5,,,
missing_from_db,A0A803M4D9,,,
missing_from_db,A0A803M4E5,,,
missing_from_db,A0A803M4E8,,,
missing_from_db,A0A803M4F4,,,
missing_from_db,A0A803M4F5,,,
missing_from_db,A0A803M4F8,,,
missing_from_db,A0A803M4H6,,,
missing_from_db,A0A803M4H9,,,
missing_from_db,A0A803M4I4,,,
missing_from_db,A0A803M4I5,,,
missing_from_db,A0A803M4I6,,,
missing_from_db,A0A803M4J0,,,
missing_from_db,A0A803M4J1,,,
missing_from_db,A0A803M4J3,,,
missing_from_db,A0A803M4J9,,,
missing_from_db,A0A803M4K1,,,
missing_from_db,A0A803M4M2,,,
missing_from_db,A0A803M4M7,,,
missing_from_db,A0A803M4P4,,,
missing_from_db,A0A803M4P6,,,
missing_from_db,A0A803M4Q4,,,
missing_from_db,A0A803M4R1,,,
missing_from_db,A0A803M4R2,,,
missing_from_db,A0A803M4S6,,,
missing_from_db,A0A803M4T2,,,
missing_from_db,A0A803M4T6,,,
missing_from_db,A0A803M4U4,,,
missing_from_db,A0A803M4U6,,,
missing_from_db,A0A803M4U8,,,
missing_from_db,A0A803M4V4,,,
missing_from_db,A0A803M4V7,,,
missing_from_db,A0A803M4W1,,,
missing_from_db,A0A803M4W2,,,
missing_from_db,A0A803M4W5,,,
missing_from_db,A0A803M4W8,,,
missing_from_db,A0A803M4X1,,,
missing_from_db,A0A803M4X4,,,
missing_from_db,A0A803M4Y3,,,
missing_from_db,A0A803M4Y4,,,
missing_from_db,A0A803M4Y5,,,
missing_from_db,A0A803M4Z4,,,
missing_from_db,A0A803M511,,,
missing_from_db,A0A803M527,,,
missing_from_db,A0A803M534,,,
missing_from_db,A0A803M536,,,
missing_from_db,A0A803M537,,,
missing_from_db,A0A803M539,,,
missing_from_db,A0A803M545,,,
missing_from_db,A0A803M554,,,
missing_from_db,A0A803M565,,,
missing_from_db,A0A803M567,,,
missing_from_db,A0A803M568,,,
missing_from_db,A0A803M570,,,
missing_from_db,A0A803M578,,,
missing_from_db,A0A803M582,,,
missing_from_db,A0A803M589,,,
missing_from_db,A0A803M5A0,,,
missing_from_db,A0A803M5A4,,,
missing_from_db,A0A803M5A9,,,
missing_from_db,A0A803M5B2,,,
missing_from_db,A0A803M5B4,,,
missing_from_db,A0A803M5B6,,,
missing_from_db,A0A803M5B9,,,
missing_from_db,A0A803M5C2,,,
missing_from_db,A0A803M5C3,,,
missing_from_db,A0A803M5D4,,,
missing_from_db,A0A803M5D5,,,
missing_from_db,A0A803M5D7,,,
missing_from_db,A0A803M5E1,,,
missing_from_db,A0A803M5E2,,,
missing_from_db,A0A803M5E4,,,
missing_from_db,A0A803M5E9,,,
missing_from_db,A0A803M5F0,,,
missing_from_db,A0A803M5F3,,,
missing_from_db,A0A803M5F9,,,
missing_from_db,A0A803M5G8,,,
missing_from_db,A0A803M5H5,,,
missing_from_db,A0A803M5H6,,,
missing_from_db,A0A803M5H7,,,
missing_from_db,A0A803M5I5,,,
missing_from_db,A0A803M5K3,,,
missing_from_db,A0A803M5K4,,,
missing_from_db,A0A803M5K6,,,
missing_from_db,A0A803M5K9,,,
missing_from_db,A0A803M5L0,,,
missing_from_db,A0A803M5L1,,,
missing_from_db,A0A803M5L3,,,
missing_from_db,A0A803M5M4,,,
missing_from_db,A0A803M5N4,,,
missing_from_db,A0A803M5N7,,,
missing_from_db,A0A803M5N8,,,
missing_from_db,A0A803M5P0,,,
missing_from_db,A0A803M5P2,,,
missing_from_db,A0A803M5S2,,,
missing_from_db,A0A803M5S6,,,
missing_from_db,A0A803M5S8,,,
missing_from_db,A0A803M5S9,,,
missing_from_db,A0A803M5T1,,,
missing_from_db,A0A803M5T6,,,
missing_from_db,A0A803M5T7,,,
missing_from_db,A0A803M5U0,,,
missing_from_db,A0A803M5U4,,,
missing_from_db,A0A803M5U9,,,
missing_from_db,A0A803M5V4,,,
missing_from_db,A0A803M5V6,,,
missing_from_db,A0A803M5W2,,,
missing_from_db,A0A803M5W3,,,
missing_from_db,A0A803M5W7,,,
missing_from_db,A0A803M5X0,,,
missing_from_db,A0A803M5X1,,,
missing_from_db,A0A803M5X2,,,
missing_from_db,A0A803M5X5,,,
missing_from_db,A0A803M5X6,,,
missing_from_db,A0A803M5X7,,,
missing_from_db,A0A803M5X8,,,
missing_from_db,A0A803M5X9,,,
missing_from_db,A0A803M5Z2,,,
missing_from_db,A0A803M609,,,
missing_from_db,A0A803M613,,,
missing_from_db,A0A803M616,,,
missing_from_db,A0A803M623,,,
missing_from_db,A0A803M637,,,
missing_from_db,A0A803M638,,,
missing_from_db,A0A803M646,,,
missing_from_db,A0A803M671,,,
missing_from_db,A0A803M681,,,
missing_from_db,A0A803M6A8,,,
missing_from_db,A0A803M6B2,,,
missing_from_db,A0A803M6B9,,,
missing_from_db,A0A803M6C1,,,
missing_from_db,A0A803M6C9,,,
missing_from_db,A0A803M6F9,,,
missing_from_db,A0A803M6G1,,,
missing_from_db,A0A803M6G3,,,
missing_from_db,A0A803M6H6,,,
missing_from_db,A0A803M6H9,,,
missing_from_db,A0A803M6I0,,,
missing_from_db,A0A803M6I2,,,
missing_from_db,A0A803M6I3,,,
missing_from_db,A0A803M6I6,,,
missing_from_db,A0A803M6J3,,,
missing_from_db,A0A803M6J6,,,
missing_from_db,A0A803M6J8,,,
missing_from_db,A0A803M6K1,,,
missing_from_db,A0A803M6K7,,,
missing_from_db,A0A803M6L4,,,
missing_from_db,A0A803M6L8,,,
missing_from_db,A0A803M6M7,,,
missing_from_db,A0A803M6N2,,,
missing_from_db,A0A803M6N4,,,
missing_from_db,A0A803M6N7,,,
missing_from_db,A0A803M6N9,,,
missing_from_db,A0A803M6P6,,,
missing_from_db,A0A803M6P8,,,
missing_from_db,A0A803M6Q7,,,
missing_from_db,A0A803M6Q8,,,
missing_from_db,A0A803M6R1,,,
missing_from_db,A0A803M6T5,,,
missing_from_db,A0A803M6T8,,,
missing_from_db,A0A803M6V0,,,
missing_from_db,A0A803M6V1,,,
missing_from_db,A0A803M6V5,,,
missing_from_db,A0A803M6W2,,,
missing_from_db,A0A803M6X2,,,
missing_from_db,A0A803M6X3,,,
missing_from_db,A0A803M6X6,,,
missing_from_db,A0A803M6X9,,,
missing_from_db,A0A803M6Y2,,,
missing_from_db,A0A803M6Y4,,,
missing_from_db,A0A803M6Y7,,,
missing_from_db,A0A803M6Y8,,,
missing_from_db,A0A803M6Z0,,,
missing_from_db,A0A803M717,,,
missing_from_db,A0A803M719,,,
missing_from_db,A0A803M721,,,
missing_from_db,A0A803M724,,,
missing_from_db,A0A803M726,,,
missing_from_db,A0A803M727,,,
missing_from_db,A0A803M728,,,
missing_from_db,A0A803M730,,,
missing_from_db,A0A803M737,,,
missing_from_db,A0A803M740,,,
missing_from_db,A0A803M746,,,
missing_from_db,A0A803M748,,,
missing_from_db,A0A803M752,,,
missing_from_db,A0A803M788,,,
missing_from_db,A0A803M789,,,
missing_from_db,A0A803M791,,,
missing_from_db,A0A803M7A5,,,
missing_from_db,A0A803M7B2,,,
missing_from_db,A0A803M7C7,,,
missing_from_db,A0A803M7C8,,,
missing_from_db,A0A803M7D1,,,
missing_from_db,A0A803M7D2,,,
missing_from_db,A0A803M7D6,,,
missing_from_db,A0A803M7D7,,,
missing_from_db,A0A803M7E3,,,
missing_from_db,A0A803M7E6,,,
missing_from_db,A0A803M7G2,,,
missing_from_db,A0A803M7H4,,,
missing_from_db,A0A803M7H7,,,
missing_from_db,A0A803M7I0,,,
missing_from_db,A0A803M7I4,,,
missing_from_db,A0A803M7I7,,,
missing_from_db,A0A803M7J5,,,
missing_from_db,A0A803M7K8,,,
missing_from_db,A0A803M7L8,,,
missing_from_db,A0A803M7M6,,,
missing_from_db,A0A803M7M8,,,
missing_from_db,A0A803M7M9,,,
missing_from_db,A0A803M7N0,,,
missing_from_db,A0A803M7N5,,,
missing_from_db,A0A803M7P3,,,
missing_from_db,A0A803M7P7,,,
missing_from_db,A0A803M7P8,,,
missing_from_db,A0A803M7Q1,,,
missing_from_db,A0A803M7Q6,,,
missing_from_db,A0A803M7Q7,,,
missing_from_db,A0A803M7Q8,,,
missing_from_db,A0A803M7Q9,,,
missing_from_db,A0A803M7R0,,,
missing_from_db,A0A803M7R1,,,
missing_from_db,A0A803M7R2,,,
missing_from_db,A0A803M7R7,,,
missing_from_db,A0A803M7R9,,,
missing_from_db,A0A803M7S3,,,
missing_from_db,A0A803M7S5,,,
missing_from_db,A0A803M7T4,,,
missing_from_db,A0A803M7U2,,,
missing_from_db,A0A803M7U4,,,
missing_from_db,A0A803M7V7,,,
missing_from_db,A0A803M7W3,,,
missing_from_db,A0A803M7W6,,,
missing_from_db,A0A803M7X3,,,
missing_from_db,A0A803M7Z5,,,
missing_from_db,A0A803M802,,,
missing_from_db,A0A803M804,,,
missing_from_db,A0A803M806,,,
missing_from_db,A0A803M808,,,
missing_from_db,A0A803M809,,,
missing_from_db,A0A803M811,,,
missing_from_db,A0A803M812,,,
missing_from_db,A0A803M813,,,
missing_from_db,A0A803M818,,,
missing_from_db,A0A803M819,,,
missing_from_db,A0A803M824,,,
missing_from_db,A0A803M845,,,
missing_from_db,A0A803M850,,,
missing_from_db,A0A803M852,,,
missing_from_db,A0A803M855,,,
missing_from_db,A0A803M864,,,
missing_from_db,A0A803M865,,,
missing_from_db,A0A803M871,,,
missing_from_db,A0A803M887,,,
missing_from_db,A0A803M888,,,
missing_from_db,A0A803M891,,,
missing_from_db,A0A803M8A3,,,
missing_from_db,A0A803M8B7,,,
missing_from_db,A0A803M8B8,,,
missing_from_db,A0A803M8C2,,,
missing_from_db,A0A803M8D6,,,
missing_from_db,A0A803M8D7,,,
missing_from_db,A0A803M8E2,,,
missing_from_db,A0A803M8E5,,,
missing_from_db,A0A803M8E7,,,
missing_from_db,A0A803M8E8,,,
missing_from_db,A0A803M8F5,,,
missing_from_db,A0A803M8F6,,,
missing_from_db,A0A803M8F9,,,
missing_from_db,A0A803M8G1,,,
missing_from_db,A0A803M8G7,,,
missing_from_db,A0A803M8I1,,,
missing_from_db,A0A803M8I2,,,
missing_from_db,A0A803M8I3,,,
missing_from_db,A0A803M8I4,,,
missing_from_db,A0A803M8I6,,,
missing_from_db,A0A803M8I7,,,
missing_from_db,A0A803M8J1,,,
missing_from_db,A0A803M8J2,,,
missing_from_db,A0A803M8J3,,,
missing_from_db,A0A803M8J4,,,
missing_from_db,A0A803M8J5,,,
missing_from_db,A0A803M8J7,,,
missing_from_db,A0A803M8J8,,,
missing_from_db,A0A803M8K2,,,
missing_from_db,A0A803M8K6,,,
missing_from_db,A0A803M8K7,,,
missing_from_db,A0A803M8K8,,,
missing_from_db,A0A803M8K9,,,
missing_from_db,A0A803M8L0,,,
missing_from_db,A0A803M8L1,,,
missing_from_db,A0A803M8L3,,,
missing_from_db,A0A803M8L4,,,
missing_from_db,A0A803M8L5,,,
missing_from_db,A0A803M8L6,,,
missing_from_db,A0A803M8M7,,,
missing_from_db,A0A803M8N4,,,
missing_from_db,A0A803M8N7,,,
missing_from_db,A0A803M8P8,,,
missing_from_db,A0A803M8Q2,,,
missing_from_db,A0A803M8Q6,,,
missing_from_db,A0A803M8Q8,,,
missing_from_db,A0A803M8Q9,,,
missing_from_db,A0A803M8R2,,,
missing_from_db,A0A803M8R5,,,
missing_from_db,A0A803M8R6,,,
missing_from_db,A0A803M8R7,,,
missing_from_db,A0A803M8R9,,,
missing_from_db,A0A803M8T3,,,
missing_from_db,A0A803M8U2,,,
missing_from_db,A0A803M8U7,,,
missing_from_db,A0A803M8U9,,,
missing_from_db,A0A803M8V0,,,
missing_from_db,A0A803M8V3,,,
missing_from_db,A0A803M8V4,,,
missing_from_db,A0A803M8W0,,,
missing_from_db,A0A803M8W1,,,
missing_from_db,A0A803M8W5,,,
missing_from_db,A0A803M8W9,,,
missing_from_db,A0A803M8X0,,,
missing_from_db,A0A803M8X2,,,
missing_from_db,A0A803M8X7,,,
missing_from_db,A0A803M8X8,,,
missing_from_db,A0A803M8Y3,,,
missing_from_db,A0A803M8Z1,,,
missing_from_db,A0A803M8Z3,,,
missing_from_db,A0A803M8Z4,,,
missing_from_db,A0A803M902,,,
missing_from_db,A0A803M904,,,
missing_from_db,A0A803M913,,,
missing_from_db,A0A803M918,,,
missing_from_db,A0A803M926,,,
missing_from_db,A0A803M931,,,
missing_from_db,A0A803M945,,,
missing_from_db,A0A803M946,,,
missing_from_db,A0A803M947,,,
missing_from_db,A0A803M954,,,
missing_from_db,A0A803M956,,,
missing_from_db,A0A803M963,,,
missing_from_db,A0A803M970,,,
missing_from_db,A0A803M971,,,
missing_from_db,A0A803M979,,,
missing_from_db,A0A803M980,,,
missing_from_db,A0A803M981,,,
missing_from_db,A0A803M989,,,
missing_from_db,A0A803M9A5,,,
missing_from_db,A0A803M9B5,,,
missing_from_db,A0A803M9C1,,,
missing_from_db,A0A803M9C6,,,
missing_from_db,A0A803M9C8,,,
missing_from_db,A0A803M9D2,,,
missing_from_db,A0A803M9D9,,,
missing_from_db,A0A803M9E8,,,
missing_from_db,A0A803M9E9,,,
missing_from_db,A0A803M9F1,,,
missing_from_db,A0A803M9F3,,,
missing_from_db,A0A803M9G0,,,
missing_from_db,A0A803M9I8,,,
missing_from_db,A0A803M9J1,,,
missing_from_db,A0A803M9J6,,,
missing_from_db,A0A803M9K2,,,
missing_from_db,A0A803M9K3,,,
missing_from_db,A0A803M9L5,,,
missing_from_db,A0A803M9L6,,,
missing_from_db,A0A803M9L8,,,
missing_from_db,A0A803M9M5,,,
missing_from_db,A0A803M9M6,,,
missing_from_db,A0A803M9M9,,,
missing_from_db,A0A803M9N0,,,
missing_from_db,A0A803M9N1,,,
missing_from_db,A0A803M9P2,,,
missing_from_db,A0A803M9Q4,,,
missing_from_db,A0A803M9R0,,,
missing_from_db,A0A803M9R2,,,
missing_from_db,A0A803M9R9,,,
missing_from_db,A0A803M9S0,,,
missing_from_db,A0A803M9S2,,,
missing_from_db,A0A803M9S9,,,
missing_from_db,A0A803M9T0,,,
missing_from_db,A0A803M9U0,,,
missing_from_db,A0A803M9U9,,,
missing_from_db,A0A803M9V1,,,
missing_from_db,A0A803M9V5,,,
missing_from_db,A0A803M9V8,,,
missing_from_db,A0A803M9W0,,,
missing_from_db,A0A803M9W1,,,
missing_from_db,A0A803M9W6,,,
missing_from_db,A0A803M9X4,,,
missing_from_db,A0A803M9X6,,,
missing_from_db,A0A803M9Z2,,,
missing_from_db,A0A803M9Z8,,,
missing_from_db,A0A803MA01,,,
missing_from_db,A0A803MA05,,,
missing_from_db,A0A803MA06,,,
missing_from_db,A0A803MA10,,,
missing_from_db,A0A803MA12,,,
missing_from_db,A0A803MA15,,,
missing_from_db,A0A803MA18,,,
missing_from_db,A0A803MA28,,,
missing_from_db,A0A803MA30,,,
missing_from_db,A0A803MA31,,,
missing_from_db,A0A803MA32,,,
missing_from_db,A0A803MA33,,,
missing_from_db,A0A803MA37,,,
missing_from_db,A0A803MA38,,,
missing_from_db,A0A803MA41,,,
missing_from_db,A0A803MA44,,,
missing_from_db,A0A803MA46,,,
missing_from_db,A0A803MA47,,,
missing_from_db,A0A803MA49,,,
missing_from_db,A0A803MA52,,,
missing_from_db,A0A803MA55,,,
missing_from_db,A0A803MA59,,,
missing_from_db,A0A803MA63,,,
missing_from_db,A0A803MA64,,,
missing_from_db,A0A803MA68,,,
missing_from_db,A0A803MA72,,,
missing_from_db,A0A803MA80,,,
missing_from_db,A0A803MA88,,,
missing_from_db,A0A803MA90,,,
missing_from_db,A0A803MA98,,,
missing_from_db,A0A803MAA1,,,
missing_from_db,A0A803MAB0,,,
missing_from_db,A0A803MAB3,,,
missing_from_db,A0A803MAB9,,,
missing_from_db,A0A803MAC2,,,
missing_from_db,A0A803MAC8,,,
missing_from_db,A0A803MAD5,,,
missing_from_db,A0A803MAE4,,,
missing_from_db,A0A803MAE5,,,
missing_from_db,A0A803MAE6,,,
missing_from_db,A0A803MAF7,,,
missing_from_db,A0A803MAF8,,,
missing_from_db,A0A803MAF9,,,
missing_from_db,A0A803MAG4,,,
missing_from_db,A0A803MAG8,,,
missing_from_db,A0A803MAI2,,,
missing_from_db,A0A803MAI8,,,
missing_from_db,A0A803MAI9,,,
missing_from_db,A0A803MAJ1,,,
missing_from_db,A0A803MAJ3,,,
missing_from_db,A0A803MAJ5,,,
missing_from_db,A0A803MAJ7,,,
missing_from_db,A0A803MAK6,,,
missing_from_db,A0A803MAK9,,,
missing_from_db,A0A803MAL4,,,
missing_from_db,A0A803MAL5,,,
missing_from_db,A0A803MAL6,,,
missing_from_db,A0A803MAM0,,,
missing_from_db,A0A803MAM1,,,
missing_from_db,A0A803MAM2,,,
missing_from_db,A0A803MAN6,,,
missing_from_db,A0A803MAQ6,,,
missing_from_db,A0A803MAR5,,,
missing_from_db,A0A803MAR6,,,
missing_from_db,A0A803MAR7,,,
missing_from_db,A0A803MAR8,,,
missing_from_db,A0A803MAS7,,,
missing_from_db,A0A803MAT1,,,
missing_from_db,A0A803MAT3,,,
missing_from_db,A0A803MAU1,,,
missing_from_db,A0A803MAU8,,,
missing_from_db,A0A803MAW3,,,
missing_from_db,A0A803MAX0,,,
missing_from_db,A0A803MAX4,,,
missing_from_db,A0A803MAY0,,,
missing_from_db,A0A803MAY1,,,
missing_from_db,A0A803MAY2,,,
missing_from_db,A0A803MAY4,,,
missing_from_db,A0A803MAZ4,,,
missing_from_db,A0A803MB10,,,
missing_from_db,A0A803MB11,,,
missing_from_db,A0A803MB30,,,
missing_from_db,A0A803MB34,,,
missing_from_db,A0A803MB37,,,
missing_from_db,A0A803MB38,,,
missing_from_db,A0A803MB41,,,
missing_from_db,A0A803MB50,,,
missing_from_db,A0A803MB59,,,
missing_from_db,A0A803MB61,,,
missing_from_db,A0A803MB63,,,
missing_from_db,A0A803MB65,,,
missing_from_db,A0A803MB76,,,
missing_from_db,A0A803MB78,,,
missing_from_db,A0A803MB98,,,
missing_from_db,A0A803MB99,,,
missing_from_db,A0A803MBB6,,,
missing_from_db,A0A803MBC1,,,
missing_from_db,A0A803MBC7,,,
missing_from_db,A0A803MBD4,,,
missing_from_db,A0A803MBF2,,,
missing_from_db,A0A803MBF5,,,
missing_from_db,A0A803MBF7,,,
missing_from_db,A0A803MBF9,,,
missing_from_db,A0A803MBG8,,,
missing_from_db,A0A803MBG9,,,
missing_from_db,A0A803MBH4,,,
missing_from_db,A0A803MBI0,,,
missing_from_db,A0A803MBI4,,,
missing_from_db,A0A803MBI6,,,
missing_from_db,A0A803MBI9,,,
missing_from_db,A0A803MBJ2,,,
missing_from_db,A0A803MBJ6,,,
missing_from_db,A0A803MBJ8,,,
missing_from_db,A0A803MBJ9,,,
missing_from_db,A0A803MBK2,,,
missing_from_db,A0A803MBK3,,,
missing_from_db,A0A803MBL8,,,
missing_from_db,A0A803MBL9,,,
missing_from_db,A0A803MBM2,,,
missing_from_db,A0A803MBM4,,,
missing_from_db,A0A803MBM9,,,
missing_from_db,A0A803MBP0,,,
missing_from_db,A0A803MBP1,,,
missing_from_db,A0A803MBP5,,,
missing_from_db,A0A803MBQ0,,,
missing_from_db,A0A803MBQ5,,,
missing_from_db,A0A803MBQ9,,,
missing_from_db,A0A803MBR1,,,
missing_from_db,A0A803MBS1,,,
missing_from_db,A0A803MBS9,,,
missing_from_db,A0A803MBT4,,,
missing_from_db,A0A803MBT8,,,
missing_from_db,A0A803MBU5,,,
missing_from_db,A0A803MBU9,,,
missing_from_db,A0A803MBV0,,,
missing_from_db,A0A803MBV1,,,
missing_from_db,A0A803MBV2,,,
missing_from_db,A0A803MBV6,,,
missing_from_db,A0A803MBW1,,,
missing_from_db,A0A803MBW6,,,
missing_from_db,A0A803MBW9,,,
missing_from_db,A0A803MBX0,,,
missing_from_db,A0A803MBX9,,,
missing_from_db,A0A803MBY0,,,
missing_from_db,A0A803MBZ3,,,
missing_from_db,A0A803MC03,,,
missing_from_db,A0A803MC13,,,
missing_from_db,A0A803MC40,,,
missing_from_db,A0A803MC43,,,
missing_from_db,A0A803MC44,,,
missing_from_db,A0A803MC46,,,
missing_from_db,A0A803MC47,,,
missing_from_db,A0A803MC48,,,
missing_from_db,A0A803MC49,,,
missing_from_db,A0A803MC50,,,
missing_from_db,A0A803MC55,,,
missing_from_db,A0A803MC59,,,
missing_from_db,A0A803MC60,,,
missing_from_db,A0A803MC71,,,
missing_from_db,A0A803MC75,,,
missing_from_db,A0A803MC78,,,
missing_from_db,A0A803MC79,,,
missing_from_db,A0A803MC80,,,
missing_from_db,A0A803MC85,,,
missing_from_db,A0A803MC86,,,
missing_from_db,A0A803MC88,,,
missing_from_db,A0A803MC96,,,
missing_from_db,A0A803MCA1,,,
missing_from_db,A0A803MCA2,,,
missing_from_db,A0A803MCB4,,,
missing_from_db,A0A803MCB5,,,
missing_from_db,A0A803MCC3,,,
missing_from_db,A0A803MCD5,,,
missing_from_db,A0A803MCE6,,,
missing_from_db,A0A803MCE8,,,
missing_from_db,A0A803MCF1,,,
missing_from_db,A0A803MCF7,,,
missing_from_db,A0A803MCG9,,,
missing_from_db,A0A803MCI1,,,
missing_from_db,A0A803MCJ7,,,
missing_from_db,A0A803MCJ9,,,
missing_from_db,A0A803MCK0,,,
missing_from_db,A0A803MCK1,,,
missing_from_db,A0A803MCK4,,,
missing_from_db,A0A803MCL4,,,
missing_from_db,A0A803MCL6,,,
missing_from_db,A0A803MCM0,,,
missing_from_db,A0A803MCM8,,,
missing_from_db,A0A803MCM9,,,
missing_from_db,A0A803MCN2,,,
missing_from_db,A0A803MCQ2,,,
missing_from_db,A0A803MCR3,,,
missing_from_db,A0A803MCS1,,,
missing_from_db,A0A803MCS2,,,
missing_from_db,A0A803MCS3,,,
missing_from_db,A0A803MCT3,,,
missing_from_db,A0A803MCU8,,,
missing_from_db,A0A803MCV6,,,
missing_from_db,A0A803MCW5,,,
missing_from_db,A0A803MCX1,,,
missing_from_db,A0A803MCZ9,,,
missing_from_db,A0A803MD00,,,
missing_from_db,A0A803MD01,,,
missing_from_db,A0A803MD28,,,
missing_from_db,A0A803MD43,,,
missing_from_db,A0A803MD56,,,
missing_from_db,A0A803MD60,,,
missing_from_db,A0A803MD63,,,
missing_from_db,A0A803MD64,,,
missing_from_db,A0A803MD65,,,
missing_from_db,A0A803MD71,,,
missing_from_db,A0A803MD80,,,
missing_from_db,A0A803MD87,,,
missing_from_db,A0A803MD88,,,
missing_from_db,A0A803MD92,,,
missing_from_db,A0A803MD94,,,
missing_from_db,A0A803MD96,,,
missing_from_db,A0A803MDA5,,,
missing_from_db,A0A803MDB9,,,
missing_from_db,A0A803MDD8,,,
missing_from_db,A0A803MDD9,,,
missing_from_db,A0A803MDE6,,,
missing_from_db,A0A803MDE8,,,
missing_from_db,A0A803MDF0,,,
missing_from_db,A0A803MDG7,,,
missing_from_db,A0A803MDI1,,,
missing_from_db,A0A803MDI6,,,
missing_from_db,A0A803MDI8,,,
missing_from_db,A0A803MDJ0,,,
missing_from_db,A0A803MDJ1,,,
missing_from_db,A0A803MDK0,,,
missing_from_db,A0A803MDK2,,,
missing_from_db,A0A803MDL4,,,
missing_from_db,A0A803MDM4,,,
missing_from_db,A0A803MDN9,,,
missing_from_db,A0A803MDP3,,,
missing_from_db,A0A803MDP8,,,
missing_from_db,A0A803MDR7,,,
missing_from_db,A0A803MDS7,,,
missing_from_db,A0A803MDT2,,,
missing_from_db,A0A803MDT3,,,
missing_from_db,A0A803MDT4,,,
missing_from_db,A0A803MDT8,,,
missing_from_db,A0A803MDU0,,,
missing_from_db,A0A803MDU2,,,
missing_from_db,A0A803MDU7,,,
missing_from_db,A0A803MDU8,,,
missing_from_db,A0A803MDV0,,,
missing_from_db,A0A803MDV1,,,
missing_from_db,A0A803MDV4,,,
missing_from_db,A0A803MDV6,,,
missing_from_db,A0A803MDV7,,,
missing_from_db,A0A803MDV9,,,
missing_from_db,A0A803MDW0,,,
missing_from_db,A0A803MDW5,,,
missing_from_db,A0A803MDW8,,,
missing_from_db,A0A803MDX4,,,
missing_from_db,A0A803MDX7,,,
missing_from_db,A0A803MDY3,,,
missing_from_db,A0A803MDY5,,,
missing_from_db,A0A803MDZ6,,,
missing_from_db,A0A803ME08,,,
missing_from_db,A0A803ME11,,,
missing_from_db,A0A803ME14,,,
missing_from_db,A0A803ME22,,,
missing_from_db,A0A803ME30,,,
missing_from_db,A0A803ME31,,,
missing_from_db,A0A803ME32,,,
missing_from_db,A0A803ME34,,,
missing_from_db,A0A803ME36,,,
missing_from_db,A0A803ME39,,,
missing_from_db,A0A803ME40,,,
missing_from_db,A0A803ME43,,,
missing_from_db,A0A803ME47,,,
missing_from_db,A0A803ME48,,,
missing_from_db,A0A803ME49,,,
missing_from_db,A0A803ME50,,,
missing_from_db,A0A803ME52,,,
missing_from_db,A0A803ME62,,,
missing_from_db,A0A803ME66,,,
missing_from_db,A0A803ME79,,,
missing_from_db,A0A803ME84,,,
missing_from_db,A0A803ME87,,,
missing_from_db,A0A803ME89,,,
missing_from_db,A0A803ME90,,,
missing_from_db,A0A803ME93,,,
missing_from_db,A0A803ME95,,,
missing_from_db,A0A803ME96,,,
missing_from_db,A0A803ME97,,,
missing_from_db,A0A803MEA0,,,
missing_from_db,A0A803MEA2,,,
missing_from_db,A0A803MEA6,,,
missing_from_db,A0A803MEB0,,,
missing_from_db,A0A803MEB5,,,
missing_from_db,A0A803MEB7,,,
missing_from_db,A0A803MEC3,,,
missing_from_db,A0A803MEE5,,,
missing_from_db,A0A803MEE6,,,
missing_from_db,A0A803MEF6,,,
missing_from_db,A0A803MEF9,,,
missing_from_db,A0A803MEG1,,,
missing_from_db,A0A803MEG5,,,
missing_from_db,A0A803MEG6,,,
missing_from_db,A0A803MEH4,,,
missing_from_db,A0A803MEH5,,,
missing_from_db,A0A803MEH9,,,
missing_from_db,A0A803MEI1,,,
missing_from_db,A0A803MEI3,,,
missing_from_db,A0A803MEI4,,,
missing_from_db,A0A803MEI5,,,
missing_from_db,A0A803MEJ1,,,
missing_from_db,A0A803MEJ3,,,
missing_from_db,A0A803MEJ4,,,
missing_from_db,A0A803MEK2,,,
missing_from_db,A0A803MEK4,,,
missing_from_db,A0A803MEK7,,,
missing_from_db,A0A803MEL7,,,
missing_from_db,A0A803MEM2,,,
missing_from_db,A0A803MEM4,,,
missing_from_db,A0A803MEM6,,,
missing_from_db,A0A803MEN1,,,
missing_from_db,A0A803MEP7,,,
missing_from_db,A0A803MER1,,,
missing_from_db,A0A803MER3,,,
missing_from_db,A0A803MER6,,,
missing_from_db,A0A803MES4,,,
missing_from_db,A0A803MES5,,,
missing_from_db,A0A803MET1,,,
missing_from_db,A0A803MET3,,,
missing_from_db,A0A803MET5,,,
missing_from_db,A0A803MET9,,,
missing_from_db,A0A803MEU5,,,
missing_from_db,A0A803MEU6,,,
missing_from_db,A0A803MEX2,,,
missing_from_db,A0A803MEX5,,,
missing_from_db,A0A803MEY8,,,
missing_from_db,A0A803MEZ2,,,
missing_from_db,A0A803MEZ3,,,
missing_from_db,A0A803MEZ9,,,
missing_from_db,A0A803MF01,,,
missing_from_db,A0A803MF02,,,
missing_from_db,A0A803MF05,,,
missing_from_db,A0A803MF08,,,
missing_from_db,A0A803MF11,,,
missing_from_db,A0A803MF27,,,
missing_from_db,A0A803MF32,,,
missing_from_db,A0A803MF34,,,
missing_from_db,A0A803MF38,,,
missing_from_db,A0A803MF39,,,
missing_from_db,A0A803MF46,,,
missing_from_db,A0A803MF47,,,
missing_from_db,A0A803MF50,,,
missing_from_db,A0A803MF61,,,
missing_from_db,A0A803MF64,,,
missing_from_db,A0A803MF67,,,
missing_from_db,A0A803MF68,,,
missing_from_db,A0A803MF70,,,
missing_from_db,A0A803MF79,,,
missing_from_db,A0A803MF80,,,
missing_from_db,A0A803MF83,,,
missing_from_db,A0A803MF96,,,
missing_from_db,A0A803MFA2,,,
missing_from_db,A0A803MFA4,,,
missing_from_db,A0A803MFA5,,,
missing_from_db,A0A803MFB0,,,
missing_from_db,A0A803MFB3,,,
missing_from_db,A0A803MFB4,,,
missing_from_db,A0A803MFB5,,,
missing_from_db,A0A803MFB8,,,
missing_from_db,A0A803MFB9,,,
missing_from_db,A0A803MFC0,,,
missing_from_db,A0A803MFC8,,,
missing_from_db,A0A803MFD1,,,
missing_from_db,A0A803MFD2,,,
missing_from_db,A0A803MFD3,,,
missing_from_db,A0A803MFD7,,,
missing_from_db,A0A803MFE2,,,
missing_from_db,A0A803MFE6,,,
missing_from_db,A0A803MFE7,,,
missing_from_db,A0A803MFF0,,,
missing_from_db,A0A803MFF3,,,
missing_from_db,A0A803MFG3,,,
missing_from_db,A0A803MFG4,,,
missing_from_db,A0A803MFH1,,,
missing_from_db,A0A803MFH7,,,
missing_from_db,A0A803MFI1,,,
missing_from_db,A0A803MFI9,,,
missing_from_db,A0A803MFJ5,,,
missing_from_db,A0A803MFJ8,,,
missing_from_db,A0A803MFK0,,,
missing_from_db,A0A803MFL1,,,
missing_from_db,A0A803MFL3,,,
missing_from_db,A0A803MFM3,,,
missing_from_db,A0A803MFN5,,,
missing_from_db,A0A803MFP4,,,
missing_from_db,A0A803MFP6,,,
missing_from_db,A0A803MFP7,,,
missing_from_db,A0A803MFR2,,,
missing_from_db,A0A803MFS2,,,
missing_from_db,A0A803MFS4,,,
missing_from_db,A0A803MFS8,,,
missing_from_db,A0A803MFS9,,,
missing_from_db,A0A803MFT1,,,
missing_from_db,A0A803MFT5,,,
missing_from_db,A0A803MFT9,,,
missing_from_db,A0A803MFU2,,,
missing_from_db,A0A803MFU3,,,
missing_from_db,A0A803MFU5,,,
missing_from_db,A0A803MFU9,,,
missing_from_db,A0A803MFV3,,,
missing_from_db,A0A803MFV4,,,
missing_from_db,A0A803MFV7,,,
missing_from_db,A0A803MFW5,,,
missing_from_db,A0A803MFW6,,,
missing_from_db,A0A803MFX8,,,
missing_from_db,A0A803MFY1,,,
missing_from_db,A0A803MFY2,,,
missing_from_db,A0A803MFY4,,,
missing_from_db,A0A803MFY5,,,
missing_from_db,A0A803MFY6,,,
missing_from_db,A0A803MG04,,,
missing_from_db,A0A803MG07,,,
missing_from_db,A0A803MG09,,,
missing_from_db,A0A803MG13,,,
missing_from_db,A0A803MG14,,,
missing_from_db,A0A803MG15,,,
missing_from_db,A0A803MG16,,,
missing_from_db,A0A803MG18,,,
missing_from_db,A0A803MG21,,,
missing_from_db,A0A803MG22,,,
missing_from_db,A0A803MG23,,,
missing_from_db,A0A803MG24,,,
missing_from_db,A0A803MG26,,,
missing_from_db,A0A803MG31,,,
missing_from_db,A0A803MG37,,,
missing_from_db,A0A803MG45,,,
missing_from_db,A0A803MG49,,,
missing_from_db,A0A803MG50,,,
missing_from_db,A0A803MG52,,,
missing_from_db,A0A803MG53,,,
missing_from_db,A0A803MG56,,,
missing_from_db,A0A803MG57,,,
missing_from_db,A0A803MG63,,,
missing_from_db,A0A803MG74,,,
missing_from_db,A0A803MG78,,,
missing_from_db,A0A803MG81,,,
missing_from_db,A0A803MGA1,,,
missing_from_db,A0A803MGB2,,,
missing_from_db,A0A803MGC2,,,
missing_from_db,A0A803MGD8,,,
missing_from_db,A0A803MGE8,,,
missing_from_db,A0A803MGF1,,,
missing_from_db,A0A803MGF7,,,
missing_from_db,A0A803MGG0,,,
missing_from_db,A0A803MGG2,,,
missing_from_db,A0A803MGG4,,,
missing_from_db,A0A803MGI2,,,
missing_from_db,A0A803MGI9,,,
missing_from_db,A0A803MGJ9,,,
missing_from_db,A0A803MGK9,,,
missing_from_db,A0A803MGL1,,,
missing_from_db,A0A803MGL4,,,
missing_from_db,A0A803MGL6,,,
missing_from_db,A0A803MGL7,,,
missing_from_db,A0A803MGL8,,,
missing_from_db,A0A803MGN0,,,
missing_from_db,A0A803MGN7,,,
missing_from_db,A0A803MGP1,,,
missing_from_db,A0A803MGP4,,,
missing_from_db,A0A803MGP9,,,
missing_from_db,A0A803MGQ4,,,
missing_from_db,A0A803MGQ5,,,
missing_from_db,A0A803MGR0,,,
missing_from_db,A0A803MGR1,,,
missing_from_db,A0A803MGR3,,,
missing_from_db,A0A803MGS6,,,
missing_from_db,A0A803MGS7,,,
missing_from_db,A0A803MGT1,,,
missing_from_db,A0A803MGT2,,,
missing_from_db,A0A803MGT3,,,
missing_from_db,A0A803MGT9,,,
missing_from_db,A0A803MGU4,,,
missing_from_db,A0A803MGU6,,,
missing_from_db,A0A803MGU9,,,
missing_from_db,A0A803MGW1,,,
missing_from_db,A0A803MGX0,,,
missing_from_db,A0A803MGX1,,,
missing_from_db,A0A803MGX2,,,
missing_from_db,A0A803MGX4,,,
missing_from_db,A0A803MGY4,,,
missing_from_db,A0A803MGY6,,,
missing_from_db,A0A803MGY9,,,
missing_from_db,A0A803MGZ0,,,
missing_from_db,A0A803MGZ3,,,
missing_from_db,A0A803MGZ9,,,
missing_from_db,A0A803MH07,,,
missing_from_db,A0A803MH39,,,
missing_from_db,A0A803MH44,,,
missing_from_db,A0A803MH45,,,
missing_from_db,A0A803MH50,,,
missing_from_db,A0A803MH53,,,
missing_from_db,A0A803MH54,,,
missing_from_db,A0A803MH56,,,
missing_from_db,A0A803MH78,,,
missing_from_db,A0A803MH79,,,
missing_from_db,A0A803MH89,,,
missing_from_db,A0A803MH92,,,
missing_from_db,A0A803MH93,,,
missing_from_db,A0A803MHA6,,,
missing_from_db,A0A803MHB0,,,
missing_from_db,A0A803MHB3,,,
missing_from_db,A0A803MHB6,,,
missing_from_db,A0A803MHB8,,,
missing_from_db,A0A803MHC5,,,
missing_from_db,A0A803MHC8,,,
missing_from_db,A0A803MHE0,,,
missing_from_db,A0A803MHE4,,,
missing_from_db,A0A803MHE6,,,
missing_from_db,A0A803MHF2,,,
missing_from_db,A0A803MHG2,,,
missing_from_db,A0A803MHI1,,,
missing_from_db,A0A803MHI2,,,
missing_from_db,A0A803MHI5,,,
missing_from_db,A0A803MHI7,,,
missing_from_db,A0A803MHJ1,,,
missing_from_db,A0A803MHK0,,,
missing_from_db,A0A803MHM9,,,
missing_from_db,A0A803MHN4,,,
missing_from_db,A0A803MHP5,,,
missing_from_db,A0A803MHQ6,,,
missing_from_db,A0A803MHR1,,,
missing_from_db,A0A803MHS1,,,
missing_from_db,A0A803MHS3,,,
missing_from_db,A0A803MHS4,,,
missing_from_db,A0A803MHT5,,,
missing_from_db,A0A803MHU1,,,
missing_from_db,A0A803MHU4,,,
missing_from_db,A0A803MHU8,,,
missing_from_db,A0A803MHV1,,,
missing_from_db,A0A803MHV9,,,
missing_from_db,A0A803MHW4,,,
missing_from_db,A0A803MHX0,,,
missing_from_db,A0A803MHX7,,,
missing_from_db,A0A803MHY3,,,
missing_from_db,A0A803MHY5,,,
missing_from_db,A0A803MHZ8,,,
missing_from_db,A0A803MI05,,,
missing_from_db,A0A803MI15,,,
missing_from_db,A0A803MI23,,,
missing_from_db,A0A803MI26,,,
missing_from_db,A0A803MI30,,,
missing_from_db,A0A803MI34,,,
missing_from_db,A0A803MI37,,,
missing_from_db,A0A803MI38,,,
missing_from_db,A0A803MI40,,,
missing_from_db,A0A803MI41,,,
missing_from_db,A0A803MI52,,,
missing_from_db,A0A803MI63,,,
missing_from_db,A0A803MI83,,,
missing_from_db,A0A803MI87,,,
missing_from_db,A0A803MI91,,,
missing_from_db,A0A803MI98,,,
missing_from_db,A0A803MIA8,,,
missing_from_db,A0A803MIB7,,,
missing_from_db,A0A803MIB8,,,
missing_from_db,A0A803MIC6,,,
missing_from_db,A0A803MIC8,,,
missing_from_db,A0A803MID3,,,
missing_from_db,A0A803MIE6,,,
missing_from_db,A0A803MIF3,,,
missing_from_db,A0A803MIF4,,,
missing_from_db,A0A803MIF7,,,
missing_from_db,A0A803MIG7,,,
missing_from_db,A0A803MII0,,,
missing_from_db,A0A803MII5,,,
missing_from_db,A0A803MII9,,,
missing_from_db,A0A803MIK5,,,
missing_from_db,A0A803MIM4,,,
missing_from_db,A0A803MIN0,,,
missing_from_db,A0A803MIP0,,,
missing_from_db,A0A803MIP1,,,
missing_from_db,A0A803MIP5,,,
missing_from_db,A0A803MIP9,,,
missing_from_db,A0A803MIQ3,,,
missing_from_db,A0A803MIR0,,,
missing_from_db,A0A803MIR1,,,
missing_from_db,A0A803MIR4,,,
missing_from_db,A0A803MIR9,,,
missing_from_db,A0A803MIS2,,,
missing_from_db,A0A803MIS7,,,
missing_from_db,A0A803MIS9,,,
missing_from_db,A0A803MIT7,,,
missing_from_db,A0A803MIU3,,,
missing_from_db,A0A803MIU8,,,
missing_from_db,A0A803MIV0,,,
missing_from_db,A0A803MIV1,,,
missing_from_db,A0A803MIV9,,,
missing_from_db,A0A803MIX2,,,
missing_from_db,A0A803MIY2,,,
missing_from_db,A0A803MIY4,,,
missing_from_db,A0A803MIY9,,,
missing_from_db,A0A803MIZ4,,,
missing_from_db,A0A803MIZ8,,,
missing_from_db,A0A803MIZ9,,,
missing_from_db,A0A803MJ00,,,
missing_from_db,A0A803MJ05,,,
missing_from_db,A0A803MJ06,,,
missing_from_db,A0A803MJ07,,,
missing_from_db,A0A803MJ09,,,
missing_from_db,A0A803MJ14,,,
missing_from_db,A0A803MJ24,,,
missing_from_db,A0A803MJ25,,,
missing_from_db,A0A803MJ26,,,
missing_from_db,A0A803MJ29,,,
missing_from_db,A0A803MJ30,,,
missing_from_db,A0A803MJ32,,,
missing_from_db,A0A803MJ34,,,
missing_from_db,A0A803MJ38,,,
missing_from_db,A0A803MJ39,,,
missing_from_db,A0A803MJ41,,,
missing_from_db,A0A803MJ43,,,
missing_from_db,A0A803MJ45,,,
missing_from_db,A0A803MJ46,,,
missing_from_db,A0A803MJ53,,,
missing_from_db,A0A803MJ55,,,
missing_from_db,A0A803MJ69,,,
missing_from_db,A0A803MJ70,,,
missing_from_db,A0A803MJ71,,,
missing_from_db,A0A803MJ80,,,
missing_from_db,A0A803MJ84,,,
missing_from_db,A0A803MJ85,,,
missing_from_db,A0A803MJ92,,,
missing_from_db,A0A803MJA2,,,
missing_from_db,A0A803MJA3,,,
missing_from_db,A0A803MJA6,,,
missing_from_db,A0A803MJB1,,,
missing_from_db,A0A803MJC3,,,
missing_from_db,A0A803MJC6,,,
missing_from_db,A0A803MJC8,,,
missing_from_db,A0A803MJD0,,,
missing_from_db,A0A803MJD8,,,
missing_from_db,A0A803MJE2,,,
missing_from_db,A0A803MJE4,,,
missing_from_db,A0A803MJF0,,,
missing_from_db,A0A803MJG6,,,
missing_from_db,A0A803MJI7,,,
missing_from_db,A0A803MJK2,,,
missing_from_db,A0A803MJL6,,,
missing_from_db,A0A803MJL7,,,
missing_from_db,A0A803MJL8,,,
missing_from_db,A0A803MJM0,,,
missing_from_db,A0A803MJM2,,,
missing_from_db,A0A803MJN3,,,
missing_from_db,A0A803MJN5,,,
missing_from_db,A0A803MJN9,,,
missing_from_db,A0A803MJP7,,,
missing_from_db,A0A803MJQ7,,,
missing_from_db,A0A803MJR9,,,
missing_from_db,A0A803MJS0,,,
missing_from_db,A0A803MJU7,,,
missing_from_db,A0A803MJU8,,,
missing_from_db,A0A803MJU9,,,
missing_from_db,A0A803MJV6,,,
missing_from_db,A0A803MJW2,,,
missing_from_db,A0A803MJW3,,,
missing_from_db,A0A803MJW8,,,
missing_from_db,A0A803MJX3,,,
missing_from_db,A0A803MJX5,,,
missing_from_db,A0A803MJX6,,,
missing_from_db,A0A803MJX8,,,
missing_from_db,A0A803MJY8,,,
missing_from_db,A0A803MJZ1,,,
missing_from_db,A0A803MJZ4,,,
missing_from_db,A0A803MK01,,,
missing_from_db,A0A803MK02,,,
missing_from_db,A0A803MK06,,,
missing_from_db,A0A803MK08,,,
missing_from_db,A0A803MK13,,,
missing_from_db,A0A803MK28,,,
missing_from_db,A0A803MK30,,,
missing_from_db,A0A803MK31,,,
missing_from_db,A0A803MK34,,,
missing_from_db,A0A803MK37,,,
missing_from_db,A0A803MK41,,,
missing_from_db,A0A803MK43,,,
missing_from_db,A0A803MK47,,,
missing_from_db,A0A803MK49,,,
missing_from_db,A0A803MK51,,,
missing_from_db,A0A803MK53,,,
missing_from_db,A0A803MK55,,,
missing_from_db,A0A803MK59,,,
missing_from_db,A0A803MK91,,,
missing_from_db,A0A803MKA6,,,
missing_from_db,A0A803MKB1,,,
missing_from_db,A0A803MKB4,,,
missing_from_db,A0A803MKC1,,,
missing_from_db,A0A803MKC2,,,
missing_from_db,A0A803MKC3,,,
missing_from_db,A0A803MKD1,,,
missing_from_db,A0A803MKD2,,,
missing_from_db,A0A803MKE1,,,
missing_from_db,A0A803MKE6,,,
missing_from_db,A0A803MKF3,,,
missing_from_db,A0A803MKF7,,,
missing_from_db,A0A803MKG3,,,
missing_from_db,A0A803MKG6,,,
missing_from_db,A0A803MKG9,,,
missing_from_db,A0A803MKH1,,,
missing_from_db,A0A803MKH2,,,
missing_from_db,A0A803MKH3,,,
missing_from_db,A0A803MKH5,,,
missing_from_db,A0A803MKH6,,,
missing_from_db,A0A803MKH7,,,
missing_from_db,A0A803MKI0,,,
missing_from_db,A0A803MKI1,,,
missing_from_db,A0A803MKI2,,,
missing_from_db,A0A803MKI4,,,
missing_from_db,A0A803MKI8,,,
missing_from_db,A0A803MKJ1,,,
missing_from_db,A0A803MKJ7,,,
missing_from_db,A0A803MKJ9,,,
missing_from_db,A0A803MKK0,,,
missing_from_db,A0A803MKK1,,,
missing_from_db,A0A803MKK2,,,
missing_from_db,A0A803MKK7,,,
missing_from_db,A0A803MKL1,,,
missing_from_db,A0A803MKL2,,,
missing_from_db,A0A803MKL9,,,
missing_from_db,A0A803MKM0,,,
missing_from_db,A0A803MKM2,,,
missing_from_db,A0A803MKM4,,,
missing_from_db,A0A803MKN6,,,
missing_from_db,A0A803MKQ2,,,
missing_from_db,A0A803MKQ6,,,
missing_from_db,A0A803MKQ9,,,
missing_from_db,A0A803MKR0,,,
missing_from_db,A0A803MKR2,,,
missing_from_db,A0A803MKR9,,,
missing_from_db,A0A803MKS3,,,
missing_from_db,A0A803MKS5,,,
missing_from_db,A0A803MKU8,,,
missing_from_db,A0A803MKV6,,,
missing_from_db,A0A803MKV9,,,
missing_from_db,A0A803MKW4,,,
missing_from_db,A0A803MKW7,,,
missing_from_db,A0A803MKX0,,,
missing_from_db,A0A803MKX1,,,
missing_from_db,A0A803MKX5,,,
missing_from_db,A0A803MKX6,,,
missing_from_db,A0A803MKY7,,,
missing_from_db,A0A803MKZ7,,,
missing_from_db,A0A803ML01,,,
missing_from_db,A0A803ML02,,,
missing_from_db,A0A803ML03,,,
missing_from_db,A0A803ML04,,,
missing_from_db,A0A803ML05,,,
missing_from_db,A0A803ML15,,,
missing_from_db,A0A803ML18,,,
missing_from_db,A0A803ML26,,,
missing_from_db,A0A803ML30,,,
missing_from_db,A0A803ML34,,,
missing_from_db,A0A803ML38,,,
missing_from_db,A0A803ML44,,,
missing_from_db,A0A803ML49,,,
missing_from_db,A0A803ML59,,,
missing_from_db,A0A803ML61,,,
missing_from_db,A0A803ML66,,,
missing_from_db,A0A803ML71,,,
missing_from_db,A0A803ML72,,,
missing_from_db,A0A803ML90,,,
missing_from_db,A0A803MLA4,,,
missing_from_db,A0A803MLB6,,,
missing_from_db,A0A803MLC0,,,
missing_from_db,A0A803MLC1,,,
missing_from_db,A0A803MLC2,,,
missing_from_db,A0A803MLD1,,,
missing_from_db,A0A803MLD2,,,
missing_from_db,A0A803MLD3,,,
missing_from_db,A0A803MLD4,,,
missing_from_db,A0A803MLD9,,,
missing_from_db,A0A803MLE6,,,
missing_from_db,A0A803MLF2,,,
missing_from_db,A0A803MLF5,,,
missing_from_db,A0A803MLF7,,,
missing_from_db,A0A803MLG8,,,
missing_from_db,A0A803MLH0,,,
missing_from_db,A0A803MLH1,,,
missing_from_db,A0A803MLH9,,,
missing_from_db,A0A803MLI0,,,
missing_from_db,A0A803MLI2,,,
missing_from_db,A0A803MLI3,,,
missing_from_db,A0A803MLI8,,,
missing_from_db,A0A803MLJ2,,,
missing_from_db,A0A803MLJ5,,,
missing_from_db,A0A803MLJ6,,,
missing_from_db,A0A803MLJ7,,,
missing_from_db,A0A803MLK2,,,
missing_from_db,A0A803MLK3,,,
missing_from_db,A0A803MLK8,,,
missing_from_db,A0A803MLL2,,,
missing_from_db,A0A803MLL6,,,
missing_from_db,A0A803MLN3,,,
missing_from_db,A0A803MLN5,,,
missing_from_db,A0A803MLP2,,,
missing_from_db,A0A803MLP3,,,
missing_from_db,A0A803MLQ5,,,
missing_from_db,A0A803MLQ7,,,
missing_from_db,A0A803MLR0,,,
missing_from_db,A0A803MLR3,,,
missing_from_db,A0A803MLS3,,,
missing_from_db,A0A803MLS4,,,
missing_from_db,A0A803MLS5,,,
missing_from_db,A0A803MLT1,,,
missing_from_db,A0A803MLT5,,,
missing_from_db,A0A803MLT6,,,
missing_from_db,A0A803MLU2,,,
missing_from_db,A0A803MLU7,,,
missing_from_db,A0A803MLU9,,,
missing_from_db,A0A803MLV1,,,
missing_from_db,A0A803MLW7,,,
missing_from_db,A0A803MLW8,,,
missing_from_db,A0A803MLX7,,,
missing_from_db,A0A803MLX8,,,
missing_from_db,A0A803MLX9,,,
missing_from_db,A0A803MLY6,,,
missing_from_db,A0A803MLZ6,,,
missing_from_db,A0A803MLZ7,,,
missing_from_db,A0A803MLZ8,,,
missing_from_db,A0A803MLZ9,,,
missing_from_db,A0A803MM00,,,
missing_from_db,A0A803MM04,,,
missing_from_db,A0A803MM06,,,
missing_from_db,A0A803MM08,,,
missing_from_db,A0A803MM10,,,
missing_from_db,A0A803MM11,,,
missing_from_db,A0A803MM13,,,
missing_from_db,A0A803MM14,,,
missing_from_db,A0A803MM16,,,
missing_from_db,A0A803MM22,,,
missing_from_db,A0A803MM24,,,
missing_from_db,A0A803MM35,,,
missing_from_db,A0A803MM37,,,
missing_from_db,A0A803MM38,,,
missing_from_db,A0A803MM50,,,
missing_from_db,A0A803MM53,,,
missing_from_db,A0A803MM58,,,
missing_from_db,A0A803MM61,,,
missing_from_db,A0A803MM64,,,
missing_from_db,A0A803MM68,,,
missing_from_db,A0A803MM69,,,
missing_from_db,A0A803MM75,,,
missing_from_db,A0A803MM85,,,
missing_from_db,A0A803MM87,,,
missing_from_db,A0A803MM90,,,
missing_from_db,A0A803MM91,,,
missing_from_db,A0A803MM93,,,
missing_from_db,A0A803MM97,,,
missing_from_db,A0A803MMA0,,,
missing_from_db,A0A803MMA7,,,
missing_from_db,A0A803MMB5,,,
missing_from_db,A0A803MMB6,,,
missing_from_db,A0A803MME0,,,
missing_from_db,A0A803MME9,,,
missing_from_db,A0A803MMF1,,,
missing_from_db,A0A803MMG3,,,
missing_from_db,A0A803MMG4,,,
missing_from_db,A0A803MMG5,,,
missing_from_db,A0A803MMH1,,,
missing_from_db,A0A803MMH9,,,
missing_from_db,A0A803MMI4,,,
missing_from_db,A0A803MMI6,,,
missing_from_db,A0A803MMI7,,,
missing_from_db,A0A803MMJ7,,,
missing_from_db,A0A803MMJ8,,,
missing_from_db,A0A803MMJ9,,,
missing_from_db,A0A803MMK0,,,
missing_from_db,A0A803MMK4,,,
missing_from_db,A0A803MML1,,,
missing_from_db,A0A803MMN3,,,
missing_from_db,A0A803MMN6,,,
missing_from_db,A0A803MMN9,,,
missing_from_db,A0A803MMP2,,,
missing_from_db,A0A803MMP4,,,
missing_from_db,A0A803MMP6,,,
missing_from_db,A0A803MMQ3,,,
missing_from_db,A0A803MMQ6,,,
missing_from_db,A0A803MMR0,,,
missing_from_db,A0A803MMR1,,,
missing_from_db,A0A803MMR6,,,
missing_from_db,A0A803MMS5,,,
missing_from_db,A0A803MMT7,,,
missing_from_db,A0A803MMU1,,,
missing_from_db,A0A803MMU3,,,
missing_from_db,A0A803MMU9,,,
missing_from_db,A0A803MMW2,,,
missing_from_db,A0A803MMW6,,,
missing_from_db,A0A803MMW7,,,
missing_from_db,A0A803MMW8,,,
missing_from_db,A0A803MMX5,,,
missing_from_db,A0A803MMX8,,,
missing_from_db,A0A803MMX9,,,
missing_from_db,A0A803MMY0,,,
missing_from_db,A0A803MMY4,,,
missing_from_db,A0A803MMY5,,,
missing_from_db,A0A803MMZ3,,,
missing_from_db,A0A803MN01,,,
missing_from_db,A0A803MN07,,,
missing_from_db,A0A803MN11,,,
missing_from_db,A0A803MN13,,,
missing_from_db,A0A803MN17,,,
missing_from_db,A0A803MN21,,,
missing_from_db,A0A803MN30,,,
missing_from_db,A0A803MN37,,,
missing_from_db,A0A803MN38,,,
missing_from_db,A0A803MN40,,,
missing_from_db,A0A803MN44,,,
missing_from_db,A0A803MN49,,,
missing_from_db,A0A803MN50,,,
missing_from_db,A0A803MN59,,,
missing_from_db,A0A803MN67,,,
missing_from_db,A0A803MN69,,,
missing_from_db,A0A803MN70,,,
missing_from_db,A0A803MN72,,,
missing_from_db,A0A803MN80,,,
missing_from_db,A0A803MN86,,,
missing_from_db,A0A803MN90,,,
missing_from_db,A0A803MN99,,,
missing_from_db,A0A803MNA1,,,
missing_from_db,A0A803MNA4,,,
missing_from_db,A0A803MNA9,,,
missing_from_db,A0A803MNB9,,,
missing_from_db,A0A803MNC2,,,
missing_from_db,A0A803MNC6,,,
missing_from_db,A0A803MNC7,,,
missing_from_db,A0A803MND1,,,
missing_from_db,A0A803MND4,,,
missing_from_db,A0A803MND6,,,
missing_from_db,A0A803MND7,,,
missing_from_db,A0A803MND8,,,
missing_from_db,A0A803MND9,,,
missing_from_db,A0A803MNE3,,,
missing_from_db,A0A803MNE8,,,
missing_from_db,A0A803MNE9,,,
missing_from_db,A0A803MNF0,,,
missing_from_db,A0A803MNF1,,,
missing_from_db,A0A803MNF6,,,
missing_from_db,A0A803MNF9,,,
missing_from_db,A0A803MNH4,,,
missing_from_db,A0A803MNH6,,,
missing_from_db,A0A803MNJ0,,,
missing_from_db,A0A803MNJ9,,,
missing_from_db,A0A803MNK7,,,
missing_from_db,A0A803MNL2,,,
missing_from_db,A0A803MNL3,,,
missing_from_db,A0A803MNL4,,,
missing_from_db,A0A803MNL5,,,
missing_from_db,A0A803MNM0,,,
missing_from_db,A0A803MNN4,,,
missing_from_db,A0A803MNN6,,,
missing_from_db,A0A803MNN7,,,
missing_from_db,A0A803MNP4,,,
missing_from_db,A0A803MNP9,,,
missing_from_db,A0A803MNQ4,,,
missing_from_db,A0A803MNR9,,,
missing_from_db,A0A803MNS5,,,
missing_from_db,A0A803MNS8,,,
missing_from_db,A0A803MNT0,,,
missing_from_db,A0A803MNV6,,,
missing_from_db,A0A803MNV9,,,
missing_from_db,A0A803MNW8,,,
missing_from_db,A0A803MNX8,,,
missing_from_db,A0A803MNX9,,,
missing_from_db,A0A803MNY0,,,
missing_from_db,A0A803MNY3,,,
missing_from_db,A0A803MNY8,,,
missing_from_db,A0A803MNZ3,,,
missing_from_db,A0A803MNZ5,,,
missing_from_db,A0A803MNZ7,,,
missing_from_db,A0A803MNZ9,,,
missing_from_db,A0A803MP09,,,
missing_from_db,A0A803MP16,,,
missing_from_db,A0A803MP23,,,
missing_from_db,A0A803MP26,,,
missing_from_db,A0A803MP28,,,
missing_from_db,A0A803MP36,,,
missing_from_db,A0A803MP45,,,
missing_from_db,A0A803MP49,,,
missing_from_db,A0A803MP50,,,
missing_from_db,A0A803MP55,,,
missing_from_db,A0A803MP56,,,
missing_from_db,A0A803MP69,,,
missing_from_db,A0A803MP98,,,
missing_from_db,A0A803MPA9,,,
missing_from_db,A0A803MPB0,,,
missing_from_db,A0A803MPC2,,,
missing_from_db,A0A803MPC4,,,
missing_from_db,A0A803MPC7,,,
missing_from_db,A0A803MPD4,,,
missing_from_db,A0A803MPE3,,,
missing_from_db,A0A803MPE8,,,
missing_from_db,A0A803MPG0,,,
missing_from_db,A0A803MPG6,,,
missing_from_db,A0A803MPG7,,,
missing_from_db,A0A803MPH0,,,
missing_from_db,A0A803MPI4,,,
missing_from_db,A0A803MPI7,,,
missing_from_db,A0A803MPJ3,,,
missing_from_db,A0A803MPJ4,,,
missing_from_db,A0A803MPJ9,,,
missing_from_db,A0A803MPK3,,,
missing_from_db,A0A803MPK5,,,
missing_from_db,A0A803MPL5,,,
missing_from_db,A0A803MPL7,,,
missing_from_db,A0A803MPM3,,,
missing_from_db,A0A803MPM4,,,
missing_from_db,A0A803MPN1,,,
missing_from_db,A0A803MPP1,,,
missing_from_db,A0A803MPP6,,,
missing_from_db,A0A803MPQ6,,,
missing_from_db,A0A803MPR6,,,
missing_from_db,A0A803MPR8,,,
missing_from_db,A0A803MPS3,,,
missing_from_db,A0A803MPS7,,,
missing_from_db,A0A803MPU3,,,
missing_from_db,A0A803MPV1,,,
missing_from_db,A0A803MPV5,,,
missing_from_db,A0A803MPV6,,,
missing_from_db,A0A803MPY0,,,
missing_from_db,A0A803MPY6,,,
missing_from_db,A0A803MQ00,,,
missing_from_db,A0A803MQ01,,,
missing_from_db,A0A803MQ31,,,
missing_from_db,A0A803MQ37,,,
missing_from_db,A0A803MQ41,,,
missing_from_db,A0A803MQ49,,,
missing_from_db,A0A803MQ53,,,
missing_from_db,A0A803MQ54,,,
missing_from_db,A0A803MQ61,,,
missing_from_db,A0A803MQ66,,,
missing_from_db,A0A803MQ68,,,
missing_from_db,A0A803MQ72,,,
missing_from_db,A0A803MQ75,,,
missing_from_db,A0A803MQ85,,,
missing_from_db,A0A803MQ87,,,
missing_from_db,A0A803MQ95,,,
missing_from_db,A0A803MQ98,,,
missing_from_db,A0A803MQB4,,,
missing_from_db,A0A803MQB7,,,
missing_from_db,A0A803MQB8,,,
missing_from_db,A0A803MQC3,,,
missing_from_db,A0A803MQC8,,,
missing_from_db,A0A803MQD3,,,
missing_from_db,A0A803MQE1,,,
missing_from_db,A0A803MQE4,,,
missing_from_db,A0A803MQE5,,,
missing_from_db,A0A803MQE6,,,
missing_from_db,A0A803MQE8,,,
missing_from_db,A0A803MQH0,,,
missing_from_db,A0A803MQH1,,,
missing_from_db,A0A803MQH3,,,
missing_from_db,A0A803MQH4,,,
missing_from_db,A0A803MQH5,,,
missing_from_db,A0A803MQJ6,,,
missing_from_db,A0A803MQK5,,,
missing_from_db,A0A803MQL2,,,
missing_from_db,A0A803MQL4,,,
missing_from_db,A0A803MQL5,,,
missing_from_db,A0A803MQM5,,,
missing_from_db,A0A803MQM7,,,
missing_from_db,A0A803MQN0,,,
missing_from_db,A0A803MQN1,,,
missing_from_db,A0A803MQN4,,,
missing_from_db,A0A803MQN6,,,
missing_from_db,A0A803MQN7,,,
missing_from_db,A0A803MQP3,,,
missing_from_db,A0A803MQP5,,,
missing_from_db,A0A803MQQ1,,,
missing_from_db,A0A803MQQ5,,,
missing_from_db,A0A803MQQ6,,,
missing_from_db,A0A803MQQ9,,,
missing_from_db,A0A803MQR0,,,
missing_from_db,A0A803MQR5,,,
missing_from_db,A0A803MQR6,,,
missing_from_db,A0A803MQR7,,,
missing_from_db,A0A803MQR9,,,
missing_from_db,A0A803MQT6,,,
missing_from_db,A0A803MQU3,,,
missing_from_db,A0A803MQV3,,,
missing_from_db,A0A803MQV6,,,
missing_from_db,A0A803MQW0,,,
missing_from_db,A0A803MQW2,,,
missing_from_db,A0A803MQX2,,,
missing_from_db,A0A803MQX4,,,
missing_from_db,A0A803MQX5,,,
missing_from_db,A0A803MQX8,,,
missing_from_db,A0A803MQY3,,,
missing_from_db,A0A803MQZ4,,,
missing_from_db,A0A803MR03,,,
missing_from_db,A0A803MR04,,,
missing_from_db,A0A803MR15,,,
missing_from_db,A0A803MR18,,,
missing_from_db,A0A803MR24,,,
missing_from_db,A0A803MR25,,,
missing_from_db,A0A803MR29,,,
missing_from_db,A0A803MR30,,,
missing_from_db,A0A803MR39,,,
missing_from_db,A0A803MR40,,,
missing_from_db,A0A803MR50,,,
missing_from_db,A0A803MR53,,,
missing_from_db,A0A803MR57,,,
missing_from_db,A0A803MR59,,,
missing_from_db,A0A803MR61,,,
missing_from_db,A0A803MR67,,,
missing_from_db,A0A803MR71,,,
missing_from_db,A0A803MR78,,,
missing_from_db,A0A803MR90,,,
missing_from_db,A0A803MR92,,,
missing_from_db,A0A803MRA0,,,
missing_from_db,A0A803MRA3,,,
missing_from_db,A0A803MRB8,,,
missing_from_db,A0A803MRC0,,,
missing_from_db,A0A803MRC6,,,
missing_from_db,A0A803MRD0,,,
missing_from_db,A0A803MRD3,,,
missing_from_db,A0A803MRE2,,,
missing_from_db,A0A803MRE4,,,
missing_from_db,A0A803MRE9,,,
missing_from_db,A0A803MRF5,,,
missing_from_db,A0A803MRG6,,,
missing_from_db,A0A803MRH1,,,
missing_from_db,A0A803MRH4,,,
missing_from_db,A0A803MRJ6,,,
missing_from_db,A0A803MRK0,,,
missing_from_db,A0A803MRK3,,,
missing_from_db,A0A803MRM0,,,
missing_from_db,A0A803MRM4,,,
missing_from_db,A0A803MRM6,,,
missing_from_db,A0A803MRN3,,,
missing_from_db,A0A803MRN8,,,
missing_from_db,A0A803MRP0,,,
missing_from_db,A0A803MRP1,,,
missing_from_db,A0A803MRP2,,,
missing_from_db,A0A803MRQ1,,,
missing_from_db,A0A803MRQ4,,,
missing_from_db,A0A803MRQ6,,,
missing_from_db,A0A803MRQ7,,,
missing_from_db,A0A803MRR6,,,
missing_from_db,A0A803MRR9,,,
missing_from_db,A0A803MRS6,,,
missing_from_db,A0A803MRT3,,,
missing_from_db,A0A803MRT8,,,
missing_from_db,A0A803MRT9,,,
missing_from_db,A0A803MRU2,,,
missing_from_db,A0A803MRU3,,,
missing_from_db,A0A803MRX5,,,
missing_from_db,A0A803MRX7,,,
missing_from_db,A0A803MRX8,,,
missing_from_db,A0A803MRZ9,,,
missing_from_db,A0A803MS00,,,
missing_from_db,A0A803MS12,,,
missing_from_db,A0A803MS19,,,
missing_from_db,A0A803MS21,,,
missing_from_db,A0A803MS22,,,
missing_from_db,A0A803MS26,,,
missing_from_db,A0A803MS32,,,
missing_from_db,A0A803MS48,,,
missing_from_db,A0A803MS53,,,
missing_from_db,A0A803MS58,,,
missing_from_db,A0A803MS65,,,
missing_from_db,A0A803MS66,,,
missing_from_db,A0A803MS70,,,
missing_from_db,A0A803MS75,,,
missing_from_db,A0A803MS79,,,
missing_from_db,A0A803MSA1,,,
missing_from_db,A0A803MSA6,,,
missing_from_db,A0A803MSA9,,,
missing_from_db,A0A803MSC2,,,
missing_from_db,A0A803MSD6,,,
missing_from_db,A0A803MSE3,,,
missing_from_db,A0A803MSE6,,,
missing_from_db,A0A803MSF0,,,
missing_from_db,A0A803MSF1,,,
missing_from_db,A0A803MSF3,,,
missing_from_db,A0A803MSF5,,,
missing_from_db,A0A803MSG2,,,
missing_from_db,A0A803MSG4,,,
missing_from_db,A0A803MSG5,,,
missing_from_db,A0A803MSG9,,,
missing_from_db,A0A803MSH0,,,
missing_from_db,A0A803MSH4,,,
missing_from_db,A0A803MSH6,,,
missing_from_db,A0A803MSI2,,,
missing_from_db,A0A803MSI5,,,
missing_from_db,A0A803MSI6,,,
missing_from_db,A0A803MSI7,,,
missing_from_db,A0A803MSI8,,,
missing_from_db,A0A803MSJ0,,,
missing_from_db,A0A803MSJ5,,,
missing_from_db,A0A803MSJ8,,,
missing_from_db,A0A803MSJ9,,,
missing_from_db,A0A803MSK4,,,
missing_from_db,A0A803MSK8,,,
missing_from_db,A0A803MSK9,,,
missing_from_db,A0A803MSL3,,,
missing_from_db,A0A803MSL6,,,
missing_from_db,A0A803MSM2,,,
missing_from_db,A0A803MSM5,,,
missing_from_db,A0A803MSN3,,,
missing_from_db,A0A803MSN5,,,
missing_from_db,A0A803MSP0,,,
missing_from_db,A0A803MSQ1,,,
missing_from_db,A0A803MSR0,,,
missing_from_db,A0A803MSR6,,,
missing_from_db,A0A803MSS4,,,
missing_from_db,A0A803MST2,,,
missing_from_db,A0A803MST6,,,
missing_from_db,A0A803MSU0,,,
missing_from_db,A0A803MSV8,,,
missing_from_db,A0A803MSW1,,,
missing_from_db,A0A803MSX1,,,
missing_from_db,A0A803MSX4,,,
missing_from_db,A0A803MSX6,,,
missing_from_db,A0A803MSY6,,,
missing_from_db,A0A803MT04,,,
missing_from_db,A0A803MT10,,,
missing_from_db,A0A803MT15,,,
missing_from_db,A0A803MT33,,,
missing_from_db,A0A803MT35,,,
missing_from_db,A0A803MT37,,,
missing_from_db,A0A803MT61,,,
missing_from_db,A0A803MT62,,,
missing_from_db,A0A803MT65,,,
missing_from_db,A0A803MT70,,,
missing_from_db,A0A803MT71,,,
missing_from_db,A0A803MT72,,,
missing_from_db,A0A803MT74,,,
missing_from_db,A0A803MT77,,,
missing_from_db,A0A803MT88,,,
missing_from_db,A0A803MT91,,,
missing_from_db,A0A803MTA0,,,
missing_from_db,A0A803MTB2,,,
missing_from_db,A0A803MTB3,,,
missing_from_db,A0A803MTB4,,,
missing_from_db,A0A803MTB5,,,
missing_from_db,A0A803MTB7,,,
missing_from_db,A0A803MTC2,,,
missing_from_db,A0A803MTC5,,,
missing_from_db,A0A803MTG1,,,
missing_from_db,A0A803MTH9,,,
missing_from_db,A0A803MTJ6,,,
missing_from_db,A0A803MTJ8,,,
missing_from_db,A0A803MTK0,,,
missing_from_db,A0A803MTK3,,,
missing_from_db,A0A803MTL4,,,
missing_from_db,A0A803MTL8,,,
missing_from_db,A0A803MTL9,,,
missing_from_db,A0A803MTM0,,,
missing_from_db,A0A803MTM2,,,
missing_from_db,A0A803MTM6,,,
missing_from_db,A0A803MTN3,,,
missing_from_db,A0A803MTN9,,,
missing_from_db,A0A803MTP5,,,
missing_from_db,A0A803MTQ0,,,
missing_from_db,A0A803MTQ8,,,
missing_from_db,A0A803MTR7,,,
missing_from_db,A0A803MTS9,,,
missing_from_db,A0A803MTV0,,,
missing_from_db,A0A803MTV7,,,
missing_from_db,A0A803MTX1,,,
missing_from_db,A0A803MTY1,,,
missing_from_db,A0A803MTY2,,,
missing_from_db,A0A803MTY3,,,
missing_from_db,A0A803MTY4,,,
missing_from_db,A0A803MTZ8,,,
missing_from_db,A0A803MU00,,,
missing_from_db,A0A803MU01,,,
missing_from_db,A0A803MU07,,,
missing_from_db,A0A803MU18,,,
missing_from_db,A0A803MU23,,,
missing_from_db,A0A803MU52,,,
missing_from_db,A0A803MU58,,,
missing_from_db,A0A803MU64,,,
missing_from_db,A0A803MU74,,,
missing_from_db,A0A803MU84,,,
missing_from_db,A0A803MU87,,,
missing_from_db,A0A803MU89,,,
missing_from_db,A0A803MU91,,,
missing_from_db,A0A803MU92,,,
missing_from_db,A0A803MU95,,,
missing_from_db,A0A803MUB7,,,
missing_from_db,A0A803MUC6,,,
missing_from_db,A0A803MUC7,,,
missing_from_db,A0A803MUC8,,,
missing_from_db,A0A803MUD9,,,
missing_from_db,A0A803MUE4,,,
missing_from_db,A0A803MUE5,,,
missing_from_db,A0A803MUF9,,,
missing_from_db,A0A803MUG5,,,
missing_from_db,A0A803MUG7,,,
missing_from_db,A0A803MUG9,,,
missing_from_db,A0A803MUH1,,,
missing_from_db,A0A803MUI1,,,
missing_from_db,A0A803MUJ0,,,
missing_from_db,A0A803MUJ4,,,
missing_from_db,A0A803MUJ6,,,
missing_from_db,A0A803MUL1,,,
missing_from_db,A0A803MUL7,,,
missing_from_db,A0A803MUM3,,,
missing_from_db,A0A803MUN5,,,
missing_from_db,A0A803MUP0,,,
missing_from_db,A0A803MUP3,,,
missing_from_db,A0A803MUP4,,,
missing_from_db,A0A803MUQ6,,,
missing_from_db,A0A803MUR9,,,
missing_from_db,A0A803MUS2,,,
missing_from_db,A0A803MUT3,,,
missing_from_db,A0A803MUU6,,,
missing_from_db,A0A803MUU9,,,
missing_from_db,A0A803MUV1,,,
missing_from_db,A0A803MUV4,,,
missing_from_db,A0A803MUV7,,,
missing_from_db,A0A803MUW3,,,
missing_from_db,A0A803MUX3,,,
missing_from_db,A0A803MUY1,,,
missing_from_db,A0A803MUY5,,,
missing_from_db,A0A803MUZ0,,,
missing_from_db,A0A803MUZ4,,,
missing_from_db,A0A803MV03,,,
missing_from_db,A0A803MV04,,,
missing_from_db,A0A803MV07,,,
missing_from_db,A0A803MV08,,,
missing_from_db,A0A803MV10,,,
missing_from_db,A0A803MV11,,,
missing_from_db,A0A803MV19,,,
missing_from_db,A0A803MV25,,,
missing_from_db,A0A803MV28,,,
missing_from_db,A0A803MV29,,,
missing_from_db,A0A803MV32,,,
missing_from_db,A0A803MV33,,,
missing_from_db,A0A803MV34,,,
missing_from_db,A0A803MV38,,,
missing_from_db,A0A803MV61,,,
missing_from_db,A0A803MV67,,,
missing_from_db,A0A803MV71,,,
missing_from_db,A0A803MV75,,,
missing_from_db,A0A803MV91,,,
missing_from_db,A0A803MV92,,,
missing_from_db,A0A803MV94,,,
missing_from_db,A0A803MV97,,,
missing_from_db,A0A803MV98,,,
missing_from_db,A0A803MV99,,,
missing_from_db,A0A803MVA3,,,
missing_from_db,A0A803MVA7,,,
missing_from_db,A0A803MVA8,,,
missing_from_db,A0A803MVB3,,,
missing_from_db,A0A803MVB7,,,
missing_from_db,A0A803MVB8,,,
missing_from_db,A0A803MVC7,,,
missing_from_db,A0A803MVC8,,,
missing_from_db,A0A803MVC9,,,
missing_from_db,A0A803MVD0,,,
missing_from_db,A0A803MVD3,,,
missing_from_db,A0A803MVD4,,,
missing_from_db,A0A803MVD6,,,
missing_from_db,A0A803MVF6,,,
missing_from_db,A0A803MVH7,,,
missing_from_db,A0A803MVI3,,,
missing_from_db,A0A803MVK6,,,
missing_from_db,A0A803MVL3,,,
missing_from_db,A0A803MVM5,,,
missing_from_db,A0A803MVN6,,,
missing_from_db,A0A803MVN7,,,
missing_from_db,A0A803MVP3,,,
missing_from_db,A0A803MVP6,,,
missing_from_db,A0A803MVQ2,,,
missing_from_db,A0A803MVQ4,,,
missing_from_db,A0A803MVQ7,,,
missing_from_db,A0A803MVT0,,,
missing_from_db,A0A803MVT1,,,
missing_from_db,A0A803MVT8,,,
missing_from_db,A0A803MVU1,,,
missing_from_db,A0A803MVU8,,,
missing_from_db,A0A803MVW1,,,
missing_from_db,A0A803MVX5,,,
missing_from_db,A0A803MVX7,,,
missing_from_db,A0A803MVY1,,,
missing_from_db,A0A803MW05,,,
missing_from_db,A0A803MW09,,,
missing_from_db,A0A803MW13,,,
missing_from_db,A0A803MW19,,,
missing_from_db,A0A803MW22,,,
missing_from_db,A0A803MW40,,,
missing_from_db,A0A803MW46,,,
missing_from_db,A0A803MW61,,,
missing_from_db,A0A803MW63,,,
missing_from_db,A0A803MW70,,,
missing_from_db,A0A803MW78,,,
missing_from_db,A0A803MW89,,,
missing_from_db,A0A803MWA8,,,
missing_from_db,A0A803MWD0,,,
missing_from_db,A0A803MWE7,,,
missing_from_db,A0A803MWH0,,,
missing_from_db,A0A803MWI0,,,
missing_from_db,A0A803MWI4,,,
missing_from_db,A0A803MWI6,,,
missing_from_db,A0A803MWJ0,,,
missing_from_db,A0A803MWJ1,,,
missing_from_db,A0A803MWJ2,,,
missing_from_db,A0A803MWJ3,,,
missing_from_db,A0A803MWK3,,,
missing_from_db,A0A803MWK5,,,
missing_from_db,A0A803MWK9,,,
missing_from_db,A0A803MWL6,,,
missing_from_db,A0A803MWM0,,,
missing_from_db,A0A803MWM2,,,
missing_from_db,A0A803MWM8,,,
missing_from_db,A0A803MWN2,,,
missing_from_db,A0A803MWQ7,,,
missing_from_db,A0A803MWS2,,,
missing_from_db,A0A803MWS3,,,
missing_from_db,A0A803MWT3,,,
missing_from_db,A0A803MWT5,,,
missing_from_db,A0A803MWT7,,,
missing_from_db,A0A803MWT8,,,
missing_from_db,A0A803MWU8,,,
missing_from_db,A0A803MWV4,,,
missing_from_db,A0A803MWV5,,,
missing_from_db,A0A803MWX0,,,
missing_from_db,A0A803MWZ1,,,
missing_from_db,A0A803MWZ3,,,
missing_from_db,A0A803MWZ7,,,
missing_from_db,A0A803MWZ9,,,
missing_from_db,A0A803MX00,,,
missing_from_db,A0A803MX26,,,
missing_from_db,A0A803MX27,,,
missing_from_db,A0A803MX29,,,
missing_from_db,A0A803MX32,,,
missing_from_db,A0A803MX37,,,
missing_from_db,A0A803MX45,,,
missing_from_db,A0A803MX51,,,
missing_from_db,A0A803MX56,,,
missing_from_db,A0A803MX57,,,
missing_from_db,A0A803MX63,,,
missing_from_db,A0A803MX66,,,
missing_from_db,A0A803MX77,,,
missing_from_db,A0A803MX79,,,
missing_from_db,A0A803MX90,,,
missing_from_db,A0A803MXA3,,,
missing_from_db,A0A803MXA4,,,
missing_from_db,A0A803MXA9,,,
missing_from_db,A0A803MXB8,,,
missing_from_db,A0A803MXC2,,,
missing_from_db,A0A803MXC3,,,
missing_from_db,A0A803MXC6,,,
missing_from_db,A0A803MXD0,,,
missing_from_db,A0A803MXE1,,,
missing_from_db,A0A803MXE5,,,
missing_from_db,A0A803MXE7,,,
missing_from_db,A0A803MXH0,,,
missing_from_db,A0A803MXI6,,,
missing_from_db,A0A803MXI7,,,
missing_from_db,A0A803MXJ0,,,
missing_from_db,A0A803MXK1,,,
missing_from_db,A0A803MXK2,,,
missing_from_db,A0A803MXK5,,,
missing_from_db,A0A803MXL5,,,
missing_from_db,A0A803MXL9,,,
missing_from_db,A0A803MXM0,,,
missing_from_db,A0A803MXP6,,,
missing_from_db,A0A803MXQ7,,,
missing_from_db,A0A803MXQ8,,,
missing_from_db,A0A803MXR2,,,
missing_from_db,A0A803MXS0,,,
missing_from_db,A0A803MXS6,,,
missing_from_db,A0A803MXT0,,,
missing_from_db,A0A803MXT9,,,
missing_from_db,A0A803MXW9,,,
missing_from_db,A0A803MXX3,,,
missing_from_db,A0A803MXX4,,,
missing_from_db,A0A803MXX7,,,
missing_from_db,A0A803MXZ0,,,
missing_from_db,A0A803MXZ7,,,
missing_from_db,A0A803MY33,,,
missing_from_db,A0A803MY40,,,
missing_from_db,A0A803MY41,,,
missing_from_db,A0A803MY53,,,
missing_from_db,A0A803MY66,,,
missing_from_db,A0A803MY81,,,
missing_from_db,A0A803MY88,,,
missing_from_db,A0A803MY89,,,
missing_from_db,A0A803MY93,,,
missing_from_db,A0A803MY94,,,
missing_from_db,A0A803MYA1,,,
missing_from_db,A0A803MYC1,,,
missing_from_db,A0A803MYD6,,,
missing_from_db,A0A803MYE1,,,
missing_from_db,A0A803MYE7,,,
missing_from_db,A0A803MYF1,,,
missing_from_db,A0A803MYF7,,,
missing_from_db,A0A803MYH1,,,
missing_from_db,A0A803MYH4,,,
missing_from_db,A0A803MYH6,,,
missing_from_db,A0A803MYI6,,,
missing_from_db,A0A803MYJ8,,,
missing_from_db,A0A803MYK7,,,
missing_from_db,A0A803MYL1,,,
missing_from_db,A0A803MYL5,,,
missing_from_db,A0A803MYM0,,,
missing_from_db,A0A803MYN1,,,
missing_from_db,A0A803MYP0,,,
missing_from_db,A0A803MYP9,,,
missing_from_db,A0A803MYQ1,,,
missing_from_db,A0A803MYQ5,,,
missing_from_db,A0A803MYR1,,,
missing_from_db,A0A803MYR3,,,
missing_from_db,A0A803MYR7,,,
missing_from_db,A0A803MYS8,,,
missing_from_db,A0A803MYS9,,,
missing_from_db,A0A803MYU5,,,
missing_from_db,A0A803MYU9,,,
missing_from_db,A0A803MYV9,,,
missing_from_db,A0A803MYW0,,,
missing_from_db,A0A803MYX3,,,
missing_from_db,A0A803MYX4,,,
missing_from_db,A0A803MZ00,,,
missing_from_db,A0A803MZ02,,,
missing_from_db,A0A803MZ05,,,
missing_from_db,A0A803MZ10,,,
missing_from_db,A0A803MZ21,,,
missing_from_db,A0A803MZ23,,,
missing_from_db,A0A803MZ29,,,
missing_from_db,A0A803MZ34,,,
missing_from_db,A0A803MZ35,,,
missing_from_db,A0A803MZ39,,,
missing_from_db,A0A803MZ43,,,
missing_from_db,A0A803MZ47,,,
missing_from_db,A0A803MZ53,,,
missing_from_db,A0A803MZ55,,,
missing_from_db,A0A803MZ59,,,
missing_from_db,A0A803MZ61,,,
missing_from_db,A0A803MZ74,,,
missing_from_db,A0A803MZ91,,,
missing_from_db,A0A803MZ94,,,
missing_from_db,A0A803MZB1,,,
missing_from_db,A0A803MZB6,,,
missing_from_db,A0A803MZB7,,,
missing_from_db,A0A803MZB9,,,
missing_from_db,A0A803MZD8,,,
missing_from_db,A0A803MZF4,,,
missing_from_db,A0A803MZF9,,,
missing_from_db,A0A803MZG2,,,
missing_from_db,A0A803MZH7,,,
missing_from_db,A0A803MZI5,,,
missing_from_db,A0A803MZI6,,,
missing_from_db,A0A803MZI9,,,
missing_from_db,A0A803MZJ2,,,
missing_from_db,A0A803MZJ8,,,
missing_from_db,A0A803MZK1,,,
missing_from_db,A0A803MZL5,,,
missing_from_db,A0A803MZL9,,,
missing_from_db,A0A803MZM0,,,
missing_from_db,A0A803MZM3,,,
missing_from_db,A0A803MZM4,,,
missing_from_db,A0A803MZM8,,,
missing_from_db,A0A803MZP1,,,
missing_from_db,A0A803MZP7,,,
missing_from_db,A0A803MZP8,,,
missing_from_db,A0A803MZP9,,,
missing_from_db,A0A803MZQ6,,,
missing_from_db,A0A803MZQ9,,,
missing_from_db,A0A803MZR3,,,
missing_from_db,A0A803MZS6,,,
missing_from_db,A0A803MZT7,,,
missing_from_db,A0A803MZU9,,,
missing_from_db,A0A803MZW2,,,
missing_from_db,A0A803MZZ6,,,
missing_from_db,A0A803N000,,,
missing_from_db,A0A803N007,,,
missing_from_db,A0A803N008,,,
missing_from_db,A0A803N011,,,
missing_from_db,A0A803N017,,,
missing_from_db,A0A803N024,,,
missing_from_db,A0A803N025,,,
missing_from_db,A0A803N034,,,
missing_from_db,A0A803N041,,,
missing_from_db,A0A803N044,,,
missing_from_db,A0A803N051,,,
missing_from_db,A0A803N052,,,
missing_from_db,A0A803N056,,,
missing_from_db,A0A803N062,,,
missing_from_db,A0A803N065,,,
missing_from_db,A0A803N067,,,
missing_from_db,A0A803N084,,,
missing_from_db,A0A803N0A7,,,
missing_from_db,A0A803N0C2,,,
missing_from_db,A0A803N0D2,,,
missing_from_db,A0A803N0F4,,,
missing_from_db,A0A803N0G2,,,
missing_from_db,A0A803N0H0,,,
missing_from_db,A0A803N0H3,,,
missing_from_db,A0A803N0H4,,,
missing_from_db,A0A803N0J7,,,
missing_from_db,A0A803N0L0,,,
missing_from_db,A0A803N0L3,,,
missing_from_db,A0A803N0L7,,,
missing_from_db,A0A803N0M3,,,
missing_from_db,A0A803N0P4,,,
missing_from_db,A0A803N0P9,,,
missing_from_db,A0A803N0Q4,,,
missing_from_db,A0A803N0U0,,,
missing_from_db,A0A803N0U2,,,
missing_from_db,A0A803N0V2,,,
missing_from_db,A0A803N0V3,,,
missing_from_db,A0A803N0X1,,,
missing_from_db,A0A803N0X4,,,
missing_from_db,A0A803N0X8,,,
missing_from_db,A0A803N0Z0,,,
missing_from_db,A0A803N106,,,
missing_from_db,A0A803N108,,,
missing_from_db,A0A803N116,,,
missing_from_db,A0A803N122,,,
missing_from_db,A0A803N126,,,
missing_from_db,A0A803N128,,,
missing_from_db,A0A803N137,,,
missing_from_db,A0A803N138,,,
missing_from_db,A0A803N154,,,
missing_from_db,A0A803N156,,,
missing_from_db,A0A803N163,,,
missing_from_db,A0A803N166,,,
missing_from_db,A0A803N171,,,
missing_from_db,A0A803N172,,,
missing_from_db,A0A803N173,,,
missing_from_db,A0A803N174,,,
missing_from_db,A0A803N180,,,
missing_from_db,A0A803N185,,,
missing_from_db,A0A803N1A8,,,
missing_from_db,A0A803N1B4,,,
missing_from_db,A0A803N1D3,,,
missing_from_db,A0A803N1D4,,,
missing_from_db,A0A803N1D7,,,
missing_from_db,A0A803N1E2,,,
missing_from_db,A0A803N1E8,,,
missing_from_db,A0A803N1G1,,,
missing_from_db,A0A803N1G4,,,
missing_from_db,A0A803N1G7,,,
missing_from_db,A0A803N1H5,,,
missing_from_db,A0A803N1I9,,,
missing_from_db,A0A803N1J3,,,
missing_from_db,A0A803N1J7,,,
missing_from_db,A0A803N1L4,,,
missing_from_db,A0A803N1M5,,,
missing_from_db,A0A803N1N9,,,
missing_from_db,A0A803N1Q3,,,
missing_from_db,A0A803N1Q4,,,
missing_from_db,A0A803N1R2,,,
missing_from_db,A0A803N1T2,,,
missing_from_db,A0A803N1U8,,,
missing_from_db,A0A803N1X0,,,
missing_from_db,A0A803N1X7,,,
missing_from_db,A0A803N1Y1,,,
missing_from_db,A0A803N1Y2,,,
missing_from_db,A0A803N1Y9,,,
missing_from_db,A0A803N1Z8,,,
missing_from_db,A0A803N206,,,
missing_from_db,A0A803N216,,,
missing_from_db,A0A803N221,,,
missing_from_db,A0A803N237,,,
missing_from_db,A0A803N255,,,
missing_from_db,A0A803N277,,,
missing_from_db,A0A803N281,,,
missing_from_db,A0A803N2A6,,,
missing_from_db,A0A803N2A7,,,
missing_from_db,A0A803N2C1,,,
missing_from_db,A0A803N2C3,,,
missing_from_db,A0A803N2C8,,,
missing_from_db,A0A803N2D1,,,
missing_from_db,A0A803N2F5,,,
missing_from_db,A0A803N2F9,,,
missing_from_db,A0A803N2G9,,,
missing_from_db,A0A803N2K7,,,
missing_from_db,A0A803N2K9,,,
missing_from_db,A0A803N2L1,,,
missing_from_db,A0A803N2M0,,,
missing_from_db,A0A803N2M6,,,
missing_from_db,A0A803N2M7,,,
missing_from_db,A0A803N2N1,,,
missing_from_db,A0A803N2P0,,,
missing_from_db,A0A803N2P9,,,
missing_from_db,A0A803N2Q2,,,
missing_from_db,A0A803N2Q5,,,
missing_from_db,A0A803N2Q8,,,
missing_from_db,A0A803N2S4,,,
missing_from_db,A0A803N2S6,,,
missing_from_db,A0A803N2T6,,,
missing_from_db,A0A803N2U5,,,
missing_from_db,A0A803N2U8,,,
missing_from_db,A0A803N2V8,,,
missing_from_db,A0A803N2W2,,,
missing_from_db,A0A803N2W3,,,
missing_from_db,A0A803N2W4,,,
missing_from_db,A0A803N2W9,,,
missing_from_db,A0A803N308,,,
missing_from_db,A0A803N314,,,
missing_from_db,A0A803N325,,,
missing_from_db,A0A803N330,,,
missing_from_db,A0A803N332,,,
missing_from_db,A0A803N344,,,
missing_from_db,A0A803N347,,,
missing_from_db,A0A803N348,,,
missing_from_db,A0A803N357,,,
missing_from_db,A0A803N358,,,
missing_from_db,A0A803N360,,,
missing_from_db,A0A803N362,,,
missing_from_db,A0A803N365,,,
missing_from_db,A0A803N369,,,
missing_from_db,A0A803N375,,,
missing_from_db,A0A803N382,,,
missing_from_db,A0A803N390,,,
missing_from_db,A0A803N392,,,
missing_from_db,A0A803N397,,,
missing_from_db,A0A803N3C1,,,
missing_from_db,A0A803N3D0,,,
missing_from_db,A0A803N3D5,,,
missing_from_db,A0A803N3E5,,,
missing_from_db,A0A803N3E6,,,
missing_from_db,A0A803N3E9,,,
missing_from_db,A0A803N3F1,,,
missing_from_db,A0A803N3F7,,,
missing_from_db,A0A803N3G0,,,
missing_from_db,A0A803N3G4,,,
missing_from_db,A0A803N3G6,,,
missing_from_db,A0A803N3G7,,,
missing_from_db,A0A803N3H0,,,
missing_from_db,A0A803N3H2,,,
missing_from_db,A0A803N3H3,,,
missing_from_db,A0A803N3H4,,,
missing_from_db,A0A803N3I1,,,
missing_from_db,A0A803N3J1,,,
missing_from_db,A0A803N3J5,,,
missing_from_db,A0A803N3J7,,,
missing_from_db,A0A803N3K0,,,
missing_from_db,A0A803N3L3,,,
missing_from_db,A0A803N3L6,,,
missing_from_db,A0A803N3L9,,,
missing_from_db,A0A803N3N8,,,
missing_from_db,A0A803N3P5,,,
missing_from_db,A0A803N3P6,,,
missing_from_db,A0A803N3P7,,,
missing_from_db,A0A803N3Q1,,,
missing_from_db,A0A803N3Q2,,,
missing_from_db,A0A803N3R2,,,
missing_from_db,A0A803N3U5,,,
missing_from_db,A0A803N3U6,,,
missing_from_db,A0A803N3V3,,,
missing_from_db,A0A803N3V6,,,
missing_from_db,A0A803N3X5,,,
missing_from_db,A0A803N3X9,,,
missing_from_db,A0A803N3Y1,,,
missing_from_db,A0A803N3Z4,,,
missing_from_db,A0A803N427,,,
missing_from_db,A0A803N438,,,
missing_from_db,A0A803N440,,,
missing_from_db,A0A803N441,,,
missing_from_db,A0A803N447,,,
missing_from_db,A0A803N449,,,
missing_from_db,A0A803N464,,,
missing_from_db,A0A803N474,,,
missing_from_db,A0A803N477,,,
missing_from_db,A0A803N4A1,,,
missing_from_db,A0A803N4A4,,,
missing_from_db,A0A803N4A7,,,
missing_from_db,A0A803N4A9,,,
missing_from_db,A0A803N4B0,,,
missing_from_db,A0A803N4C5,,,
missing_from_db,A0A803N4D3,,,
missing_from_db,A0A803N4D6,,,
missing_from_db,A0A803N4G4,,,
missing_from_db,A0A803N4H7,,,
missing_from_db,A0A803N4I7,,,
missing_from_db,A0A803N4I8,,,
missing_from_db,A0A803N4J1,,,
missing_from_db,A0A803N4J5,,,
missing_from_db,A0A803N4J8,,,
missing_from_db,A0A803N4K0,,,
missing_from_db,A0A803N4L1,,,
missing_from_db,A0A803N4M9,,,
missing_from_db,A0A803N4N0,,,
missing_from_db,A0A803N4N3,,,
missing_from_db,A0A803N4N5,,,
missing_from_db,A0A803N4P7,,,
missing_from_db,A0A803N4P9,,,
missing_from_db,A0A803N4Q6,,,
missing_from_db,A0A803N4Q7,,,
missing_from_db,A0A803N4R2,,,
missing_from_db,A0A803N4R6,,,
missing_from_db,A0A803N4S0,,,
missing_from_db,A0A803N4S4,,,
missing_from_db,A0A803N4W0,,,
missing_from_db,A0A803N4X9,,,
missing_from_db,A0A803N4Y6,,,
missing_from_db,A0A803N4Y7,,,
missing_from_db,A0A803N4Z8,,,
missing_from_db,A0A803N4Z9,,,
missing_from_db,A0A803N514,,,
missing_from_db,A0A803N515,,,
missing_from_db,A0A803N519,,,
missing_from_db,A0A803N522,,,
missing_from_db,A0A803N525,,,
missing_from_db,A0A803N531,,,
missing_from_db,A0A803N532,,,
missing_from_db,A0A803N534,,,
missing_from_db,A0A803N535,,,
missing_from_db,A0A803N539,,,
missing_from_db,A0A803N540,,,
missing_from_db,A0A803N545,,,
missing_from_db,A0A803N546,,,
missing_from_db,A0A803N551,,,
missing_from_db,A0A803N552,,,
missing_from_db,A0A803N564,,,
missing_from_db,A0A803N582,,,
missing_from_db,A0A803N586,,,
missing_from_db,A0A803N594,,,
missing_from_db,A0A803N598,,,
missing_from_db,A0A803N599,,,
missing_from_db,A0A803N5A1,,,
missing_from_db,A0A803N5A2,,,
missing_from_db,A0A803N5A4,,,
missing_from_db,A0A803N5A9,,,
missing_from_db,A0A803N5B1,,,
missing_from_db,A0A803N5C2,,,
missing_from_db,A0A803N5C3,,,
missing_from_db,A0A803N5C4,,,
missing_from_db,A0A803N5C7,,,
missing_from_db,A0A803N5C8,,,
missing_from_db,A0A803N5D1,,,
missing_from_db,A0A803N5D2,,,
missing_from_db,A0A803N5D3,,,
missing_from_db,A0A803N5D6,,,
missing_from_db,A0A803N5F0,,,
missing_from_db,A0A803N5F3,,,
missing_from_db,A0A803N5G5,,,
missing_from_db,A0A803N5I3,,,
missing_from_db,A0A803N5I4,,,
missing_from_db,A0A803N5I9,,,
missing_from_db,A0A803N5J3,,,
missing_from_db,A0A803N5P2,,,
missing_from_db,A0A803N5P9,,,
missing_from_db,A0A803N5R1,,,
missing_from_db,A0A803N5T5,,,
missing_from_db,A0A803N5T6,,,
missing_from_db,A0A803N5U4,,,
missing_from_db,A0A803N5V5,,,
missing_from_db,A0A803N5V8,,,
missing_from_db,A0A803N5W7,,,
missing_from_db,A0A803N5W9,,,
missing_from_db,A0A803N5X4,,,
missing_from_db,A0A803N5Y9,,,
missing_from_db,A0A803N5Z1,,,
missing_from_db,A0A803N5Z3,,,
missing_from_db,A0A803N5Z5,,,
missing_from_db,A0A803N604,,,
missing_from_db,A0A803N617,,,
missing_from_db,A0A803N629,,,
missing_from_db,A0A803N634,,,
missing_from_db,A0A803N648,,,
missing_from_db,A0A803N654,,,
missing_from_db,A0A803N662,,,
missing_from_db,A0A803N678,,,
missing_from_db,A0A803N682,,,
missing_from_db,A0A803N6A2,,,
missing_from_db,A0A803N6B1,,,
missing_from_db,A0A803N6C9,,,
missing_from_db,A0A803N6D1,,,
missing_from_db,A0A803N6D9,,,
missing_from_db,A0A803N6F3,,,
missing_from_db,A0A803N6G6,,,
missing_from_db,A0A803N6H1,,,
missing_from_db,A0A803N6I1,,,
missing_from_db,A0A803N6J7,,,
missing_from_db,A0A803N6J8,,,
missing_from_db,A0A803N6K3,,,
missing_from_db,A0A803N6K8,,,
missing_from_db,A0A803N6K9,,,
missing_from_db,A0A803N6L2,,,
missing_from_db,A0A803N6L3,,,
missing_from_db,A0A803N6N6,,,
missing_from_db,A0A803N6P1,,,
missing_from_db,A0A803N6P3,,,
missing_from_db,A0A803N6P4,,,
missing_from_db,A0A803N6P5,,,
missing_from_db,A0A803N6Q4,,,
missing_from_db,A0A803N6Q5,,,
missing_from_db,A0A803N6Q9,,,
missing_from_db,A0A803N6R3,,,
missing_from_db,A0A803N6S0,,,
missing_from_db,A0A803N6S1,,,
missing_from_db,A0A803N6S3,,,
missing_from_db,A0A803N6U0,,,
missing_from_db,A0A803N6U2,,,
missing_from_db,A0A803N6U9,,,
missing_from_db,A0A803N6V1,,,
missing_from_db,A0A803N6W2,,,
missing_from_db,A0A803N6X2,,,
missing_from_db,A0A803N6Y4,,,
missing_from_db,A0A803N6Z5,,,
missing_from_db,A0A803N6Z7,,,
missing_from_db,A0A803N715,,,
missing_from_db,A0A803N722,,,
missing_from_db,A0A803N744,,,
missing_from_db,A0A803N747,,,
missing_from_db,A0A803N755,,,
missing_from_db,A0A803N758,,,
missing_from_db,A0A803N767,,,
missing_from_db,A0A803N769,,,
missing_from_db,A0A803N7A2,,,
missing_from_db,A0A803N7A7,,,
missing_from_db,A0A803N7B0,,,
missing_from_db,A0A803N7B7,,,
missing_from_db,A0A803N7C9,,,
missing_from_db,A0A803N7D3,,,
missing_from_db,A0A803N7E3,,,
missing_from_db,A0A803N7E5,,,
missing_from_db,A0A803N7G8,,,
missing_from_db,A0A803N7H0,,,
missing_from_db,A0A803N7H3,,,
missing_from_db,A0A803N7H4,,,
missing_from_db,A0A803N7I0,,,
missing_from_db,A0A803N7J5,,,
missing_from_db,A0A803N7K2,,,
missing_from_db,A0A803N7K8,,,
missing_from_db,A0A803N7K9,,,
missing_from_db,A0A803N7L1,,,
missing_from_db,A0A803N7L3,,,
missing_from_db,A0A803N7N5,,,
missing_from_db,A0A803N7N8,,,
missing_from_db,A0A803N7P7,,,
missing_from_db,A0A803N7Q0,,,
missing_from_db,A0A803N7Q2,,,
missing_from_db,A0A803N7Q3,,,
missing_from_db,A0A803N7Q4,,,
missing_from_db,A0A803N7Q5,,,
missing_from_db,A0A803N7Q6,,,
missing_from_db,A0A803N7Q7,,,
missing_from_db,A0A803N7R2,,,
missing_from_db,A0A803N7S4,,,
missing_from_db,A0A803N7T8,,,
missing_from_db,A0A803N7U5,,,
missing_from_db,A0A803N7U6,,,
missing_from_db,A0A803N7V2,,,
missing_from_db,A0A803N7V6,,,
missing_from_db,A0A803N7Z2,,,
missing_from_db,A0A803N7Z3,,,
missing_from_db,A0A803N7Z8,,,
missing_from_db,A0A803N800,,,
missing_from_db,A0A803N814,,,
missing_from_db,A0A803N869,,,
missing_from_db,A0A803N879,,,
missing_from_db,A0A803N881,,,
missing_from_db,A0A803N884,,,
missing_from_db,A0A803N887,,,
missing_from_db,A0A803N888,,,
missing_from_db,A0A803N891,,,
missing_from_db,A0A803N8D7,,,
missing_from_db,A0A803N8D9,,,
missing_from_db,A0A803N8E1,,,
missing_from_db,A0A803N8E2,,,
missing_from_db,A0A803N8F8,,,
missing_from_db,A0A803N8H8,,,
missing_from_db,A0A803N8I0,,,
missing_from_db,A0A803N8I4,,,
missing_from_db,A0A803N8I5,,,
missing_from_db,A0A803N8J3,,,
missing_from_db,A0A803N8L3,,,
missing_from_db,A0A803N8L9,,,
missing_from_db,A0A803N8N6,,,
missing_from_db,A0A803N8N8,,,
missing_from_db,A0A803N8R3,,,
missing_from_db,A0A803N8R7,,,
missing_from_db,A0A803N8S0,,,
missing_from_db,A0A803N8S5,,,
missing_from_db,A0A803N8T4,,,
missing_from_db,A0A803N8T5,,,
missing_from_db,A0A803N8T9,,,
missing_from_db,A0A803N8U0,,,
missing_from_db,A0A803N8V8,,,
missing_from_db,A0A803N8W4,,,
missing_from_db,A0A803N8W5,,,
missing_from_db,A0A803N8Z5,,,
missing_from_db,A0A803N8Z7,,,
missing_from_db,A0A803N900,,,
missing_from_db,A0A803N906,,,
missing_from_db,A0A803N918,,,
missing_from_db,A0A803N922,,,
missing_from_db,A0A803N929,,,
missing_from_db,A0A803N945,,,
missing_from_db,A0A803N949,,,
missing_from_db,A0A803N951,,,
missing_from_db,A0A803N953,,,
missing_from_db,A0A803N955,,,
missing_from_db,A0A803N957,,,
missing_from_db,A0A803N980,,,
missing_from_db,A0A803N983,,,
missing_from_db,A0A803N9A0,,,
missing_from_db,A0A803N9A5,,,
missing_from_db,A0A803N9B8,,,
missing_from_db,A0A803N9F7,,,
missing_from_db,A0A803N9G5,,,
missing_from_db,A0A803N9H3,,,
missing_from_db,A0A803N9I0,,,
missing_from_db,A0A803N9I3,,,
missing_from_db,A0A803N9J1,,,
missing_from_db,A0A803N9J3,,,
missing_from_db,A0A803N9J5,,,
missing_from_db,A0A803N9J8,,,
missing_from_db,A0A803N9L6,,,
missing_from_db,A0A803N9M7,,,
missing_from_db,A0A803N9N8,,,
missing_from_db,A0A803N9P1,,,
missing_from_db,A0A803N9P7,,,
missing_from_db,A0A803N9R8,,,
missing_from_db,A0A803N9S1,,,
missing_from_db,A0A803N9T3,,,
missing_from_db,A0A803N9U2,,,
missing_from_db,A0A803N9U4,,,
missing_from_db,A0A803N9W2,,,
missing_from_db,A0A803N9W3,,,
missing_from_db,A0A803N9W5,,,
missing_from_db,A0A803N9Z2,,,
missing_from_db,A0A803N9Z7,,,
missing_from_db,A0A803N9Z9,,,
missing_from_db,A0A803NA11,,,
missing_from_db,A0A803NA13,,,
missing_from_db,A0A803NA19,,,
missing_from_db,A0A803NA29,,,
missing_from_db,A0A803NA33,,,
missing_from_db,A0A803NA44,,,
missing_from_db,A0A803NA61,,,
missing_from_db,A0A803NA64,,,
missing_from_db,A0A803NA66,,,
missing_from_db,A0A803NA79,,,
missing_from_db,A0A803NA82,,,
missing_from_db,A0A803NA87,,,
missing_from_db,A0A803NA95,,,
missing_from_db,A0A803NAA4,,,
missing_from_db,A0A803NAB1,,,
missing_from_db,A0A803NAD3,,,
missing_from_db,A0A803NAD4,,,
missing_from_db,A0A803NAD5,,,
missing_from_db,A0A803NAD6,,,
missing_from_db,A0A803NAF2,,,
missing_from_db,A0A803NAF9,,,
missing_from_db,A0A803NAG0,,,
missing_from_db,A0A803NAH0,,,
missing_from_db,A0A803NAJ6,,,
missing_from_db,A0A803NAJ8,,,
missing_from_db,A0A803NAK3,,,
missing_from_db,A0A803NAK7,,,
missing_from_db,A0A803NAL8,,,
missing_from_db,A0A803NAM5,,,
missing_from_db,A0A803NAP7,,,
missing_from_db,A0A803NAQ6,,,
missing_from_db,A0A803NAR6,,,
missing_from_db,A0A803NAS0,,,
missing_from_db,A0A803NAT3,,,
missing_from_db,A0A803NAT6,,,
missing_from_db,A0A803NAU7,,,
missing_from_db,A0A803NAV8,,,
missing_from_db,A0A803NAW3,,,
missing_from_db,A0A803NAX2,,,
missing_from_db,A0A803NAX4,,,
missing_from_db,A0A803NAX5,,,
missing_from_db,A0A803NAX7,,,
missing_from_db,A0A803NAZ5,,,
missing_from_db,A0A803NAZ6,,,
missing_from_db,A0A803NAZ7,,,
missing_from_db,A0A803NAZ9,,,
missing_from_db,A0A803NB23,,,
missing_from_db,A0A803NB28,,,
missing_from_db,A0A803NB31,,,
missing_from_db,A0A803NB35,,,
missing_from_db,A0A803NB47,,,
missing_from_db,A0A803NB55,,,
missing_from_db,A0A803NB60,,,
missing_from_db,A0A803NB62,,,
missing_from_db,A0A803NB67,,,
missing_from_db,A0A803NB99,,,
missing_from_db,A0A803NBA8,,,
missing_from_db,A0A803NBB4,,,
missing_from_db,A0A803NBB5,,,
missing_from_db,A0A803NBC5,,,
missing_from_db,A0A803NBD5,,,
missing_from_db,A0A803NBD9,,,
missing_from_db,A0A803NBE5,,,
missing_from_db,A0A803NBF1,,,
missing_from_db,A0A803NBG1,,,
missing_from_db,A0A803NBH0,,,
missing_from_db,A0A803NBH7,,,
missing_from_db,A0A803NBI8,,,
missing_from_db,A0A803NBJ4,,,
missing_from_db,A0A803NBJ8,,,
missing_from_db,A0A803NBK8,,,
missing_from_db,A0A803NBN4,,,
missing_from_db,A0A803NBN5,,,
missing_from_db,A0A803NBN6,,,
missing_from_db,A0A803NBP6,,,
missing_from_db,A0A803NBQ1,,,
missing_from_db,A0A803NBQ5,,,
missing_from_db,A0A803NBR9,,,
missing_from_db,A0A803NBS2,,,
missing_from_db,A0A803NBS3,,,
missing_from_db,A0A803NBS8,,,
missing_from_db,A0A803NBT3,,,
missing_from_db,A0A803NBU6,,,
missing_from_db,A0A803NBW2,,,
missing_from_db,A0A803NBW5,,,
missing_from_db,A0A803NBY5,,,
missing_from_db,A0A803NC01,,,
missing_from_db,A0A803NC02,,,
missing_from_db,A0A803NC04,,,
missing_from_db,A0A803NC14,,,
missing_from_db,A0A803NC18,,,
missing_from_db,A0A803NC34,,,
missing_from_db,A0A803NC39,,,
missing_from_db,A0A803NC51,,,
missing_from_db,A0A803NC52,,,
missing_from_db,A0A803NC67,,,
missing_from_db,A0A803NC85,,,
missing_from_db,A0A803NCA0,,,
missing_from_db,A0A803NCB3,,,
missing_from_db,A0A803NCC0,,,
missing_from_db,A0A803NCC2,,,
missing_from_db,A0A803NCC4,,,
missing_from_db,A0A803NCC6,,,
missing_from_db,A0A803NCC9,,,
missing_from_db,A0A803NCE1,,,
missing_from_db,A0A803NCE2,,,
missing_from_db,A0A803NCE3,,,
missing_from_db,A0A803NCG3,,,
missing_from_db,A0A803NCG5,,,
missing_from_db,A0A803NCG6,,,
missing_from_db,A0A803NCH7,,,
missing_from_db,A0A803NCI7,,,
missing_from_db,A0A803NCI8,,,
missing_from_db,A0A803NCJ2,,,
missing_from_db,A0A803NCN3,,,
missing_from_db,A0A803NCN5,,,
missing_from_db,A0A803NCP1,,,
missing_from_db,A0A803NCP6,,,
missing_from_db,A0A803NCR7,,,
missing_from_db,A0A803NCS0,,,
missing_from_db,A0A803NCT1,,,
missing_from_db,A0A803NCT9,,,
missing_from_db,A0A803NCU1,,,
missing_from_db,A0A803NCU4,,,
missing_from_db,A0A803NCU5,,,
missing_from_db,A0A803NCU6,,,
missing_from_db,A0A803NCU9,,,
missing_from_db,A0A803NCV0,,,
missing_from_db,A0A803NCV2,,,
missing_from_db,A0A803NCV7,,,
missing_from_db,A0A803NCV8,,,
missing_from_db,A0A803NCX2,,,
missing_from_db,A0A803NCY2,,,
missing_from_db,A0A803NCY6,,,
missing_from_db,A0A803NCY8,,,
missing_from_db,A0A803NCZ5,,,
missing_from_db,A0A803ND02,,,
missing_from_db,A0A803ND06,,,
missing_from_db,A0A803ND12,,,
missing_from_db,A0A803ND19,,,
missing_from_db,A0A803ND23,,,
missing_from_db,A0A803ND33,,,
missing_from_db,A0A803ND39,,,
missing_from_db,A0A803ND40,,,
missing_from_db,A0A803ND44,,,
missing_from_db,A0A803ND46,,,
missing_from_db,A0A803ND59,,,
missing_from_db,A0A803ND61,,,
missing_from_db,A0A803ND73,,,
missing_from_db,A0A803ND82,,,
missing_from_db,A0A803ND87,,,
missing_from_db,A0A803ND92,,,
missing_from_db,A0A803ND93,,,
missing_from_db,A0A803NDD7,,,
missing_from_db,A0A803NDE9,,,
missing_from_db,A0A803NDG6,,,
missing_from_db,A0A803NDI0,,,
missing_from_db,A0A803NDJ1,,,
missing_from_db,A0A803NDK1,,,
missing_from_db,A0A803NDM6,,,
missing_from_db,A0A803NDN4,,,
missing_from_db,A0A803NDQ6,,,
missing_from_db,A0A803NDS0,,,
missing_from_db,A0A803NDS7,,,
missing_from_db,A0A803NDT1,,,
missing_from_db,A0A803NDT2,,,
missing_from_db,A0A803NDT3,,,
missing_from_db,A0A803NDV7,,,
missing_from_db,A0A803NDW0,,,
missing_from_db,A0A803NDX1,,,
missing_from_db,A0A803NDX7,,,
missing_from_db,A0A803NDZ6,,,
missing_from_db,A0A803NE02,,,
missing_from_db,A0A803NE05,,,
missing_from_db,A0A803NE10,,,
missing_from_db,A0A803NE18,,,
missing_from_db,A0A803NE19,,,
missing_from_db,A0A803NE21,,,
missing_from_db,A0A803NE35,,,
missing_from_db,A0A803NE47,,,
missing_from_db,A0A803NE57,,,
missing_from_db,A0A803NE61,,,
missing_from_db,A0A803NE62,,,
missing_from_db,A0A803NE63,,,
missing_from_db,A0A803NE71,,,
missing_from_db,A0A803NE74,,,
missing_from_db,A0A803NE84,,,
missing_from_db,A0A803NE87,,,
missing_from_db,A0A803NE88,,,
missing_from_db,A0A803NE89,,,
missing_from_db,A0A803NE98,,,
missing_from_db,A0A803NEC6,,,
missing_from_db,A0A803NEF1,,,
missing_from_db,A0A803NEH3,,,
missing_from_db,A0A803NEH6,,,
missing_from_db,A0A803NEL2,,,
missing_from_db,A0A803NEM5,,,
missing_from_db,A0A803NEN0,,,
missing_from_db,A0A803NEN1,,,
missing_from_db,A0A803NEN2,,,
missing_from_db,A0A803NEQ0,,,
missing_from_db,A0A803NEQ1,,,
missing_from_db,A0A803NEQ8,,,
missing_from_db,A0A803NER2,,,
missing_from_db,A0A803NER5,,,
missing_from_db,A0A803NET0,,,
missing_from_db,A0A803NET1,,,
missing_from_db,A0A803NET4,,,
missing_from_db,A0A803NEU7,,,
missing_from_db,A0A803NEV0,,,
missing_from_db,A0A803NEW2,,,
missing_from_db,A0A803NEW5,,,
missing_from_db,A0A803NEW7,,,
missing_from_db,A0A803NEW9,,,
missing_from_db,A0A803NF05,,,
missing_from_db,A0A803NF08,,,
missing_from_db,A0A803NF10,,,
missing_from_db,A0A803NF12,,,
missing_from_db,A0A803NF20,,,
missing_from_db,A0A803NF22,,,
missing_from_db,A0A803NF24,,,
missing_from_db,A0A803NF27,,,
missing_from_db,A0A803NF44,,,
missing_from_db,A0A803NF52,,,
missing_from_db,A0A803NF58,,,
missing_from_db,A0A810UXT1,,,
missing_from_db,A0A810V0M0,,,
missing_from_db,A0A810V284,,,
missing_from_db,A0A810V3D6,,,
missing_from_db,A0ACM8RFZ6,,,
missing_from_db,AOZ20509.1,,,
missing_from_db,AOZ20510.1,,,
missing_from_db,AOZ20518.1,,,
missing_from_db,AOZ20520.1,,,
missing_from_db,AOZ20533.1,,,
missing_from_db,AOZ20538.1,,,
missing_from_db,AOZ20552.1,,,
missing_from_db,AOZ20556.1,,,
missing_from_db,AOZ20559.1,,,
missing_from_db,AOZ20567.1,,,
missing_from_db,AOZ20573.1,,,
missing_from_db,AOZ20574.1,,,
missing_from_db,AOZ20576.1,,,
missing_from_db,AOZ20577.1,,,
missing_from_db,AOZ20580.1,,,
missing_from_db,AOZ20585.1,,,
missing_from_db,AOZ20586.1,,,
missing_from_db,AUG33528.1,,,
missing_from_db,AUG33556.1,,,
missing_from_db,AUG33557.1,,,
missing_from_db,AUG33562.1,,,
missing_from_db,AUG33577.1,,,
missing_from_db,AUG33589.1,,,
missing_from_db,AUG33590.1,,,
missing_from_db,AUG33595.1,,,
missing_from_db,AUG33598.1,,,
missing_from_db,BCM73447.1,,,
missing_from_db,BCM73448.1,,,
missing_from_db,BHP89107.1,,,
missing_from_db,BHP89108.1,,,
missing_from_db,BHP89109.1,,,
missing_from_db,CN781927.1,,,
missing_from_db,GeneID:110698347,,,
missing_from_db,GeneID:110698348,,,
missing_from_db,GeneID:110698488,,,
missing_from_db,GeneID:110698847,,,
missing_from_db,GeneID:110698931,,,
missing_from_db,GeneID:110699152,,,
missing_from_db,GeneID:110699160,,,
missing_from_db,GeneID:110699161,,,
missing_from_db,GeneID:110699163,,,
missing_from_db,GeneID:110699164,,,
missing_from_db,GeneID:110699165,,,
missing_from_db,GeneID:110699174,,,
missing_from_db,GeneID:110699192,,,
missing_from_db,GeneID:110699193,,,
missing_from_db,GeneID:110699194,,,
missing_from_db,GeneID:110699200,,,
missing_from_db,GeneID:110699201,,,
missing_from_db,GeneID:110699202,,,
missing_from_db,GeneID:110699203,,,
missing_from_db,GeneID:110699207,,,
missing_from_db,GeneID:110699211,,,
missing_from_db,GeneID:110699212,,,
missing_from_db,GeneID:110699214,,,
missing_from_db,GeneID:110699217,,,
missing_from_db,GeneID:110699218,,,
missing_from_db,GeneID:110699220,,,
missing_from_db,GeneID:110699223,,,
missing_from_db,GeneID:110699224,,,
missing_from_db,GeneID:110699229,,,
missing_from_db,GeneID:110699231,,,
missing_from_db,GeneID:110699237,,,
missing_from_db,GeneID:110699238,,,
missing_from_db,GeneID:110699239,,,
missing_from_db,GeneID:110699241,,,
missing_from_db,GeneID:110699242,,,
missing_from_db,GeneID:110699250,,,
missing_from_db,GeneID:110699254,,,
missing_from_db,GeneID:110699261,,,
missing_from_db,GeneID:110699273,,,
missing_from_db,GeneID:110699274,,,
missing_from_db,GeneID:110699276,,,
missing_from_db,GeneID:110699286,,,
missing_from_db,GeneID:110699288,,,
missing_from_db,GeneID:110699289,,,
missing_from_db,GeneID:110699290,,,
missing_from_db,GeneID:110699293,,,
missing_from_db,GeneID:110699294,,,
missing_from_db,GeneID:110699296,,,
missing_from_db,GeneID:110699297,,,
missing_from_db,GeneID:110699298,,,
missing_from_db,GeneID:110699302,,,
missing_from_db,GeneID:110699305,,,
missing_from_db,GeneID:110699307,,,
missing_from_db,GeneID:110699316,,,
missing_from_db,GeneID:110699320,,,
missing_from_db,GeneID:110699326,,,
missing_from_db,GeneID:110699332,,,
missing_from_db,GeneID:110699335,,,
missing_from_db,GeneID:110699343,,,
missing_from_db,GeneID:110699345,,,
missing_from_db,GeneID:110699347,,,
missing_from_db,GeneID:110699350,,,
missing_from_db,GeneID:110699355,,,
missing_from_db,GeneID:110699357,,,
missing_from_db,GeneID:110699358,,,
missing_from_db,GeneID:110699365,,,
missing_from_db,GeneID:110699371,,,
missing_from_db,GeneID:110699372,,,
missing_from_db,GeneID:110699374,,,
missing_from_db,GeneID:110699375,,,
missing_from_db,GeneID:110699376,,,
missing_from_db,GeneID:110699377,,,
missing_from_db,GeneID:110699378,,,
missing_from_db,GeneID:110699379,,,
missing_from_db,GeneID:110699380,,,
missing_from_db,GeneID:110699381,,,
missing_from_db,GeneID:110699382,,,
missing_from_db,GeneID:110699389,,,
missing_from_db,GeneID:110699391,,,
missing_from_db,GeneID:110699392,,,
missing_from_db,GeneID:110699394,,,
missing_from_db,GeneID:110699396,,,
missing_from_db,GeneID:110699397,,,
missing_from_db,GeneID:110699400,,,
missing_from_db,GeneID:110699402,,,
missing_from_db,GeneID:110699408,,,
missing_from_db,GeneID:110699409,,,
missing_from_db,GeneID:110699412,,,
missing_from_db,GeneID:110699418,,,
missing_from_db,GeneID:110699425,,,
missing_from_db,GeneID:110699431,,,
missing_from_db,GeneID:110699432,,,
missing_from_db,GeneID:110699434,,,
missing_from_db,GeneID:110699439,,,
missing_from_db,GeneID:110699442,,,
missing_from_db,GeneID:110699445,,,
missing_from_db,GeneID:110699446,,,
missing_from_db,GeneID:110699447,,,
missing_from_db,GeneID:110699450,,,
missing_from_db,GeneID:110699462,,,
missing_from_db,GeneID:110699463,,,
missing_from_db,GeneID:110699464,,,
missing_from_db,GeneID:110699465,,,
missing_from_db,GeneID:110699466,,,
missing_from_db,GeneID:110699469,,,
missing_from_db,GeneID:110699470,,,
missing_from_db,GeneID:110699480,,,
missing_from_db,GeneID:110699481,,,
missing_from_db,GeneID:110699485,,,
missing_from_db,GeneID:110699487,,,
missing_from_db,GeneID:110699493,,,
missing_from_db,GeneID:110699494,,,
missing_from_db,GeneID:110699500,,,
missing_from_db,GeneID:110699508,,,
missing_from_db,GeneID:110699512,,,
missing_from_db,GeneID:110699513,,,
missing_from_db,GeneID:110699526,,,
missing_from_db,GeneID:110699527,,,
missing_from_db,GeneID:110699532,,,
missing_from_db,GeneID:110699533,,,
missing_from_db,GeneID:110699534,,,
missing_from_db,GeneID:110699535,,,
missing_from_db,GeneID:110699536,,,
missing_from_db,GeneID:110699543,,,
missing_from_db,GeneID:110699546,,,
missing_from_db,GeneID:110699552,,,
missing_from_db,GeneID:110699556,,,
missing_from_db,GeneID:110699557,,,
missing_from_db,GeneID:110699560,,,
missing_from_db,GeneID:110699565,,,
missing_from_db,GeneID:110699567,,,
missing_from_db,GeneID:110699577,,,
missing_from_db,GeneID:110699579,,,
missing_from_db,GeneID:110699582,,,
missing_from_db,GeneID:110699588,,,
missing_from_db,GeneID:110699589,,,
missing_from_db,GeneID:110699590,,,
missing_from_db,GeneID:110699592,,,
missing_from_db,GeneID:110699593,,,
missing_from_db,GeneID:110699599,,,
missing_from_db,GeneID:110699602,,,
missing_from_db,GeneID:110699611,,,
missing_from_db,GeneID:110699614,,,
missing_from_db,GeneID:110699616,,,
missing_from_db,GeneID:110699618,,,
missing_from_db,GeneID:110699619,,,
missing_from_db,GeneID:110699620,,,
missing_from_db,GeneID:110699632,,,
missing_from_db,GeneID:110699633,,,
missing_from_db,GeneID:110699636,,,
missing_from_db,GeneID:110699653,,,
missing_from_db,GeneID:110699655,,,
missing_from_db,GeneID:110699657,,,
missing_from_db,GeneID:110699659,,,
missing_from_db,GeneID:110699664,,,
missing_from_db,GeneID:110699665,,,
missing_from_db,GeneID:110699668,,,
missing_from_db,GeneID:110699681,,,
missing_from_db,GeneID:110699683,,,
missing_from_db,GeneID:110699684,,,
missing_from_db,GeneID:110699686,,,
missing_from_db,GeneID:110699698,,,
missing_from_db,GeneID:110699709,,,
missing_from_db,GeneID:110699710,,,
missing_from_db,GeneID:110699712,,,
missing_from_db,GeneID:110699713,,,
missing_from_db,GeneID:110699714,,,
missing_from_db,GeneID:110699715,,,
missing_from_db,GeneID:110699721,,,
missing_from_db,GeneID:110699722,,,
missing_from_db,GeneID:110699728,,,
missing_from_db,GeneID:110699729,,,
missing_from_db,GeneID:110699730,,,
missing_from_db,GeneID:110699740,,,
missing_from_db,GeneID:110699749,,,
missing_from_db,GeneID:110699750,,,
missing_from_db,GeneID:110699754,,,
missing_from_db,GeneID:110699755,,,
missing_from_db,GeneID:110699757,,,
missing_from_db,GeneID:110699760,,,
missing_from_db,GeneID:110699764,,,
missing_from_db,GeneID:110699770,,,
missing_from_db,GeneID:110699771,,,
missing_from_db,GeneID:110699772,,,
missing_from_db,GeneID:110699776,,,
missing_from_db,GeneID:110699777,,,
missing_from_db,GeneID:110699778,,,
missing_from_db,GeneID:110699779,,,
missing_from_db,GeneID:110699780,,,
missing_from_db,GeneID:110699781,,,
missing_from_db,GeneID:110699782,,,
missing_from_db,GeneID:110699784,,,
missing_from_db,GeneID:110699788,,,
missing_from_db,GeneID:110699789,,,
missing_from_db,GeneID:110699790,,,
missing_from_db,GeneID:110699791,,,
missing_from_db,GeneID:110699793,,,
missing_from_db,GeneID:110699799,,,
missing_from_db,GeneID:110699804,,,
missing_from_db,GeneID:110699807,,,
missing_from_db,GeneID:110699808,,,
missing_from_db,GeneID:110699815,,,
missing_from_db,GeneID:110699819,,,
missing_from_db,GeneID:110699820,,,
missing_from_db,GeneID:110699824,,,
missing_from_db,GeneID:110699826,,,
missing_from_db,GeneID:110699827,,,
missing_from_db,GeneID:110699828,,,
missing_from_db,GeneID:110699829,,,
missing_from_db,GeneID:110699832,,,
missing_from_db,GeneID:110699834,,,
missing_from_db,GeneID:110699835,,,
missing_from_db,GeneID:110699836,,,
missing_from_db,GeneID:110699837,,,
missing_from_db,GeneID:110699838,,,
missing_from_db,GeneID:110699841,,,
missing_from_db,GeneID:110699842,,,
missing_from_db,GeneID:110699845,,,
missing_from_db,GeneID:110699846,,,
missing_from_db,GeneID:110699849,,,
missing_from_db,GeneID:110699851,,,
missing_from_db,GeneID:110699854,,,
missing_from_db,GeneID:110699858,,,
missing_from_db,GeneID:110699859,,,
missing_from_db,GeneID:110699861,,,
missing_from_db,GeneID:110699862,,,
missing_from_db,GeneID:110699863,,,
missing_from_db,GeneID:110699864,,,
missing_from_db,GeneID:110699865,,,
missing_from_db,GeneID:110699872,,,
missing_from_db,GeneID:110699878,,,
missing_from_db,GeneID:110699883,,,
missing_from_db,GeneID:110699886,,,
missing_from_db,GeneID:110699889,,,
missing_from_db,GeneID:110699905,,,
missing_from_db,GeneID:110699909,,,
missing_from_db,GeneID:110699910,,,
missing_from_db,GeneID:110699911,,,
missing_from_db,GeneID:110699915,,,
missing_from_db,GeneID:110699924,,,
missing_from_db,GeneID:110699925,,,
missing_from_db,GeneID:110699926,,,
missing_from_db,GeneID:110699927,,,
missing_from_db,GeneID:110699930,,,
missing_from_db,GeneID:110699937,,,
missing_from_db,GeneID:110699953,,,
missing_from_db,GeneID:110699959,,,
missing_from_db,GeneID:110699961,,,
missing_from_db,GeneID:110699969,,,
missing_from_db,GeneID:110699974,,,
missing_from_db,GeneID:110699975,,,
missing_from_db,GeneID:110699978,,,
missing_from_db,GeneID:110699979,,,
missing_from_db,GeneID:110699980,,,
missing_from_db,GeneID:110699981,,,
missing_from_db,GeneID:110699984,,,
missing_from_db,GeneID:110699988,,,
missing_from_db,GeneID:110699997,,,
missing_from_db,GeneID:110699999,,,
missing_from_db,GeneID:110700000,,,
missing_from_db,GeneID:110700002,,,
missing_from_db,GeneID:110700003,,,
missing_from_db,GeneID:110700004,,,
missing_from_db,GeneID:110700012,,,
missing_from_db,GeneID:110700015,,,
missing_from_db,GeneID:110700016,,,
missing_from_db,GeneID:110700021,,,
missing_from_db,GeneID:110700022,,,
missing_from_db,GeneID:110700028,,,
missing_from_db,GeneID:110700029,,,
missing_from_db,GeneID:110700030,,,
missing_from_db,GeneID:110700033,,,
missing_from_db,GeneID:110700039,,,
missing_from_db,GeneID:110700042,,,
missing_from_db,GeneID:110700043,,,
missing_from_db,GeneID:110700057,,,
missing_from_db,GeneID:110700067,,,
missing_from_db,GeneID:110700069,,,
missing_from_db,GeneID:110700077,,,
missing_from_db,GeneID:110700081,,,
missing_from_db,GeneID:110700082,,,
missing_from_db,GeneID:110700083,,,
missing_from_db,GeneID:110700084,,,
missing_from_db,GeneID:110700086,,,
missing_from_db,GeneID:110700091,,,
missing_from_db,GeneID:110700092,,,
missing_from_db,GeneID:110700103,,,
missing_from_db,GeneID:110700105,,,
missing_from_db,GeneID:110700107,,,
missing_from_db,GeneID:110700108,,,
missing_from_db,GeneID:110700110,,,
missing_from_db,GeneID:110700113,,,
missing_from_db,GeneID:110700117,,,
missing_from_db,GeneID:110700119,,,
missing_from_db,GeneID:110700124,,,
missing_from_db,GeneID:110700127,,,
missing_from_db,GeneID:110700136,,,
missing_from_db,GeneID:110700138,,,
missing_from_db,GeneID:110700141,,,
missing_from_db,GeneID:110700143,,,
missing_from_db,GeneID:110700147,,,
missing_from_db,GeneID:110700149,,,
missing_from_db,GeneID:110700151,,,
missing_from_db,GeneID:110700154,,,
missing_from_db,GeneID:110700164,,,
missing_from_db,GeneID:110700165,,,
missing_from_db,GeneID:110700166,,,
missing_from_db,GeneID:110700174,,,
missing_from_db,GeneID:110700188,,,
missing_from_db,GeneID:110700194,,,
missing_from_db,GeneID:110700198,,,
missing_from_db,GeneID:110700200,,,
missing_from_db,GeneID:110700202,,,
missing_from_db,GeneID:110700210,,,
missing_from_db,GeneID:110700212,,,
missing_from_db,GeneID:110700213,,,
missing_from_db,GeneID:110700214,,,
missing_from_db,GeneID:110700220,,,
missing_from_db,GeneID:110700222,,,
missing_from_db,GeneID:110700228,,,
missing_from_db,GeneID:110700229,,,
missing_from_db,GeneID:110700246,,,
missing_from_db,GeneID:110700250,,,
missing_from_db,GeneID:110700257,,,
missing_from_db,GeneID:110700259,,,
missing_from_db,GeneID:110700261,,,
missing_from_db,GeneID:110700263,,,
missing_from_db,GeneID:110700264,,,
missing_from_db,GeneID:110700279,,,
missing_from_db,GeneID:110700288,,,
missing_from_db,GeneID:110700295,,,
missing_from_db,GeneID:110700296,,,
missing_from_db,GeneID:110700301,,,
missing_from_db,GeneID:110700304,,,
missing_from_db,GeneID:110700305,,,
missing_from_db,GeneID:110700311,,,
missing_from_db,GeneID:110700314,,,
missing_from_db,GeneID:110700318,,,
missing_from_db,GeneID:110700322,,,
missing_from_db,GeneID:110700325,,,
missing_from_db,GeneID:110700326,,,
missing_from_db,GeneID:110700327,,,
missing_from_db,GeneID:110700330,,,
missing_from_db,GeneID:110700332,,,
missing_from_db,GeneID:110700334,,,
missing_from_db,GeneID:110700336,,,
missing_from_db,GeneID:110700345,,,
missing_from_db,GeneID:110700347,,,
missing_from_db,GeneID:110700350,,,
missing_from_db,GeneID:110700354,,,
missing_from_db,GeneID:110700355,,,
missing_from_db,GeneID:110700357,,,
missing_from_db,GeneID:110700358,,,
missing_from_db,GeneID:110700360,,,
missing_from_db,GeneID:110700361,,,
missing_from_db,GeneID:110700362,,,
missing_from_db,GeneID:110700365,,,
missing_from_db,GeneID:110700367,,,
missing_from_db,GeneID:110700368,,,
missing_from_db,GeneID:110700369,,,
missing_from_db,GeneID:110700370,,,
missing_from_db,GeneID:110700376,,,
missing_from_db,GeneID:110700381,,,
missing_from_db,GeneID:110700383,,,
missing_from_db,GeneID:110700388,,,
missing_from_db,GeneID:110700391,,,
missing_from_db,GeneID:110700393,,,
missing_from_db,GeneID:110700394,,,
missing_from_db,GeneID:110700398,,,
missing_from_db,GeneID:110700402,,,
missing_from_db,GeneID:110700404,,,
missing_from_db,GeneID:110700406,,,
missing_from_db,GeneID:110700417,,,
missing_from_db,GeneID:110700418,,,
missing_from_db,GeneID:110700420,,,
missing_from_db,GeneID:110700422,,,
missing_from_db,GeneID:110700423,,,
missing_from_db,GeneID:110700435,,,
missing_from_db,GeneID:110700436,,,
missing_from_db,GeneID:110700437,,,
missing_from_db,GeneID:110700439,,,
missing_from_db,GeneID:110700445,,,
missing_from_db,GeneID:110700446,,,
missing_from_db,GeneID:110700447,,,
missing_from_db,GeneID:110700453,,,
missing_from_db,GeneID:110700457,,,
missing_from_db,GeneID:110700464,,,
missing_from_db,GeneID:110700465,,,
missing_from_db,GeneID:110700467,,,
missing_from_db,GeneID:110700469,,,
missing_from_db,GeneID:110700474,,,
missing_from_db,GeneID:110700475,,,
missing_from_db,GeneID:110700478,,,
missing_from_db,GeneID:110700481,,,
missing_from_db,GeneID:110700484,,,
missing_from_db,GeneID:110700489,,,
missing_from_db,GeneID:110700490,,,
missing_from_db,GeneID:110700491,,,
missing_from_db,GeneID:110700492,,,
missing_from_db,GeneID:110700495,,,
missing_from_db,GeneID:110700504,,,
missing_from_db,GeneID:110700506,,,
missing_from_db,GeneID:110700507,,,
missing_from_db,GeneID:110700510,,,
missing_from_db,GeneID:110700515,,,
missing_from_db,GeneID:110700518,,,
missing_from_db,GeneID:110700520,,,
missing_from_db,GeneID:110700521,,,
missing_from_db,GeneID:110700524,,,
missing_from_db,GeneID:110700525,,,
missing_from_db,GeneID:110700529,,,
missing_from_db,GeneID:110700534,,,
missing_from_db,GeneID:110700535,,,
missing_from_db,GeneID:110700544,,,
missing_from_db,GeneID:110700545,,,
missing_from_db,GeneID:110700546,,,
missing_from_db,GeneID:110700548,,,
missing_from_db,GeneID:110700550,,,
missing_from_db,GeneID:110700552,,,
missing_from_db,GeneID:110700553,,,
missing_from_db,GeneID:110700560,,,
missing_from_db,GeneID:110700561,,,
missing_from_db,GeneID:110700567,,,
missing_from_db,GeneID:110700569,,,
missing_from_db,GeneID:110700570,,,
missing_from_db,GeneID:110700571,,,
missing_from_db,GeneID:110700572,,,
missing_from_db,GeneID:110700574,,,
missing_from_db,GeneID:110700577,,,
missing_from_db,GeneID:110700578,,,
missing_from_db,GeneID:110700584,,,
missing_from_db,GeneID:110700593,,,
missing_from_db,GeneID:110700594,,,
missing_from_db,GeneID:110700596,,,
missing_from_db,GeneID:110700604,,,
missing_from_db,GeneID:110700605,,,
missing_from_db,GeneID:110700608,,,
missing_from_db,GeneID:110700609,,,
missing_from_db,GeneID:110700610,,,
missing_from_db,GeneID:110700615,,,
missing_from_db,GeneID:110700616,,,
missing_from_db,GeneID:110700618,,,
missing_from_db,GeneID:110700628,,,
missing_from_db,GeneID:110700629,,,
missing_from_db,GeneID:110700632,,,
missing_from_db,GeneID:110700633,,,
missing_from_db,GeneID:110700636,,,
missing_from_db,GeneID:110700640,,,
missing_from_db,GeneID:110700644,,,
missing_from_db,GeneID:110700645,,,
missing_from_db,GeneID:110700647,,,
missing_from_db,GeneID:110700650,,,
missing_from_db,GeneID:110700652,,,
missing_from_db,GeneID:110700658,,,
missing_from_db,GeneID:110700661,,,
missing_from_db,GeneID:110700662,,,
missing_from_db,GeneID:110700663,,,
missing_from_db,GeneID:110700669,,,
missing_from_db,GeneID:110700670,,,
missing_from_db,GeneID:110700671,,,
missing_from_db,GeneID:110700672,,,
missing_from_db,GeneID:110700675,,,
missing_from_db,GeneID:110700683,,,
missing_from_db,GeneID:110700688,,,
missing_from_db,GeneID:110700690,,,
missing_from_db,GeneID:110700698,,,
missing_from_db,GeneID:110700699,,,
missing_from_db,GeneID:110700702,,,
missing_from_db,GeneID:110700709,,,
missing_from_db,GeneID:110700711,,,
missing_from_db,GeneID:110700717,,,
missing_from_db,GeneID:110700730,,,
missing_from_db,GeneID:110700732,,,
missing_from_db,GeneID:110700733,,,
missing_from_db,GeneID:110700735,,,
missing_from_db,GeneID:110700736,,,
missing_from_db,GeneID:110700737,,,
missing_from_db,GeneID:110700738,,,
missing_from_db,GeneID:110700744,,,
missing_from_db,GeneID:110700746,,,
missing_from_db,GeneID:110700749,,,
missing_from_db,GeneID:110700753,,,
missing_from_db,GeneID:110700758,,,
missing_from_db,GeneID:110700759,,,
missing_from_db,GeneID:110700760,,,
missing_from_db,GeneID:110700761,,,
missing_from_db,GeneID:110700762,,,
missing_from_db,GeneID:110700763,,,
missing_from_db,GeneID:110700765,,,
missing_from_db,GeneID:110700768,,,
missing_from_db,GeneID:110700769,,,
missing_from_db,GeneID:110700770,,,
missing_from_db,GeneID:110700773,,,
missing_from_db,GeneID:110700774,,,
missing_from_db,GeneID:110700778,,,
missing_from_db,GeneID:110700779,,,
missing_from_db,GeneID:110700781,,,
missing_from_db,GeneID:110700782,,,
missing_from_db,GeneID:110700788,,,
missing_from_db,GeneID:110700793,,,
missing_from_db,GeneID:110700795,,,
missing_from_db,GeneID:110700800,,,
missing_from_db,GeneID:110700801,,,
missing_from_db,GeneID:110700803,,,
missing_from_db,GeneID:110700805,,,
missing_from_db,GeneID:110700808,,,
missing_from_db,GeneID:110700812,,,
missing_from_db,GeneID:110700814,,,
missing_from_db,GeneID:110700815,,,
missing_from_db,GeneID:110700816,,,
missing_from_db,GeneID:110700818,,,
missing_from_db,GeneID:110700819,,,
missing_from_db,GeneID:110700820,,,
missing_from_db,GeneID:110700823,,,
missing_from_db,GeneID:110700825,,,
missing_from_db,GeneID:110700826,,,
missing_from_db,GeneID:110700827,,,
missing_from_db,GeneID:110700829,,,
missing_from_db,GeneID:110700830,,,
missing_from_db,GeneID:110700832,,,
missing_from_db,GeneID:110700834,,,
missing_from_db,GeneID:110700836,,,
missing_from_db,GeneID:110700837,,,
missing_from_db,GeneID:110700838,,,
missing_from_db,GeneID:110700841,,,
missing_from_db,GeneID:110700846,,,
missing_from_db,GeneID:110700848,,,
missing_from_db,GeneID:110700849,,,
missing_from_db,GeneID:110700851,,,
missing_from_db,GeneID:110700852,,,
missing_from_db,GeneID:110700856,,,
missing_from_db,GeneID:110700857,,,
missing_from_db,GeneID:110700858,,,
missing_from_db,GeneID:110700859,,,
missing_from_db,GeneID:110700863,,,
missing_from_db,GeneID:110700864,,,
missing_from_db,GeneID:110700865,,,
missing_from_db,GeneID:110700866,,,
missing_from_db,GeneID:110700868,,,
missing_from_db,GeneID:110700870,,,
missing_from_db,GeneID:110700871,,,
missing_from_db,GeneID:110700872,,,
missing_from_db,GeneID:110700874,,,
missing_from_db,GeneID:110700875,,,
missing_from_db,GeneID:110700878,,,
missing_from_db,GeneID:110700879,,,
missing_from_db,GeneID:110700880,,,
missing_from_db,GeneID:110700881,,,
missing_from_db,GeneID:110700885,,,
missing_from_db,GeneID:110700890,,,
missing_from_db,GeneID:110700891,,,
missing_from_db,GeneID:110700894,,,
missing_from_db,GeneID:110700896,,,
missing_from_db,GeneID:110700897,,,
missing_from_db,GeneID:110700900,,,
missing_from_db,GeneID:110700920,,,
missing_from_db,GeneID:110700923,,,
missing_from_db,GeneID:110700928,,,
missing_from_db,GeneID:110700930,,,
missing_from_db,GeneID:110700931,,,
missing_from_db,GeneID:110700937,,,
missing_from_db,GeneID:110700964,,,
missing_from_db,GeneID:110700965,,,
missing_from_db,GeneID:110700968,,,
missing_from_db,GeneID:110700970,,,
missing_from_db,GeneID:110700971,,,
missing_from_db,GeneID:110700973,,,
missing_from_db,GeneID:110700976,,,
missing_from_db,GeneID:110700979,,,
missing_from_db,GeneID:110700981,,,
missing_from_db,GeneID:110700982,,,
missing_from_db,GeneID:110700987,,,
missing_from_db,GeneID:110700989,,,
missing_from_db,GeneID:110700991,,,
missing_from_db,GeneID:110701000,,,
missing_from_db,GeneID:110701012,,,
missing_from_db,GeneID:110701013,,,
missing_from_db,GeneID:110701014,,,
missing_from_db,GeneID:110701015,,,
missing_from_db,GeneID:110701016,,,
missing_from_db,GeneID:110701017,,,
missing_from_db,GeneID:110701018,,,
missing_from_db,GeneID:110701019,,,
missing_from_db,GeneID:110701021,,,
missing_from_db,GeneID:110701026,,,
missing_from_db,GeneID:110701028,,,
missing_from_db,GeneID:110701029,,,
missing_from_db,GeneID:110701033,,,
missing_from_db,GeneID:110701034,,,
missing_from_db,GeneID:110701037,,,
missing_from_db,GeneID:110701039,,,
missing_from_db,GeneID:110701040,,,
missing_from_db,GeneID:110701041,,,
missing_from_db,GeneID:110701045,,,
missing_from_db,GeneID:110701052,,,
missing_from_db,GeneID:110701053,,,
missing_from_db,GeneID:110701054,,,
missing_from_db,GeneID:110701055,,,
missing_from_db,GeneID:110701059,,,
missing_from_db,GeneID:110701060,,,
missing_from_db,GeneID:110701063,,,
missing_from_db,GeneID:110701064,,,
missing_from_db,GeneID:110701068,,,
missing_from_db,GeneID:110701070,,,
missing_from_db,GeneID:110701073,,,
missing_from_db,GeneID:110701082,,,
missing_from_db,GeneID:110701089,,,
missing_from_db,GeneID:110701093,,,
missing_from_db,GeneID:110701102,,,
missing_from_db,GeneID:110701106,,,
missing_from_db,GeneID:110701108,,,
missing_from_db,GeneID:110701109,,,
missing_from_db,GeneID:110701122,,,
missing_from_db,GeneID:110701123,,,
missing_from_db,GeneID:110701124,,,
missing_from_db,GeneID:110701126,,,
missing_from_db,GeneID:110701129,,,
missing_from_db,GeneID:110701131,,,
missing_from_db,GeneID:110701132,,,
missing_from_db,GeneID:110701134,,,
missing_from_db,GeneID:110701135,,,
missing_from_db,GeneID:110701141,,,
missing_from_db,GeneID:110701145,,,
missing_from_db,GeneID:110701146,,,
missing_from_db,GeneID:110701147,,,
missing_from_db,GeneID:110701148,,,
missing_from_db,GeneID:110701149,,,
missing_from_db,GeneID:110701150,,,
missing_from_db,GeneID:110701152,,,
missing_from_db,GeneID:110701156,,,
missing_from_db,GeneID:110701160,,,
missing_from_db,GeneID:110701162,,,
missing_from_db,GeneID:110701164,,,
missing_from_db,GeneID:110701165,,,
missing_from_db,GeneID:110701166,,,
missing_from_db,GeneID:110701170,,,
missing_from_db,GeneID:110701176,,,
missing_from_db,GeneID:110701177,,,
missing_from_db,GeneID:110701181,,,
missing_from_db,GeneID:110701193,,,
missing_from_db,GeneID:110701201,,,
missing_from_db,GeneID:110701211,,,
missing_from_db,GeneID:110701214,,,
missing_from_db,GeneID:110701215,,,
missing_from_db,GeneID:110701216,,,
missing_from_db,GeneID:110701217,,,
missing_from_db,GeneID:110701219,,,
missing_from_db,GeneID:110701220,,,
missing_from_db,GeneID:110701225,,,
missing_from_db,GeneID:110701226,,,
missing_from_db,GeneID:110701235,,,
missing_from_db,GeneID:110701236,,,
missing_from_db,GeneID:110701238,,,
missing_from_db,GeneID:110701240,,,
missing_from_db,GeneID:110701245,,,
missing_from_db,GeneID:110701252,,,
missing_from_db,GeneID:110701254,,,
missing_from_db,GeneID:110701261,,,
missing_from_db,GeneID:110701263,,,
missing_from_db,GeneID:110701268,,,
missing_from_db,GeneID:110701271,,,
missing_from_db,GeneID:110701275,,,
missing_from_db,GeneID:110701287,,,
missing_from_db,GeneID:110701291,,,
missing_from_db,GeneID:110701298,,,
missing_from_db,GeneID:110701306,,,
missing_from_db,GeneID:110701312,,,
missing_from_db,GeneID:110701316,,,
missing_from_db,GeneID:110701324,,,
missing_from_db,GeneID:110701325,,,
missing_from_db,GeneID:110701326,,,
missing_from_db,GeneID:110701329,,,
missing_from_db,GeneID:110701332,,,
missing_from_db,GeneID:110701337,,,
missing_from_db,GeneID:110701340,,,
missing_from_db,GeneID:110701347,,,
missing_from_db,GeneID:110701348,,,
missing_from_db,GeneID:110701349,,,
missing_from_db,GeneID:110701351,,,
missing_from_db,GeneID:110701352,,,
missing_from_db,GeneID:110701354,,,
missing_from_db,GeneID:110701357,,,
missing_from_db,GeneID:110701358,,,
missing_from_db,GeneID:110701360,,,
missing_from_db,GeneID:110701368,,,
missing_from_db,GeneID:110701373,,,
missing_from_db,GeneID:110701375,,,
missing_from_db,GeneID:110701381,,,
missing_from_db,GeneID:110701387,,,
missing_from_db,GeneID:110701388,,,
missing_from_db,GeneID:110701393,,,
missing_from_db,GeneID:110701394,,,
missing_from_db,GeneID:110701396,,,
missing_from_db,GeneID:110701398,,,
missing_from_db,GeneID:110701407,,,
missing_from_db,GeneID:110701412,,,
missing_from_db,GeneID:110701414,,,
missing_from_db,GeneID:110701415,,,
missing_from_db,GeneID:110701416,,,
missing_from_db,GeneID:110701417,,,
missing_from_db,GeneID:110701420,,,
missing_from_db,GeneID:110701421,,,
missing_from_db,GeneID:110701423,,,
missing_from_db,GeneID:110701424,,,
missing_from_db,GeneID:110701425,,,
missing_from_db,GeneID:110701427,,,
missing_from_db,GeneID:110701431,,,
missing_from_db,GeneID:110701435,,,
missing_from_db,GeneID:110701437,,,
missing_from_db,GeneID:110701440,,,
missing_from_db,GeneID:110701443,,,
missing_from_db,GeneID:110701449,,,
missing_from_db,GeneID:110701450,,,
missing_from_db,GeneID:110701451,,,
missing_from_db,GeneID:110701452,,,
missing_from_db,GeneID:110701453,,,
missing_from_db,GeneID:110701457,,,
missing_from_db,GeneID:110701459,,,
missing_from_db,GeneID:110701461,,,
missing_from_db,GeneID:110701466,,,
missing_from_db,GeneID:110701468,,,
missing_from_db,GeneID:110701471,,,
missing_from_db,GeneID:110701475,,,
missing_from_db,GeneID:110701477,,,
missing_from_db,GeneID:110701480,,,
missing_from_db,GeneID:110701483,,,
missing_from_db,GeneID:110701487,,,
missing_from_db,GeneID:110701488,,,
missing_from_db,GeneID:110701502,,,
missing_from_db,GeneID:110701503,,,
missing_from_db,GeneID:110701504,,,
missing_from_db,GeneID:110701505,,,
missing_from_db,GeneID:110701511,,,
missing_from_db,GeneID:110701512,,,
missing_from_db,GeneID:110701513,,,
missing_from_db,GeneID:110701515,,,
missing_from_db,GeneID:110701517,,,
missing_from_db,GeneID:110701519,,,
missing_from_db,GeneID:110701523,,,
missing_from_db,GeneID:110701524,,,
missing_from_db,GeneID:110701532,,,
missing_from_db,GeneID:110701533,,,
missing_from_db,GeneID:110701535,,,
missing_from_db,GeneID:110701536,,,
missing_from_db,GeneID:110701538,,,
missing_from_db,GeneID:110701540,,,
missing_from_db,GeneID:110701543,,,
missing_from_db,GeneID:110701546,,,
missing_from_db,GeneID:110701547,,,
missing_from_db,GeneID:110701548,,,
missing_from_db,GeneID:110701550,,,
missing_from_db,GeneID:110701553,,,
missing_from_db,GeneID:110701555,,,
missing_from_db,GeneID:110701564,,,
missing_from_db,GeneID:110701565,,,
missing_from_db,GeneID:110701566,,,
missing_from_db,GeneID:110701567,,,
missing_from_db,GeneID:110701570,,,
missing_from_db,GeneID:110701573,,,
missing_from_db,GeneID:110701575,,,
missing_from_db,GeneID:110701576,,,
missing_from_db,GeneID:110701577,,,
missing_from_db,GeneID:110701579,,,
missing_from_db,GeneID:110701585,,,
missing_from_db,GeneID:110701586,,,
missing_from_db,GeneID:110701589,,,
missing_from_db,GeneID:110701590,,,
missing_from_db,GeneID:110701591,,,
missing_from_db,GeneID:110701595,,,
missing_from_db,GeneID:110701601,,,
missing_from_db,GeneID:110701607,,,
missing_from_db,GeneID:110701626,,,
missing_from_db,GeneID:110701627,,,
missing_from_db,GeneID:110701631,,,
missing_from_db,GeneID:110701632,,,
missing_from_db,GeneID:110701645,,,
missing_from_db,GeneID:110701647,,,
missing_from_db,GeneID:110701651,,,
missing_from_db,GeneID:110701652,,,
missing_from_db,GeneID:110701654,,,
missing_from_db,GeneID:110701655,,,
missing_from_db,GeneID:110701656,,,
missing_from_db,GeneID:110701661,,,
missing_from_db,GeneID:110701666,,,
missing_from_db,GeneID:110701667,,,
missing_from_db,GeneID:110701670,,,
missing_from_db,GeneID:110701671,,,
missing_from_db,GeneID:110701673,,,
missing_from_db,GeneID:110701675,,,
missing_from_db,GeneID:110701677,,,
missing_from_db,GeneID:110701683,,,
missing_from_db,GeneID:110701684,,,
missing_from_db,GeneID:110701685,,,
missing_from_db,GeneID:110701688,,,
missing_from_db,GeneID:110701692,,,
missing_from_db,GeneID:110701693,,,
missing_from_db,GeneID:110701696,,,
missing_from_db,GeneID:110701698,,,
missing_from_db,GeneID:110701700,,,
missing_from_db,GeneID:110701704,,,
missing_from_db,GeneID:110701705,,,
missing_from_db,GeneID:110701711,,,
missing_from_db,GeneID:110701715,,,
missing_from_db,GeneID:110701719,,,
missing_from_db,GeneID:110701722,,,
missing_from_db,GeneID:110701728,,,
missing_from_db,GeneID:110701729,,,
missing_from_db,GeneID:110701731,,,
missing_from_db,GeneID:110701732,,,
missing_from_db,GeneID:110701735,,,
missing_from_db,GeneID:110701744,,,
missing_from_db,GeneID:110701748,,,
missing_from_db,GeneID:110701750,,,
missing_from_db,GeneID:110701760,,,
missing_from_db,GeneID:110701777,,,
missing_from_db,GeneID:110701779,,,
missing_from_db,GeneID:110701780,,,
missing_from_db,GeneID:110701781,,,
missing_from_db,GeneID:110701782,,,
missing_from_db,GeneID:110701783,,,
missing_from_db,GeneID:110701787,,,
missing_from_db,GeneID:110701788,,,
missing_from_db,GeneID:110701789,,,
missing_from_db,GeneID:110701790,,,
missing_from_db,GeneID:110701792,,,
missing_from_db,GeneID:110701795,,,
missing_from_db,GeneID:110701796,,,
missing_from_db,GeneID:110701798,,,
missing_from_db,GeneID:110701807,,,
missing_from_db,GeneID:110701810,,,
missing_from_db,GeneID:110701811,,,
missing_from_db,GeneID:110701812,,,
missing_from_db,GeneID:110701813,,,
missing_from_db,GeneID:110701821,,,
missing_from_db,GeneID:110701822,,,
missing_from_db,GeneID:110701823,,,
missing_from_db,GeneID:110701824,,,
missing_from_db,GeneID:110701828,,,
missing_from_db,GeneID:110701836,,,
missing_from_db,GeneID:110701840,,,
missing_from_db,GeneID:110701841,,,
missing_from_db,GeneID:110701843,,,
missing_from_db,GeneID:110701848,,,
missing_from_db,GeneID:110701857,,,
missing_from_db,GeneID:110701859,,,
missing_from_db,GeneID:110701864,,,
missing_from_db,GeneID:110701865,,,
missing_from_db,GeneID:110701866,,,
missing_from_db,GeneID:110701868,,,
missing_from_db,GeneID:110701873,,,
missing_from_db,GeneID:110701875,,,
missing_from_db,GeneID:110701878,,,
missing_from_db,GeneID:110701882,,,
missing_from_db,GeneID:110701891,,,
missing_from_db,GeneID:110701896,,,
missing_from_db,GeneID:110701901,,,
missing_from_db,GeneID:110701903,,,
missing_from_db,GeneID:110701905,,,
missing_from_db,GeneID:110701908,,,
missing_from_db,GeneID:110701911,,,
missing_from_db,GeneID:110701913,,,
missing_from_db,GeneID:110701915,,,
missing_from_db,GeneID:110702039,,,
missing_from_db,GeneID:110702185,,,
missing_from_db,GeneID:110702226,,,
missing_from_db,GeneID:110702237,,,
missing_from_db,GeneID:110702328,,,
missing_from_db,GeneID:110702721,,,
missing_from_db,GeneID:110702724,,,
missing_from_db,GeneID:110702730,,,
missing_from_db,GeneID:110702736,,,
missing_from_db,GeneID:110702737,,,
missing_from_db,GeneID:110702741,,,
missing_from_db,GeneID:110702742,,,
missing_from_db,GeneID:110702744,,,
missing_from_db,GeneID:110703198,,,
missing_from_db,GeneID:110703201,,,
missing_from_db,GeneID:110703706,,,
missing_from_db,GeneID:110703787,,,
missing_from_db,GeneID:110703809,,,
missing_from_db,GeneID:110703810,,,
missing_from_db,GeneID:110704286,,,
missing_from_db,GeneID:110705475,,,
missing_from_db,GeneID:110706029,,,
missing_from_db,GeneID:110706184,,,
missing_from_db,GeneID:110706241,,,
missing_from_db,GeneID:110706862,,,
missing_from_db,GeneID:110707179,,,
missing_from_db,GeneID:110707275,,,
missing_from_db,GeneID:110707393,,,
missing_from_db,GeneID:110707524,,,
missing_from_db,GeneID:110707572,,,
missing_from_db,GeneID:110707897,,,
missing_from_db,GeneID:110707912,,,
missing_from_db,GeneID:110708280,,,
missing_from_db,GeneID:110708787,,,
missing_from_db,GeneID:110708790,,,
missing_from_db,GeneID:110709076,,,
missing_from_db,GeneID:110709320,,,
missing_from_db,GeneID:110709572,,,
missing_from_db,GeneID:110710452,,,
missing_from_db,GeneID:110710608,,,
missing_from_db,GeneID:110710662,,,
missing_from_db,GeneID:110711638,,,
missing_from_db,GeneID:110712307,,,
missing_from_db,GeneID:110712516,,,
missing_from_db,GeneID:110713625,,,
missing_from_db,GeneID:110714383,,,
missing_from_db,GeneID:110714703,,,
missing_from_db,GeneID:110716028,,,
missing_from_db,GeneID:110716513,,,
missing_from_db,GeneID:110716514,,,
missing_from_db,GeneID:110718335,,,
missing_from_db,GeneID:110718336,,,
missing_from_db,GeneID:110718339,,,
missing_from_db,GeneID:110718342,,,
missing_from_db,GeneID:110718345,,,
missing_from_db,GeneID:32958925,,,
missing_from_db,GeneID:32958927,,,
missing_from_db,GeneID:32958928,,,
missing_from_db,GeneID:32958929,,,
missing_from_db,GeneID:32958930,,,
missing_from_db,GeneID:32958931,,,
missing_from_db,GeneID:32958932,,,
missing_from_db,GeneID:32958933,,,
missing_from_db,GeneID:32958935,,,
missing_from_db,GeneID:32958937,,,
missing_from_db,GeneID:32958940,,,
missing_from_db,GeneID:32958941,,,
missing_from_db,GeneID:32958942,,,
missing_from_db,GeneID:32958946,,,
missing_from_db,GeneID:32958947,,,
missing_from_db,GeneID:32958948,,,
missing_from_db,GeneID:32958949,,,
missing_from_db,GeneID:32958950,,,
missing_from_db,GeneID:32958952,,,
missing_from_db,GeneID:32958953,,,
missing_from_db,GeneID:32958954,,,
missing_from_db,GeneID:32958955,,,
missing_from_db,GeneID:32958956,,,
missing_from_db,GeneID:32958957,,,
missing_from_db,GeneID:32958958,,,
missing_from_db,GeneID:32958959,,,
missing_from_db,GeneID:32958960,,,
missing_from_db,GeneID:32958961,,,
missing_from_db,GeneID:32958962,,,
missing_from_db,GeneID:32958964,,,
missing_from_db,GeneID:32958965,,,
missing_from_db,GeneID:32958966,,,
missing_from_db,GeneID:32958967,,,
missing_from_db,GeneID:32958968,,,
missing_from_db,GeneID:32958969,,,
missing_from_db,GeneID:32958970,,,
missing_from_db,GeneID:32958972,,,
missing_from_db,GeneID:32958973,,,
missing_from_db,GeneID:32958974,,,
missing_from_db,GeneID:32958975,,,
missing_from_db,GeneID:32958976,,,
missing_from_db,GeneID:32958977,,,
missing_from_db,GeneID:32958978,,,
missing_from_db,GeneID:32958979,,,
missing_from_db,GeneID:32958980,,,
missing_from_db,GeneID:32958981,,,
missing_from_db,GeneID:32958982,,,
missing_from_db,GeneID:32958983,,,
missing_from_db,GeneID:32958984,,,
missing_from_db,GeneID:32958987,,,
missing_from_db,GeneID:32958991,,,
missing_from_db,GeneID:32958992,,,
missing_from_db,GeneID:32958995,,,
missing_from_db,GeneID:32958996,,,
missing_from_db,GeneID:32958997,,,
missing_from_db,GeneID:32958998,,,
missing_from_db,GeneID:32958999,,,
missing_from_db,GeneID:32959000,,,
missing_from_db,GeneID:32959001,,,
missing_from_db,GeneID:32959002,,,
missing_from_db,GeneID:32959010,,,
missing_from_db,GeneID:32959011,,,
missing_from_db,GeneID:32959012,,,
missing_from_db,GeneID:32959013,,,
missing_from_db,GeneID:32959015,,,
missing_from_db,GeneID:32959016,,,
missing_from_db,GeneID:32959020,,,
missing_from_db,GeneID:32959021,,,
missing_from_db,GeneID:32959023,,,
missing_from_db,GeneID:32959024,,,
missing_from_db,GeneID:32959026,,,
missing_from_db,GeneID:32959029,,,
missing_from_db,GeneID:32959030,,,
missing_from_db,GeneID:32959031,,,
missing_from_db,GeneID:32959038,,,
missing_from_db,GeneID:32959039,,,
missing_from_db,GeneID:32959046,,,
missing_from_db,GeneID:32959047,,,
missing_from_db,GeneID:32959048,,,
missing_from_db,GeneID:39331929,,,
missing_from_db,GeneID:39331936,,,
missing_from_db,GeneID:39331940,,,
missing_from_db,GeneID:39331941,,,
missing_from_db,GeneID:39331961,,,
missing_from_db,L0P192,,,
missing_from_db,MB120064.1,,,
missing_from_db,MB126317.1,,,
missing_from_db,MB126318.1,,,
missing_from_db,MB126319.1,,,
missing_from_db,MB126320.1,,,
missing_from_db,MB126321.1,,,
missing_from_db,MB126322.1,,,
missing_from_db,MB126323.1,,,
missing_from_db,MB126324.1,,,
missing_from_db,MB126326.1,,,
missing_from_db,MD388836.1,,,
missing_from_db,MD388837.1,,,
missing_from_db,MD388842.1,,,
missing_from_db,MD388843.1,,,
missing_from_db,MD388844.1,,,
missing_from_db,MD388845.1,,,
missing_from_db,MD388846.1,,,
missing_from_db,MD388847.1,,,
missing_from_db,MD388848.1,,,
missing_from_db,MD388849.1,,,
missing_from_db,MD388850.1,,,
missing_from_db,MD388851.1,,,
missing_from_db,MG755046.1,,,
missing_from_db,MG755047.1,,,
missing_from_db,MG755048.1,,,
missing_from_db,MG755049.1,,,
missing_from_db,MG755050.1,,,
missing_from_db,MG755051.1,,,
missing_from_db,MG755052.1,,,
missing_from_db,MG755053.1,,,
missing_from_db,MG755054.1,,,
missing_from_db,MG755055.1,,,
missing_from_db,MG755056.1,,,
missing_from_db,MG755057.1,,,
missing_from_db,MG755058.1,,,
missing_from_db,MG755059.1,,,
missing_from_db,MG755060.1,,,
missing_from_db,MG755061.1,,,
missing_from_db,MG755062.1,,,
missing_from_db,MG755063.1,,,
missing_from_db,MG755064.1,,,
missing_from_db,MG755065.1,,,
missing_from_db,MG755066.1,,,
missing_from_db,MG755069.1,,,
missing_from_db,MG755070.1,,,
missing_from_db,MG784317.1,,,
missing_from_db,MG784318.1,,,
missing_from_db,MG784319.1,,,
missing_from_db,MG784320.1,,,
missing_from_db,MG784321.1,,,
missing_from_db,MG784322.1,,,
missing_from_db,MG784323.1,,,
missing_from_db,MG784324.1,,,
missing_from_db,MG784325.1,,,
missing_from_db,MG784326.1,,,
missing_from_db,MG784327.1,,,
missing_from_db,MG784328.1,,,
missing_from_db,MG784329.1,,,
missing_from_db,MG784330.1,,,
missing_from_db,MG784331.1,,,
missing_from_db,MG784332.1,,,
missing_from_db,MG784333.1,,,
missing_from_db,MG784334.1,,,
missing_from_db,MG784335.1,,,
missing_from_db,MG784336.1,,,
missing_from_db,MG784337.1,,,
missing_from_db,MG784338.1,,,
missing_from_db,MN862646.1,,,
missing_from_db,MN862647.1,,,
missing_from_db,MN862648.1,,,
missing_from_db,MN862649.1,,,
missing_from_db,MN862650.1,,,
missing_from_db,MN862651.1,,,
missing_from_db,MN862654.1,,,
missing_from_db,MN862655.1,,,
missing_from_db,MQ190594.1,,,
missing_from_db,MQ190596.1,,,
missing_from_db,MQ190613.1,,,
missing_from_db,MW460257.1,,,
missing_from_db,MW460258.1,,,
missing_from_db,MW460259.1,,,
missing_from_db,MW460260.1,,,
missing_from_db,MW460263.1,,,
missing_from_db,MW460264.1,,,
missing_from_db,MW460265.1,,,
missing_from_db,OR248574.1,,,
missing_from_db,OR248575.1,,,
missing_from_db,OR248576.1,,,
missing_from_db,OR248578.1,,,
missing_from_db,OR248579.1,,,
missing_from_db,OR248580.1,,,
missing_from_db,OR248583.1,,,
missing_from_db,OR248584.1,,,
missing_from_db,OR248585.1,,,
missing_from_db,OR248586.1,,,
missing_from_db,OR248588.1,,,
missing_from_db,OR248590.1,,,
missing_from_db,OR248591.1,,,
missing_from_db,OR248593.1,,,
missing_from_db,OR248594.1,,,
missing_from_db,OR248595.1,,,
missing_from_db,OR248597.1,,,
missing_from_db,OR248601.1,,,
missing_from_db,OR248602.1,,,
missing_from_db,OR248603.1,,,
missing_from_db,OR248604.1,,,
missing_from_db,OR248605.1,,,
missing_from_db,OR248606.1,,,
missing_from_db,OR248607.1,,,
missing_from_db,OR248608.1,,,
missing_from_db,OR248609.1,,,
missing_from_db,OR248611.1,,,
missing_from_db,OR248612.1,,,
missing_from_db,OR248613.1,,,
missing_from_db,OR248614.1,,,
missing_from_db,OR248615.1,,,
missing_from_db,OR248616.1,,,
missing_from_db,OR248617.1,,,
missing_from_db,OR248618.1,,,
missing_from_db,OR248619.1,,,
missing_from_db,OR248621.1,,,
missing_from_db,OR248622.1,,,
missing_from_db,OR248623.1,,,
missing_from_db,OR248624.1,,,
missing_from_db,OR248625.1,,,
missing_from_db,OR248626.1,,,
missing_from_db,OR248628.1,,,
missing_from_db,OR248629.1,,,
missing_from_db,OR248630.1,,,
missing_from_db,OR248631.1,,,
missing_from_db,OR248632.1,,,
missing_from_db,OR248633.1,,,
missing_from_db,OR248635.1,,,
missing_from_db,OR248636.1,,,
missing_from_db,OR248637.1,,,
missing_from_db,OR248638.1,,,
missing_from_db,OR248639.1,,,
missing_from_db,OR248640.1,,,
missing_from_db,OR248641.1,,,
missing_from_db,OR248642.1,,,
missing_from_db,OR248644.1,,,
missing_from_db,PA267570.1,,,
missing_from_db,PA267571.1,,,
missing_from_db,PA267573.1,,,
missing_from_db,PA267574.1,,,
missing_from_db,PA267579.1,,,
missing_from_db,PA267580.1,,,
missing_from_db,PA267581.1,,,
missing_from_db,PA267582.1,,,
missing_from_db,PA267583.1,,,
missing_from_db,PA267584.1,,,
missing_from_db,PQ271592.1,,,
missing_from_db,PQ271593.1,,,
missing_from_db,PQ271594.1,,,
missing_from_db,PQ271595.1,,,
missing_from_db,PQ271596.1,,,
missing_from_db,PQ271597.1,,,
missing_from_db,PQ271598.1,,,
missing_from_db,PQ271599.1,,,
missing_from_db,PQ271600.1,,,
missing_from_db,PQ271601.1,,,
missing_from_db,PQ271602.1,,,
missing_from_db,PQ271603.1,,,
missing_from_db,PQ271604.1,,,
missing_from_db,PQ271605.1,,,
missing_from_db,Q06AW1,,,
missing_from_db,Q6Q384,,,
missing_from_db,Q6Q385,,,
missing_from_db,Q8L5T3,,,
missing_from_db,QAR48980.1,,,
missing_from_db,QAR48981.1,,,
missing_from_db,QAR48989.1,,,
missing_from_db,QAR48991.1,,,
missing_from_db,QAR49004.1,,,
missing_from_db,QAR49009.1,,,
missing_from_db,QAR49031.1,,,
missing_from_db,QAR49039.1,,,
missing_from_db,QAR49045.1,,,
missing_from_db,QAR49047.1,,,
missing_from_db,QAR49051.1,,,
missing_from_db,QAR49056.1,,,
missing_from_db,QNZ92669.1,,,
missing_from_db,QNZ92670.1,,,
missing_from_db,QNZ92671.1,,,
missing_from_db,QNZ92672.1,,,
missing_from_db,QNZ92673.1,,,
missing_from_db,QNZ92674.1,,,
missing_from_db,QNZ92675.1,,,
missing_from_db,QNZ92676.1,,,
missing_from_db,QNZ92677.1,,,
missing_from_db,QNZ92678.1,,,
missing_from_db,QNZ92679.1,,,
missing_from_db,QNZ92680.1,,,
missing_from_db,QNZ92681.1,,,
missing_from_db,QNZ92682.1,,,
missing_from_db,QNZ92684.1,,,
missing_from_db,QNZ92685.1,,,
missing_from_db,QNZ92686.1,,,
missing_from_db,QNZ92687.1,,,
missing_from_db,QNZ92688.1,,,
missing_from_db,QNZ92689.1,,,
missing_from_db,QNZ92690.1,,,
missing_from_db,QNZ92691.1,,,
missing_from_db,QNZ92692.1,,,
missing_from_db,QNZ92693.1,,,
missing_from_db,QNZ92694.1,,,
missing_from_db,QNZ92695.1,,,
missing_from_db,QNZ92696.1,,,
missing_from_db,QNZ92697.1,,,
missing_from_db,QNZ92698.1,,,
missing_from_db,QNZ92699.1,,,
missing_from_db,QNZ92700.1,,,
missing_from_db,QNZ92701.1,,,
missing_from_db,QNZ92702.1,,,
missing_from_db,QNZ92703.1,,,
missing_from_db,QNZ92704.1,,,
missing_from_db,QNZ92705.1,,,
missing_from_db,QNZ92706.1,,,
missing_from_db,QNZ92707.1,,,
missing_from_db,QNZ92708.1,,,
missing_from_db,QNZ92709.1,,,
missing_from_db,QNZ92710.1,,,
missing_from_db,QNZ92711.1,,,
missing_from_db,QNZ92712.1,,,
missing_from_db,QNZ92713.1,,,
missing_from_db,QNZ92714.1,,,
missing_from_db,QNZ92715.1,,,
missing_from_db,QNZ92716.1,,,
missing_from_db,QNZ92717.1,,,
missing_from_db,QNZ92718.1,,,
missing_from_db,QNZ92719.1,,,
missing_from_db,QNZ92720.1,,,
missing_from_db,QNZ92721.1,,,
missing_from_db,QNZ92722.1,,,
missing_from_db,QNZ92723.1,,,
missing_from_db,QNZ92724.1,,,
missing_from_db,QNZ92725.1,,,
missing_from_db,QNZ92726.1,,,
missing_from_db,QNZ92727.1,,,
missing_from_db,QNZ92728.1,,,
missing_from_db,QNZ92729.1,,,
missing_from_db,QNZ92730.1,,,
missing_from_db,QNZ92731.1,,,
missing_from_db,QNZ92732.1,,,
missing_from_db,QNZ92733.1,,,
missing_from_db,QNZ92734.1,,,
missing_from_db,QNZ92735.1,,,
missing_from_db,QNZ92736.1,,,
missing_from_db,QNZ92737.1,,,
missing_from_db,QNZ92738.1,,,
missing_from_db,QNZ92739.1,,,
missing_from_db,QNZ92740.1,,,
missing_from_db,QNZ92741.1,,,
missing_from_db,QNZ92742.1,,,
missing_from_db,QNZ92743.1,,,
missing_from_db,QNZ92744.1,,,
missing_from_db,QNZ92745.1,,,
missing_from_db,QNZ92746.1,,,
missing_from_db,QNZ92747.1,,,
missing_from_db,QNZ92748.1,,,
missing_from_db,QNZ92749.1,,,
missing_from_db,QNZ92750.1,,,
missing_from_db,QNZ92751.1,,,
missing_from_db,QNZ92752.1,,,
missing_from_db,QNZ92753.1,,,
missing_from_db,QNZ92754.1,,,
missing_from_db,QNZ92755.1,,,
missing_from_db,QNZ92756.1,,,
missing_from_db,QOI16634.1,,,
missing_from_db,QOI16635.1,,,
missing_from_db,QOI16636.1,,,
missing_from_db,QOI16637.1,,,
missing_from_db,QOI16638.1,,,
missing_from_db,QOI16639.1,,,
missing_from_db,QOI16642.1,,,
missing_from_db,QOI16643.1,,,
missing_from_db,QOI16645.1,,,
missing_from_db,QPN53680.1,,,
missing_from_db,QPN53681.1,,,
missing_from_db,QPN53682.1,,,
missing_from_db,QPN53683.1,,,
missing_from_db,QPN53684.1,,,
missing_from_db,QPN53686.1,,,
missing_from_db,QPN53687.1,,,
missing_from_db,QPN53688.1,,,
missing_from_db,QPN53689.1,,,
missing_from_db,QPN53690.1,,,
missing_from_db,QPN53691.1,,,
missing_from_db,QPN53692.1,,,
missing_from_db,QPN53693.1,,,
missing_from_db,QPN53694.1,,,
missing_from_db,QPN53695.1,,,
missing_from_db,QPN53696.1,,,
missing_from_db,QPN53697.1,,,
missing_from_db,QPN53698.1,,,
missing_from_db,QPN53699.1,,,
missing_from_db,QPN53700.1,,,
missing_from_db,QPN53701.1,,,
missing_from_db,QPN53702.1,,,
missing_from_db,QPN53703.1,,,
missing_from_db,QPN53704.1,,,
missing_from_db,QPN53705.1,,,
missing_from_db,QPN53706.1,,,
missing_from_db,QPN53707.1,,,
missing_from_db,QPN53708.1,,,
missing_from_db,QPN53709.1,,,
missing_from_db,QPN53710.1,,,
missing_from_db,QPN53711.1,,,
missing_from_db,QPN53712.1,,,
missing_from_db,QPN53713.1,,,
missing_from_db,QPN53714.1,,,
missing_from_db,QPN53715.1,,,
missing_from_db,QPN53716.1,,,
missing_from_db,QPN53717.1,,,
missing_from_db,QPN53718.1,,,
missing_from_db,QPN53719.1,,,
missing_from_db,QPN53720.1,,,
missing_from_db,QPN53721.1,,,
missing_from_db,QPN53722.1,,,
missing_from_db,QPN53723.1,,,
missing_from_db,QPN53724.1,,,
missing_from_db,QPN53725.1,,,
missing_from_db,QPN53726.1,,,
missing_from_db,QPN53727.1,,,
missing_from_db,QPN53728.1,,,
missing_from_db,QPN53729.1,,,
missing_from_db,QPN53730.1,,,
missing_from_db,QPN53731.1,,,
missing_from_db,QPN53732.1,,,
missing_from_db,QPN53733.1,,,
missing_from_db,QPN53734.1,,,
missing_from_db,QPN53735.1,,,
missing_from_db,QPN53736.1,,,
missing_from_db,QPN53737.1,,,
missing_from_db,QPN53738.1,,,
missing_from_db,QPN53739.1,,,
missing_from_db,QPN53740.1,,,
missing_from_db,QPN53741.1,,,
missing_from_db,QPN53742.1,,,
missing_from_db,QPN53743.1,,,
missing_from_db,QPN53744.1,,,
missing_from_db,QPN53745.1,,,
missing_from_db,QPN53746.1,,,
missing_from_db,QPN53747.1,,,
missing_from_db,QPN53749.1,,,
missing_from_db,QPN53750.1,,,
missing_from_db,QPN53751.1,,,
missing_from_db,QPN53752.1,,,
missing_from_db,QPN53753.1,,,
missing_from_db,QPN53754.1,,,
missing_from_db,QPN53755.1,,,
missing_from_db,QPN53756.1,,,
missing_from_db,QPN53757.1,,,
missing_from_db,QPN53759.1,,,
missing_from_db,QPN53760.1,,,
missing_from_db,QPN53761.1,,,
missing_from_db,QPN53762.1,,,
missing_from_db,QPN53763.1,,,
missing_from_db,QV058466.1,,,
missing_from_db,W5VXM2,,,
missing_from_db,WMY25208.1,,,
missing_from_db,WMY25209.1,,,
missing_from_db,WMY25210.1,,,
missing_from_db,WMY25211.1,,,
missing_from_db,WMY25212.1,,,
missing_from_db,WMY25213.1,,,
missing_from_db,WMY25214.1,,,
missing_from_db,WMY25215.1,,,
missing_from_db,WMY25216.1,,,
missing_from_db,WMY25217.1,,,
missing_from_db,WMY25218.1,,,
missing_from_db,WMY25219.1,,,
missing_from_db,WMY25220.1,,,
missing_from_db,WMY25221.1,,,
missing_from_db,WMY25222.1,,,
missing_from_db,WMY25223.1,,,
missing_from_db,WMY25224.1,,,
missing_from_db,WMY25225.1,,,
missing_from_db,WMY25226.1,,,
missing_from_db,WOJ37982.1,,,
missing_from_db,WOJ37983.1,,,
missing_from_db,WOJ37984.1,,,
missing_from_db,WOW88859.1,,,
missing_from_db,WXH73650.1,,,
missing_from_db,WXH73651.1,,,
missing_from_db,WXH73652.1,,,
missing_from_db,WXH73653.1,,,
missing_from_db,WXH73654.1,,,
missing_from_db,WXH73655.1,,,
missing_from_db,WXH73656.1,,,
missing_from_db,WXH73657.1,,,
missing_from_db,WXH73658.1,,,
missing_from_db,WXH73659.1,,,
missing_from_db,WXH73660.1,,,
missing_from_db,WXH73661.1,,,
missing_from_db,WXH73662.1,,,
missing_from_db,WXH73663.1,,,
missing_from_db,WXH73664.1,,,
missing_from_db,WXH73665.1,,,
missing_from_db,WXH73666.1,,,
missing_from_db,WXH73667.1,,,
missing_from_db,WXH73668.1,,,
missing_from_db,WXH73669.1,,,
missing_from_db,WXH73670.1,,,
missing_from_db,WXH73671.1,,,
missing_from_db,WXH73672.1,,,
missing_from_db,WXH73673.1,,,
missing_from_db,WXH73674.1,,,
missing_from_db,WXH73675.1,,,
missing_from_db,WXH73676.1,,,
missing_from_db,WXH73677.1,,,
missing_from_db,WXH73678.1,,,
missing_from_db,WXH73679.1,,,
missing_from_db,WXH73680.1,,,
missing_from_db,WXH73681.1,,,
missing_from_db,WXH73682.1,,,
missing_from_db,WXH73683.1,,,
missing_from_db,WXH73684.1,,,
missing_from_db,WXH73685.1,,,
missing_from_db,WXH73686.1,,,
missing_from_db,WXH73687.1,,,
missing_from_db,WXH73688.1,,,
missing_from_db,WXH73689.1,,,
missing_from_db,WXH73690.1,,,
missing_from_db,WXH73691.1,,,
missing_from_db,WXH73692.1,,,
missing_from_db,WXH73693.1,,,
missing_from_db,WXH73694.1,,,
missing_from_db,WXH73695.1,,,
missing_from_db,WXH73696.1,,,
missing_from_db,WXH73697.1,,,
missing_from_db,WXH73698.1,,,
missing_from_db,WXH73699.1,,,
missing_from_db,WXH73700.1,,,
missing_from_db,WXH73701.1,,,
missing_from_db,WXH73702.1,,,
missing_from_db,WXH73703.1,,,
missing_from_db,WXH73704.1,,,
missing_from_db,WXH73705.1,,,
missing_from_db,WXH73706.1,,,
missing_from_db,WXH73707.1,,,
missing_from_db,WXH73709.1,,,
missing_from_db,WXH73710.1,,,
missing_from_db,WXH73711.1,,,
missing_from_db,WXH73712.1,,,
missing_from_db,WXH73713.1,,,
missing_from_db,WXH73714.1,,,
missing_from_db,WXH73715.1,,,
missing_from_db,WXH73716.1,,,
missing_from_db,WXH73717.1,,,
missing_from_db,WXH73718.1,,,
missing_from_db,WXH73719.1,,,
missing_from_db,WXH73720.1,,,
missing_from_db,WXH73721.1,,,
missing_from_db,WXH73722.1,,,
missing_from_db,WXH73723.1,,,
missing_from_db,WXH73724.1,,,
missing_from_db,WXH73725.1,,,
missing_from_db,WXH73726.1,,,
missing_from_db,WXH73727.1,,,
missing_from_db,WXH73728.1,,,
missing_from_db,WXH73729.1,,,
missing_from_db,WXH73730.1,,,
missing_from_db,WXH73731.1,,,
missing_from_db,WXH73732.1,,,
missing_from_db,WXH73733.1,,,
missing_from_db,WXH73734.1,,,
missing_from_db,WXH73735.1,,,
missing_from_db,WXH73736.1,,,
missing_from_db,WXH73737.1,,,
missing_from_db,WXH73738.1,,,
missing_from_db,WXH73739.1,,,
missing_from_db,WXH73740.1,,,
missing_from_db,WXH73741.1,,,
missing_from_db,WXH73742.1,,,
missing_from_db,WXH73743.1,,,
missing_from_db,WXH73744.1,,,
missing_from_db,WXH73745.1,,,
missing_from_db,WXH73746.1,,,
missing_from_db,WXH73747.1,,,
missing_from_db,WXH73748.1,,,
missing_from_db,WXH73749.1,,,
missing_from_db,WXH73750.1,,,
missing_from_db,WXH73751.1,,,
missing_from_db,WXH73752.1,,,
missing_from_db,WXH73753.1,,,
missing_from_db,WXH73754.1,,,
missing_from_db,WXH73755.1,,,
missing_from_db,WXH73756.1,,,
missing_from_db,WXH73757.1,,,
missing_from_db,WXH73758.1,,,
missing_from_db,WXH73759.1,,,
missing_from_db,WXH73760.1,,,
missing_from_db,WXH73761.1,,,
missing_from_db,WXH73762.1,,,
missing_from_db,WXH73763.1,,,
missing_from_db,WXH73764.1,,,
missing_from_db,WXH73765.1,,,
missing_from_db,WXH73766.1,,,
missing_from_db,WXH73767.1,,,
missing_from_db,WXH73768.1,,,
missing_from_db,WXH73769.1,,,
missing_from_db,WXH73770.1,,,
missing_from_db,WXH73771.1,,,
missing_from_db,WXH73772.1,,,
missing_from_db,WXH73773.1,,,
missing_from_db,WXH73774.1,,,
missing_from_db,WXH73775.1,,,
missing_from_db,WXH73776.1,,,
missing_from_db,WXH73777.1,,,
missing_from_db,WXH73778.1,,,
missing_from_db,WXH73779.1,,,
missing_from_db,WXH73780.1,,,
missing_from_db,WXH73781.1,,,
missing_from_db,WXH73782.1,,,
missing_from_db,WXH73783.1,,,
missing_from_db,WXH73784.1,,,
missing_from_db,WXH73785.1,,,
missing_from_db,WXH73786.1,,,
missing_from_db,WXH73787.1,,,
missing_from_db,WXH73788.1,,,
missing_from_db,WXH73789.1,,,
missing_from_db,WXH73790.1,,,
missing_from_db,WXH73791.1,,,
missing_from_db,WXH73792.1,,,
missing_from_db,WXH73793.1,,,
missing_from_db,WXH73794.1,,,
missing_from_db,WXH73795.1,,,
missing_from_db,WXH73796.1,,,
missing_from_db,WXH73797.1,,,
missing_from_db,WXH73798.1,,,
missing_from_db,WXH73799.1,,,
missing_from_db,WXH73800.1,,,
missing_from_db,WXH73801.1,,,
missing_from_db,WXH73802.1,,,
missing_from_db,WXH73803.1,,,
missing_from_db,WXH73804.1,,,
missing_from_db,WXH73805.1,,,
missing_from_db,WXH73806.1,,,
missing_from_db,WXH73807.1,,,
missing_from_db,WXH73808.1,,,
missing_from_db,WXH73809.1,,,
missing_from_db,WXH73810.1,,,
missing_from_db,WXH73811.1,,,
missing_from_db,WXH73812.1,,,
missing_from_db,WXH73813.1,,,
missing_from_db,WXH73814.1,,,
missing_from_db,WXH73815.1,,,
missing_from_db,WXH73816.1,,,
missing_from_db,WXH73817.1,,,
missing_from_db,WXH73818.1,,,
missing_from_db,WXH73819.1,,,
missing_from_db,WXH73820.1,,,
missing_from_db,WXH73821.1,,,
missing_from_db,WXH73822.1,,,
missing_from_db,WXH73823.1,,,
missing_from_db,WXH73824.1,,,
missing_from_db,WXH73825.1,,,
missing_from_db,WXH73826.1,,,
missing_from_db,WXH73827.1,,,
missing_from_db,WXH73828.1,,,
missing_from_db,WXH73829.1,,,
missing_from_db,WXH73830.1,,,
missing_from_db,WXH73831.1,,,
missing_from_db,WXH73832.1,,,
missing_from_db,WXH73833.1,,,
missing_from_db,WXH73834.1,,,
missing_from_db,WXH73835.1,,,
missing_from_db,WXH73836.1,,,
missing_from_db,WXH73837.1,,,
missing_from_db,WXH73838.1,,,
missing_from_db,WXH73839.1,,,
missing_from_db,WXH73840.1,,,
missing_from_db,WXH73841.1,,,
missing_from_db,WXH73842.1,,,
missing_from_db,WXH73843.1,,,
missing_from_db,WXH73844.1,,,
missing_from_db,WXH73845.1,,,
missing_from_db,WXH73846.1,,,
missing_from_db,WXH73847.1,,,
missing_from_db,WXH73848.1,,,
missing_from_db,WXH73849.1,,,
missing_from_db,WXH73850.1,,,
missing_from_db,WXH73851.1,,,
missing_from_db,WXH73852.1,,,
missing_from_db,WXH73853.1,,,
missing_from_db,WXH73854.1,,,
missing_from_db,WXH73855.1,,,
missing_from_db,WXH73856.1,,,
missing_from_db,WXH73857.1,,,
missing_from_db,WXH73858.1,,,
missing_from_db,WXH73859.1,,,
missing_from_db,WXH73860.1,,,
missing_from_db,WXH73861.1,,,
missing_from_db,WXH73862.1,,,
missing_from_db,WXH73863.1,,,
missing_from_db,WXH73864.1,,,
missing_from_db,WXH73865.1,,,
missing_from_db,WXH73866.1,,,
missing_from_db,WXH73867.1,,,
missing_from_db,WXH73868.1,,,
missing_from_db,WXH73869.1,,,
missing_from_db,WXH73870.1,,,
missing_from_db,WXH73871.1,,,
missing_from_db,WXH73872.1,,,
missing_from_db,WXH73873.1,,,
missing_from_db,WXH73874.1,,,
missing_from_db,WXH73875.1,,,
missing_from_db,WXH73876.1,,,
missing_from_db,WXH73877.1,,,
missing_from_db,WXH73878.1,,,
missing_from_db,WXH73879.1,,,
missing_from_db,WXH73880.1,,,
missing_from_db,WXH73881.1,,,
missing_from_db,WXH73882.1,,,
missing_from_db,WXH73883.1,,,
missing_from_db,WXH73884.1,,,
missing_from_db,WXH73885.1,,,
missing_from_db,WXH73886.1,,,
missing_from_db,WXH73887.1,,,
missing_from_db,WXH73888.1,,,
missing_from_db,WXH73889.1,,,
missing_from_db,WXH73890.1,,,
missing_from_db,WXH73891.1,,,
missing_from_db,WXH73892.1,,,
missing_from_db,WXH73893.1,,,
missing_from_db,WXH73894.1,,,
missing_from_db,WXH73895.1,,,
missing_from_db,WXH73896.1,,,
missing_from_db,WXH73897.1,,,
missing_from_db,WXH73898.1,,,
missing_from_db,WXH73899.1,,,
missing_from_db,WXH73900.1,,,
missing_from_db,WXH73901.1,,,
missing_from_db,WXH73902.1,,,
missing_from_db,WXH73903.1,,,
missing_from_db,WXH73904.1,,,
missing_from_db,WXH73905.1,,,
missing_from_db,WXH73906.1,,,
missing_from_db,WXH73907.1,,,
missing_from_db,WXH73908.1,,,
missing_from_db,WXH73909.1,,,
missing_from_db,WXH73910.1,,,
missing_from_db,WXH73911.1,,,
missing_from_db,WXH73912.1,,,
missing_from_db,WXH73914.1,,,
missing_from_db,WXH73915.1,,,
missing_from_db,WXH73916.1,,,
missing_from_db,WXH73917.1,,,
missing_from_db,WXH73918.1,,,
missing_from_db,WXH73919.1,,,
missing_from_db,WXH73920.1,,,
missing_from_db,WXH73921.1,,,
missing_from_db,WXH73922.1,,,
missing_from_db,WXH73923.1,,,
missing_from_db,WXH73925.1,,,
missing_from_db,WXH73926.1,,,
missing_from_db,WXH73927.1,,,
missing_from_db,WXH73928.1,,,
missing_from_db,WXH73929.1,,,
missing_from_db,WXH73931.1,,,
missing_from_db,WXH73932.1,,,
missing_from_db,WXH73933.1,,,
missing_from_db,WXH73934.1,,,
missing_from_db,WXH73935.1,,,
missing_from_db,WXH73936.1,,,
missing_from_db,WXH73937.1,,,
missing_from_db,WXH73938.1,,,
missing_from_db,WXH73940.1,,,
missing_from_db,WXH73941.1,,,
missing_from_db,WXH73942.1,,,
missing_from_db,WXH73943.1,,,
missing_from_db,WXH73944.1,,,
missing_from_db,WXH73945.1,,,
missing_from_db,WXH73946.1,,,
missing_from_db,WXH73947.1,,,
missing_from_db,WXH73948.1,,,
missing_from_db,WXH73949.1,,,
missing_from_db,WXH73950.1,,,
missing_from_db,WXH73951.1,,,
missing_from_db,WXH73953.1,,,
missing_from_db,WXH73954.1,,,
missing_from_db,WXH73955.1,,,
missing_from_db,WXH73956.1,,,
missing_from_db,WXH73957.1,,,
missing_from_db,WXH73958.1,,,
missing_from_db,WXH73959.1,,,
missing_from_db,WXH73960.1,,,
missing_from_db,WXH73961.1,,,
missing_from_db,WXH73962.1,,,
missing_from_db,WXH73963.1,,,
missing_from_db,WXH73964.1,,,
missing_from_db,WXH73965.1,,,
missing_from_db,WXH73966.1,,,
missing_from_db,WXH73967.1,,,
missing_from_db,WXH73968.1,,,
missing_from_db,WXH73969.1,,,
missing_from_db,WXH73970.1,,,
missing_from_db,WXH73971.1,,,
missing_from_db,WXH73972.1,,,
missing_from_db,WXH73973.1,,,
missing_from_db,WXH73974.1,,,
missing_from_db,WXH73975.1,,,
missing_from_db,WXH73976.1,,,
missing_from_db,WXH73977.1,,,
missing_from_db,WXH73978.1,,,
missing_from_db,WXH73979.1,,,
missing_from_db,WXH73980.1,,,
missing_from_db,WXH73981.1,,,
missing_from_db,WXH73982.1,,,
missing_from_db,WXH73983.1,,,
missing_from_db,WXH73984.1,,,
missing_from_db,WXH73985.1,,,
missing_from_db,WXH73986.1,,,
missing_from_db,WXH73987.1,,,
missing_from_db,WXH73989.1,,,
missing_from_db,WXH73990.1,,,
missing_from_db,WXH73991.1,,,
missing_from_db,WXH73992.1,,,
missing_from_db,WXH73993.1,,,
missing_from_db,WXH73994.1,,,
missing_from_db,WXH73995.1,,,
missing_from_db,WXH73996.1,,,
missing_from_db,WXH73997.1,,,
missing_from_db,WXH73998.1,,,
missing_from_db,WXH73999.1,,,
missing_from_db,WXH74000.1,,,
missing_from_db,WXH74001.1,,,
missing_from_db,WXH74002.1,,,
missing_from_db,WXH74003.1,,,
missing_from_db,WXH74004.1,,,
missing_from_db,WXH74005.1,,,
missing_from_db,WXH74006.1,,,
missing_from_db,WXH74007.1,,,
missing_from_db,WXH74008.1,,,
missing_from_db,WXH74009.1,,,
missing_from_db,WXH74010.1,,,
missing_from_db,WXH74011.1,,,
missing_from_db,WXH74012.1,,,
missing_from_db,WXH74013.1,,,
missing_from_db,WXH74014.1,,,
missing_from_db,WXH74015.1,,,
missing_from_db,WXH74016.1,,,
missing_from_db,WXH74017.1,,,
missing_from_db,WXH74018.1,,,
missing_from_db,WXH74019.1,,,
missing_from_db,WXH74020.1,,,
missing_from_db,WXH74021.1,,,
missing_from_db,WXH74022.1,,,
missing_from_db,WXH74023.1,,,
missing_from_db,WXH74024.1,,,
missing_from_db,WXH74025.1,,,
missing_from_db,WXH74026.1,,,
missing_from_db,WXH74027.1,,,
missing_from_db,WXH74028.1,,,
missing_from_db,WXH74029.1,,,
missing_from_db,WXH74030.1,,,
missing_from_db,WXH74031.1,,,
missing_from_db,WXH74032.1,,,
missing_from_db,WXH74033.1,,,
missing_from_db,WXH74034.1,,,
missing_from_db,WXH74035.1,,,
missing_from_db,WXH74036.1,,,
missing_from_db,WXH74037.1,,,
missing_from_db,WXH74038.1,,,
missing_from_db,WXH74039.1,,,
missing_from_db,WXH74040.1,,,
missing_from_db,WXH74041.1,,,
missing_from_db,WXH74042.1,,,
missing_from_db,WXH74043.1,,,
missing_from_db,WXH74044.1,,,
missing_from_db,WXH74045.1,,,
missing_from_db,WXH74046.1,,,
missing_from_db,WXH74047.1,,,
missing_from_db,WXH74048.1,,,
missing_from_db,WXH74049.1,,,
missing_from_db,WXH74050.1,,,
missing_from_db,WXH74051.1,,,
missing_from_db,WXH74052.1,,,
missing_from_db,WXH74053.1,,,
missing_from_db,WXH74054.1,,,
missing_from_db,WXH74055.1,,,
missing_from_db,WXH74056.1,,,
missing_from_db,WXH74057.1,,,
missing_from_db,WXH74058.1,,,
missing_from_db,WXH74059.1,,,
missing_from_db,WXH74060.1,,,
missing_from_db,WXH74061.1,,,
missing_from_db,WXH74062.1,,,
missing_from_db,WXH74063.1,,,
missing_from_db,WXH74064.1,,,
missing_from_db,WXH74065.1,,,
missing_from_db,WXH74066.1,,,
missing_from_db,WXH74067.1,,,
missing_from_db,WXH74068.1,,,
missing_from_db,WXH74069.1,,,
missing_from_db,WXH74070.1,,,
missing_from_db,WXH74071.1,,,
missing_from_db,WXH74072.1,,,
missing_from_db,WXH74073.1,,,
missing_from_db,WXH74074.1,,,
missing_from_db,WXH74075.1,,,
missing_from_db,WXH74076.1,,,
missing_from_db,WXH74077.1,,,
missing_from_db,WXH74078.1,,,
missing_from_db,WXH74079.1,,,
missing_from_db,WXH74080.1,,,
missing_from_db,WXH74081.1,,,
missing_from_db,WXH74082.1,,,
missing_from_db,WXH74083.1,,,
missing_from_db,WXH74084.1,,,
missing_from_db,WXH74085.1,,,
missing_from_db,WXH74086.1,,,
missing_from_db,WXH74087.1,,,
missing_from_db,WXH74088.1,,,
missing_from_db,WXH74089.1,,,
missing_from_db,WXH74090.1,,,
missing_from_db,WXH74091.1,,,
missing_from_db,WXH74092.1,,,
missing_from_db,WXH74093.1,,,
missing_from_db,WXH74094.1,,,
missing_from_db,WXH74095.1,,,
missing_from_db,WXH74096.1,,,
missing_from_db,WXH74097.1,,,
missing_from_db,WXH74098.1,,,
missing_from_db,WXH74099.1,,,
missing_from_db,WXH74100.1,,,
missing_from_db,WXH74101.1,,,
missing_from_db,WXH74102.1,,,
missing_from_db,WXH74103.1,,,
missing_from_db,WXH74104.1,,,
missing_from_db,WXH74105.1,,,
missing_from_db,WXH74106.1,,,
missing_from_db,WXH74107.1,,,
missing_from_db,WXH74108.1,,,
missing_from_db,WXH74109.1,,,
missing_from_db,WXH74110.1,,,
missing_from_db,WXH74111.1,,,
missing_from_db,WXH74112.1,,,
missing_from_db,WXH74113.1,,,
missing_from_db,WXH74114.1,,,
missing_from_db,WXH74115.1,,,
missing_from_db,WXH74116.1,,,
missing_from_db,WXH74117.1,,,
missing_from_db,WXH74118.1,,,
missing_from_db,WXH74119.1,,,
missing_from_db,WXH74120.1,,,
missing_from_db,WXH74121.1,,,
missing_from_db,WXH74122.1,,,
missing_from_db,WXH74123.1,,,
missing_from_db,WXH74124.1,,,
missing_from_db,WXH74125.1,,,
missing_from_db,WXH74126.1,,,
missing_from_db,WXH74127.1,,,
missing_from_db,WXH74128.1,,,
missing_from_db,WXH74129.1,,,
missing_from_db,WXH74130.1,,,
missing_from_db,WXH74131.1,,,
missing_from_db,WXH74132.1,,,
missing_from_db,WXH74133.1,,,
missing_from_db,WXH74134.1,,,
missing_from_db,WXH74135.1,,,
missing_from_db,WXH74136.1,,,
missing_from_db,WXH74137.1,,,
missing_from_db,WXH74138.1,,,
missing_from_db,WXH74139.1,,,
missing_from_db,WXH74140.1,,,
missing_from_db,WXH74141.1,,,
missing_from_db,WXH74142.1,,,
missing_from_db,WXH74143.1,,,
missing_from_db,WXH74144.1,,,
missing_from_db,WXH74145.1,,,
missing_from_db,WXH74146.1,,,
missing_from_db,WXH74147.1,,,
missing_from_db,WXH74148.1,,,
missing_from_db,WXH74149.1,,,
missing_from_db,WXH74150.1,,,
missing_from_db,WXH74151.1,,,
missing_from_db,WXH74152.1,,,
missing_from_db,WXH74153.1,,,
missing_from_db,WXH74154.1,,,
missing_from_db,WXH74155.1,,,
missing_from_db,WXH74156.1,,,
missing_from_db,WXH74157.1,,,
missing_from_db,WXH74158.1,,,
missing_from_db,WXH74159.1,,,
missing_from_db,WXH74160.1,,,
missing_from_db,WXH74161.1,,,
missing_from_db,WXH74162.1,,,
missing_from_db,WXH74163.1,,,
missing_from_db,WXH74164.1,,,
missing_from_db,WXH74165.1,,,
missing_from_db,WXH74166.1,,,
missing_from_db,WXH74167.1,,,
missing_from_db,WXH74168.1,,,
missing_from_db,WXH74169.1,,,
missing_from_db,WXH74170.1,,,
missing_from_db,WXH74171.1,,,
missing_from_db,WXH74172.1,,,
missing_from_db,WXH74173.1,,,
missing_from_db,WXH74174.1,,,
missing_from_db,WXH74175.1,,,
missing_from_db,WXH74176.1,,,
missing_from_db,WXH74177.1,,,
missing_from_db,WXH74178.1,,,
missing_from_db,WXH74179.1,,,
missing_from_db,WXH74180.1,,,
missing_from_db,WXH74181.1,,,
missing_from_db,WXH74182.1,,,
missing_from_db,WXH74183.1,,,
missing_from_db,WXH74184.1,,,
missing_from_db,WXH74185.1,,,
missing_from_db,WXH74186.1,,,
missing_from_db,WXH74187.1,,,
missing_from_db,WXH74188.1,,,
missing_from_db,WXH74189.1,,,
missing_from_db,WXH74190.1,,,
missing_from_db,WXH74191.1,,,
missing_from_db,WXH74192.1,,,
missing_from_db,WXH74193.1,,,
missing_from_db,WXH74194.1,,,
missing_from_db,WXH74195.1,,,
missing_from_db,WXH74196.1,,,
missing_from_db,WXH74197.1,,,
missing_from_db,WXH74198.1,,,
missing_from_db,WXH74199.1,,,
missing_from_db,WXH74200.1,,,
missing_from_db,WXH74201.1,,,
missing_from_db,WXH74202.1,,,
missing_from_db,WXH74203.1,,,
missing_from_db,WXH74204.1,,,
missing_from_db,WXH74205.1,,,
missing_from_db,WXH74206.1,,,
missing_from_db,WXH74207.1,,,
missing_from_db,WXH74208.1,,,
missing_from_db,WXH74209.1,,,
missing_from_db,WXH74210.1,,,
missing_from_db,WXH74211.1,,,
missing_from_db,WXH74212.1,,,
missing_from_db,WXH74213.1,,,
missing_from_db,WXH74214.1,,,
missing_from_db,WXH74215.1,,,
missing_from_db,WXH74216.1,,,
missing_from_db,WXH74217.1,,,
missing_from_db,WXH74218.1,,,
missing_from_db,WXH74219.1,,,
missing_from_db,WXH74220.1,,,
missing_from_db,WXH74221.1,,,
missing_from_db,WXH74222.1,,,
missing_from_db,WXH74223.1,,,
missing_from_db,WXH74224.1,,,
missing_from_db,WXH74225.1,,,
missing_from_db,WXH74226.1,,,
missing_from_db,WXH74227.1,,,
missing_from_db,WXH74228.1,,,
missing_from_db,WXH74229.1,,,
missing_from_db,WXH74230.1,,,
missing_from_db,WXH74231.1,,,
missing_from_db,WXH74232.1,,,
missing_from_db,WXH74233.1,,,
missing_from_db,WXH74234.1,,,
missing_from_db,WXH74235.1,,,
missing_from_db,WXH74236.1,,,
missing_from_db,WXH74237.1,,,
missing_from_db,WXH74238.1,,,
missing_from_db,WXH74239.1,,,
missing_from_db,WXH74240.1,,,
missing_from_db,WXH74241.1,,,
missing_from_db,WXH74242.1,,,
missing_from_db,WXH74243.1,,,
missing_from_db,WXH74244.1,,,
missing_from_db,WXH74245.1,,,
missing_from_db,WXH74246.1,,,
missing_from_db,WXH74247.1,,,
missing_from_db,WXH74248.1,,,
missing_from_db,WXH74249.1,,,
missing_from_db,WXH74250.1,,,
missing_from_db,WXH74251.1,,,
missing_from_db,WXH74252.1,,,
missing_from_db,WXH74253.1,,,
missing_from_db,WXH74254.1,,,
missing_from_db,WXH74255.1,,,
missing_from_db,WXH74256.1,,,
missing_from_db,WXH74257.1,,,
missing_from_db,WXH74258.1,,,
missing_from_db,WXH74259.1,,,
missing_from_db,WXH74260.1,,,
missing_from_db,WXH74261.1,,,
missing_from_db,WXH74262.1,,,
missing_from_db,WXH74263.1,,,
missing_from_db,WXH74264.1,,,
missing_from_db,WXH74265.1,,,
missing_from_db,WXH74266.1,,,
missing_from_db,WXH74267.1,,,
missing_from_db,WXH74268.1,,,
missing_from_db,WXH74269.1,,,
missing_from_db,WXH74270.1,,,
missing_from_db,WXH74271.1,,,
missing_from_db,WXH74272.1,,,
missing_from_db,WXH74273.1,,,
missing_from_db,WXH74274.1,,,
missing_from_db,WXH74275.1,,,
missing_from_db,WXH74276.1,,,
missing_from_db,WXH74277.1,,,
missing_from_db,WXH74278.1,,,
missing_from_db,WXH74279.1,,,
missing_from_db,WXH74280.1,,,
missing_from_db,WXH74281.1,,,
missing_from_db,WXH74282.1,,,
missing_from_db,WXH74283.1,,,
missing_from_db,WXH74284.1,,,
missing_from_db,WXH74285.1,,,
missing_from_db,WXH74286.1,,,
missing_from_db,WXH74287.1,,,
missing_from_db,WXH74288.1,,,
missing_from_db,WXH74289.1,,,
missing_from_db,WXH74290.1,,,
missing_from_db,WXH74291.1,,,
missing_from_db,WXH74292.1,,,
missing_from_db,WXH74293.1,,,
missing_from_db,WXH74294.1,,,
missing_from_db,WXH74295.1,,,
missing_from_db,WXH74296.1,,,
missing_from_db,WXH74297.1,,,
missing_from_db,WXH74298.1,,,
missing_from_db,WXH74299.1,,,
missing_from_db,WXH74300.1,,,
missing_from_db,WXH74301.1,,,
missing_from_db,WXH74302.1,,,
missing_from_db,WXH74303.1,,,
missing_from_db,WXH74304.1,,,
missing_from_db,WXH74305.1,,,
missing_from_db,WXH74306.1,,,
missing_from_db,WXH74307.1,,,
missing_from_db,WXH74308.1,,,
missing_from_db,WXH74309.1,,,
missing_from_db,WXH74310.1,,,
missing_from_db,WXH74311.1,,,
missing_from_db,WXH74312.1,,,
missing_from_db,WXH74313.1,,,
missing_from_db,WXH74314.1,,,
missing_from_db,WXH74315.1,,,
missing_from_db,WXH74316.1,,,
missing_from_db,WXH74317.1,,,
missing_from_db,WXH74318.1,,,
missing_from_db,WXH74319.1,,,
missing_from_db,WXH74320.1,,,
missing_from_db,WXH74321.1,,,
missing_from_db,WXH74322.1,,,
missing_from_db,WXH74323.1,,,
missing_from_db,WXH74324.1,,,
missing_from_db,WXH74325.1,,,
missing_from_db,WXH74326.1,,,
missing_from_db,WXH74327.1,,,
missing_from_db,WXH74328.1,,,
missing_from_db,WXH74329.1,,,
missing_from_db,WXH74330.1,,,
missing_from_db,WXH74331.1,,,
missing_from_db,WXH74332.1,,,
missing_from_db,WXH74333.1,,,
missing_from_db,WXH74334.1,,,
missing_from_db,WXH74335.1,,,
missing_from_db,WXH74336.1,,,
missing_from_db,WXH74337.1,,,
missing_from_db,WXH74338.1,,,
missing_from_db,WXH74339.1,,,
missing_from_db,WXH74341.1,,,
missing_from_db,WXH74342.1,,,
missing_from_db,WXH74343.1,,,
missing_from_db,WXH74344.1,,,
missing_from_db,WXH74345.1,,,
missing_from_db,WXH74346.1,,,
missing_from_db,WXH74347.1,,,
missing_from_db,WXH74349.1,,,
missing_from_db,WXH74350.1,,,
missing_from_db,WXH74351.1,,,
missing_from_db,WXH74352.1,,,
missing_from_db,WXH74353.1,,,
missing_from_db,WXH74354.1,,,
missing_from_db,WXH74355.1,,,
missing_from_db,WXH74356.1,,,
missing_from_db,WXH74357.1,,,
missing_from_db,WXH74358.1,,,
missing_from_db,WXH74360.1,,,
missing_from_db,WXH74361.1,,,
missing_from_db,WXH74362.1,,,
missing_from_db,WXH74363.1,,,
missing_from_db,WXH74364.1,,,
missing_from_db,WXH74365.1,,,
missing_from_db,WXH74366.1,,,
missing_from_db,WXH74367.1,,,
missing_from_db,WXH74368.1,,,
missing_from_db,WXH74369.1,,,
missing_from_db,WXH74370.1,,,
missing_from_db,WXH74371.1,,,
missing_from_db,WXH74373.1,,,
missing_from_db,WXH74374.1,,,
missing_from_db,WXH74375.1,,,
missing_from_db,WXH74376.1,,,
missing_from_db,WXH74377.1,,,
missing_from_db,WXH74379.1,,,
missing_from_db,WXH74380.1,,,
missing_from_db,WXH74381.1,,,
missing_from_db,WXH74382.1,,,
missing_from_db,WXH74383.1,,,
missing_from_db,WXH74384.1,,,
missing_from_db,WXH74385.1,,,
missing_from_db,WXH74386.1,,,
missing_from_db,WXH74387.1,,,
missing_from_db,WXH74388.1,,,
missing_from_db,WXH74389.1,,,
missing_from_db,WXH74390.1,,,
missing_from_db,WXH74391.1,,,
missing_from_db,WXH74392.1,,,
missing_from_db,WXH74393.1,,,
missing_from_db,WXH74394.1,,,
missing_from_db,WXH74395.1,,,
missing_from_db,WXH74396.1,,,
missing_from_db,WXH74397.1,,,
missing_from_db,WXH74398.1,,,
missing_from_db,WXH74399.1,,,
missing_from_db,WXH74400.1,,,
missing_from_db,WXH74401.1,,,
missing_from_db,WXH74402.1,,,
missing_from_db,WXH74403.1,,,
missing_from_db,WXH74404.1,,,
missing_from_db,WXH74405.1,,,
missing_from_db,WXH74407.1,,,
missing_from_db,WXH74408.1,,,
missing_from_db,WXH74409.1,,,
missing_from_db,WXH74410.1,,,
missing_from_db,WXH74411.1,,,
missing_from_db,WXH74412.1,,,
missing_from_db,WXH74413.1,,,
missing_from_db,WXH74414.1,,,
missing_from_db,WXH74415.1,,,
missing_from_db,WXH74416.1,,,
missing_from_db,WXH74419.1,,,
missing_from_db,WXH74420.1,,,
missing_from_db,WXH74422.1,,,
missing_from_db,WXH74423.1,,,
missing_from_db,WXH74424.1,,,
missing_from_db,WXH74425.1,,,
missing_from_db,WXH74426.1,,,
missing_from_db,WXH74427.1,,,
missing_from_db,WXH74428.1,,,
missing_from_db,WXH74429.1,,,
missing_from_db,WXH74430.1,,,
missing_from_db,WXH74431.1,,,
missing_from_db,WXH74432.1,,,
missing_from_db,WXH74520.1,,,
missing_from_db,WXH74521.1,,,
missing_from_db,WXH74525.1,,,
missing_from_db,WXH74527.1,,,
missing_from_db,WXH74531.1,,,
missing_from_db,WXH74534.1,,,
missing_from_db,WXH74535.1,,,
missing_from_db,WXH74542.1,,,
missing_from_db,WXH74549.1,,,
missing_from_db,WXH74550.1,,,
missing_from_db,WXH74551.1,,,
missing_from_db,WXH74553.1,,,
missing_from_db,WXH74554.1,,,
missing_from_db,WXH74555.1,,,
missing_from_db,WXH74556.1,,,
missing_from_db,WXH74558.1,,,
missing_from_db,WXH74559.1,,,
missing_from_db,WXH74560.1,,,
missing_from_db,WXH74563.1,,,
missing_from_db,WXH74567.1,,,
missing_from_db,WXH74568.1,,,
missing_from_db,WXH74569.1,,,
missing_from_db,WXH74572.1,,,
missing_from_db,WXH74574.1,,,
missing_from_db,WXH74575.1,,,
missing_from_db,WXH74576.1,,,
missing_from_db,WXH74577.1,,,
missing_from_db,WXH74581.1,,,
missing_from_db,WXH74582.1,,,
missing_from_db,WXH74583.1,,,
missing_from_db,WXH74584.1,,,
missing_from_db,WXH74585.1,,,
missing_from_db,WXH74586.1,,,
missing_from_db,WXH74587.1,,,
missing_from_db,WXH74588.1,,,
missing_from_db,WXH74589.1,,,
missing_from_db,WXH74590.1,,,
missing_from_db,WXH74594.1,,,
missing_from_db,WXH74599.1,,,
missing_from_db,WXH74600.1,,,
missing_from_db,WXH74604.1,,,
missing_from_db,WXH74605.1,,,
missing_from_db,WXH74606.1,,,
missing_from_db,XAL80644.1,,,
missing_from_db,XM_021880481.1,,,
missing_from_db,cqi:110681607,,,
missing_from_db,cqi:110681726,,,
missing_from_db,cqi:110681737,,,
missing_from_db,cqi:110682770,,,
missing_from_db,cqi:110683149,,,
missing_from_db,cqi:110683788,,,
missing_from_db,cqi:110684072,,,
missing_from_db,cqi:110684272,,,
missing_from_db,cqi:110684530,,,
missing_from_db,cqi:110684571,,,
missing_from_db,cqi:110684868,,,
missing_from_db,cqi:110684936,,,
missing_from_db,cqi:110684941,,,
missing_from_db,cqi:110685023,,,
missing_from_db,cqi:110685025,,,
missing_from_db,cqi:110685039,,,
missing_from_db,cqi:110685192,,,
missing_from_db,cqi:110685246,,,
missing_from_db,cqi:110685342,,,
missing_from_db,cqi:110685403,,,
missing_from_db,cqi:110685404,,,
missing_from_db,cqi:110685490,,,
missing_from_db,cqi:110685860,,,
missing_from_db,cqi:110686016,,,
missing_from_db,cqi:110686291,,,
missing_from_db,cqi:110686369,,,
missing_from_db,cqi:110686404,,,
missing_from_db,cqi:110686406,,,
missing_from_db,cqi:110686582,,,
missing_from_db,cqi:110686779,,,
missing_from_db,cqi:110686937,,,
missing_from_db,cqi:110687018,,,
missing_from_db,cqi:110687019,,,
missing_from_db,cqi:110687020,,,
missing_from_db,cqi:110687129,,,
missing_from_db,cqi:110687136,,,
missing_from_db,cqi:110687143,,,
missing_from_db,cqi:110687154,,,
missing_from_db,cqi:110687234,,,
missing_from_db,cqi:110687254,,,
missing_from_db,cqi:110687532,,,
missing_from_db,cqi:110687540,,,
missing_from_db,cqi:110687541,,,
missing_from_db,cqi:110687566,,,
missing_from_db,cqi:110688107,,,
missing_from_db,cqi:110688160,,,
missing_from_db,cqi:110688179,,,
missing_from_db,cqi:110688338,,,
missing_from_db,cqi:110688452,,,
missing_from_db,cqi:110688568,,,
missing_from_db,cqi:110688833,,,
missing_from_db,cqi:110689117,,,
missing_from_db,cqi:110689454,,,
missing_from_db,cqi:110689540,,,
missing_from_db,cqi:110689584,,,
missing_from_db,cqi:110689598,,,
missing_from_db,cqi:110689609,,,
missing_from_db,cqi:110689610,,,
missing_from_db,cqi:110689732,,,
missing_from_db,cqi:110689798,,,
missing_from_db,cqi:110689799,,,
missing_from_db,cqi:110689943,,,
missing_from_db,cqi:110690051,,,
missing_from_db,cqi:110690210,,,
missing_from_db,cqi:110690244,,,
missing_from_db,cqi:110690245,,,
missing_from_db,cqi:110690251,,,
missing_from_db,cqi:110690391,,,
missing_from_db,cqi:110690392,,,
missing_from_db,cqi:110690421,,,
missing_from_db,cqi:110690629,,,
missing_from_db,cqi:110690636,,,
missing_from_db,cqi:110690637,,,
missing_from_db,cqi:110690670,,,
missing_from_db,cqi:110690815,,,
missing_from_db,cqi:110690823,,,
missing_from_db,cqi:110690824,,,
missing_from_db,cqi:110690828,,,
missing_from_db,cqi:110691013,,,
missing_from_db,cqi:110691014,,,
missing_from_db,cqi:110691017,,,
missing_from_db,cqi:110691206,,,
missing_from_db,cqi:110691209,,,
missing_from_db,cqi:110691224,,,
missing_from_db,cqi:110691265,,,
missing_from_db,cqi:110691325,,,
missing_from_db,cqi:110691327,,,
missing_from_db,cqi:110691586,,,
missing_from_db,cqi:110691735,,,
missing_from_db,cqi:110691814,,,
missing_from_db,cqi:110692010,,,
missing_from_db,cqi:110692235,,,
missing_from_db,cqi:110692422,,,
missing_from_db,cqi:110692525,,,
missing_from_db,cqi:110692532,,,
missing_from_db,cqi:110692673,,,
missing_from_db,cqi:110692744,,,
missing_from_db,cqi:110692832,,,
missing_from_db,cqi:110693015,,,
missing_from_db,cqi:110693026,,,
missing_from_db,cqi:110693027,,,
missing_from_db,cqi:110693175,,,
missing_from_db,cqi:110693231,,,
missing_from_db,cqi:110693325,,,
missing_from_db,cqi:110693432,,,
missing_from_db,cqi:110693439,,,
missing_from_db,cqi:110693508,,,
missing_from_db,cqi:110693521,,,
missing_from_db,cqi:110693771,,,
missing_from_db,cqi:110693806,,,
missing_from_db,cqi:110694127,,,
missing_from_db,cqi:110694147,,,
missing_from_db,cqi:110694536,,,
missing_from_db,cqi:110694604,,,
missing_from_db,cqi:110695012,,,
missing_from_db,cqi:110695034,,,
missing_from_db,cqi:110695168,,,
missing_from_db,cqi:110695289,,,
missing_from_db,cqi:110695352,,,
missing_from_db,cqi:110695435,,,
missing_from_db,cqi:110695506,,,
missing_from_db,cqi:110695648,,,
missing_from_db,cqi:110695691,,,
missing_from_db,cqi:110695699,,,
missing_from_db,cqi:110695815,,,
missing_from_db,cqi:110695896,,,
missing_from_db,cqi:110695982,,,
missing_from_db,cqi:110695984,,,
missing_from_db,cqi:110696011,,,
missing_from_db,cqi:110696095,,,
missing_from_db,cqi:110696159,,,
missing_from_db,cqi:110696268,,,
missing_from_db,cqi:110696398,,,
missing_from_db,cqi:110696435,,,
missing_from_db,cqi:110696467,,,
missing_from_db,cqi:110696505,,,
missing_from_db,cqi:110696507,,,
missing_from_db,cqi:110696522,,,
missing_from_db,cqi:110696667,,,
missing_from_db,cqi:110696725,,,
missing_from_db,cqi:110696733,,,
missing_from_db,cqi:110696957,,,
missing_from_db,cqi:110696958,,,
missing_from_db,cqi:110696960,,,
missing_from_db,cqi:110697021,,,
missing_from_db,cqi:110697025,,,
missing_from_db,cqi:110697026,,,
missing_from_db,cqi:110697047,,,
missing_from_db,cqi:110697048,,,
missing_from_db,cqi:110697084,,,
missing_from_db,cqi:110697097,,,
missing_from_db,cqi:110697099,,,
missing_from_db,cqi:110697391,,,
missing_from_db,cqi:110697392,,,
missing_from_db,cqi:110697393,,,
missing_from_db,cqi:110697443,,,
missing_from_db,cqi:110697445,,,
missing_from_db,cqi:110697523,,,
missing_from_db,cqi:110697658,,,
missing_from_db,cqi:110697826,,,
missing_from_db,cqi:110697866,,,
missing_from_db,cqi:110698003,,,
missing_from_db,cqi:110698023,,,
missing_from_db,cqi:110698091,,,
missing_from_db,cqi:110698137,,,
missing_from_db,cqi:110698138,,,
missing_from_db,cqi:110698139,,,
missing_from_db,cqi:110698140,,,
missing_from_db,cqi:110698141,,,
missing_from_db,cqi:110698143,,,
missing_from_db,cqi:110698144,,,
missing_from_db,cqi:110698146,,,
missing_from_db,cqi:110698148,,,
missing_from_db,cqi:110698149,,,
missing_from_db,cqi:110698150,,,
missing_from_db,cqi:110698151,,,
missing_from_db,cqi:110698153,,,
missing_from_db,cqi:110698154,,,
missing_from_db,cqi:110698156,,,
missing_from_db,cqi:110698157,,,
missing_from_db,cqi:110698158,,,
missing_from_db,cqi:110698159,,,
missing_from_db,cqi:110698161,,,
missing_from_db,cqi:110698162,,,
missing_from_db,cqi:110698163,,,
missing_from_db,cqi:110698164,,,
missing_from_db,cqi:110698166,,,
missing_from_db,cqi:110698168,,,
missing_from_db,cqi:110698169,,,
missing_from_db,cqi:110698210,,,
missing_from_db,cqi:110698213,,,
missing_from_db,cqi:110698214,,,
missing_from_db,cqi:110698215,,,
missing_from_db,cqi:110698216,,,
missing_from_db,cqi:110698217,,,
missing_from_db,cqi:110698218,,,
missing_from_db,cqi:110698219,,,
missing_from_db,cqi:110698220,,,
missing_from_db,cqi:110698221,,,
missing_from_db,cqi:110698223,,,
missing_from_db,cqi:110698224,,,
missing_from_db,cqi:110698225,,,
missing_from_db,cqi:110698228,,,
missing_from_db,cqi:110698229,,,
missing_from_db,cqi:110698230,,,
missing_from_db,cqi:110698233,,,
missing_from_db,cqi:110698234,,,
missing_from_db,cqi:110698235,,,
missing_from_db,cqi:110698237,,,
missing_from_db,cqi:110698238,,,
missing_from_db,cqi:110698239,,,
missing_from_db,cqi:110698241,,,
missing_from_db,cqi:110698242,,,
missing_from_db,cqi:110698243,,,
missing_from_db,cqi:110698244,,,
missing_from_db,cqi:110698245,,,
missing_from_db,cqi:110698246,,,
missing_from_db,cqi:110698248,,,
missing_from_db,cqi:110698249,,,
missing_from_db,cqi:110698250,,,
missing_from_db,cqi:110698251,,,
missing_from_db,cqi:110698252,,,
missing_from_db,cqi:110698254,,,
missing_from_db,cqi:110698256,,,
missing_from_db,cqi:110698257,,,
missing_from_db,cqi:110698258,,,
missing_from_db,cqi:110698260,,,
missing_from_db,cqi:110698261,,,
missing_from_db,cqi:110698262,,,
missing_from_db,cqi:110698263,,,
missing_from_db,cqi:110698265,,,
missing_from_db,cqi:110698267,,,
missing_from_db,cqi:110698268,,,
missing_from_db,cqi:110698269,,,
missing_from_db,cqi:110698319,,,
missing_from_db,cqi:110698325,,,
missing_from_db,cqi:110698327,,,
missing_from_db,cqi:110698329,,,
missing_from_db,cqi:110698330,,,
missing_from_db,cqi:110698331,,,
missing_from_db,cqi:110698333,,,
missing_from_db,cqi:110698340,,,
missing_from_db,cqi:110698341,,,
missing_from_db,cqi:110698347,,,
missing_from_db,cqi:110698348,,,
missing_from_db,cqi:110698350,,,
missing_from_db,cqi:110698378,,,
missing_from_db,cqi:110698381,,,
missing_from_db,cqi:110698382,,,
missing_from_db,cqi:110698383,,,
missing_from_db,cqi:110698385,,,
missing_from_db,cqi:110698386,,,
missing_from_db,cqi:110698387,,,
missing_from_db,cqi:110698388,,,
missing_from_db,cqi:110698389,,,
missing_from_db,cqi:110698390,,,
missing_from_db,cqi:110698392,,,
missing_from_db,cqi:110698393,,,
missing_from_db,cqi:110698394,,,
missing_from_db,cqi:110698395,,,
missing_from_db,cqi:110698396,,,
missing_from_db,cqi:110698397,,,
missing_from_db,cqi:110698404,,,
missing_from_db,cqi:110698405,,,
missing_from_db,cqi:110698406,,,
missing_from_db,cqi:110698407,,,
missing_from_db,cqi:110698408,,,
missing_from_db,cqi:110698409,,,
missing_from_db,cqi:110698410,,,
missing_from_db,cqi:110698412,,,
missing_from_db,cqi:110698416,,,
missing_from_db,cqi:110698490,,,
missing_from_db,cqi:110698639,,,
missing_from_db,cqi:110698697,,,
missing_from_db,cqi:110698822,,,
missing_from_db,cqi:110698828,,,
missing_from_db,cqi:110698830,,,
missing_from_db,cqi:110698831,,,
missing_from_db,cqi:110698832,,,
missing_from_db,cqi:110698833,,,
missing_from_db,cqi:110698834,,,
missing_from_db,cqi:110698835,,,
missing_from_db,cqi:110698836,,,
missing_from_db,cqi:110698837,,,
missing_from_db,cqi:110698838,,,
missing_from_db,cqi:110698839,,,
missing_from_db,cqi:110698840,,,
missing_from_db,cqi:110698841,,,
missing_from_db,cqi:110698843,,,
missing_from_db,cqi:110698844,,,
missing_from_db,cqi:110698847,,,
missing_from_db,cqi:110698848,,,
missing_from_db,cqi:110698849,,,
missing_from_db,cqi:110698850,,,
missing_from_db,cqi:110698851,,,
missing_from_db,cqi:110698853,,,
missing_from_db,cqi:110698854,,,
missing_from_db,cqi:110698855,,,
missing_from_db,cqi:110698858,,,
missing_from_db,cqi:110698859,,,
missing_from_db,cqi:110698860,,,
missing_from_db,cqi:110698861,,,
missing_from_db,cqi:110698862,,,
missing_from_db,cqi:110698864,,,
missing_from_db,cqi:110698865,,,
missing_from_db,cqi:110698904,,,
missing_from_db,cqi:110698905,,,
missing_from_db,cqi:110698906,,,
missing_from_db,cqi:110698909,,,
missing_from_db,cqi:110698910,,,
missing_from_db,cqi:110698911,,,
missing_from_db,cqi:110698913,,,
missing_from_db,cqi:110698914,,,
missing_from_db,cqi:110698915,,,
missing_from_db,cqi:110698916,,,
missing_from_db,cqi:110698917,,,
missing_from_db,cqi:110698918,,,
missing_from_db,cqi:110698919,,,
missing_from_db,cqi:110698920,,,
missing_from_db,cqi:110698926,,,
missing_from_db,cqi:110698927,,,
missing_from_db,cqi:110698928,,,
missing_from_db,cqi:110698929,,,
missing_from_db,cqi:110698930,,,
missing_from_db,cqi:110698931,,,
missing_from_db,cqi:110698932,,,
missing_from_db,cqi:110698937,,,
missing_from_db,cqi:110698938,,,
missing_from_db,cqi:110698939,,,
missing_from_db,cqi:110698941,,,
missing_from_db,cqi:110698942,,,
missing_from_db,cqi:110698943,,,
missing_from_db,cqi:110698944,,,
missing_from_db,cqi:110698945,,,
missing_from_db,cqi:110698946,,,
missing_from_db,cqi:110698947,,,
missing_from_db,cqi:110698949,,,
missing_from_db,cqi:110698950,,,
missing_from_db,cqi:110698951,,,
missing_from_db,cqi:110698952,,,
missing_from_db,cqi:110698953,,,
missing_from_db,cqi:110698954,,,
missing_from_db,cqi:110698955,,,
missing_from_db,cqi:110698956,,,
missing_from_db,cqi:110698957,,,
missing_from_db,cqi:110698959,,,
missing_from_db,cqi:110698960,,,
missing_from_db,cqi:110698961,,,
missing_from_db,cqi:110698962,,,
missing_from_db,cqi:110698965,,,
missing_from_db,cqi:110698966,,,
missing_from_db,cqi:110698967,,,
missing_from_db,cqi:110698971,,,
missing_from_db,cqi:110698999,,,
missing_from_db,cqi:110699000,,,
missing_from_db,cqi:110699004,,,
missing_from_db,cqi:110699073,,,
missing_from_db,cqi:110699075,,,
missing_from_db,cqi:110699076,,,
missing_from_db,cqi:110699077,,,
missing_from_db,cqi:110699080,,,
missing_from_db,cqi:110699081,,,
missing_from_db,cqi:110699082,,,
missing_from_db,cqi:110699083,,,
missing_from_db,cqi:110699084,,,
missing_from_db,cqi:110699085,,,
missing_from_db,cqi:110699086,,,
missing_from_db,cqi:110699088,,,
missing_from_db,cqi:110699092,,,
missing_from_db,cqi:110699114,,,
missing_from_db,cqi:110699119,,,
missing_from_db,cqi:110699120,,,
missing_from_db,cqi:110699122,,,
missing_from_db,cqi:110699123,,,
missing_from_db,cqi:110699125,,,
missing_from_db,cqi:110699127,,,
missing_from_db,cqi:110699128,,,
missing_from_db,cqi:110699129,,,
missing_from_db,cqi:110699130,,,
missing_from_db,cqi:110699131,,,
missing_from_db,cqi:110699133,,,
missing_from_db,cqi:110699141,,,
missing_from_db,cqi:110699142,,,
missing_from_db,cqi:110699143,,,
missing_from_db,cqi:110699144,,,
missing_from_db,cqi:110699147,,,
missing_from_db,cqi:110699201,,,
missing_from_db,cqi:110699202,,,
missing_from_db,cqi:110699203,,,
missing_from_db,cqi:110699242,,,
missing_from_db,cqi:110699246,,,
missing_from_db,cqi:110699247,,,
missing_from_db,cqi:110699383,,,
missing_from_db,cqi:110699412,,,
missing_from_db,cqi:110699413,,,
missing_from_db,cqi:110699450,,,
missing_from_db,cqi:110699536,,,
missing_from_db,cqi:110699639,,,
missing_from_db,cqi:110699640,,,
missing_from_db,cqi:110699653,,,
missing_from_db,cqi:110699694,,,
missing_from_db,cqi:110699732,,,
missing_from_db,cqi:110699779,,,
missing_from_db,cqi:110699844,,,
missing_from_db,cqi:110699845,,,
missing_from_db,cqi:110699909,,,
missing_from_db,cqi:110699910,,,
missing_from_db,cqi:110699959,,,
missing_from_db,cqi:110700004,,,
missing_from_db,cqi:110700005,,,
missing_from_db,cqi:110700281,,,
missing_from_db,cqi:110700827,,,
missing_from_db,cqi:110700921,,,
missing_from_db,cqi:110701191,,,
missing_from_db,cqi:110701345,,,
missing_from_db,cqi:110701425,,,
missing_from_db,cqi:110701434,,,
missing_from_db,cqi:110701438,,,
missing_from_db,cqi:110701534,,,
missing_from_db,cqi:110702086,,,
missing_from_db,cqi:110702157,,,
missing_from_db,cqi:110702162,,,
missing_from_db,cqi:110702163,,,
missing_from_db,cqi:110702224,,,
missing_from_db,cqi:110702225,,,
missing_from_db,cqi:110702226,,,
missing_from_db,cqi:110702227,,,
missing_from_db,cqi:110702229,,,
missing_from_db,cqi:110702234,,,
missing_from_db,cqi:110702238,,,
missing_from_db,cqi:110702241,,,
missing_from_db,cqi:110702242,,,
missing_from_db,cqi:110702243,,,
missing_from_db,cqi:110702251,,,
missing_from_db,cqi:110702255,,,
missing_from_db,cqi:110702256,,,
missing_from_db,cqi:110702263,,,
missing_from_db,cqi:110702265,,,
missing_from_db,cqi:110702266,,,
missing_from_db,cqi:110702268,,,
missing_from_db,cqi:110702269,,,
missing_from_db,cqi:110702271,,,
missing_from_db,cqi:110702276,,,
missing_from_db,cqi:110702277,,,
missing_from_db,cqi:110702281,,,
missing_from_db,cqi:110702282,,,
missing_from_db,cqi:110702283,,,
missing_from_db,cqi:110702284,,,
missing_from_db,cqi:110702286,,,
missing_from_db,cqi:110702287,,,
missing_from_db,cqi:110702288,,,
missing_from_db,cqi:110702289,,,
missing_from_db,cqi:110702292,,,
missing_from_db,cqi:110702293,,,
missing_from_db,cqi:110702295,,,
missing_from_db,cqi:110702297,,,
missing_from_db,cqi:110702298,,,
missing_from_db,cqi:110702299,,,
missing_from_db,cqi:110702302,,,
missing_from_db,cqi:110702303,,,
missing_from_db,cqi:110702304,,,
missing_from_db,cqi:110702306,,,
missing_from_db,cqi:110702307,,,
missing_from_db,cqi:110702309,,,
missing_from_db,cqi:110702310,,,
missing_from_db,cqi:110702311,,,
missing_from_db,cqi:110702312,,,
missing_from_db,cqi:110702313,,,
missing_from_db,cqi:110702315,,,
missing_from_db,cqi:110702316,,,
missing_from_db,cqi:110702317,,,
missing_from_db,cqi:110702318,,,
missing_from_db,cqi:110702320,,,
missing_from_db,cqi:110702321,,,
missing_from_db,cqi:110702323,,,
missing_from_db,cqi:110702324,,,
missing_from_db,cqi:110702326,,,
missing_from_db,cqi:110702327,,,
missing_from_db,cqi:110702328,,,
missing_from_db,cqi:110702329,,,
missing_from_db,cqi:110702330,,,
missing_from_db,cqi:110702332,,,
missing_from_db,cqi:110702333,,,
missing_from_db,cqi:110702335,,,
missing_from_db,cqi:110702336,,,
missing_from_db,cqi:110702338,,,
missing_from_db,cqi:110702339,,,
missing_from_db,cqi:110702342,,,
missing_from_db,cqi:110702343,,,
missing_from_db,cqi:110702344,,,
missing_from_db,cqi:110702345,,,
missing_from_db,cqi:110702346,,,
missing_from_db,cqi:110702347,,,
missing_from_db,cqi:110702348,,,
missing_from_db,cqi:110702350,,,
missing_from_db,cqi:110702352,,,
missing_from_db,cqi:110702353,,,
missing_from_db,cqi:110702354,,,
missing_from_db,cqi:110702355,,,
missing_from_db,cqi:110702357,,,
missing_from_db,cqi:110702358,,,
missing_from_db,cqi:110702359,,,
missing_from_db,cqi:110702361,,,
missing_from_db,cqi:110702363,,,
missing_from_db,cqi:110702365,,,
missing_from_db,cqi:110702367,,,
missing_from_db,cqi:110702401,,,
missing_from_db,cqi:110702405,,,
missing_from_db,cqi:110702443,,,
missing_from_db,cqi:110702446,,,
missing_from_db,cqi:110702642,,,
missing_from_db,cqi:110702691,,,
missing_from_db,cqi:110702692,,,
missing_from_db,cqi:110702693,,,
missing_from_db,cqi:110702694,,,
missing_from_db,cqi:110702696,,,
missing_from_db,cqi:110702697,,,
missing_from_db,cqi:110702698,,,
missing_from_db,cqi:110702699,,,
missing_from_db,cqi:110702700,,,
missing_from_db,cqi:110702702,,,
missing_from_db,cqi:110702703,,,
missing_from_db,cqi:110702704,,,
missing_from_db,cqi:110702705,,,
missing_from_db,cqi:110702706,,,
missing_from_db,cqi:110702707,,,
missing_from_db,cqi:110702708,,,
missing_from_db,cqi:110702709,,,
missing_from_db,cqi:110702710,,,
missing_from_db,cqi:110702728,,,
missing_from_db,cqi:110702730,,,
missing_from_db,cqi:110702799,,,
missing_from_db,cqi:110702800,,,
missing_from_db,cqi:110702801,,,
missing_from_db,cqi:110702802,,,
missing_from_db,cqi:110702803,,,
missing_from_db,cqi:110702804,,,
missing_from_db,cqi:110702806,,,
missing_from_db,cqi:110702807,,,
missing_from_db,cqi:110702808,,,
missing_from_db,cqi:110702809,,,
missing_from_db,cqi:110702810,,,
missing_from_db,cqi:110702811,,,
missing_from_db,cqi:110702815,,,
missing_from_db,cqi:110702816,,,
missing_from_db,cqi:110702817,,,
missing_from_db,cqi:110702820,,,
missing_from_db,cqi:110702837,,,
missing_from_db,cqi:110702838,,,
missing_from_db,cqi:110702839,,,
missing_from_db,cqi:110702840,,,
missing_from_db,cqi:110702843,,,
missing_from_db,cqi:110702844,,,
missing_from_db,cqi:110702848,,,
missing_from_db,cqi:110702849,,,
missing_from_db,cqi:110702850,,,
missing_from_db,cqi:110702852,,,
missing_from_db,cqi:110702853,,,
missing_from_db,cqi:110702854,,,
missing_from_db,cqi:110702936,,,
missing_from_db,cqi:110702981,,,
missing_from_db,cqi:110702982,,,
missing_from_db,cqi:110702983,,,
missing_from_db,cqi:110702984,,,
missing_from_db,cqi:110702985,,,
missing_from_db,cqi:110702986,,,
missing_from_db,cqi:110702987,,,
missing_from_db,cqi:110702989,,,
missing_from_db,cqi:110702990,,,
missing_from_db,cqi:110702991,,,
missing_from_db,cqi:110702992,,,
missing_from_db,cqi:110702993,,,
missing_from_db,cqi:110702994,,,
missing_from_db,cqi:110702995,,,
missing_from_db,cqi:110702997,,,
missing_from_db,cqi:110702998,,,
missing_from_db,cqi:110702999,,,
missing_from_db,cqi:110703000,,,
missing_from_db,cqi:110703001,,,
missing_from_db,cqi:110703002,,,
missing_from_db,cqi:110703003,,,
missing_from_db,cqi:110703005,,,
missing_from_db,cqi:110703006,,,
missing_from_db,cqi:110703007,,,
missing_from_db,cqi:110703008,,,
missing_from_db,cqi:110703009,,,
missing_from_db,cqi:110703010,,,
missing_from_db,cqi:110703011,,,
missing_from_db,cqi:110703014,,,
missing_from_db,cqi:110703015,,,
missing_from_db,cqi:110703016,,,
missing_from_db,cqi:110703022,,,
missing_from_db,cqi:110703023,,,
missing_from_db,cqi:110703024,,,
missing_from_db,cqi:110703025,,,
missing_from_db,cqi:110703028,,,
missing_from_db,cqi:110703029,,,
missing_from_db,cqi:110703030,,,
missing_from_db,cqi:110703031,,,
missing_from_db,cqi:110703045,,,
missing_from_db,cqi:110703050,,,
missing_from_db,cqi:110703051,,,
missing_from_db,cqi:110703052,,,
missing_from_db,cqi:110703053,,,
missing_from_db,cqi:110703054,,,
missing_from_db,cqi:110703055,,,
missing_from_db,cqi:110703056,,,
missing_from_db,cqi:110703057,,,
missing_from_db,cqi:110703058,,,
missing_from_db,cqi:110703060,,,
missing_from_db,cqi:110703061,,,
missing_from_db,cqi:110703062,,,
missing_from_db,cqi:110703065,,,
missing_from_db,cqi:110703066,,,
missing_from_db,cqi:110703068,,,
missing_from_db,cqi:110703069,,,
missing_from_db,cqi:110703071,,,
missing_from_db,cqi:110703073,,,
missing_from_db,cqi:110703074,,,
missing_from_db,cqi:110703076,,,
missing_from_db,cqi:110703077,,,
missing_from_db,cqi:110703080,,,
missing_from_db,cqi:110703081,,,
missing_from_db,cqi:110703083,,,
missing_from_db,cqi:110703084,,,
missing_from_db,cqi:110703086,,,
missing_from_db,cqi:110703087,,,
missing_from_db,cqi:110703088,,,
missing_from_db,cqi:110703092,,,
missing_from_db,cqi:110703093,,,
missing_from_db,cqi:110703095,,,
missing_from_db,cqi:110703100,,,
missing_from_db,cqi:110703101,,,
missing_from_db,cqi:110703102,,,
missing_from_db,cqi:110703103,,,
missing_from_db,cqi:110703104,,,
missing_from_db,cqi:110703106,,,
missing_from_db,cqi:110703108,,,
missing_from_db,cqi:110703109,,,
missing_from_db,cqi:110703111,,,
missing_from_db,cqi:110703113,,,
missing_from_db,cqi:110703114,,,
missing_from_db,cqi:110703115,,,
missing_from_db,cqi:110703117,,,
missing_from_db,cqi:110703118,,,
missing_from_db,cqi:110703119,,,
missing_from_db,cqi:110703120,,,
missing_from_db,cqi:110703122,,,
missing_from_db,cqi:110703123,,,
missing_from_db,cqi:110703124,,,
missing_from_db,cqi:110703125,,,
missing_from_db,cqi:110703126,,,
missing_from_db,cqi:110703127,,,
missing_from_db,cqi:110703128,,,
missing_from_db,cqi:110703129,,,
missing_from_db,cqi:110703132,,,
missing_from_db,cqi:110703135,,,
missing_from_db,cqi:110703136,,,
missing_from_db,cqi:110703139,,,
missing_from_db,cqi:110703140,,,
missing_from_db,cqi:110703144,,,
missing_from_db,cqi:110703162,,,
missing_from_db,cqi:110703171,,,
missing_from_db,cqi:110703173,,,
missing_from_db,cqi:110703174,,,
missing_from_db,cqi:110703175,,,
missing_from_db,cqi:110703181,,,
missing_from_db,cqi:110703492,,,
missing_from_db,cqi:110703497,,,
missing_from_db,cqi:110703498,,,
missing_from_db,cqi:110703499,,,
missing_from_db,cqi:110703500,,,
missing_from_db,cqi:110703502,,,
missing_from_db,cqi:110703503,,,
missing_from_db,cqi:110703504,,,
missing_from_db,cqi:110703505,,,
missing_from_db,cqi:110703506,,,
missing_from_db,cqi:110703507,,,
missing_from_db,cqi:110703508,,,
missing_from_db,cqi:110703510,,,
missing_from_db,cqi:110703511,,,
missing_from_db,cqi:110703513,,,
missing_from_db,cqi:110703529,,,
missing_from_db,cqi:110703532,,,
missing_from_db,cqi:110703534,,,
missing_from_db,cqi:110703548,,,
missing_from_db,cqi:110703566,,,
missing_from_db,cqi:110703571,,,
missing_from_db,cqi:110703573,,,
missing_from_db,cqi:110703574,,,
missing_from_db,cqi:110703575,,,
missing_from_db,cqi:110703580,,,
missing_from_db,cqi:110703582,,,
missing_from_db,cqi:110703665,,,
missing_from_db,cqi:110703666,,,
missing_from_db,cqi:110703668,,,
missing_from_db,cqi:110703669,,,
missing_from_db,cqi:110703670,,,
missing_from_db,cqi:110703671,,,
missing_from_db,cqi:110703672,,,
missing_from_db,cqi:110703673,,,
missing_from_db,cqi:110703676,,,
missing_from_db,cqi:110703678,,,
missing_from_db,cqi:110703679,,,
missing_from_db,cqi:110703680,,,
missing_from_db,cqi:110703681,,,
missing_from_db,cqi:110703684,,,
missing_from_db,cqi:110703685,,,
missing_from_db,cqi:110703686,,,
missing_from_db,cqi:110703687,,,
missing_from_db,cqi:110703689,,,
missing_from_db,cqi:110703690,,,
missing_from_db,cqi:110703691,,,
missing_from_db,cqi:110703693,,,
missing_from_db,cqi:110703694,,,
missing_from_db,cqi:110703695,,,
missing_from_db,cqi:110703696,,,
missing_from_db,cqi:110703697,,,
missing_from_db,cqi:110703698,,,
missing_from_db,cqi:110703699,,,
missing_from_db,cqi:110703700,,,
missing_from_db,cqi:110703701,,,
missing_from_db,cqi:110703705,,,
missing_from_db,cqi:110703706,,,
missing_from_db,cqi:110703711,,,
missing_from_db,cqi:110703715,,,
missing_from_db,cqi:110703747,,,
missing_from_db,cqi:110703748,,,
missing_from_db,cqi:110703750,,,
missing_from_db,cqi:110703752,,,
missing_from_db,cqi:110703753,,,
missing_from_db,cqi:110703754,,,
missing_from_db,cqi:110703755,,,
missing_from_db,cqi:110703756,,,
missing_from_db,cqi:110703757,,,
missing_from_db,cqi:110703758,,,
missing_from_db,cqi:110703759,,,
missing_from_db,cqi:110703760,,,
missing_from_db,cqi:110703761,,,
missing_from_db,cqi:110703763,,,
missing_from_db,cqi:110703765,,,
missing_from_db,cqi:110703771,,,
missing_from_db,cqi:110703775,,,
missing_from_db,cqi:110703785,,,
missing_from_db,cqi:110703786,,,
missing_from_db,cqi:110703787,,,
missing_from_db,cqi:110703788,,,
missing_from_db,cqi:110703789,,,
missing_from_db,cqi:110703791,,,
missing_from_db,cqi:110703799,,,
missing_from_db,cqi:110703802,,,
missing_from_db,cqi:110703803,,,
missing_from_db,cqi:110703810,,,
missing_from_db,cqi:110703823,,,
missing_from_db,cqi:110703825,,,
missing_from_db,cqi:110703826,,,
missing_from_db,cqi:110703851,,,
missing_from_db,cqi:110703852,,,
missing_from_db,cqi:110703854,,,
missing_from_db,cqi:110703855,,,
missing_from_db,cqi:110703857,,,
missing_from_db,cqi:110703859,,,
missing_from_db,cqi:110703860,,,
missing_from_db,cqi:110703861,,,
missing_from_db,cqi:110703862,,,
missing_from_db,cqi:110703863,,,
missing_from_db,cqi:110703864,,,
missing_from_db,cqi:110703866,,,
missing_from_db,cqi:110703867,,,
missing_from_db,cqi:110703868,,,
missing_from_db,cqi:110703870,,,
missing_from_db,cqi:110703871,,,
missing_from_db,cqi:110703872,,,
missing_from_db,cqi:110703873,,,
missing_from_db,cqi:110703874,,,
missing_from_db,cqi:110703875,,,
missing_from_db,cqi:110703876,,,
missing_from_db,cqi:110703878,,,
missing_from_db,cqi:110703879,,,
missing_from_db,cqi:110703882,,,
missing_from_db,cqi:110703883,,,
missing_from_db,cqi:110703884,,,
missing_from_db,cqi:110703885,,,
missing_from_db,cqi:110703887,,,
missing_from_db,cqi:110703889,,,
missing_from_db,cqi:110703948,,,
missing_from_db,cqi:110703977,,,
missing_from_db,cqi:110703978,,,
missing_from_db,cqi:110703982,,,
missing_from_db,cqi:110703984,,,
missing_from_db,cqi:110703985,,,
missing_from_db,cqi:110703990,,,
missing_from_db,cqi:110703992,,,
missing_from_db,cqi:110703993,,,
missing_from_db,cqi:110703995,,,
missing_from_db,cqi:110703997,,,
missing_from_db,cqi:110703998,,,
missing_from_db,cqi:110704014,,,
missing_from_db,cqi:110704032,,,
missing_from_db,cqi:110704035,,,
missing_from_db,cqi:110704036,,,
missing_from_db,cqi:110704038,,,
missing_from_db,cqi:110704039,,,
missing_from_db,cqi:110704040,,,
missing_from_db,cqi:110704041,,,
missing_from_db,cqi:110704042,,,
missing_from_db,cqi:110704044,,,
missing_from_db,cqi:110704045,,,
missing_from_db,cqi:110704046,,,
missing_from_db,cqi:110704047,,,
missing_from_db,cqi:110704049,,,
missing_from_db,cqi:110704050,,,
missing_from_db,cqi:110704051,,,
missing_from_db,cqi:110704053,,,
missing_from_db,cqi:110704055,,,
missing_from_db,cqi:110704056,,,
missing_from_db,cqi:110704057,,,
missing_from_db,cqi:110704059,,,
missing_from_db,cqi:110704060,,,
missing_from_db,cqi:110704061,,,
missing_from_db,cqi:110704064,,,
missing_from_db,cqi:110704065,,,
missing_from_db,cqi:110704066,,,
missing_from_db,cqi:110704069,,,
missing_from_db,cqi:110704072,,,
missing_from_db,cqi:110704073,,,
missing_from_db,cqi:110704074,,,
missing_from_db,cqi:110704076,,,
missing_from_db,cqi:110704077,,,
missing_from_db,cqi:110704091,,,
missing_from_db,cqi:110704092,,,
missing_from_db,cqi:110704093,,,
missing_from_db,cqi:110704094,,,
missing_from_db,cqi:110704096,,,
missing_from_db,cqi:110704098,,,
missing_from_db,cqi:110704099,,,
missing_from_db,cqi:110704100,,,
missing_from_db,cqi:110704101,,,
missing_from_db,cqi:110704103,,,
missing_from_db,cqi:110704104,,,
missing_from_db,cqi:110704105,,,
missing_from_db,cqi:110704106,,,
missing_from_db,cqi:110704107,,,
missing_from_db,cqi:110704108,,,
missing_from_db,cqi:110704109,,,
missing_from_db,cqi:110704110,,,
missing_from_db,cqi:110704111,,,
missing_from_db,cqi:110704113,,,
missing_from_db,cqi:110704114,,,
missing_from_db,cqi:110704115,,,
missing_from_db,cqi:110704116,,,
missing_from_db,cqi:110704117,,,
missing_from_db,cqi:110704118,,,
missing_from_db,cqi:110704120,,,
missing_from_db,cqi:110704121,,,
missing_from_db,cqi:110704122,,,
missing_from_db,cqi:110704126,,,
missing_from_db,cqi:110704127,,,
missing_from_db,cqi:110704128,,,
missing_from_db,cqi:110704129,,,
missing_from_db,cqi:110704130,,,
missing_from_db,cqi:110704135,,,
missing_from_db,cqi:110704136,,,
missing_from_db,cqi:110704137,,,
missing_from_db,cqi:110704145,,,
missing_from_db,cqi:110704146,,,
missing_from_db,cqi:110704147,,,
missing_from_db,cqi:110704201,,,
missing_from_db,cqi:110704202,,,
missing_from_db,cqi:110704204,,,
missing_from_db,cqi:110704205,,,
missing_from_db,cqi:110704206,,,
missing_from_db,cqi:110704208,,,
missing_from_db,cqi:110704209,,,
missing_from_db,cqi:110704210,,,
missing_from_db,cqi:110704211,,,
missing_from_db,cqi:110704212,,,
missing_from_db,cqi:110704215,,,
missing_from_db,cqi:110704216,,,
missing_from_db,cqi:110704217,,,
missing_from_db,cqi:110704224,,,
missing_from_db,cqi:110704226,,,
missing_from_db,cqi:110704229,,,
missing_from_db,cqi:110704230,,,
missing_from_db,cqi:110704231,,,
missing_from_db,cqi:110704232,,,
missing_from_db,cqi:110704233,,,
missing_from_db,cqi:110704234,,,
missing_from_db,cqi:110704235,,,
missing_from_db,cqi:110704236,,,
missing_from_db,cqi:110704280,,,
missing_from_db,cqi:110704281,,,
missing_from_db,cqi:110704283,,,
missing_from_db,cqi:110704284,,,
missing_from_db,cqi:110704285,,,
missing_from_db,cqi:110704286,,,
missing_from_db,cqi:110704288,,,
missing_from_db,cqi:110704289,,,
missing_from_db,cqi:110704291,,,
missing_from_db,cqi:110704292,,,
missing_from_db,cqi:110704293,,,
missing_from_db,cqi:110704357,,,
missing_from_db,cqi:110704361,,,
missing_from_db,cqi:110704362,,,
missing_from_db,cqi:110704365,,,
missing_from_db,cqi:110704366,,,
missing_from_db,cqi:110704367,,,
missing_from_db,cqi:110704370,,,
missing_from_db,cqi:110704371,,,
missing_from_db,cqi:110704373,,,
missing_from_db,cqi:110704374,,,
missing_from_db,cqi:110704375,,,
missing_from_db,cqi:110704376,,,
missing_from_db,cqi:110704377,,,
missing_from_db,cqi:110704378,,,
missing_from_db,cqi:110704379,,,
missing_from_db,cqi:110704380,,,
missing_from_db,cqi:110704383,,,
missing_from_db,cqi:110704384,,,
missing_from_db,cqi:110704385,,,
missing_from_db,cqi:110704386,,,
missing_from_db,cqi:110704387,,,
missing_from_db,cqi:110704389,,,
missing_from_db,cqi:110704390,,,
missing_from_db,cqi:110704391,,,
missing_from_db,cqi:110704392,,,
missing_from_db,cqi:110704394,,,
missing_from_db,cqi:110704395,,,
missing_from_db,cqi:110704476,,,
missing_from_db,cqi:110704493,,,
missing_from_db,cqi:110704502,,,
missing_from_db,cqi:110704529,,,
missing_from_db,cqi:110704535,,,
missing_from_db,cqi:110704536,,,
missing_from_db,cqi:110704538,,,
missing_from_db,cqi:110704539,,,
missing_from_db,cqi:110704540,,,
missing_from_db,cqi:110704541,,,
missing_from_db,cqi:110704542,,,
missing_from_db,cqi:110704575,,,
missing_from_db,cqi:110704579,,,
missing_from_db,cqi:110704580,,,
missing_from_db,cqi:110704582,,,
missing_from_db,cqi:110704583,,,
missing_from_db,cqi:110704649,,,
missing_from_db,cqi:110704650,,,
missing_from_db,cqi:110704651,,,
missing_from_db,cqi:110704655,,,
missing_from_db,cqi:110704658,,,
missing_from_db,cqi:110704668,,,
missing_from_db,cqi:110704669,,,
missing_from_db,cqi:110704670,,,
missing_from_db,cqi:110704671,,,
missing_from_db,cqi:110704673,,,
missing_from_db,cqi:110704674,,,
missing_from_db,cqi:110704675,,,
missing_from_db,cqi:110704676,,,
missing_from_db,cqi:110704677,,,
missing_from_db,cqi:110704678,,,
missing_from_db,cqi:110704680,,,
missing_from_db,cqi:110704682,,,
missing_from_db,cqi:110704683,,,
missing_from_db,cqi:110704684,,,
missing_from_db,cqi:110704685,,,
missing_from_db,cqi:110704686,,,
missing_from_db,cqi:110704687,,,
missing_from_db,cqi:110704690,,,
missing_from_db,cqi:110704691,,,
missing_from_db,cqi:110704710,,,
missing_from_db,cqi:110704711,,,
missing_from_db,cqi:110704712,,,
missing_from_db,cqi:110704713,,,
missing_from_db,cqi:110704715,,,
missing_from_db,cqi:110704719,,,
missing_from_db,cqi:110704720,,,
missing_from_db,cqi:110704722,,,
missing_from_db,cqi:110704723,,,
missing_from_db,cqi:110704724,,,
missing_from_db,cqi:110704725,,,
missing_from_db,cqi:110704726,,,
missing_from_db,cqi:110704727,,,
missing_from_db,cqi:110704728,,,
missing_from_db,cqi:110704729,,,
missing_from_db,cqi:110704730,,,
missing_from_db,cqi:110704731,,,
missing_from_db,cqi:110704733,,,
missing_from_db,cqi:110704734,,,
missing_from_db,cqi:110704736,,,
missing_from_db,cqi:110704737,,,
missing_from_db,cqi:110704837,,,
missing_from_db,cqi:110704841,,,
missing_from_db,cqi:110704842,,,
missing_from_db,cqi:110704844,,,
missing_from_db,cqi:110704845,,,
missing_from_db,cqi:110704846,,,
missing_from_db,cqi:110704848,,,
missing_from_db,cqi:110704851,,,
missing_from_db,cqi:110704852,,,
missing_from_db,cqi:110704854,,,
missing_from_db,cqi:110704855,,,
missing_from_db,cqi:110704856,,,
missing_from_db,cqi:110704858,,,
missing_from_db,cqi:110704861,,,
missing_from_db,cqi:110704862,,,
missing_from_db,cqi:110704864,,,
missing_from_db,cqi:110704867,,,
missing_from_db,cqi:110704872,,,
missing_from_db,cqi:110704875,,,
missing_from_db,cqi:110704876,,,
missing_from_db,cqi:110704878,,,
missing_from_db,cqi:110704879,,,
missing_from_db,cqi:110704880,,,
missing_from_db,cqi:110704881,,,
missing_from_db,cqi:110704882,,,
missing_from_db,cqi:110704885,,,
missing_from_db,cqi:110704886,,,
missing_from_db,cqi:110704887,,,
missing_from_db,cqi:110704888,,,
missing_from_db,cqi:110704890,,,
missing_from_db,cqi:110704891,,,
missing_from_db,cqi:110704892,,,
missing_from_db,cqi:110704895,,,
missing_from_db,cqi:110705091,,,
missing_from_db,cqi:110705191,,,
missing_from_db,cqi:110705235,,,
missing_from_db,cqi:110705252,,,
missing_from_db,cqi:110705253,,,
missing_from_db,cqi:110705254,,,
missing_from_db,cqi:110705256,,,
missing_from_db,cqi:110705257,,,
missing_from_db,cqi:110705258,,,
missing_from_db,cqi:110705260,,,
missing_from_db,cqi:110705261,,,
missing_from_db,cqi:110705263,,,
missing_from_db,cqi:110705265,,,
missing_from_db,cqi:110705266,,,
missing_from_db,cqi:110705269,,,
missing_from_db,cqi:110705270,,,
missing_from_db,cqi:110705271,,,
missing_from_db,cqi:110705272,,,
missing_from_db,cqi:110705275,,,
missing_from_db,cqi:110705276,,,
missing_from_db,cqi:110705277,,,
missing_from_db,cqi:110705278,,,
missing_from_db,cqi:110705279,,,
missing_from_db,cqi:110705280,,,
missing_from_db,cqi:110705298,,,
missing_from_db,cqi:110705326,,,
missing_from_db,cqi:110705327,,,
missing_from_db,cqi:110705339,,,
missing_from_db,cqi:110705340,,,
missing_from_db,cqi:110705341,,,
missing_from_db,cqi:110705342,,,
missing_from_db,cqi:110705377,,,
missing_from_db,cqi:110705496,,,
missing_from_db,pdb|5ZV6|A,,,
