gene_id,symbol,origin,categories_matchees,mots_cles
A0A803ME73,,sequence_backed,rigidite_tige,rigidite_tige:stem
A0A0A7DNE1,,sequence_backed,rigidite_tige,rigidite_tige:stem
A0A803L6Z1,,sequence_backed,hormonal,hormonal:brassinosteroid
A0A803LUM8,,sequence_backed,rigidite_tige,rigidite_tige:stem
A0A803MC37,,sequence_backed,hormonal,hormonal:brassinosteroid
A0A803N4M2,,sequence_backed,hormonal,hormonal:brassinosteroid
A0A803KNK2,,sequence_backed,lignification,lignification:peroxidase
A0A803KQP2,,sequence_backed,lignification,lignification:peroxidase
A0A803KS44,,sequence_backed,rigidite_tige,rigidite_tige:stem
A0A803KTK2,,sequence_backed,lignification,lignification:peroxidase
A0A803KVE5,,sequence_backed,lignification,lignification:peroxidase
A0A803KW45,,sequence_backed,lignification,lignification:peroxidase
A0A803KXA1,,sequence_backed,rigidite_tige,rigidite_tige:stem
A0A803KYJ6,,sequence_backed,lignification,lignification:cell wall;lignification:lignin;lignification:peroxidase
A0A803KYS1,,sequence_backed,lignification,lignification:cell wall
A0A803L1Y4,,sequence_backed,rigidite_tige,rigidite_tige:stem
A0A803L399,,sequence_backed,lignification,lignification:peroxidase
A0A803L3A3,,sequence_backed,lignification,lignification:peroxidase
A0A803L3A4,,sequence_backed,lignification,lignification:peroxidase
A0A803L6Y1,,sequence_backed,lignification,lignification:cell wall;lignification:lignin;lignification:peroxidase
A0A803L7H1,,sequence_backed,lignification,lignification:peroxidase
A0A803L9J5,,sequence_backed,rigidite_tige,rigidite_tige:stem
A0A803LJE5,,sequence_backed,lignification,lignification:peroxidase
A0A803LM42,,sequence_backed,rigidite_tige,rigidite_tige:stem
A0A803LNN8,,sequence_backed,rigidite_tige,rigidite_tige:stem
A0A803LRT9,,sequence_backed,rigidite_tige,rigidite_tige:stem
A0A803LUL1,,sequence_backed,lignification,lignification:cell wall
A0A803LUL2,,sequence_backed,lignification,lignification:cell wall
A0A803LV45,,sequence_backed,lignification,lignification:cell wall
A0A803LWJ7,,sequence_backed,rigidite_tige,rigidite_tige:stem
A0A803LX92,,sequence_backed,lignification,lignification:cell wall;lignification:laccase;lignification:lignin
A0A803M0S5,,sequence_backed,rigidite_tige,rigidite_tige:stem
A0A803M236,,sequence_backed,lignification,lignification:peroxidase
A0A803M438,,sequence_backed,lignification,lignification:peroxidase
A0A803M5G0,,sequence_backed,rigidite_tige,rigidite_tige:stem
A0A803M6H9,,sequence_backed,lignification,lignification:peroxidase
A0A803M6P0,,sequence_backed,rigidite_tige,rigidite_tige:stem
A0A803M791,,sequence_backed,lignification,lignification:cell wall
A0A803M8B9,,sequence_backed,lignification,lignification:cell wall
A0A803MA19,,sequence_backed,hormonal,hormonal:brassinosteroid
A0A803MBU9,,sequence_backed,lignification,lignification:peroxidase
A0A803MDR1,,sequence_backed,rigidite_tige,rigidite_tige:stem
A0A803ME15,,sequence_backed,lignification,lignification:cell wall;lignification:cellulose synthase
A0A803MEY4,,sequence_backed,rigidite_tige,rigidite_tige:stem
A0A803MGT7,,sequence_backed,rigidite_tige,rigidite_tige:stem
A0A803MHS8,,sequence_backed,lignification,lignification:peroxidase
A0A803MHS9,,sequence_backed,lignification,lignification:peroxidase
A0A803MJQ5,,sequence_backed,lignification,lignification:cell wall;lignification:cellulose synthase
A0A803MKI1,,sequence_backed,lignification,lignification:cell wall
A0A803MR28,,sequence_backed,lignification,lignification:cell wall
A0A803MSH4,,sequence_backed,lignification,lignification:cell wall;lignification:lignin;lignification:peroxidase
A0A803MSQ3,,sequence_backed,lignification,lignification:peroxidase
A0A803MWT7,,sequence_backed,lignification,lignification:peroxidase
A0A803MXZ2,,sequence_backed,rigidite_tige,rigidite_tige:stem
A0A803MZH7,,sequence_backed,rigidite_tige,rigidite_tige:stem
A0A803N0J9,,sequence_backed,hormonal,hormonal:brassinosteroid
A0A803N255,,sequence_backed,lignification,lignification:peroxidase
A0A803N2C1,,sequence_backed,lignification,lignification:peroxidase
A0A803N309,,sequence_backed,lignification,lignification:peroxidase
A0A803N3I3,,sequence_backed,hormonal,hormonal:brassinosteroid
A0A803N3W7,,sequence_backed,lignification,lignification:cell wall;lignification:secondary cell wall
A0A803N4T1,,sequence_backed,lignification,lignification:peroxidase
A0A803N545,,sequence_backed,lignification,lignification:cell wall;lignification:laccase;lignification:lignin
A0A803N546,,sequence_backed,lignification,lignification:cell wall;lignification:laccase;lignification:lignin
A0A803N9F4,,sequence_backed,rigidite_tige,rigidite_tige:stem
A0A803NDL0,,sequence_backed,lignification,lignification:peroxidase
A0A803NE62,,sequence_backed,lignification,lignification:peroxidase
A0A803NF05,,sequence_backed,lignification,lignification:peroxidase
A0A1X9WDC2,,sequence_backed,rigidite_tige,rigidite_tige:stem
A0A1X9WDD0,,sequence_backed,rigidite_tige,rigidite_tige:stem
A0A1X9WDE4,,sequence_backed,rigidite_tige,rigidite_tige:stem
A0A803KN89,,sequence_backed,rigidite_tige,rigidite_tige:stem
A0A803KRZ9,,sequence_backed,rigidite_tige,rigidite_tige:stem
A0A803KX89,,sequence_backed,hormonal,hormonal:brassinosteroid
A0A803KYF8,,sequence_backed,lignification,lignification:lignin
A0A803KYM4,,sequence_backed,rigidite_tige,rigidite_tige:stem
A0A803L197,,sequence_backed,rigidite_tige,rigidite_tige:stem
A0A803L285,,sequence_backed,lignification,lignification:peroxidase
A0A803L2W9,,sequence_backed,lignification,lignification:peroxidase
A0A803L3A1,,sequence_backed,lignification,lignification:peroxidase
A0A803L3A5,,sequence_backed,lignification,lignification:peroxidase
A0A803L3D5,,sequence_backed,lignification,lignification:peroxidase
A0A803L448,,sequence_backed,rigidite_tige,rigidite_tige:stem
A0A803L4F1,,sequence_backed,lignification,lignification:peroxidase
A0A803L4L2,,sequence_backed,lignification,lignification:peroxidase
A0A803L5V0,,sequence_backed,lignification,lignification:peroxidase
A0A803L6Y0,,sequence_backed,lignification,lignification:cell wall;lignification:lignin;lignification:peroxidase
A0A803L6Y8,,sequence_backed,lignification,lignification:lignin
A0A803L8M5,,sequence_backed,rigidite_tige,rigidite_tige:stem
A0A803L8Q7,,sequence_backed,rigidite_tige,rigidite_tige:stem
A0A803LBZ7,,sequence_backed,lignification,lignification:cell wall;lignification:cellulose synthase
A0A803LCY4,,sequence_backed,lignification,lignification:peroxidase
A0A803LD01,,sequence_backed,lignification,lignification:peroxidase
A0A803LD44,,sequence_backed,lignification,lignification:peroxidase
A0A803LJW6,,sequence_backed,hormonal,hormonal:brassinosteroid
A0A803LK53,,sequence_backed,lignification,lignification:cell wall;lignification:lignin
A0A803LMZ8,,sequence_backed,rigidite_tige,rigidite_tige:stem
A0A803LS48,,sequence_backed,lignification,lignification:cell wall
A0A803LS50,,sequence_backed,lignification,lignification:cell wall
A0A803LSV4,,sequence_backed,lignification,lignification:cell wall
A0A803LTI2,,sequence_backed,lignification,lignification:cell wall
A0A803LVC4,,sequence_backed,lignification,lignification:peroxidase
A0A803LVC5,,sequence_backed,lignification,lignification:peroxidase
A0A803LW66,,sequence_backed,rigidite_tige,rigidite_tige:verse
A0A803LX17,,sequence_backed,lignification,lignification:cell wall;lignification:laccase;lignification:lignin
A0A803LXZ3,,sequence_backed,rigidite_tige,rigidite_tige:stem
A0A803LYZ6,,sequence_backed,rigidite_tige,rigidite_tige:stem
A0A803M0L3,,sequence_backed,lignification,lignification:peroxidase
A0A803M220,,sequence_backed,lignification,lignification:cell wall
A0A803M439,,sequence_backed,lignification,lignification:peroxidase
A0A803M440,,sequence_backed,lignification,lignification:peroxidase
A0A803M5V2,,sequence_backed,lignification,lignification:peroxidase
A0A803M6H8,,sequence_backed,lignification,lignification:peroxidase
A0A803M6I0,,sequence_backed,lignification,lignification:peroxidase
A0A803M8V4,,sequence_backed,lignification,lignification:cell wall
A0A803M9R8,,sequence_backed,lignification,lignification:peroxidase
A0A803M9T0,,sequence_backed,lignification,lignification:peroxidase
A0A803MBT0,,sequence_backed,lignification,lignification:peroxidase
A0A803MCM4,,sequence_backed,lignification,lignification:peroxidase
A0A803MFB0,,sequence_backed,rigidite_tige,rigidite_tige:stem
A0A803MGI3,,sequence_backed,rigidite_tige,rigidite_tige:stem
A0A803MH41,,sequence_backed,rigidite_tige,rigidite_tige:stem
A0A803MHF1,,sequence_backed,lignification,lignification:peroxidase
A0A803MUA3,,sequence_backed,hormonal,hormonal:gibberellin
A0A803MWV5,,sequence_backed,rigidite_tige,rigidite_tige:stem
A0A803MXP0,,sequence_backed,rigidite_tige,rigidite_tige:stem
A0A803MZU0,,sequence_backed,hormonal,hormonal:brassinosteroid;hormonal:gibberellin
A0A803N275,,sequence_backed,lignification,lignification:peroxidase
A0A803N5D6,,sequence_backed,lignification,lignification:peroxidase
A0A803N5P9,,sequence_backed,rigidite_tige,rigidite_tige:stem
A0A803N7H4,,sequence_backed,lignification,lignification:peroxidase
A0A803N9A6,,sequence_backed,rigidite_tige,rigidite_tige:stem
A0A803NBE9,,sequence_backed,hormonal,hormonal:brassinosteroid;hormonal:gibberellin
A0A803NCB0,,sequence_backed,rigidite_tige,rigidite_tige:stem
A0A803NCB8,,sequence_backed,lignification,lignification:peroxidase
A0A803NEN1,,sequence_backed,lignification,lignification:peroxidase
A0A1X9WDC6,,sequence_backed,rigidite_tige,rigidite_tige:stem
A0A1X9WDE6,,sequence_backed,rigidite_tige,rigidite_tige:stem
A0A1X9WDI2,,sequence_backed,rigidite_tige,rigidite_tige:stem
A0A803KMX8,,sequence_backed,lignification,lignification:peroxidase
A0A803KN46,,sequence_backed,lignification,lignification:peroxidase
A0A803KN47,,sequence_backed,lignification,lignification:peroxidase
A0A803KNY0,,sequence_backed,lignification,lignification:cell wall
A0A803KQF9,,sequence_backed,hormonal,hormonal:brassinosteroid
A0A803KSS3,,sequence_backed,rigidite_tige,rigidite_tige:stem
A0A803KVA1,,sequence_backed,rigidite_tige,rigidite_tige:verse
A0A803KVE6,,sequence_backed,lignification,lignification:peroxidase
A0A803KX23,,sequence_backed,rigidite_tige,rigidite_tige:stem
A0A803KXE5,,sequence_backed,lignification,lignification:peroxidase
A0A803KXH9,,sequence_backed,rigidite_tige,rigidite_tige:stem
A0A803KYK3,,sequence_backed,lignification,lignification:lignin
A0A803KZQ5,,sequence_backed,lignification,lignification:lignin
A0A803L446,,sequence_backed,rigidite_tige,rigidite_tige:stem
A0A803L4Q1,,sequence_backed,rigidite_tige,rigidite_tige:stem
A0A803L7G9,,sequence_backed,lignification,lignification:peroxidase
A0A803L7S4,,sequence_backed,rigidite_tige,rigidite_tige:stem
A0A803L7Y5,,sequence_backed,lignification,lignification:cell wall
A0A803LA01,,sequence_backed,lignification,lignification:cell wall
A0A803LBB1,,sequence_backed,rigidite_tige,rigidite_tige:stem
A0A803LCZ9,,sequence_backed,lignification,lignification:peroxidase
A0A803LD00,,sequence_backed,lignification,lignification:peroxidase
A0A803LD04,,sequence_backed,lignification,lignification:peroxidase
A0A803LD05,,sequence_backed,lignification,lignification:peroxidase
A0A803LDB5,,sequence_backed,rigidite_tige,rigidite_tige:verse
A0A803LIZ0,,sequence_backed,rigidite_tige,rigidite_tige:stem
A0A803LJ72,,sequence_backed,lignification,lignification:cell wall
A0A803LL86,,sequence_backed,lignification,lignification:peroxidase
A0A803LLS2,,sequence_backed,lignification,lignification:peroxidase
A0A803LPN6,,sequence_backed,lignification,lignification:peroxidase
A0A803LQC7,,sequence_backed,rigidite_tige,rigidite_tige:stem
A0A803LR58,,sequence_backed,rigidite_tige,rigidite_tige:stem
A0A803LTI3,,sequence_backed,lignification,lignification:cell wall
A0A803LTI4,,sequence_backed,lignification,lignification:cell wall
A0A803LV15,,sequence_backed,lignification,lignification:peroxidase
A0A803LZI3,,sequence_backed,lignification,lignification:cell wall
A0A803LZI9,,sequence_backed,lignification,lignification:cell wall
A0A803LZJ0,,sequence_backed,lignification,lignification:cell wall
A0A803M3E1,,sequence_backed,lignification,lignification:lignin
A0A803M3N7,,sequence_backed,lignification,lignification:cell wall;lignification:laccase;lignification:lignin
A0A803M405,,sequence_backed,lignification,lignification:lignin
A0A803M408,,sequence_backed,rigidite_tige,rigidite_tige:stem
A0A803M441,,sequence_backed,lignification,lignification:peroxidase
A0A803M4G5,,sequence_backed,hormonal,hormonal:brassinosteroid;hormonal:gibberellin
A0A803M6I1,,sequence_backed,lignification,lignification:peroxidase
A0A803MB35,,sequence_backed,rigidite_tige,rigidite_tige:verse
A0A803MD64,,sequence_backed,lignification,lignification:cell wall
A0A803MDC0,,sequence_backed,rigidite_tige,rigidite_tige:stem
A0A803ME48,,sequence_backed,lignification,lignification:cell wall
A0A803MFD4,,sequence_backed,lignification,lignification:cell wall;lignification:cellulose synthase
A0A803MFU8,,sequence_backed,rigidite_tige,rigidite_tige:stem
A0A803MGT6,,sequence_backed,lignification,lignification:cell wall
A0A803MGU2,,sequence_backed,rigidite_tige,rigidite_tige:stem
A0A803MHS2,,sequence_backed,lignification,lignification:peroxidase
A0A803MHS4,,sequence_backed,lignification,lignification:peroxidase
A0A803MHS7,,sequence_backed,lignification,lignification:peroxidase
A0A803MIV8,,sequence_backed,rigidite_tige,rigidite_tige:stem
A0A803MK51,,sequence_backed,rigidite_tige,rigidite_tige:stem
A0A803MKH6,,sequence_backed,lignification,lignification:cell wall
A0A803MMD7,,sequence_backed,lignification,lignification:peroxidase
A0A803MNL3,,sequence_backed,rigidite_tige,rigidite_tige:stem
A0A803MV26,,sequence_backed,lignification,lignification:cell wall;lignification:secondary cell wall
A0A803MV46,,sequence_backed,rigidite_tige,rigidite_tige:stem
A0A803MW59,,sequence_backed,lignification,lignification:peroxidase
A0A803MW61,,sequence_backed,lignification,lignification:peroxidase
A0A803MWP7,,sequence_backed,rigidite_tige,rigidite_tige:stem
A0A803MYG3,,sequence_backed,lignification;rigidite_tige,lignification:cell wall;rigidite_tige:stem
A0A803N2A6,,sequence_backed,lignification,lignification:peroxidase
A0A803N945,,sequence_backed,lignification,lignification:peroxidase
A0A803NB21,,sequence_backed,lignification,lignification:cell wall
A0A803NBF2,,sequence_backed,rigidite_tige,rigidite_tige:stem
A0A803NE57,,sequence_backed,lignification,lignification:peroxidase
A0A803NF10,,sequence_backed,lignification,lignification:peroxidase
A0A803KRZ6,,sequence_backed,lignification,lignification:cell wall
A0A803KU02,,sequence_backed,rigidite_tige,rigidite_tige:stem
A0A803KVE7,,sequence_backed,lignification,lignification:peroxidase
A0A803KVG1,,sequence_backed,lignification,lignification:peroxidase
A0A803KVU2,,sequence_backed,lignification,lignification:cell wall
A0A803KWN2,,sequence_backed,lignification,lignification:peroxidase
A0A803KY75,,sequence_backed,lignification,lignification:peroxidase
A0A803KYJ7,,sequence_backed,lignification,lignification:cell wall;lignification:lignin;lignification:peroxidase
A0A803L284,,sequence_backed,lignification,lignification:peroxidase
A0A803L288,,sequence_backed,lignification,lignification:peroxidase
A0A803L3A2,,sequence_backed,lignification,lignification:peroxidase
A0A803L6U1,,sequence_backed,lignification,lignification:lignin
A0A803L6U5,,sequence_backed,lignification,lignification:peroxidase
A0A803L6Y2,,sequence_backed,lignification,lignification:cell wall;lignification:lignin;lignification:peroxidase
A0A803L7I3,,sequence_backed,lignification,lignification:peroxidase
A0A803LCV8,,sequence_backed,rigidite_tige,rigidite_tige:stem
A0A803LCZ8,,sequence_backed,lignification,lignification:peroxidase
A0A803LFN3,,sequence_backed,rigidite_tige,rigidite_tige:stem
A0A803LH38,,sequence_backed,rigidite_tige,rigidite_tige:stem
A0A803LI85,,sequence_backed,lignification,lignification:cell wall
A0A803LK05,,sequence_backed,rigidite_tige,rigidite_tige:verse
A0A803LKH7,,sequence_backed,lignification,lignification:cell wall;lignification:lignin;lignification:peroxidase
A0A803LTI5,,sequence_backed,lignification,lignification:cell wall
A0A803LU00,,sequence_backed,rigidite_tige,rigidite_tige:stem
A0A803LU67,,sequence_backed,lignification,lignification:peroxidase
A0A803LUL3,,sequence_backed,lignification,lignification:cell wall
A0A803LUL4,,sequence_backed,lignification,lignification:cell wall
A0A803LV49,,sequence_backed,lignification,lignification:cell wall;lignification:lignin
A0A803LVC7,,sequence_backed,lignification,lignification:peroxidase
A0A803LYP1,,sequence_backed,rigidite_tige,rigidite_tige:stem
A0A803M434,,sequence_backed,lignification,lignification:peroxidase
A0A803M435,,sequence_backed,lignification,lignification:peroxidase
A0A803M789,,sequence_backed,lignification,lignification:cell wall
A0A803M972,,sequence_backed,lignification,lignification:cell wall;lignification:cellulose synthase
A0A803M9C8,,sequence_backed,rigidite_tige,rigidite_tige:stem
A0A803M9H8,,sequence_backed,lignification,lignification:cell wall
A0A803MBS9,,sequence_backed,lignification,lignification:peroxidase
A0A803MC36,,sequence_backed,rigidite_tige,rigidite_tige:stem
A0A803MD84,,sequence_backed,rigidite_tige,rigidite_tige:stem
A0A803MFB3,,sequence_backed,lignification,lignification:cell wall
A0A803MHS5,,sequence_backed,lignification,lignification:peroxidase
A0A803MJY2,,sequence_backed,rigidite_tige,rigidite_tige:stem
A0A803MK99,,sequence_backed,rigidite_tige,rigidite_tige:stem
A0A803MKC9,,sequence_backed,rigidite_tige,rigidite_tige:stem
A0A803MKI2,,sequence_backed,lignification,lignification:cell wall
A0A803MMN1,,sequence_backed,hormonal,hormonal:gibberellin
A0A803MQL5,,sequence_backed,lignification,lignification:cell wall;lignification:laccase;lignification:lignin
A0A803MTH2,,sequence_backed,rigidite_tige,rigidite_tige:stem
A0A803MW37,,sequence_backed,lignification,lignification:peroxidase
A0A803MW38,,sequence_backed,lignification,lignification:peroxidase
A0A803MW41,,sequence_backed,lignification,lignification:peroxidase
A0A803MW42,,sequence_backed,lignification,lignification:peroxidase
A0A803MXC4,,sequence_backed,lignification,lignification:peroxidase
A0A803MXJ7,,sequence_backed,rigidite_tige,rigidite_tige:verse
A0A803MXT0,,sequence_backed,lignification,lignification:peroxidase
A0A803N1H4,,sequence_backed,lignification,lignification:cell wall;lignification:cellulose synthase
A0A803N2Q6,,sequence_backed,lignification,lignification:cell wall;lignification:cellulose synthase
A0A803N308,,sequence_backed,lignification,lignification:peroxidase
A0A803N359,,sequence_backed,lignification,lignification:cell wall
A0A803N3D6,,sequence_backed,rigidite_tige,rigidite_tige:stem
A0A803N5D1,,sequence_backed,lignification,lignification:peroxidase
A0A803N6S0,,sequence_backed,lignification,lignification:cell wall;lignification:laccase;lignification:lignin
A0A803N6S3,,sequence_backed,lignification,lignification:cell wall;lignification:laccase;lignification:lignin
A0A803N7H3,,sequence_backed,lignification,lignification:peroxidase
A0A803N7M5,,sequence_backed,lignification,lignification:cell wall;lignification:secondary cell wall
A0A803NCB9,,sequence_backed,lignification,lignification:peroxidase
A0A803NDW0,,sequence_backed,lignification,lignification:peroxidase
A0A803NE84,,sequence_backed,lignification,lignification:peroxidase
A0A1X9WDC9,,sequence_backed,rigidite_tige,rigidite_tige:stem
A0A803KN48,,sequence_backed,lignification,lignification:peroxidase
A0A803KP11,,sequence_backed,rigidite_tige,rigidite_tige:stem
A0A803KS64,,sequence_backed,lignification,lignification:lignin
A0A803KT63,,sequence_backed,rigidite_tige,rigidite_tige:stem
A0A803KU48,,sequence_backed,lignification,lignification:cell wall
A0A803KV71,,sequence_backed,lignification,lignification:peroxidase
A0A803KVE8,,sequence_backed,lignification,lignification:peroxidase
A0A803KVN7,,sequence_backed,rigidite_tige,rigidite_tige:stem
A0A803KVU1,,sequence_backed,lignification,lignification:cell wall
A0A803KWN3,,sequence_backed,lignification,lignification:peroxidase
A0A803KXE4,,sequence_backed,lignification,lignification:peroxidase
A0A803KYG2,,sequence_backed,lignification,lignification:peroxidase
A0A803KYJ8,,sequence_backed,lignification,lignification:cell wall;lignification:lignin;lignification:peroxidase
A0A803L286,,sequence_backed,lignification,lignification:peroxidase
A0A803L287,,sequence_backed,lignification,lignification:peroxidase
A0A803L3A0,,sequence_backed,lignification,lignification:peroxidase
A0A803L3I9,,sequence_backed,rigidite_tige,rigidite_tige:verse
A0A803L520,,sequence_backed,lignification,lignification:peroxidase
A0A803L7C5,,sequence_backed,rigidite_tige,rigidite_tige:verse
A0A803L8C5,,sequence_backed,rigidite_tige,rigidite_tige:stem
A0A803LAU0,,sequence_backed,rigidite_tige,rigidite_tige:stem
A0A803LCA0,,sequence_backed,lignification,lignification:cell wall
A0A803LCK0,,sequence_backed,lignification,lignification:cell wall
A0A803LET9,,sequence_backed,lignification,lignification:cell wall
A0A803LFR2,,sequence_backed,rigidite_tige,rigidite_tige:stem
A0A803LI99,,sequence_backed,rigidite_tige,rigidite_tige:stem
A0A803LJI9,,sequence_backed,rigidite_tige,rigidite_tige:verse
A0A803LK21,,sequence_backed,lignification,lignification:peroxidase
A0A803LK49,,sequence_backed,lignification,lignification:cell wall
A0A803LLT3,,sequence_backed,lignification,lignification:cell wall
A0A803LTI1,,sequence_backed,lignification,lignification:cell wall
A0A803LTI9,,sequence_backed,lignification,lignification:cell wall
A0A803LX06,,sequence_backed,lignification,lignification:cell wall;lignification:secondary cell wall
A0A803LYQ2,,sequence_backed,lignification,lignification:peroxidase
A0A803LZI8,,sequence_backed,lignification,lignification:cell wall
A0A803M0L1,,sequence_backed,lignification,lignification:peroxidase
A0A803M0L2,,sequence_backed,lignification,lignification:peroxidase
A0A803M7X7,,sequence_backed,lignification,lignification:peroxidase
A0A803M8V7,,sequence_backed,rigidite_tige,rigidite_tige:stem
A0A803M8X3,,sequence_backed,lignification,lignification:cell wall;lignification:cellulose synthase
A0A803MAA7,,sequence_backed,lignification,lignification:cell wall;lignification:cellulose synthase
A0A803MBN0,,sequence_backed,rigidite_tige,rigidite_tige:verse
A0A803MD60,,sequence_backed,lignification,lignification:cell wall
A0A803MD65,,sequence_backed,lignification,lignification:cell wall
A0A803ME47,,sequence_backed,lignification,lignification:cell wall
A0A803ME49,,sequence_backed,lignification,lignification:cell wall
A0A803MHT0,,sequence_backed,lignification,lignification:peroxidase
A0A803ML44,,sequence_backed,lignification,lignification:cell wall
A0A803MRC8,,sequence_backed,lignification,lignification:cell wall;lignification:secondary cell wall
A0A803MSQ2,,sequence_backed,lignification,lignification:peroxidase
A0A803MUH5,,sequence_backed,rigidite_tige,rigidite_tige:verse
A0A803MVJ6,,sequence_backed,hormonal,hormonal:gibberellin
A0A803MW39,,sequence_backed,lignification,lignification:peroxidase
A0A803MW40,,sequence_backed,lignification,lignification:peroxidase
A0A803MW84,,sequence_backed,rigidite_tige,rigidite_tige:stem
A0A803MWC4,,sequence_backed,rigidite_tige,rigidite_tige:stem
A0A803MXG1,,sequence_backed,rigidite_tige,rigidite_tige:stem
A0A803N5X3,,sequence_backed,lignification,lignification:peroxidase
A0A803N6X2,,sequence_backed,rigidite_tige,rigidite_tige:stem
A0A803N7Y0,,sequence_backed,lignification,lignification:cell wall
A0A803NA24,,sequence_backed,lignification,lignification:peroxidase
A0A803NCC1,,sequence_backed,lignification,lignification:peroxidase
A0A803ND82,,sequence_backed,lignification,lignification:peroxidase
A0A803NE63,,sequence_backed,lignification,lignification:peroxidase
A0A803NEY0,,sequence_backed,rigidite_tige,rigidite_tige:stem
A0A1X9WDF8,,sequence_backed,rigidite_tige,rigidite_tige:stem
A0A803KLX1,,sequence_backed,lignification,lignification:cell wall
A0A803KM70,,sequence_backed,rigidite_tige,rigidite_tige:stem
A0A803KMC6,,sequence_backed,rigidite_tige,rigidite_tige:stem
A0A803KMJ8,,sequence_backed,lignification,lignification:cell wall;lignification:cellulose synthase
A0A803KMM1,,sequence_backed,rigidite_tige,rigidite_tige:stem
A0A803KMN2,,sequence_backed,rigidite_tige,rigidite_tige:stem
A0A803KMR0,,sequence_backed,rigidite_tige,rigidite_tige:stem
A0A803KNK1,,sequence_backed,rigidite_tige,rigidite_tige:stem
A0A803KNY7,,sequence_backed,rigidite_tige,rigidite_tige:stem
cqi:110681598,,sequence_backed,rigidite_tige,rigidite_tige:stem
cqi:110681681,,sequence_backed,lignification,lignification:phenylpropanoid
cqi:110681844,,sequence_backed,lignification,lignification:phenylpropanoid
cqi:110681994,,sequence_backed,rigidite_tige,rigidite_tige:stem
cqi:110682049,,sequence_backed,lignification,lignification:phenylpropanoid
cqi:110682117,,sequence_backed,lignification,lignification:phenylpropanoid
cqi:110682118,,sequence_backed,lignification,lignification:phenylpropanoid
cqi:110682322,,sequence_backed,lignification,lignification:phenylpropanoid
cqi:110682328,,sequence_backed,lignification,lignification:phenylpropanoid
cqi:110682347,,sequence_backed,rigidite_tige,rigidite_tige:stem
cqi:110682410,,sequence_backed,lignification,lignification:phenylpropanoid
cqi:110682507,,sequence_backed,lignification,lignification:phenylpropanoid
cqi:110682543,,sequence_backed,lignification,lignification:phenylpropanoid
cqi:110682542,,sequence_backed,rigidite_tige,rigidite_tige:stem
cqi:110682544,,sequence_backed,lignification,lignification:phenylpropanoid
cqi:110682545,,sequence_backed,lignification,lignification:phenylpropanoid
cqi:110682546,,sequence_backed,lignification,lignification:phenylpropanoid
cqi:110682556,,sequence_backed,hormonal,hormonal:brassinosteroid
PLAZA:AUR62000010,,plaza_only,lignification,lignification:cell wall
PLAZA:AUR62000022,,plaza_only,lignification,lignification:cell wall
PLAZA:AUR62000037,,plaza_only,rigidite_tige,rigidite_tige:stem
PLAZA:AUR62000044,,plaza_only,lignification,lignification:cell wall
PLAZA:AUR62000045,,plaza_only,lignification,lignification:cell wall
PLAZA:AUR62000091,,plaza_only,rigidite_tige,rigidite_tige:stem
PLAZA:AUR62000103,,plaza_only,rigidite_tige,rigidite_tige:stem
PLAZA:AUR62000120,,plaza_only,rigidite_tige,rigidite_tige:stem
PLAZA:AUR62000132,,plaza_only,rigidite_tige,rigidite_tige:stem
PLAZA:AUR62000173,,plaza_only,rigidite_tige,rigidite_tige:stem
PLAZA:AUR62000176,,plaza_only,rigidite_tige,rigidite_tige:stem
PLAZA:AUR62000195,,plaza_only,rigidite_tige,rigidite_tige:stem
PLAZA:AUR62000202,,plaza_only,lignification,lignification:cell wall
PLAZA:AUR62000211,,plaza_only,rigidite_tige,rigidite_tige:stem
PLAZA:AUR62000219,,plaza_only,rigidite_tige,rigidite_tige:stem
PLAZA:AUR62000231,,plaza_only,rigidite_tige,rigidite_tige:stem
PLAZA:AUR62000242,,plaza_only,rigidite_tige,rigidite_tige:stem
PLAZA:AUR62000256,,plaza_only,rigidite_tige,rigidite_tige:stem
PLAZA:AUR62000287,,plaza_only,rigidite_tige,rigidite_tige:stem
PLAZA:AUR62000291,,plaza_only,rigidite_tige,rigidite_tige:stem
PLAZA:AUR62000314,,plaza_only,rigidite_tige,rigidite_tige:stem
PLAZA:AUR62000315,,plaza_only,rigidite_tige,rigidite_tige:stem
PLAZA:AUR62000317,,plaza_only,rigidite_tige,rigidite_tige:stem
PLAZA:AUR62000318,,plaza_only,rigidite_tige,rigidite_tige:stem
PLAZA:AUR62000375,,plaza_only,rigidite_tige,rigidite_tige:stem
PLAZA:AUR62000376,,plaza_only,rigidite_tige,rigidite_tige:stem
PLAZA:AUR62000381,,plaza_only,rigidite_tige,rigidite_tige:stem
PLAZA:AUR62000382,,plaza_only,lignification,lignification:cell wall
PLAZA:AUR62000427,,plaza_only,rigidite_tige,rigidite_tige:stem
PLAZA:AUR62000491,,plaza_only,lignification,lignification:cell wall
PLAZA:AUR62000497,,plaza_only,hormonal,hormonal:gibberellin
PLAZA:AUR62000498,,plaza_only,rigidite_tige,rigidite_tige:stem
PLAZA:AUR62000534,,plaza_only,lignification,lignification:cell wall
PLAZA:AUR62000535,,plaza_only,rigidite_tige,rigidite_tige:stem
PLAZA:AUR62000584,,plaza_only,lignification,lignification:cell wall
PLAZA:AUR62000639,,plaza_only,lignification,lignification:cell wall
PLAZA:AUR62000655,,plaza_only,rigidite_tige,rigidite_tige:stem
PLAZA:AUR62000660,,plaza_only,rigidite_tige,rigidite_tige:stem
PLAZA:AUR62000673,,plaza_only,rigidite_tige,rigidite_tige:stem
PLAZA:AUR62000675,,plaza_only,rigidite_tige,rigidite_tige:stem
PLAZA:AUR62000695,,plaza_only,rigidite_tige,rigidite_tige:stem
PLAZA:AUR62000696,,plaza_only,rigidite_tige,rigidite_tige:stem
PLAZA:AUR62000697,,plaza_only,rigidite_tige,rigidite_tige:stem
PLAZA:AUR62000734,,plaza_only,rigidite_tige,rigidite_tige:stem
PLAZA:AUR62000735,,plaza_only,lignification,lignification:cell wall
PLAZA:AUR62000752,,plaza_only,rigidite_tige,rigidite_tige:stem
PLAZA:AUR62000756,,plaza_only,rigidite_tige,rigidite_tige:stem
PLAZA:AUR62000758,,plaza_only,rigidite_tige,rigidite_tige:stem
PLAZA:AUR62000763,,plaza_only,rigidite_tige,rigidite_tige:stem
PLAZA:AUR62000807,,plaza_only,rigidite_tige,rigidite_tige:stem
PLAZA:AUR62000831,,plaza_only,lignification,lignification:cell wall
PLAZA:AUR62000832,,plaza_only,lignification,lignification:cell wall
PLAZA:AUR62000849,,plaza_only,rigidite_tige,rigidite_tige:stem
PLAZA:AUR62000873,,plaza_only,rigidite_tige,rigidite_tige:stem
PLAZA:AUR62000874,,plaza_only,rigidite_tige,rigidite_tige:stem
PLAZA:AUR62000875,,plaza_only,rigidite_tige,rigidite_tige:stem
PLAZA:AUR62000876,,plaza_only,rigidite_tige,rigidite_tige:stem
PLAZA:AUR62000877,,plaza_only,rigidite_tige,rigidite_tige:stem
PLAZA:AUR62000878,,plaza_only,rigidite_tige,rigidite_tige:stem
PLAZA:AUR62000879,,plaza_only,rigidite_tige,rigidite_tige:stem
PLAZA:AUR62000880,,plaza_only,rigidite_tige,rigidite_tige:stem
PLAZA:AUR62000885,,plaza_only,rigidite_tige,rigidite_tige:stem
PLAZA:AUR62000887,,plaza_only,rigidite_tige,rigidite_tige:stem
PLAZA:AUR62000900,,plaza_only,hormonal,hormonal:gibberellin
PLAZA:AUR62000906,,plaza_only,rigidite_tige,rigidite_tige:stem
PLAZA:AUR62000932,,plaza_only,rigidite_tige,rigidite_tige:stem
PLAZA:AUR62000951,,plaza_only,rigidite_tige,rigidite_tige:stem
PLAZA:AUR62000968,,plaza_only,rigidite_tige,rigidite_tige:stem
PLAZA:AUR62000974,,plaza_only,rigidite_tige,rigidite_tige:stem
PLAZA:AUR62001008,,plaza_only,rigidite_tige,rigidite_tige:stem
PLAZA:AUR62001022,,plaza_only,rigidite_tige,rigidite_tige:stem
PLAZA:AUR62001033,,plaza_only,rigidite_tige,rigidite_tige:stem
PLAZA:AUR62001069,,plaza_only,rigidite_tige,rigidite_tige:stem
PLAZA:AUR62001073,,plaza_only,lignification,lignification:cell wall
PLAZA:AUR62001106,,plaza_only,rigidite_tige,rigidite_tige:stem
PLAZA:AUR62001130,,plaza_only,rigidite_tige,rigidite_tige:stem
PLAZA:AUR62001165,,plaza_only,lignification,lignification:cell wall
PLAZA:AUR62001175,,plaza_only,rigidite_tige,rigidite_tige:stem
PLAZA:AUR62001176,,plaza_only,rigidite_tige,rigidite_tige:stem
PLAZA:AUR62001190,,plaza_only,rigidite_tige,rigidite_tige:stem
PLAZA:AUR62001198,,plaza_only,rigidite_tige,rigidite_tige:stem
PLAZA:AUR62001201,,plaza_only,rigidite_tige,rigidite_tige:stem
PLAZA:AUR62001215,,plaza_only,rigidite_tige,rigidite_tige:stem
PLAZA:AUR62001222,,plaza_only,rigidite_tige,rigidite_tige:stem
PLAZA:AUR62001250,,plaza_only,rigidite_tige,rigidite_tige:stem
PLAZA:AUR62001253,,plaza_only,rigidite_tige,rigidite_tige:stem
PLAZA:AUR62001254,,plaza_only,lignification,lignification:cell wall
PLAZA:AUR62001257,,plaza_only,rigidite_tige,rigidite_tige:stem
PLAZA:AUR62001261,,plaza_only,rigidite_tige,rigidite_tige:stem
PLAZA:AUR62001270,,plaza_only,rigidite_tige,rigidite_tige:stem
PLAZA:AUR62001280,,plaza_only,rigidite_tige,rigidite_tige:stem
PLAZA:AUR62001298,,plaza_only,rigidite_tige,rigidite_tige:stem
PLAZA:AUR62001304,,plaza_only,rigidite_tige,rigidite_tige:stem
PLAZA:AUR62001322,,plaza_only,rigidite_tige,rigidite_tige:stem
PLAZA:AUR62001349,,plaza_only,lignification,lignification:cell wall
PLAZA:AUR62001351,,plaza_only,rigidite_tige,rigidite_tige:stem
PLAZA:AUR62001360,,plaza_only,lignification,lignification:cell wall
PLAZA:AUR62001370,,plaza_only,lignification,lignification:cell wall
PLAZA:AUR62001375,,plaza_only,rigidite_tige,rigidite_tige:stem
PLAZA:AUR62001388,,plaza_only,rigidite_tige,rigidite_tige:stem
PLAZA:AUR62001395,,plaza_only,rigidite_tige,rigidite_tige:stem
PLAZA:AUR62001400,,plaza_only,rigidite_tige,rigidite_tige:stem
PLAZA:AUR62001403,,plaza_only,lignification,lignification:cell wall
PLAZA:AUR62001410,,plaza_only,rigidite_tige,rigidite_tige:stem
PLAZA:AUR62001415,,plaza_only,rigidite_tige,rigidite_tige:stem
PLAZA:AUR62001429,,plaza_only,rigidite_tige,rigidite_tige:stem
PLAZA:AUR62001430,,plaza_only,rigidite_tige,rigidite_tige:stem
PLAZA:AUR62001466,,plaza_only,rigidite_tige,rigidite_tige:stem
PLAZA:AUR62001470,,plaza_only,rigidite_tige,rigidite_tige:stem
PLAZA:AUR62001472,,plaza_only,rigidite_tige,rigidite_tige:stem
PLAZA:AUR62001479,,plaza_only,rigidite_tige,rigidite_tige:stem
PLAZA:AUR62001489,,plaza_only,rigidite_tige,rigidite_tige:stem
PLAZA:AUR62001493,,plaza_only,rigidite_tige,rigidite_tige:stem
PLAZA:AUR62001495,,plaza_only,rigidite_tige,rigidite_tige:stem
PLAZA:AUR62001496,,plaza_only,rigidite_tige,rigidite_tige:stem
PLAZA:AUR62001515,,plaza_only,rigidite_tige,rigidite_tige:verse
PLAZA:AUR62001528,,plaza_only,rigidite_tige,rigidite_tige:stem
PLAZA:AUR62001533,,plaza_only,rigidite_tige,rigidite_tige:stem
PLAZA:AUR62001555,,plaza_only,rigidite_tige,rigidite_tige:stem
PLAZA:AUR62001556,,plaza_only,rigidite_tige,rigidite_tige:stem
PLAZA:AUR62001558,,plaza_only,hormonal,hormonal:brassinosteroid
PLAZA:AUR62001564,,plaza_only,rigidite_tige,rigidite_tige:stem
PLAZA:AUR62001569,,plaza_only,rigidite_tige,rigidite_tige:stem
PLAZA:AUR62001573,,plaza_only,rigidite_tige,rigidite_tige:stem
PLAZA:AUR62001576,,plaza_only,rigidite_tige,rigidite_tige:stem
PLAZA:AUR62001578,,plaza_only,lignification,lignification:cell wall
PLAZA:AUR62001582,,plaza_only,rigidite_tige,rigidite_tige:stem
PLAZA:AUR62001586,,plaza_only,rigidite_tige,rigidite_tige:stem
PLAZA:AUR62001597,,plaza_only,lignification,lignification:cell wall
PLAZA:AUR62001599,,plaza_only,rigidite_tige,rigidite_tige:stem
PLAZA:AUR62001601,,plaza_only,lignification,lignification:cell wall
PLAZA:AUR62001630,,plaza_only,rigidite_tige,rigidite_tige:stem
PLAZA:AUR62001634,,plaza_only,rigidite_tige,rigidite_tige:stem
PLAZA:AUR62001635,,plaza_only,rigidite_tige,rigidite_tige:stem
PLAZA:AUR62001636,,plaza_only,rigidite_tige,rigidite_tige:stem
PLAZA:AUR62001639,,plaza_only,rigidite_tige,rigidite_tige:stem
PLAZA:AUR62001654,,plaza_only,rigidite_tige,rigidite_tige:stem
PLAZA:AUR62001676,,plaza_only,lignification,lignification:cell wall
PLAZA:AUR62001689,,plaza_only,lignification,lignification:cell wall;lignification:laccase;lignification:lignin
PLAZA:AUR62001717,,plaza_only,rigidite_tige,rigidite_tige:stem
PLAZA:AUR62001718,,plaza_only,hormonal,hormonal:brassinosteroid
PLAZA:AUR62001746,,plaza_only,rigidite_tige,rigidite_tige:stem
PLAZA:AUR62001754,,plaza_only,lignification,lignification:cell wall;lignification:laccase;lignification:lignin
PLAZA:AUR62001760,,plaza_only,rigidite_tige,rigidite_tige:stem
PLAZA:AUR62001776,,plaza_only,lignification,lignification:cell wall
PLAZA:AUR62001799,,plaza_only,rigidite_tige,rigidite_tige:stem
PLAZA:AUR62001810,,plaza_only,rigidite_tige,rigidite_tige:stem
PLAZA:AUR62001813,,plaza_only,rigidite_tige,rigidite_tige:stem
PLAZA:AUR62001814,,plaza_only,rigidite_tige,rigidite_tige:stem
PLAZA:AUR62001845,,plaza_only,lignification,lignification:cell wall
PLAZA:AUR62001854,,plaza_only,rigidite_tige,rigidite_tige:stem
PLAZA:AUR62001878,,plaza_only,rigidite_tige,rigidite_tige:stem
PLAZA:AUR62001880,,plaza_only,rigidite_tige,rigidite_tige:stem
PLAZA:AUR62001881,,plaza_only,rigidite_tige,rigidite_tige:stem
PLAZA:AUR62001892,,plaza_only,rigidite_tige,rigidite_tige:stem
PLAZA:AUR62001902,,plaza_only,rigidite_tige,rigidite_tige:stem
PLAZA:AUR62001910,,plaza_only,rigidite_tige,rigidite_tige:stem
PLAZA:AUR62001911,,plaza_only,lignification,lignification:cell wall;lignification:lignin
PLAZA:AUR62001921,,plaza_only,lignification,lignification:cell wall
PLAZA:AUR62001926,,plaza_only,rigidite_tige,rigidite_tige:stem
PLAZA:AUR62001951,,plaza_only,rigidite_tige,rigidite_tige:stem
PLAZA:AUR62001987,,plaza_only,rigidite_tige,rigidite_tige:stem
PLAZA:AUR62002001,,plaza_only,rigidite_tige,rigidite_tige:stem
PLAZA:AUR62002028,,plaza_only,rigidite_tige,rigidite_tige:stem
PLAZA:AUR62002031,,plaza_only,rigidite_tige,rigidite_tige:stem
PLAZA:AUR62002040,,plaza_only,lignification,lignification:cell wall;lignification:cellulose synthase
PLAZA:AUR62002064,,plaza_only,lignification,lignification:4cl
PLAZA:AUR62002066,,plaza_only,lignification,lignification:cell wall
PLAZA:AUR62002071,,plaza_only,lignification,lignification:cell wall
PLAZA:AUR62002073,,plaza_only,lignification,lignification:cell wall
PLAZA:AUR62002144,,plaza_only,rigidite_tige,rigidite_tige:stem
PLAZA:AUR62002150,,plaza_only,lignification,lignification:cell wall;lignification:lignin
PLAZA:AUR62002161,,plaza_only,rigidite_tige,rigidite_tige:stem
PLAZA:AUR62002185,,plaza_only,lignification,lignification:cell wall
PLAZA:AUR62002190,,plaza_only,lignification,lignification:cell wall
PLAZA:AUR62002199,,plaza_only,rigidite_tige,rigidite_tige:stem
PLAZA:AUR62002200,,plaza_only,rigidite_tige,rigidite_tige:stem
PLAZA:AUR62002202,,plaza_only,rigidite_tige,rigidite_tige:stem
PLAZA:AUR62002207,,plaza_only,rigidite_tige,rigidite_tige:stem
PLAZA:AUR62002222,,plaza_only,rigidite_tige,rigidite_tige:stem
PLAZA:AUR62002223,,plaza_only,rigidite_tige,rigidite_tige:stem
PLAZA:AUR62002224,,plaza_only,rigidite_tige,rigidite_tige:stem
PLAZA:AUR62002236,,plaza_only,lignification,lignification:cell wall
PLAZA:AUR62002246,,plaza_only,rigidite_tige,rigidite_tige:stem
PLAZA:AUR62002269,,plaza_only,lignification,lignification:peroxidase
PLAZA:AUR62002279,,plaza_only,rigidite_tige,rigidite_tige:stem
PLAZA:AUR62002287,,plaza_only,rigidite_tige,rigidite_tige:stem
PLAZA:AUR62002348,,plaza_only,rigidite_tige,rigidite_tige:stem
PLAZA:AUR62002352,,plaza_only,rigidite_tige,rigidite_tige:stem
PLAZA:AUR62002363,,plaza_only,rigidite_tige,rigidite_tige:stem
PLAZA:AUR62002391,,plaza_only,rigidite_tige,rigidite_tige:stem
PLAZA:AUR62002397,,plaza_only,lignification,lignification:cell wall
PLAZA:AUR62002415,,plaza_only,rigidite_tige,rigidite_tige:stem
PLAZA:AUR62002432,,plaza_only,rigidite_tige,rigidite_tige:stem
PLAZA:AUR62002467,,plaza_only,rigidite_tige,rigidite_tige:stem
PLAZA:AUR62002485,,plaza_only,rigidite_tige,rigidite_tige:stem
PLAZA:AUR62002494,,plaza_only,lignification,lignification:cell wall;lignification:lignin
PLAZA:AUR62002521,,plaza_only,lignification,lignification:cell wall
PLAZA:AUR62002533,,plaza_only,rigidite_tige,rigidite_tige:stem
PLAZA:AUR62002550,,plaza_only,rigidite_tige,rigidite_tige:stem
PLAZA:AUR62002584,,plaza_only,lignification,lignification:cell wall
PLAZA:AUR62002590,,plaza_only,rigidite_tige,rigidite_tige:stem
PLAZA:AUR62002627,,plaza_only,rigidite_tige,rigidite_tige:stem
PLAZA:AUR62002628,,plaza_only,rigidite_tige,rigidite_tige:stem
PLAZA:AUR62002654,,plaza_only,rigidite_tige,rigidite_tige:stem
PLAZA:AUR62002661,,plaza_only,rigidite_tige,rigidite_tige:stem
PLAZA:AUR62002662,,plaza_only,rigidite_tige,rigidite_tige:stem
PLAZA:AUR62002672,,plaza_only,lignification,lignification:cell wall
PLAZA:AUR62002696,,plaza_only,rigidite_tige,rigidite_tige:stem
PLAZA:AUR62002701,,plaza_only,rigidite_tige,rigidite_tige:stem
PLAZA:AUR62002747,,plaza_only,rigidite_tige,rigidite_tige:stem
PLAZA:AUR62002752,,plaza_only,hormonal,hormonal:gibberellin
PLAZA:AUR62002773,,plaza_only,rigidite_tige,rigidite_tige:stem
PLAZA:AUR62002792,,plaza_only,rigidite_tige,rigidite_tige:stem
PLAZA:AUR62002843,,plaza_only,rigidite_tige,rigidite_tige:stem
PLAZA:AUR62002871,,plaza_only,lignification,lignification:cell wall
PLAZA:AUR62002878,,plaza_only,lignification,lignification:cell wall
PLAZA:AUR62002880,,plaza_only,lignification,lignification:cell wall
PLAZA:AUR62002881,,plaza_only,rigidite_tige,rigidite_tige:stem
PLAZA:AUR62002902,,plaza_only,rigidite_tige,rigidite_tige:stem
PLAZA:AUR62002921,,plaza_only,rigidite_tige,rigidite_tige:stem
PLAZA:AUR62002965,,plaza_only,rigidite_tige,rigidite_tige:stem
PLAZA:AUR62002980,,plaza_only,rigidite_tige,rigidite_tige:stem
PLAZA:AUR62002981,,plaza_only,lignification,lignification:peroxidase
PLAZA:AUR62003035,,plaza_only,rigidite_tige,rigidite_tige:stem
PLAZA:AUR62003040,,plaza_only,rigidite_tige,rigidite_tige:stem
PLAZA:AUR62003042,,plaza_only,rigidite_tige,rigidite_tige:stem
PLAZA:AUR62003053,,plaza_only,rigidite_tige,rigidite_tige:stem
PLAZA:AUR62003060,,plaza_only,hormonal,hormonal:brassinosteroid
PLAZA:AUR62003062,,plaza_only,hormonal,hormonal:brassinosteroid
PLAZA:AUR62003079,,plaza_only,lignification,lignification:cell wall
PLAZA:AUR62003090,,plaza_only,rigidite_tige,rigidite_tige:stem
PLAZA:AUR62003115,,plaza_only,rigidite_tige,rigidite_tige:stem
PLAZA:AUR62003159,,plaza_only,hormonal,hormonal:brassinosteroid
PLAZA:AUR62003172,,plaza_only,rigidite_tige,rigidite_tige:stem
PLAZA:AUR62003173,,plaza_only,rigidite_tige,rigidite_tige:stem
PLAZA:AUR62003174,,plaza_only,rigidite_tige,rigidite_tige:stem
PLAZA:AUR62003196,,plaza_only,lignification,lignification:cell wall
PLAZA:AUR62003197,,plaza_only,lignification,lignification:cell wall
PLAZA:AUR62003204,,plaza_only,lignification,lignification:cell wall
PLAZA:AUR62003209,,plaza_only,rigidite_tige,rigidite_tige:stem
PLAZA:AUR62003267,,plaza_only,rigidite_tige,rigidite_tige:stem
PLAZA:AUR62003287,,plaza_only,rigidite_tige,rigidite_tige:stem
PLAZA:AUR62003289,,plaza_only,rigidite_tige,rigidite_tige:stem
PLAZA:AUR62003296,,plaza_only,rigidite_tige,rigidite_tige:stem
PLAZA:AUR62003303,,plaza_only,rigidite_tige,rigidite_tige:stem
PLAZA:AUR62003309,,plaza_only,rigidite_tige,rigidite_tige:stem
PLAZA:AUR62003314,,plaza_only,rigidite_tige,rigidite_tige:stem
PLAZA:AUR62003332,,plaza_only,rigidite_tige,rigidite_tige:stem
PLAZA:AUR62003336,,plaza_only,rigidite_tige,rigidite_tige:stem
PLAZA:AUR62003337,,plaza_only,rigidite_tige,rigidite_tige:stem
PLAZA:AUR62003342,,plaza_only,lignification,lignification:peroxidase
PLAZA:AUR62003343,,plaza_only,lignification,lignification:peroxidase
PLAZA:AUR62003345,,plaza_only,lignification,lignification:peroxidase
PLAZA:AUR62003346,,plaza_only,lignification,lignification:peroxidase
PLAZA:AUR62003349,,plaza_only,rigidite_tige,rigidite_tige:stem
PLAZA:AUR62003353,,plaza_only,rigidite_tige,rigidite_tige:stem
PLAZA:AUR62003410,,plaza_only,rigidite_tige,rigidite_tige:stem
PLAZA:AUR62003413,,plaza_only,lignification,lignification:cell wall
PLAZA:AUR62003417,,plaza_only,rigidite_tige,rigidite_tige:stem
PLAZA:AUR62003494,,plaza_only,rigidite_tige,rigidite_tige:stem
PLAZA:AUR62003509,,plaza_only,rigidite_tige,rigidite_tige:stem
PLAZA:AUR62003515,,plaza_only,rigidite_tige,rigidite_tige:stem
PLAZA:AUR62003523,,plaza_only,rigidite_tige,rigidite_tige:stem
PLAZA:AUR62003524,,plaza_only,rigidite_tige,rigidite_tige:stem
PLAZA:AUR62003525,,plaza_only,rigidite_tige,rigidite_tige:stem
PLAZA:AUR62003540,,plaza_only,rigidite_tige,rigidite_tige:stem
PLAZA:AUR62003558,,plaza_only,lignification,lignification:cell wall
PLAZA:AUR62003565,,plaza_only,rigidite_tige,rigidite_tige:stem
PLAZA:AUR62003594,,plaza_only,rigidite_tige,rigidite_tige:stem
PLAZA:AUR62003600,,plaza_only,lignification,lignification:cell wall;lignification:cellulose synthase;lignification:secondary cell wall
PLAZA:AUR62003605,,plaza_only,lignification,lignification:cell wall
PLAZA:AUR62003606,,plaza_only,lignification,lignification:cell wall
PLAZA:AUR62003612,,plaza_only,rigidite_tige,rigidite_tige:stem
PLAZA:AUR62003619,,plaza_only,rigidite_tige,rigidite_tige:stem
PLAZA:AUR62003624,,plaza_only,rigidite_tige,rigidite_tige:stem
PLAZA:AUR62003642,,plaza_only,rigidite_tige,rigidite_tige:stem
PLAZA:AUR62003674,,plaza_only,rigidite_tige,rigidite_tige:stem
PLAZA:AUR62003708,,plaza_only,rigidite_tige,rigidite_tige:stem
PLAZA:AUR62003715,,plaza_only,rigidite_tige,rigidite_tige:stem
PLAZA:AUR62003757,,plaza_only,lignification,lignification:cell wall;lignification:cellulose synthase
PLAZA:AUR62003767,,plaza_only,rigidite_tige,rigidite_tige:stem
PLAZA:AUR62003770,,plaza_only,rigidite_tige,rigidite_tige:stem
PLAZA:AUR62003801,,plaza_only,rigidite_tige,rigidite_tige:stem
PLAZA:AUR62003817,,plaza_only,rigidite_tige,rigidite_tige:stem
PLAZA:AUR62003856,,plaza_only,rigidite_tige,rigidite_tige:stem
PLAZA:AUR62003884,,plaza_only,rigidite_tige,rigidite_tige:stem
PLAZA:AUR62003888,,plaza_only,lignification,lignification:cell wall
PLAZA:AUR62003890,,plaza_only,lignification,lignification:cell wall;lignification:cellulose synthase
PLAZA:AUR62003897,,plaza_only,lignification,lignification:cell wall;lignification:lignin
PLAZA:AUR62003898,,plaza_only,rigidite_tige,rigidite_tige:stem
PLAZA:AUR62003910,,plaza_only,rigidite_tige,rigidite_tige:stem
PLAZA:AUR62003918,,plaza_only,rigidite_tige,rigidite_tige:stem
PLAZA:AUR62003925,,plaza_only,lignification,lignification:cell wall
PLAZA:AUR62003929,,plaza_only,rigidite_tige,rigidite_tige:stem
PLAZA:AUR62003931,,plaza_only,rigidite_tige,rigidite_tige:stem
PLAZA:AUR62003956,,plaza_only,rigidite_tige,rigidite_tige:stem
PLAZA:AUR62003960,,plaza_only,lignification,lignification:cell wall
PLAZA:AUR62003983,,plaza_only,rigidite_tige,rigidite_tige:stem
PLAZA:AUR62003992,,plaza_only,rigidite_tige,rigidite_tige:stem
PLAZA:AUR62003996,,plaza_only,rigidite_tige,rigidite_tige:stem
PLAZA:AUR62003998,,plaza_only,rigidite_tige,rigidite_tige:stem
PLAZA:AUR62004010,,plaza_only,lignification,lignification:cell wall
PLAZA:AUR62004022,,plaza_only,lignification,lignification:cell wall
PLAZA:AUR62004041,,plaza_only,lignification,lignification:cell wall
PLAZA:AUR62004049,,plaza_only,rigidite_tige,rigidite_tige:stem
PLAZA:AUR62004065,,plaza_only,rigidite_tige,rigidite_tige:stem
PLAZA:AUR62004086,,plaza_only,lignification,lignification:cell wall
PLAZA:AUR62004113,,plaza_only,rigidite_tige,rigidite_tige:stem
PLAZA:AUR62004115,,plaza_only,hormonal,hormonal:brassinosteroid
PLAZA:AUR62004117,,plaza_only,lignification,lignification:cell wall
PLAZA:AUR62004125,,plaza_only,rigidite_tige,rigidite_tige:stem
PLAZA:AUR62004128,,plaza_only,rigidite_tige,rigidite_tige:stem
PLAZA:AUR62004135,,plaza_only,lignification,lignification:cell wall
PLAZA:AUR62004182,,plaza_only,lignification,lignification:cell wall
PLAZA:AUR62004218,,plaza_only,rigidite_tige,rigidite_tige:stem
PLAZA:AUR62004234,,plaza_only,lignification,lignification:cell wall
PLAZA:AUR62004261,,plaza_only,rigidite_tige,rigidite_tige:stem
PLAZA:AUR62004269,,plaza_only,hormonal,hormonal:gibberellin
PLAZA:AUR62004270,,plaza_only,lignification,lignification:cell wall
PLAZA:AUR62004281,,plaza_only,rigidite_tige,rigidite_tige:stem
PLAZA:AUR62004282,,plaza_only,rigidite_tige,rigidite_tige:stem
PLAZA:AUR62004300,,plaza_only,rigidite_tige,rigidite_tige:stem
PLAZA:AUR62004301,,plaza_only,lignification,lignification:cell wall
PLAZA:AUR62004304,,plaza_only,rigidite_tige,rigidite_tige:stem
PLAZA:AUR62004305,,plaza_only,rigidite_tige,rigidite_tige:stem
PLAZA:AUR62004341,,plaza_only,hormonal,hormonal:brassinosteroid
PLAZA:AUR62004347,,plaza_only,rigidite_tige,rigidite_tige:stem
PLAZA:AUR62004356,,plaza_only,rigidite_tige,rigidite_tige:stem
PLAZA:AUR62004364,,plaza_only,rigidite_tige,rigidite_tige:stem
PLAZA:AUR62004365,,plaza_only,rigidite_tige,rigidite_tige:stem
PLAZA:AUR62004366,,plaza_only,rigidite_tige,rigidite_tige:stem
PLAZA:AUR62004368,,plaza_only,lignification,lignification:cell wall
PLAZA:AUR62004370,,plaza_only,lignification,lignification:cell wall
PLAZA:AUR62004380,,plaza_only,rigidite_tige,rigidite_tige:stem
PLAZA:AUR62004389,,plaza_only,rigidite_tige,rigidite_tige:stem
PLAZA:AUR62004404,,plaza_only,rigidite_tige,rigidite_tige:stem
PLAZA:AUR62004417,,plaza_only,rigidite_tige,rigidite_tige:stem
PLAZA:AUR62004427,,plaza_only,lignification,lignification:cell wall
PLAZA:AUR62004432,,plaza_only,rigidite_tige,rigidite_tige:stem
PLAZA:AUR62004433,,plaza_only,rigidite_tige,rigidite_tige:stem
PLAZA:AUR62004436,,plaza_only,rigidite_tige,rigidite_tige:stem
PLAZA:AUR62004439,,plaza_only,rigidite_tige,rigidite_tige:stem
PLAZA:AUR62004448,,plaza_only,rigidite_tige,rigidite_tige:stem
PLAZA:AUR62004454,,plaza_only,rigidite_tige,rigidite_tige:stem
PLAZA:AUR62004460,,plaza_only,lignification,lignification:cell wall
PLAZA:AUR62004467,,plaza_only,rigidite_tige,rigidite_tige:stem
PLAZA:AUR62004481,,plaza_only,rigidite_tige,rigidite_tige:stem
PLAZA:AUR62004491,,plaza_only,lignification,lignification:cell wall
PLAZA:AUR62004492,,plaza_only,lignification,lignification:cell wall
PLAZA:AUR62004496,,plaza_only,rigidite_tige,rigidite_tige:stem
PLAZA:AUR62004499,,plaza_only,rigidite_tige,rigidite_tige:stem
PLAZA:AUR62004503,,plaza_only,lignification,lignification:cell wall
PLAZA:AUR62004516,,plaza_only,rigidite_tige,rigidite_tige:stem
PLAZA:AUR62004536,,plaza_only,lignification,lignification:cell wall
PLAZA:AUR62004544,,plaza_only,rigidite_tige,rigidite_tige:stem
PLAZA:AUR62004551,,plaza_only,rigidite_tige,rigidite_tige:stem
PLAZA:AUR62004561,,plaza_only,rigidite_tige,rigidite_tige:stem
PLAZA:AUR62004570,,plaza_only,rigidite_tige,rigidite_tige:stem
PLAZA:AUR62004589,,plaza_only,rigidite_tige,rigidite_tige:stem
PLAZA:AUR62004590,,plaza_only,rigidite_tige,rigidite_tige:stem
PLAZA:AUR62004597,,plaza_only,hormonal,hormonal:brassinosteroid
PLAZA:AUR62004617,,plaza_only,rigidite_tige,rigidite_tige:stem
PLAZA:AUR62004621,,plaza_only,rigidite_tige,rigidite_tige:stem
PLAZA:AUR62004679,,plaza_only,rigidite_tige,rigidite_tige:stem
PLAZA:AUR62004682,,plaza_only,rigidite_tige,rigidite_tige:stem
PLAZA:AUR62004684,,plaza_only,rigidite_tige,rigidite_tige:stem
PLAZA:AUR62004687,,plaza_only,lignification,lignification:cell wall
PLAZA:AUR62004705,,plaza_only,rigidite_tige,rigidite_tige:stem
PLAZA:AUR62004713,,plaza_only,rigidite_tige,rigidite_tige:stem
PLAZA:AUR62004729,,plaza_only,rigidite_tige,rigidite_tige:stem
PLAZA:AUR62004738,,plaza_only,rigidite_tige,rigidite_tige:stem
PLAZA:AUR62004759,,plaza_only,rigidite_tige,rigidite_tige:verse
PLAZA:AUR62004766,,plaza_only,lignification,lignification:cell wall
PLAZA:AUR62004769,,plaza_only,lignification,lignification:cell wall
PLAZA:AUR62004772,,plaza_only,rigidite_tige,rigidite_tige:stem
PLAZA:AUR62004791,,plaza_only,lignification,lignification:cell wall
PLAZA:AUR62004801,,plaza_only,rigidite_tige,rigidite_tige:stem
PLAZA:AUR62004828,,plaza_only,rigidite_tige,rigidite_tige:stem
PLAZA:AUR62004833,,plaza_only,lignification,lignification:cell wall
PLAZA:AUR62004922,,plaza_only,rigidite_tige,rigidite_tige:stem
PLAZA:AUR62004929,,plaza_only,rigidite_tige,rigidite_tige:stem
PLAZA:AUR62004940,,plaza_only,rigidite_tige,rigidite_tige:stem
PLAZA:AUR62004992,,plaza_only,rigidite_tige,rigidite_tige:stem
PLAZA:AUR62004997,,plaza_only,rigidite_tige,rigidite_tige:stem
PLAZA:AUR62005017,,plaza_only,rigidite_tige,rigidite_tige:stem
PLAZA:AUR62005038,,plaza_only,rigidite_tige,rigidite_tige:stem
PLAZA:AUR62005065,,plaza_only,rigidite_tige,rigidite_tige:stem
PLAZA:AUR62005069,,plaza_only,rigidite_tige,rigidite_tige:stem
PLAZA:AUR62005087,,plaza_only,rigidite_tige,rigidite_tige:stem
PLAZA:AUR62005088,,plaza_only,rigidite_tige,rigidite_tige:stem
PLAZA:AUR62005096,,plaza_only,rigidite_tige,rigidite_tige:stem
PLAZA:AUR62005097,,plaza_only,rigidite_tige,rigidite_tige:stem
PLAZA:AUR62005098,,plaza_only,rigidite_tige,rigidite_tige:stem
PLAZA:AUR62005100,,plaza_only,rigidite_tige,rigidite_tige:stem
PLAZA:AUR62005101,,plaza_only,rigidite_tige,rigidite_tige:stem
PLAZA:AUR62005102,,plaza_only,rigidite_tige,rigidite_tige:stem
PLAZA:AUR62005103,,plaza_only,rigidite_tige,rigidite_tige:stem
PLAZA:AUR62005126,,plaza_only,rigidite_tige,rigidite_tige:stem
PLAZA:AUR62005142,,plaza_only,lignification,lignification:cell wall
PLAZA:AUR62005143,,plaza_only,lignification,lignification:cell wall
PLAZA:AUR62005161,,plaza_only,rigidite_tige,rigidite_tige:stem
PLAZA:AUR62005202,,plaza_only,rigidite_tige,rigidite_tige:stem
PLAZA:AUR62005206,,plaza_only,rigidite_tige,rigidite_tige:stem
PLAZA:AUR62005210,,plaza_only,rigidite_tige,rigidite_tige:stem
PLAZA:AUR62005212,,plaza_only,rigidite_tige,rigidite_tige:stem
PLAZA:AUR62005229,,plaza_only,lignification,lignification:cell wall
PLAZA:AUR62005230,,plaza_only,lignification,lignification:cell wall
PLAZA:AUR62005231,,plaza_only,rigidite_tige,rigidite_tige:stem
PLAZA:AUR62005261,,plaza_only,rigidite_tige,rigidite_tige:stem
PLAZA:AUR62005262,,plaza_only,rigidite_tige,rigidite_tige:stem
PLAZA:AUR62005263,,plaza_only,rigidite_tige,rigidite_tige:stem
PLAZA:AUR62005278,,plaza_only,rigidite_tige,rigidite_tige:stem
PLAZA:AUR62005294,,plaza_only,rigidite_tige,rigidite_tige:stem
PLAZA:AUR62005298,,plaza_only,rigidite_tige,rigidite_tige:stem
PLAZA:AUR62005319,,plaza_only,lignification,lignification:cell wall
PLAZA:AUR62005368,,plaza_only,rigidite_tige,rigidite_tige:stem
PLAZA:AUR62005380,,plaza_only,lignification,lignification:cell wall
PLAZA:AUR62005396,,plaza_only,rigidite_tige,rigidite_tige:stem
PLAZA:AUR62005425,,plaza_only,lignification,lignification:cell wall
PLAZA:AUR62005427,,plaza_only,rigidite_tige,rigidite_tige:stem
PLAZA:AUR62005441,,plaza_only,lignification,lignification:cell wall;lignification:lignin
PLAZA:AUR62005462,,plaza_only,lignification,lignification:cell wall
PLAZA:AUR62005465,,plaza_only,lignification,lignification:peroxidase
PLAZA:AUR62005491,,plaza_only,lignification,lignification:cell wall
PLAZA:AUR62005492,,plaza_only,lignification,lignification:cell wall
PLAZA:AUR62005493,,plaza_only,lignification,lignification:cell wall
PLAZA:AUR62005494,,plaza_only,lignification,lignification:cell wall
PLAZA:AUR62005499,,plaza_only,rigidite_tige,rigidite_tige:stem
PLAZA:AUR62005510,,plaza_only,rigidite_tige,rigidite_tige:stem
PLAZA:AUR62005515,,plaza_only,rigidite_tige,rigidite_tige:stem
PLAZA:AUR62005527,,plaza_only,rigidite_tige,rigidite_tige:stem
PLAZA:AUR62005530,,plaza_only,lignification,lignification:cell wall
PLAZA:AUR62005536,,plaza_only,rigidite_tige,rigidite_tige:stem
PLAZA:AUR62005539,,plaza_only,rigidite_tige,rigidite_tige:stem
PLAZA:AUR62005540,,plaza_only,rigidite_tige,rigidite_tige:stem
PLAZA:AUR62005546,,plaza_only,rigidite_tige,rigidite_tige:stem
PLAZA:AUR62005547,,plaza_only,lignification,lignification:cell wall
PLAZA:AUR62005549,,plaza_only,rigidite_tige,rigidite_tige:stem
PLAZA:AUR62005553,,plaza_only,rigidite_tige,rigidite_tige:stem
PLAZA:AUR62005569,,plaza_only,rigidite_tige,rigidite_tige:stem
PLAZA:AUR62005591,,plaza_only,rigidite_tige,rigidite_tige:stem
PLAZA:AUR62005592,,plaza_only,rigidite_tige,rigidite_tige:stem
PLAZA:AUR62005593,,plaza_only,rigidite_tige,rigidite_tige:stem
PLAZA:AUR62005608,,plaza_only,lignification,lignification:cell wall;lignification:lignin
PLAZA:AUR62005609,,plaza_only,lignification,lignification:cell wall;lignification:lignin
PLAZA:AUR62005610,,plaza_only,lignification,lignification:cell wall;lignification:lignin
PLAZA:AUR62005617,,plaza_only,rigidite_tige,rigidite_tige:stem
PLAZA:AUR62005627,,plaza_only,lignification,lignification:cell wall
PLAZA:AUR62005630,,plaza_only,lignification,lignification:cell wall
PLAZA:AUR62005713,,plaza_only,rigidite_tige,rigidite_tige:stem
PLAZA:AUR62005722,,plaza_only,lignification,lignification:cell wall
PLAZA:AUR62005732,,plaza_only,lignification,lignification:cell wall
PLAZA:AUR62005737,,plaza_only,rigidite_tige,rigidite_tige:stem
PLAZA:AUR62005739,,plaza_only,rigidite_tige,rigidite_tige:stem
PLAZA:AUR62005763,,plaza_only,rigidite_tige,rigidite_tige:stem
PLAZA:AUR62005790,,plaza_only,rigidite_tige,rigidite_tige:stem
PLAZA:AUR62005813,,plaza_only,rigidite_tige,rigidite_tige:stem
PLAZA:AUR62005814,,plaza_only,lignification,lignification:cell wall
PLAZA:AUR62005818,,plaza_only,lignification,lignification:cell wall;lignification:lignin
PLAZA:AUR62005820,,plaza_only,lignification,lignification:cell wall
PLAZA:AUR62005828,,plaza_only,lignification,lignification:cell wall
PLAZA:AUR62005834,,plaza_only,lignification,lignification:cell wall
PLAZA:AUR62005847,,plaza_only,rigidite_tige,rigidite_tige:stem
PLAZA:AUR62005848,,plaza_only,lignification,lignification:cell wall
PLAZA:AUR62005884,,plaza_only,lignification,lignification:cell wall
PLAZA:AUR62005897,,plaza_only,rigidite_tige,rigidite_tige:stem
PLAZA:AUR62005901,,plaza_only,rigidite_tige,rigidite_tige:stem
PLAZA:AUR62005914,,plaza_only,rigidite_tige,rigidite_tige:verse
PLAZA:AUR62005984,,plaza_only,lignification,lignification:cell wall;lignification:comt;lignification:lignin
PLAZA:AUR62005995,,plaza_only,rigidite_tige,rigidite_tige:stem
PLAZA:AUR62006039,,plaza_only,lignification,lignification:cell wall
PLAZA:AUR62006071,,plaza_only,rigidite_tige,rigidite_tige:stem
PLAZA:AUR62006091,,plaza_only,rigidite_tige,rigidite_tige:stem
PLAZA:AUR62006094,,plaza_only,rigidite_tige,rigidite_tige:stem
PLAZA:AUR62006096,,plaza_only,lignification,lignification:cell wall
PLAZA:AUR62006102,,plaza_only,lignification,lignification:cell wall
PLAZA:AUR62006173,,plaza_only,rigidite_tige,rigidite_tige:stem
PLAZA:AUR62006191,,plaza_only,rigidite_tige,rigidite_tige:stem
PLAZA:AUR62006196,,plaza_only,rigidite_tige,rigidite_tige:stem
PLAZA:AUR62006198,,plaza_only,rigidite_tige,rigidite_tige:stem
PLAZA:AUR62006199,,plaza_only,rigidite_tige,rigidite_tige:stem
PLAZA:AUR62006214,,plaza_only,rigidite_tige,rigidite_tige:stem
PLAZA:AUR62006219,,plaza_only,lignification,lignification:cell wall
PLAZA:AUR62006229,,plaza_only,lignification,lignification:cell wall;lignification:lignin
PLAZA:AUR62006299,,plaza_only,rigidite_tige,rigidite_tige:stem
PLAZA:AUR62006318,,plaza_only,rigidite_tige,rigidite_tige:stem
PLAZA:AUR62006329,,plaza_only,rigidite_tige,rigidite_tige:stem
PLAZA:AUR62006357,,plaza_only,lignification,lignification:cell wall
PLAZA:AUR62006363,,plaza_only,lignification,lignification:cell wall
PLAZA:AUR62006372,,plaza_only,lignification,lignification:cell wall
PLAZA:AUR62006379,,plaza_only,rigidite_tige,rigidite_tige:stem
PLAZA:AUR62006389,,plaza_only,rigidite_tige,rigidite_tige:stem
PLAZA:AUR62006432,,plaza_only,rigidite_tige,rigidite_tige:stem
PLAZA:AUR62006433,,plaza_only,lignification,lignification:cell wall
PLAZA:AUR62006445,,plaza_only,rigidite_tige,rigidite_tige:stem
PLAZA:AUR62006455,,plaza_only,rigidite_tige,rigidite_tige:stem
PLAZA:AUR62006493,,plaza_only,lignification,lignification:peroxidase
PLAZA:AUR62006504,,plaza_only,rigidite_tige,rigidite_tige:stem
PLAZA:AUR62006509,,plaza_only,rigidite_tige,rigidite_tige:stem
PLAZA:AUR62006515,,plaza_only,rigidite_tige,rigidite_tige:stem
PLAZA:AUR62006519,,plaza_only,rigidite_tige,rigidite_tige:stem
PLAZA:AUR62006526,,plaza_only,rigidite_tige,rigidite_tige:stem
PLAZA:AUR62006534,,plaza_only,rigidite_tige,rigidite_tige:stem
PLAZA:AUR62006545,,plaza_only,rigidite_tige,rigidite_tige:stem
PLAZA:AUR62006557,,plaza_only,rigidite_tige,rigidite_tige:stem
PLAZA:AUR62006564,,plaza_only,rigidite_tige,rigidite_tige:stem
PLAZA:AUR62006577,,plaza_only,rigidite_tige,rigidite_tige:stem
PLAZA:AUR62006601,,plaza_only,lignification,lignification:cell wall;lignification:cellulose synthase
PLAZA:AUR62006604,,plaza_only,rigidite_tige,rigidite_tige:stem
PLAZA:AUR62006624,,plaza_only,rigidite_tige,rigidite_tige:stem
PLAZA:AUR62006626,,plaza_only,rigidite_tige,rigidite_tige:stem
PLAZA:AUR62006636,,plaza_only,rigidite_tige,rigidite_tige:stem
PLAZA:AUR62006641,,plaza_only,rigidite_tige,rigidite_tige:stem
PLAZA:AUR62006659,,plaza_only,rigidite_tige,rigidite_tige:stem
PLAZA:AUR62006661,,plaza_only,rigidite_tige,rigidite_tige:stem
PLAZA:AUR62006662,,plaza_only,rigidite_tige,rigidite_tige:stem
PLAZA:AUR62006663,,plaza_only,rigidite_tige,rigidite_tige:stem
PLAZA:AUR62006730,,plaza_only,rigidite_tige,rigidite_tige:stem
PLAZA:AUR62006731,,plaza_only,rigidite_tige,rigidite_tige:stem
PLAZA:AUR62006736,,plaza_only,rigidite_tige,rigidite_tige:stem
PLAZA:AUR62006737,,plaza_only,lignification,lignification:cell wall
PLAZA:AUR62006773,,plaza_only,rigidite_tige,rigidite_tige:stem
PLAZA:AUR62006835,,plaza_only,lignification,lignification:cell wall
PLAZA:AUR62006843,,plaza_only,hormonal,hormonal:gibberellin
PLAZA:AUR62006844,,plaza_only,rigidite_tige,rigidite_tige:stem
PLAZA:AUR62006883,,plaza_only,lignification,lignification:cell wall
PLAZA:AUR62006941,,plaza_only,lignification,lignification:cell wall
PLAZA:AUR62006994,,plaza_only,lignification,lignification:cell wall
PLAZA:AUR62007008,,plaza_only,rigidite_tige,rigidite_tige:stem
PLAZA:AUR62007010,,plaza_only,rigidite_tige,rigidite_tige:stem
PLAZA:AUR62007012,,plaza_only,rigidite_tige,rigidite_tige:stem
PLAZA:AUR62007015,,plaza_only,rigidite_tige,rigidite_tige:stem
PLAZA:AUR62007019,,plaza_only,lignification,lignification:cell wall;lignification:cellulose synthase
PLAZA:AUR62007035,,plaza_only,rigidite_tige,rigidite_tige:stem
PLAZA:AUR62007061,,plaza_only,lignification,lignification:cell wall
PLAZA:AUR62007076,,plaza_only,rigidite_tige,rigidite_tige:stem
PLAZA:AUR62007077,,plaza_only,lignification,lignification:cell wall
PLAZA:AUR62007081,,plaza_only,lignification,lignification:cell wall
PLAZA:AUR62007084,,plaza_only,rigidite_tige,rigidite_tige:stem
PLAZA:AUR62007109,,plaza_only,rigidite_tige,rigidite_tige:stem
PLAZA:AUR62007134,,plaza_only,rigidite_tige,rigidite_tige:stem
PLAZA:AUR62007154,,plaza_only,rigidite_tige,rigidite_tige:stem
PLAZA:AUR62007156,,plaza_only,rigidite_tige,rigidite_tige:stem
PLAZA:AUR62007161,,plaza_only,lignification,lignification:cell wall
PLAZA:AUR62007164,,plaza_only,rigidite_tige,rigidite_tige:stem
PLAZA:AUR62007188,,plaza_only,rigidite_tige,rigidite_tige:stem
PLAZA:AUR62007202,,plaza_only,rigidite_tige,rigidite_tige:stem
PLAZA:AUR62007205,,plaza_only,rigidite_tige,rigidite_tige:stem
PLAZA:AUR62007209,,plaza_only,lignification,lignification:cell wall;lignification:cellulose synthase;lignification:secondary cell wall
PLAZA:AUR62007220,,plaza_only,lignification,lignification:cell wall
PLAZA:AUR62007238,,plaza_only,rigidite_tige,rigidite_tige:stem
PLAZA:AUR62007241,,plaza_only,rigidite_tige,rigidite_tige:stem
PLAZA:AUR62007248,,plaza_only,rigidite_tige,rigidite_tige:stem
PLAZA:AUR62007267,,plaza_only,rigidite_tige,rigidite_tige:stem
PLAZA:AUR62007310,,plaza_only,rigidite_tige,rigidite_tige:stem
PLAZA:AUR62007316,,plaza_only,rigidite_tige,rigidite_tige:stem
PLAZA:AUR62007355,,plaza_only,rigidite_tige,rigidite_tige:stem
PLAZA:AUR62007357,,plaza_only,lignification,lignification:cell wall
PLAZA:AUR62007363,,plaza_only,rigidite_tige,rigidite_tige:stem
PLAZA:AUR62007383,,plaza_only,lignification,lignification:cell wall
PLAZA:AUR62007384,,plaza_only,lignification,lignification:cell wall
PLAZA:AUR62007385,,plaza_only,lignification,lignification:cell wall
PLAZA:AUR62007408,,plaza_only,rigidite_tige,rigidite_tige:stem
PLAZA:AUR62007428,,plaza_only,lignification,lignification:cell wall
PLAZA:AUR62007445,,plaza_only,lignification,lignification:cell wall
PLAZA:AUR62007448,,plaza_only,rigidite_tige,rigidite_tige:stem
PLAZA:AUR62007467,,plaza_only,rigidite_tige,rigidite_tige:stem
PLAZA:AUR62007480,,plaza_only,rigidite_tige,rigidite_tige:stem
PLAZA:AUR62007491,,plaza_only,rigidite_tige,rigidite_tige:stem
PLAZA:AUR62007492,,plaza_only,rigidite_tige,rigidite_tige:stem
PLAZA:AUR62007501,,plaza_only,rigidite_tige,rigidite_tige:stem
PLAZA:AUR62007530,,plaza_only,lignification,lignification:cell wall
PLAZA:AUR62007551,,plaza_only,lignification,lignification:cell wall
PLAZA:AUR62007564,,plaza_only,rigidite_tige,rigidite_tige:stem
PLAZA:AUR62007578,,plaza_only,rigidite_tige,rigidite_tige:stem
PLAZA:AUR62007598,,plaza_only,lignification,lignification:cell wall
PLAZA:AUR62007632,,plaza_only,lignification,lignification:cell wall
PLAZA:AUR62007646,,plaza_only,lignification,lignification:cell wall;lignification:lignin
PLAZA:AUR62007652,,plaza_only,lignification,lignification:cell wall
PLAZA:AUR62007670,,plaza_only,rigidite_tige,rigidite_tige:stem
PLAZA:AUR62007671,,plaza_only,rigidite_tige,rigidite_tige:stem
PLAZA:AUR62007677,,plaza_only,rigidite_tige,rigidite_tige:stem
PLAZA:AUR62007685,,plaza_only,hormonal,hormonal:gibberellin
PLAZA:AUR62007697,,plaza_only,rigidite_tige,rigidite_tige:stem
PLAZA:AUR62007722,,plaza_only,rigidite_tige,rigidite_tige:stem
PLAZA:AUR62007773,,plaza_only,rigidite_tige,rigidite_tige:stem
PLAZA:AUR62007786,,plaza_only,rigidite_tige,rigidite_tige:stem
PLAZA:AUR62007787,,plaza_only,lignification,lignification:peroxidase
PLAZA:AUR62007841,,plaza_only,rigidite_tige,rigidite_tige:stem
PLAZA:AUR62007848,,plaza_only,rigidite_tige,rigidite_tige:stem
PLAZA:AUR62007851,,plaza_only,rigidite_tige,rigidite_tige:stem
PLAZA:AUR62007863,,plaza_only,rigidite_tige,rigidite_tige:stem
PLAZA:AUR62007866,,plaza_only,rigidite_tige,rigidite_tige:stem
PLAZA:AUR62007876,,plaza_only,hormonal,hormonal:brassinosteroid
PLAZA:AUR62007896,,plaza_only,lignification,lignification:cell wall
PLAZA:AUR62007907,,plaza_only,rigidite_tige,rigidite_tige:stem
PLAZA:AUR62007934,,plaza_only,lignification,lignification:cell wall
PLAZA:AUR62007949,,plaza_only,rigidite_tige,rigidite_tige:stem
PLAZA:AUR62007967,,plaza_only,rigidite_tige,rigidite_tige:stem
PLAZA:AUR62007969,,plaza_only,rigidite_tige,rigidite_tige:stem
PLAZA:AUR62007979,,plaza_only,hormonal,hormonal:brassinosteroid
PLAZA:AUR62007989,,plaza_only,rigidite_tige,rigidite_tige:stem
PLAZA:AUR62007990,,plaza_only,rigidite_tige,rigidite_tige:stem
PLAZA:AUR62007992,,plaza_only,rigidite_tige,rigidite_tige:stem
PLAZA:AUR62008013,,plaza_only,lignification,lignification:cell wall
PLAZA:AUR62008014,,plaza_only,lignification,lignification:cell wall
PLAZA:AUR62008021,,plaza_only,rigidite_tige,rigidite_tige:stem
PLAZA:AUR62008022,,plaza_only,rigidite_tige,rigidite_tige:stem
PLAZA:AUR62008023,,plaza_only,lignification,lignification:cell wall
PLAZA:AUR62008031,,plaza_only,rigidite_tige,rigidite_tige:stem
PLAZA:AUR62008068,,plaza_only,rigidite_tige,rigidite_tige:stem
PLAZA:AUR62008175,,plaza_only,rigidite_tige,rigidite_tige:stem
PLAZA:AUR62008180,,plaza_only,rigidite_tige,rigidite_tige:stem
PLAZA:AUR62008196,,plaza_only,rigidite_tige,rigidite_tige:stem
PLAZA:AUR62008202,,plaza_only,rigidite_tige,rigidite_tige:stem
PLAZA:AUR62008206,,plaza_only,rigidite_tige,rigidite_tige:stem
PLAZA:AUR62008216,,plaza_only,lignification,lignification:cell wall;lignification:cellulose synthase
PLAZA:AUR62008224,,plaza_only,lignification,lignification:cell wall
PLAZA:AUR62008231,,plaza_only,rigidite_tige,rigidite_tige:stem
PLAZA:AUR62008244,,plaza_only,rigidite_tige,rigidite_tige:stem
PLAZA:AUR62008245,,plaza_only,rigidite_tige,rigidite_tige:stem
PLAZA:AUR62008264,,plaza_only,rigidite_tige,rigidite_tige:stem
PLAZA:AUR62008278,,plaza_only,rigidite_tige,rigidite_tige:stem
PLAZA:AUR62008279,,plaza_only,rigidite_tige,rigidite_tige:stem
PLAZA:AUR62008281,,plaza_only,rigidite_tige,rigidite_tige:stem
PLAZA:AUR62008290,,plaza_only,lignification,lignification:cell wall
PLAZA:AUR62008291,,plaza_only,lignification,lignification:cell wall
PLAZA:AUR62008299,,plaza_only,rigidite_tige,rigidite_tige:stem
PLAZA:AUR62008325,,plaza_only,lignification,lignification:cell wall
PLAZA:AUR62008345,,plaza_only,rigidite_tige,rigidite_tige:stem
PLAZA:AUR62008346,,plaza_only,rigidite_tige,rigidite_tige:stem
PLAZA:AUR62008355,,plaza_only,rigidite_tige,rigidite_tige:stem
PLAZA:AUR62008364,,plaza_only,lignification,lignification:cell wall
PLAZA:AUR62008370,,plaza_only,rigidite_tige,rigidite_tige:stem
PLAZA:AUR62008419,,plaza_only,rigidite_tige,rigidite_tige:stem
PLAZA:AUR62008422,,plaza_only,rigidite_tige,rigidite_tige:stem
PLAZA:AUR62008427,,plaza_only,rigidite_tige,rigidite_tige:stem
PLAZA:AUR62008430,,plaza_only,rigidite_tige,rigidite_tige:stem
PLAZA:AUR62008431,,plaza_only,lignification,lignification:cell wall
PLAZA:AUR62008443,,plaza_only,rigidite_tige,rigidite_tige:stem
PLAZA:AUR62008459,,plaza_only,rigidite_tige,rigidite_tige:stem
PLAZA:AUR62008465,,plaza_only,lignification,lignification:cell wall
PLAZA:AUR62008484,,plaza_only,rigidite_tige,rigidite_tige:stem
PLAZA:AUR62008495,,plaza_only,rigidite_tige,rigidite_tige:stem
PLAZA:AUR62008506,,plaza_only,lignification,lignification:cell wall
PLAZA:AUR62008547,,plaza_only,rigidite_tige,rigidite_tige:stem
PLAZA:AUR62008614,,plaza_only,rigidite_tige,rigidite_tige:stem
PLAZA:AUR62008618,,plaza_only,lignification,lignification:cell wall
PLAZA:AUR62008629,,plaza_only,rigidite_tige,rigidite_tige:stem
PLAZA:AUR62008635,,plaza_only,rigidite_tige,rigidite_tige:stem
PLAZA:AUR62008653,,plaza_only,rigidite_tige,rigidite_tige:stem
PLAZA:AUR62008663,,plaza_only,rigidite_tige,rigidite_tige:stem
PLAZA:AUR62008691,,plaza_only,lignification,lignification:cell wall
PLAZA:AUR62008710,,plaza_only,lignification,lignification:cell wall
PLAZA:AUR62008734,,plaza_only,lignification,lignification:cell wall
PLAZA:AUR62008737,,plaza_only,lignification,lignification:cell wall
PLAZA:AUR62008738,,plaza_only,lignification,lignification:cell wall
PLAZA:AUR62008740,,plaza_only,rigidite_tige,rigidite_tige:stem
PLAZA:AUR62008749,,plaza_only,rigidite_tige,rigidite_tige:stem
PLAZA:AUR62008762,,plaza_only,rigidite_tige,rigidite_tige:stem
PLAZA:AUR62008802,,plaza_only,rigidite_tige,rigidite_tige:stem
PLAZA:AUR62008804,,plaza_only,lignification,lignification:cell wall
PLAZA:AUR62008815,,plaza_only,rigidite_tige,rigidite_tige:stem
PLAZA:AUR62008828,,plaza_only,rigidite_tige,rigidite_tige:stem
PLAZA:AUR62008851,,plaza_only,rigidite_tige,rigidite_tige:stem
PLAZA:AUR62008855,,plaza_only,lignification,lignification:cell wall
PLAZA:AUR62008871,,plaza_only,rigidite_tige,rigidite_tige:stem
PLAZA:AUR62008884,,plaza_only,lignification,lignification:cell wall
PLAZA:AUR62008896,,plaza_only,rigidite_tige,rigidite_tige:stem
PLAZA:AUR62008905,,plaza_only,rigidite_tige,rigidite_tige:stem
PLAZA:AUR62008908,,plaza_only,rigidite_tige,rigidite_tige:stem
PLAZA:AUR62008911,,plaza_only,rigidite_tige,rigidite_tige:stem
PLAZA:AUR62008912,,plaza_only,lignification,lignification:cell wall
PLAZA:AUR62008930,,plaza_only,rigidite_tige,rigidite_tige:stem
PLAZA:AUR62008965,,plaza_only,rigidite_tige,rigidite_tige:stem
PLAZA:AUR62008982,,plaza_only,rigidite_tige,rigidite_tige:stem
PLAZA:AUR62008984,,plaza_only,rigidite_tige,rigidite_tige:stem
PLAZA:AUR62008987,,plaza_only,rigidite_tige,rigidite_tige:stem
PLAZA:AUR62009009,,plaza_only,rigidite_tige,rigidite_tige:stem
PLAZA:AUR62009054,,plaza_only,rigidite_tige,rigidite_tige:stem
PLAZA:AUR62009062,,plaza_only,rigidite_tige,rigidite_tige:stem
PLAZA:AUR62009069,,plaza_only,rigidite_tige,rigidite_tige:stem
PLAZA:AUR62009089,,plaza_only,rigidite_tige,rigidite_tige:stem
PLAZA:AUR62009148,,plaza_only,lignification,lignification:cell wall
PLAZA:AUR62009187,,plaza_only,rigidite_tige,rigidite_tige:stem
PLAZA:AUR62009189,,plaza_only,rigidite_tige,rigidite_tige:stem
PLAZA:AUR62009201,,plaza_only,rigidite_tige,rigidite_tige:stem
PLAZA:AUR62009205,,plaza_only,rigidite_tige,rigidite_tige:stem
PLAZA:AUR62009208,,plaza_only,rigidite_tige,rigidite_tige:stem
PLAZA:AUR62009272,,plaza_only,rigidite_tige,rigidite_tige:stem
PLAZA:AUR62009294,,plaza_only,lignification,lignification:cell wall
PLAZA:AUR62009304,,plaza_only,lignification,lignification:cell wall
PLAZA:AUR62009371,,plaza_only,lignification,lignification:cell wall;lignification:lignin
PLAZA:AUR62009461,,plaza_only,rigidite_tige,rigidite_tige:stem
PLAZA:AUR62009470,,plaza_only,rigidite_tige,rigidite_tige:stem
PLAZA:AUR62009473,,plaza_only,lignification,lignification:cell wall
PLAZA:AUR62009490,,plaza_only,hormonal,hormonal:brassinosteroid
PLAZA:AUR62009493,,plaza_only,lignification,lignification:cell wall
PLAZA:AUR62009494,,plaza_only,lignification,lignification:cell wall
PLAZA:AUR62009508,,plaza_only,rigidite_tige,rigidite_tige:stem
PLAZA:AUR62009528,,plaza_only,rigidite_tige,rigidite_tige:stem
PLAZA:AUR62009539,,plaza_only,rigidite_tige,rigidite_tige:stem
PLAZA:AUR62009546,,plaza_only,rigidite_tige,rigidite_tige:stem
PLAZA:AUR62009564,,plaza_only,lignification,lignification:cell wall
PLAZA:AUR62009586,,plaza_only,rigidite_tige,rigidite_tige:stem
PLAZA:AUR62009592,,plaza_only,rigidite_tige,rigidite_tige:stem
PLAZA:AUR62009598,,plaza_only,rigidite_tige,rigidite_tige:stem
PLAZA:AUR62009599,,plaza_only,rigidite_tige,rigidite_tige:stem
PLAZA:AUR62009600,,plaza_only,rigidite_tige,rigidite_tige:stem
PLAZA:AUR62009637,,plaza_only,lignification,lignification:cell wall
PLAZA:AUR62009644,,plaza_only,rigidite_tige,rigidite_tige:stem
PLAZA:AUR62009648,,plaza_only,rigidite_tige,rigidite_tige:stem
PLAZA:AUR62009675,,plaza_only,rigidite_tige,rigidite_tige:stem
PLAZA:AUR62009677,,plaza_only,rigidite_tige,rigidite_tige:stem
PLAZA:AUR62009688,,plaza_only,rigidite_tige,rigidite_tige:stem
PLAZA:AUR62009702,,plaza_only,rigidite_tige,rigidite_tige:stem
PLAZA:AUR62009720,,plaza_only,rigidite_tige,rigidite_tige:stem
PLAZA:AUR62009746,,plaza_only,rigidite_tige,rigidite_tige:stem
PLAZA:AUR62009763,,plaza_only,rigidite_tige,rigidite_tige:stem
PLAZA:AUR62009777,,plaza_only,lignification,lignification:cell wall
PLAZA:AUR62009784,,plaza_only,lignification,lignification:cell wall
PLAZA:AUR62009787,,plaza_only,lignification,lignification:cell wall
PLAZA:AUR62009788,,plaza_only,lignification,lignification:cell wall
PLAZA:AUR62009819,,plaza_only,lignification,lignification:cell wall
PLAZA:AUR62009823,,plaza_only,rigidite_tige,rigidite_tige:stem
PLAZA:AUR62009824,,plaza_only,lignification,lignification:cell wall
PLAZA:AUR62009825,,plaza_only,lignification,lignification:cell wall
PLAZA:AUR62009829,,plaza_only,rigidite_tige,rigidite_tige:stem
PLAZA:AUR62009830,,plaza_only,lignification,lignification:cell wall
PLAZA:AUR62009874,,plaza_only,rigidite_tige,rigidite_tige:stem
PLAZA:AUR62009875,,plaza_only,rigidite_tige,rigidite_tige:stem
PLAZA:AUR62009877,,plaza_only,rigidite_tige,rigidite_tige:stem
PLAZA:AUR62009881,,plaza_only,rigidite_tige,rigidite_tige:stem
PLAZA:AUR62009882,,plaza_only,rigidite_tige,rigidite_tige:stem
PLAZA:AUR62009886,,plaza_only,rigidite_tige,rigidite_tige:stem
PLAZA:AUR62009903,,plaza_only,rigidite_tige,rigidite_tige:stem
PLAZA:AUR62009937,,plaza_only,rigidite_tige,rigidite_tige:stem
PLAZA:AUR62009938,,plaza_only,rigidite_tige,rigidite_tige:stem
PLAZA:AUR62009952,,plaza_only,rigidite_tige,rigidite_tige:stem
PLAZA:AUR62009953,,plaza_only,rigidite_tige,rigidite_tige:stem
PLAZA:AUR62009959,,plaza_only,lignification,lignification:cell wall
PLAZA:AUR62009960,,plaza_only,lignification,lignification:cell wall
PLAZA:AUR62009989,,plaza_only,rigidite_tige,rigidite_tige:stem
PLAZA:AUR62009999,,plaza_only,rigidite_tige,rigidite_tige:stem
PLAZA:AUR62010003,,plaza_only,rigidite_tige,rigidite_tige:stem
PLAZA:AUR62010011,,plaza_only,rigidite_tige,rigidite_tige:stem
PLAZA:AUR62010045,,plaza_only,rigidite_tige,rigidite_tige:stem
PLAZA:AUR62010048,,plaza_only,lignification,lignification:cell wall
PLAZA:AUR62010051,,plaza_only,rigidite_tige,rigidite_tige:stem
PLAZA:AUR62010053,,plaza_only,lignification,lignification:peroxidase
PLAZA:AUR62010064,,plaza_only,rigidite_tige,rigidite_tige:stem
PLAZA:AUR62010072,,plaza_only,rigidite_tige,rigidite_tige:stem
PLAZA:AUR62010075,,plaza_only,rigidite_tige,rigidite_tige:stem
PLAZA:AUR62010093,,plaza_only,rigidite_tige,rigidite_tige:stem
PLAZA:AUR62010109,,plaza_only,lignification,lignification:cell wall
PLAZA:AUR62010114,,plaza_only,rigidite_tige,rigidite_tige:stem
PLAZA:AUR62010118,,plaza_only,rigidite_tige,rigidite_tige:stem
PLAZA:AUR62010125,,plaza_only,rigidite_tige,rigidite_tige:stem
PLAZA:AUR62010137,,plaza_only,rigidite_tige,rigidite_tige:stem
PLAZA:AUR62010146,,plaza_only,rigidite_tige,rigidite_tige:stem
PLAZA:AUR62010151,,plaza_only,rigidite_tige,rigidite_tige:stem
PLAZA:AUR62010177,,plaza_only,rigidite_tige,rigidite_tige:stem
PLAZA:AUR62010184,,plaza_only,rigidite_tige,rigidite_tige:stem
PLAZA:AUR62010206,,plaza_only,lignification,lignification:cell wall
PLAZA:AUR62010220,,plaza_only,lignification,lignification:cell wall
PLAZA:AUR62010226,,plaza_only,hormonal,hormonal:gibberellin
PLAZA:AUR62010233,,plaza_only,hormonal,hormonal:gibberellin
PLAZA:AUR62010239,,plaza_only,rigidite_tige,rigidite_tige:stem
PLAZA:AUR62010243,,plaza_only,rigidite_tige,rigidite_tige:stem
PLAZA:AUR62010245,,plaza_only,lignification,lignification:cell wall;lignification:lignin
PLAZA:AUR62010254,,plaza_only,rigidite_tige,rigidite_tige:stem
PLAZA:AUR62010267,,plaza_only,rigidite_tige,rigidite_tige:stem
PLAZA:AUR62010281,,plaza_only,rigidite_tige,rigidite_tige:stem
PLAZA:AUR62010297,,plaza_only,rigidite_tige,rigidite_tige:stem
PLAZA:AUR62010298,,plaza_only,rigidite_tige,rigidite_tige:stem
PLAZA:AUR62010312,,plaza_only,lignification,lignification:cell wall;lignification:lignin
PLAZA:AUR62010328,,plaza_only,lignification,lignification:cell wall
PLAZA:AUR62010329,,plaza_only,lignification,lignification:cell wall
PLAZA:AUR62010379,,plaza_only,rigidite_tige,rigidite_tige:stem
PLAZA:AUR62010446,,plaza_only,rigidite_tige,rigidite_tige:stem
PLAZA:AUR62010453,,plaza_only,rigidite_tige,rigidite_tige:stem
PLAZA:AUR62010470,,plaza_only,rigidite_tige,rigidite_tige:stem
PLAZA:AUR62010479,,plaza_only,lignification,lignification:cell wall
PLAZA:AUR62010482,,plaza_only,rigidite_tige,rigidite_tige:stem
PLAZA:AUR62010484,,plaza_only,lignification,lignification:cell wall
PLAZA:AUR62010498,,plaza_only,rigidite_tige,rigidite_tige:stem
PLAZA:AUR62010510,,plaza_only,rigidite_tige,rigidite_tige:stem
PLAZA:AUR62010561,,plaza_only,lignification,lignification:cell wall
PLAZA:AUR62010562,,plaza_only,lignification,lignification:cell wall
PLAZA:AUR62010563,,plaza_only,lignification,lignification:cell wall
PLAZA:AUR62010584,,plaza_only,lignification,lignification:peroxidase
PLAZA:AUR62010585,,plaza_only,lignification,lignification:peroxidase
PLAZA:AUR62010587,,plaza_only,lignification,lignification:cell wall
PLAZA:AUR62010629,,plaza_only,lignification,lignification:cell wall
PLAZA:AUR62010635,,plaza_only,rigidite_tige,rigidite_tige:stem
PLAZA:AUR62010653,,plaza_only,rigidite_tige,rigidite_tige:stem
PLAZA:AUR62010667,,plaza_only,lignification,lignification:peroxidase
PLAZA:AUR62010671,,plaza_only,hormonal,hormonal:brassinosteroid
PLAZA:AUR62010691,,plaza_only,rigidite_tige,rigidite_tige:stem
PLAZA:AUR62010695,,plaza_only,lignification,lignification:cell wall
PLAZA:AUR62010709,,plaza_only,rigidite_tige,rigidite_tige:stem
PLAZA:AUR62010717,,plaza_only,rigidite_tige,rigidite_tige:stem
PLAZA:AUR62010735,,plaza_only,rigidite_tige,rigidite_tige:stem
PLAZA:AUR62010758,,plaza_only,rigidite_tige,rigidite_tige:stem
PLAZA:AUR62010787,,plaza_only,rigidite_tige,rigidite_tige:stem
PLAZA:AUR62010791,,plaza_only,rigidite_tige,rigidite_tige:stem
PLAZA:AUR62010795,,plaza_only,lignification,lignification:cell wall
PLAZA:AUR62010798,,plaza_only,rigidite_tige,rigidite_tige:stem
PLAZA:AUR62010805,,plaza_only,rigidite_tige,rigidite_tige:stem
PLAZA:AUR62010813,,plaza_only,lignification,lignification:cell wall
PLAZA:AUR62010833,,plaza_only,lignification,lignification:cell wall
PLAZA:AUR62010838,,plaza_only,rigidite_tige,rigidite_tige:stem
PLAZA:AUR62010849,,plaza_only,rigidite_tige,rigidite_tige:stem
PLAZA:AUR62010854,,plaza_only,rigidite_tige,rigidite_tige:stem
PLAZA:AUR62010859,,plaza_only,rigidite_tige,rigidite_tige:stem
PLAZA:AUR62010881,,plaza_only,lignification,lignification:cell wall
PLAZA:AUR62010890,,plaza_only,rigidite_tige,rigidite_tige:stem
PLAZA:AUR62010891,,plaza_only,rigidite_tige,rigidite_tige:stem
PLAZA:AUR62010933,,plaza_only,rigidite_tige,rigidite_tige:stem
PLAZA:AUR62010945,,plaza_only,rigidite_tige,rigidite_tige:stem
PLAZA:AUR62010949,,plaza_only,rigidite_tige,rigidite_tige:stem
PLAZA:AUR62010950,,plaza_only,rigidite_tige,rigidite_tige:stem
PLAZA:AUR62010961,,plaza_only,lignification,lignification:cell wall
PLAZA:AUR62010966,,plaza_only,rigidite_tige,rigidite_tige:stem
PLAZA:AUR62010981,,plaza_only,rigidite_tige,rigidite_tige:stem
PLAZA:AUR62010991,,plaza_only,rigidite_tige,rigidite_tige:stem
PLAZA:AUR62011013,,plaza_only,lignification,lignification:cell wall
PLAZA:AUR62011020,,plaza_only,rigidite_tige,rigidite_tige:stem
PLAZA:AUR62011024,,plaza_only,lignification,lignification:cell wall
PLAZA:AUR62011035,,plaza_only,rigidite_tige,rigidite_tige:stem
PLAZA:AUR62011036,,plaza_only,rigidite_tige,rigidite_tige:stem
PLAZA:AUR62011042,,plaza_only,lignification,lignification:cell wall
PLAZA:AUR62011054,,plaza_only,hormonal,hormonal:brassinosteroid
PLAZA:AUR62011055,,plaza_only,hormonal;rigidite_tige,hormonal:della;hormonal:gibberellin;rigidite_tige:stalk
PLAZA:AUR62011061,,plaza_only,rigidite_tige,rigidite_tige:stem
PLAZA:AUR62011063,,plaza_only,rigidite_tige,rigidite_tige:stem
PLAZA:AUR62011135,,plaza_only,lignification,lignification:cell wall
PLAZA:AUR62011144,,plaza_only,rigidite_tige,rigidite_tige:stem
PLAZA:AUR62011151,,plaza_only,rigidite_tige,rigidite_tige:stem
PLAZA:AUR62011185,,plaza_only,lignification,lignification:cell wall
PLAZA:AUR62011186,,plaza_only,lignification,lignification:cell wall
PLAZA:AUR62011201,,plaza_only,rigidite_tige,rigidite_tige:stem
PLAZA:AUR62011221,,plaza_only,rigidite_tige,rigidite_tige:stem
PLAZA:AUR62011223,,plaza_only,rigidite_tige,rigidite_tige:stem
PLAZA:AUR62011238,,plaza_only,rigidite_tige,rigidite_tige:stem
PLAZA:AUR62011281,,plaza_only,rigidite_tige,rigidite_tige:stem
PLAZA:AUR62011284,,plaza_only,rigidite_tige,rigidite_tige:stem
PLAZA:AUR62011285,,plaza_only,rigidite_tige,rigidite_tige:stem
PLAZA:AUR62011289,,plaza_only,rigidite_tige,rigidite_tige:stem
PLAZA:AUR62011299,,plaza_only,rigidite_tige,rigidite_tige:stem
PLAZA:AUR62011305,,plaza_only,lignification,lignification:cell wall
PLAZA:AUR62011311,,plaza_only,rigidite_tige,rigidite_tige:stem
PLAZA:AUR62011329,,plaza_only,lignification,lignification:cell wall
PLAZA:AUR62011350,,plaza_only,rigidite_tige,rigidite_tige:stem
PLAZA:AUR62011352,,plaza_only,rigidite_tige,rigidite_tige:stem
PLAZA:AUR62011358,,plaza_only,lignification,lignification:cell wall
PLAZA:AUR62011360,,plaza_only,rigidite_tige,rigidite_tige:stem
PLAZA:AUR62011361,,plaza_only,rigidite_tige,rigidite_tige:stem
PLAZA:AUR62011364,,plaza_only,rigidite_tige,rigidite_tige:stem
PLAZA:AUR62011375,,plaza_only,rigidite_tige,rigidite_tige:stem
PLAZA:AUR62011386,,plaza_only,rigidite_tige,rigidite_tige:stem
PLAZA:AUR62011402,,plaza_only,lignification,lignification:cell wall
PLAZA:AUR62011407,,plaza_only,lignification,lignification:cell wall
PLAZA:AUR62011412,,plaza_only,lignification,lignification:cell wall
PLAZA:AUR62011435,,plaza_only,rigidite_tige,rigidite_tige:stem
PLAZA:AUR62011487,,plaza_only,rigidite_tige,rigidite_tige:stem
PLAZA:AUR62011509,,plaza_only,rigidite_tige,rigidite_tige:stem
PLAZA:AUR62011510,,plaza_only,rigidite_tige,rigidite_tige:stem
PLAZA:AUR62011530,,plaza_only,lignification,lignification:cell wall
PLAZA:AUR62011537,,plaza_only,rigidite_tige,rigidite_tige:stem
PLAZA:AUR62011599,,plaza_only,hormonal,hormonal:gibberellin
PLAZA:AUR62011608,,plaza_only,rigidite_tige,rigidite_tige:stem
PLAZA:AUR62011610,,plaza_only,rigidite_tige,rigidite_tige:stem
PLAZA:AUR62011650,,plaza_only,rigidite_tige,rigidite_tige:stem
PLAZA:AUR62011659,,plaza_only,rigidite_tige,rigidite_tige:stem
PLAZA:AUR62011665,,plaza_only,rigidite_tige,rigidite_tige:stem
PLAZA:AUR62011680,,plaza_only,rigidite_tige,rigidite_tige:stem
PLAZA:AUR62011685,,plaza_only,rigidite_tige,rigidite_tige:stem
PLAZA:AUR62011697,,plaza_only,lignification,lignification:cell wall
PLAZA:AUR62011703,,plaza_only,rigidite_tige,rigidite_tige:stem
PLAZA:AUR62011725,,plaza_only,rigidite_tige,rigidite_tige:stem
PLAZA:AUR62011733,,plaza_only,rigidite_tige,rigidite_tige:stem
PLAZA:AUR62011753,,plaza_only,hormonal,hormonal:gibberellin
PLAZA:AUR62011754,,plaza_only,rigidite_tige,rigidite_tige:stem
PLAZA:AUR62011756,,plaza_only,rigidite_tige,rigidite_tige:stem
PLAZA:AUR62011765,,plaza_only,rigidite_tige,rigidite_tige:stem
PLAZA:AUR62011819,,plaza_only,rigidite_tige,rigidite_tige:stem
PLAZA:AUR62011825,,plaza_only,lignification,lignification:cell wall
PLAZA:AUR62011835,,plaza_only,rigidite_tige,rigidite_tige:stem
PLAZA:AUR62011846,,plaza_only,rigidite_tige,rigidite_tige:stem
PLAZA:AUR62011847,,plaza_only,rigidite_tige,rigidite_tige:stem
PLAZA:AUR62011849,,plaza_only,rigidite_tige,rigidite_tige:stem
PLAZA:AUR62011883,,plaza_only,rigidite_tige,rigidite_tige:stem
PLAZA:AUR62011927,,plaza_only,rigidite_tige,rigidite_tige:stem
PLAZA:AUR62011936,,plaza_only,rigidite_tige,rigidite_tige:stem
PLAZA:AUR62011940,,plaza_only,rigidite_tige,rigidite_tige:stem
PLAZA:AUR62011994,,plaza_only,rigidite_tige,rigidite_tige:stem
PLAZA:AUR62012053,,plaza_only,rigidite_tige,rigidite_tige:stem
PLAZA:AUR62012065,,plaza_only,rigidite_tige,rigidite_tige:stem
PLAZA:AUR62012104,,plaza_only,lignification,lignification:cell wall
PLAZA:AUR62012116,,plaza_only,lignification,lignification:cell wall;lignification:laccase;lignification:lignin
PLAZA:AUR62012117,,plaza_only,lignification,lignification:cell wall;lignification:laccase;lignification:lignin
PLAZA:AUR62012118,,plaza_only,lignification,lignification:cell wall;lignification:laccase;lignification:lignin
PLAZA:AUR62012121,,plaza_only,rigidite_tige,rigidite_tige:stem
PLAZA:AUR62012122,,plaza_only,lignification,lignification:cell wall
PLAZA:AUR62012124,,plaza_only,rigidite_tige,rigidite_tige:stem
PLAZA:AUR62012139,,plaza_only,rigidite_tige,rigidite_tige:stem
PLAZA:AUR62012151,,plaza_only,rigidite_tige,rigidite_tige:stem
PLAZA:AUR62012162,,plaza_only,rigidite_tige,rigidite_tige:stem
PLAZA:AUR62012165,,plaza_only,rigidite_tige,rigidite_tige:stem
PLAZA:AUR62012176,,plaza_only,rigidite_tige,rigidite_tige:stem
PLAZA:AUR62012203,,plaza_only,lignification,lignification:cell wall;lignification:laccase;lignification:lignin
PLAZA:AUR62012211,,plaza_only,hormonal,hormonal:brassinosteroid
PLAZA:AUR62012212,,plaza_only,rigidite_tige,rigidite_tige:stem
PLAZA:AUR62012235,,plaza_only,rigidite_tige,rigidite_tige:stem
PLAZA:AUR62012246,,plaza_only,rigidite_tige,rigidite_tige:stem
PLAZA:AUR62012247,,plaza_only,rigidite_tige,rigidite_tige:stem
PLAZA:AUR62012249,,plaza_only,rigidite_tige,rigidite_tige:stem
PLAZA:AUR62012251,,plaza_only,rigidite_tige,rigidite_tige:stem
PLAZA:AUR62012283,,plaza_only,rigidite_tige,rigidite_tige:stem
PLAZA:AUR62012309,,plaza_only,lignification,lignification:cell wall
PLAZA:AUR62012317,,plaza_only,rigidite_tige,rigidite_tige:stem
PLAZA:AUR62012337,,plaza_only,rigidite_tige,rigidite_tige:stem
PLAZA:AUR62012361,,plaza_only,rigidite_tige,rigidite_tige:stem
PLAZA:AUR62012386,,plaza_only,lignification,lignification:cell wall
PLAZA:AUR62012394,,plaza_only,lignification,lignification:peroxidase
PLAZA:AUR62012409,,plaza_only,rigidite_tige,rigidite_tige:stem
PLAZA:AUR62012418,,plaza_only,lignification,lignification:cell wall
PLAZA:AUR62012419,,plaza_only,lignification,lignification:cell wall
PLAZA:AUR62012427,,plaza_only,lignification,lignification:cell wall
PLAZA:AUR62012462,,plaza_only,hormonal,hormonal:brassinosteroid
PLAZA:AUR62012465,,plaza_only,rigidite_tige,rigidite_tige:stem
PLAZA:AUR62012468,,plaza_only,rigidite_tige,rigidite_tige:stem
PLAZA:AUR62012490,,plaza_only,rigidite_tige,rigidite_tige:stem
PLAZA:AUR62012551,,plaza_only,rigidite_tige,rigidite_tige:stem
PLAZA:AUR62012552,,plaza_only,rigidite_tige,rigidite_tige:stem
PLAZA:AUR62012553,,plaza_only,rigidite_tige,rigidite_tige:stem
PLAZA:AUR62012559,,plaza_only,rigidite_tige,rigidite_tige:stem
PLAZA:AUR62012582,,plaza_only,rigidite_tige,rigidite_tige:stem
PLAZA:AUR62012642,,plaza_only,rigidite_tige,rigidite_tige:stem
PLAZA:AUR62012657,,plaza_only,rigidite_tige,rigidite_tige:stem
PLAZA:AUR62012668,,plaza_only,lignification,lignification:cell wall;lignification:lignin
PLAZA:AUR62012681,,plaza_only,rigidite_tige,rigidite_tige:stem
PLAZA:AUR62012688,,plaza_only,rigidite_tige,rigidite_tige:stem
PLAZA:AUR62012697,,plaza_only,rigidite_tige,rigidite_tige:stem
PLAZA:AUR62012713,,plaza_only,lignification,lignification:cell wall
PLAZA:AUR62012715,,plaza_only,rigidite_tige,rigidite_tige:stem
PLAZA:AUR62012722,,plaza_only,lignification,lignification:cell wall
PLAZA:AUR62012758,,plaza_only,rigidite_tige,rigidite_tige:stem
PLAZA:AUR62012761,,plaza_only,lignification,lignification:cell wall
PLAZA:AUR62012768,,plaza_only,rigidite_tige,rigidite_tige:stem
PLAZA:AUR62012786,,plaza_only,lignification,lignification:cell wall
PLAZA:AUR62012796,,plaza_only,rigidite_tige,rigidite_tige:stem
PLAZA:AUR62012798,,plaza_only,rigidite_tige,rigidite_tige:stem
PLAZA:AUR62012800,,plaza_only,rigidite_tige,rigidite_tige:stem
PLAZA:AUR62012801,,plaza_only,rigidite_tige,rigidite_tige:stem
PLAZA:AUR62012811,,plaza_only,rigidite_tige,rigidite_tige:stem
PLAZA:AUR62012841,,plaza_only,rigidite_tige,rigidite_tige:stem
PLAZA:AUR62012842,,plaza_only,rigidite_tige,rigidite_tige:stem
PLAZA:AUR62012848,,plaza_only,rigidite_tige,rigidite_tige:stem
PLAZA:AUR62012898,,plaza_only,rigidite_tige,rigidite_tige:stem
PLAZA:AUR62012903,,plaza_only,rigidite_tige,rigidite_tige:stem
PLAZA:AUR62012926,,plaza_only,rigidite_tige,rigidite_tige:stem
PLAZA:AUR62012942,,plaza_only,rigidite_tige,rigidite_tige:stem
PLAZA:AUR62012945,,plaza_only,hormonal,hormonal:brassinosteroid
PLAZA:AUR62012950,,plaza_only,lignification,lignification:cell wall
PLAZA:AUR62012951,,plaza_only,lignification,lignification:cell wall
PLAZA:AUR62012952,,plaza_only,lignification,lignification:cell wall
PLAZA:AUR62012977,,plaza_only,rigidite_tige,rigidite_tige:stem
PLAZA:AUR62012987,,plaza_only,rigidite_tige,rigidite_tige:stem
PLAZA:AUR62012991,,plaza_only,rigidite_tige,rigidite_tige:stem
PLAZA:AUR62013001,,plaza_only,rigidite_tige,rigidite_tige:stem
PLAZA:AUR62013027,,plaza_only,rigidite_tige,rigidite_tige:stem
PLAZA:AUR62013036,,plaza_only,rigidite_tige,rigidite_tige:stem
PLAZA:AUR62013037,,plaza_only,rigidite_tige,rigidite_tige:stem
PLAZA:AUR62013039,,plaza_only,lignification,lignification:cell wall
PLAZA:AUR62013040,,plaza_only,lignification,lignification:cell wall
PLAZA:AUR62013041,,plaza_only,lignification,lignification:cell wall
PLAZA:AUR62013042,,plaza_only,rigidite_tige,rigidite_tige:stem
PLAZA:AUR62013045,,plaza_only,lignification,lignification:peroxidase
PLAZA:AUR62013057,,plaza_only,rigidite_tige,rigidite_tige:stem
PLAZA:AUR62013067,,plaza_only,rigidite_tige,rigidite_tige:stem
PLAZA:AUR62013089,,plaza_only,rigidite_tige,rigidite_tige:stem
PLAZA:AUR62013102,,plaza_only,lignification,lignification:cell wall
PLAZA:AUR62013109,,plaza_only,rigidite_tige,rigidite_tige:stem
PLAZA:AUR62013121,,plaza_only,rigidite_tige,rigidite_tige:stem
PLAZA:AUR62013127,,plaza_only,rigidite_tige,rigidite_tige:stem
PLAZA:AUR62013129,,plaza_only,rigidite_tige,rigidite_tige:stem
PLAZA:AUR62013141,,plaza_only,rigidite_tige,rigidite_tige:stem
PLAZA:AUR62013147,,plaza_only,rigidite_tige,rigidite_tige:stem
PLAZA:AUR62013178,,plaza_only,rigidite_tige,rigidite_tige:stem
PLAZA:AUR62013196,,plaza_only,lignification,lignification:cell wall
PLAZA:AUR62013209,,plaza_only,rigidite_tige,rigidite_tige:stem
PLAZA:AUR62013216,,plaza_only,lignification,lignification:cell wall
PLAZA:AUR62013217,,plaza_only,lignification,lignification:cell wall
PLAZA:AUR62013218,,plaza_only,hormonal,hormonal:gibberellin
PLAZA:AUR62013222,,plaza_only,rigidite_tige,rigidite_tige:stem
PLAZA:AUR62013225,,plaza_only,lignification,lignification:cell wall;lignification:lignin
PLAZA:AUR62013236,,plaza_only,rigidite_tige,rigidite_tige:stem
PLAZA:AUR62013248,,plaza_only,rigidite_tige,rigidite_tige:stem
PLAZA:AUR62013286,,plaza_only,rigidite_tige,rigidite_tige:stem
PLAZA:AUR62013298,,plaza_only,lignification,lignification:cell wall
PLAZA:AUR62013299,,plaza_only,lignification,lignification:cell wall
PLAZA:AUR62013336,,plaza_only,rigidite_tige,rigidite_tige:stem
PLAZA:AUR62013343,,plaza_only,rigidite_tige,rigidite_tige:stem
PLAZA:AUR62013352,,plaza_only,lignification,lignification:cell wall
PLAZA:AUR62013387,,plaza_only,lignification,lignification:cell wall
PLAZA:AUR62013394,,plaza_only,rigidite_tige,rigidite_tige:stem
PLAZA:AUR62013401,,plaza_only,lignification,lignification:cell wall
PLAZA:AUR62013420,,plaza_only,rigidite_tige,rigidite_tige:stem
PLAZA:AUR62013445,,plaza_only,rigidite_tige,rigidite_tige:stem
PLAZA:AUR62013454,,plaza_only,hormonal,hormonal:gibberellin
PLAZA:AUR62013463,,plaza_only,rigidite_tige,rigidite_tige:stem
PLAZA:AUR62013464,,plaza_only,rigidite_tige,rigidite_tige:stem
PLAZA:AUR62013476,,plaza_only,rigidite_tige,rigidite_tige:stem
PLAZA:AUR62013490,,plaza_only,lignification,lignification:cell wall;lignification:cellulose synthase;lignification:secondary cell wall
PLAZA:AUR62013497,,plaza_only,lignification,lignification:cell wall
PLAZA:AUR62013499,,plaza_only,lignification,lignification:cell wall
PLAZA:AUR62013534,,plaza_only,rigidite_tige,rigidite_tige:stem
PLAZA:AUR62013614,,plaza_only,lignification,lignification:cell wall
PLAZA:AUR62013630,,plaza_only,rigidite_tige,rigidite_tige:stem
PLAZA:AUR62013680,,plaza_only,lignification,lignification:cell wall
PLAZA:AUR62013698,,plaza_only,lignification,lignification:cell wall
PLAZA:AUR62013713,,plaza_only,rigidite_tige,rigidite_tige:stem
PLAZA:AUR62013716,,plaza_only,rigidite_tige,rigidite_tige:stem
PLAZA:AUR62013730,,plaza_only,rigidite_tige,rigidite_tige:stem
PLAZA:AUR62013744,,plaza_only,rigidite_tige,rigidite_tige:stem
PLAZA:AUR62013745,,plaza_only,rigidite_tige,rigidite_tige:stem
PLAZA:AUR62013747,,plaza_only,rigidite_tige,rigidite_tige:stem
PLAZA:AUR62013762,,plaza_only,rigidite_tige,rigidite_tige:stem
PLAZA:AUR62013765,,plaza_only,rigidite_tige,rigidite_tige:stem
PLAZA:AUR62013777,,plaza_only,rigidite_tige,rigidite_tige:stem
PLAZA:AUR62013782,,plaza_only,rigidite_tige,rigidite_tige:stem
PLAZA:AUR62013786,,plaza_only,rigidite_tige,rigidite_tige:stem
PLAZA:AUR62013788,,plaza_only,rigidite_tige,rigidite_tige:stem
PLAZA:AUR62013790,,plaza_only,rigidite_tige,rigidite_tige:stem
PLAZA:AUR62013793,,plaza_only,rigidite_tige,rigidite_tige:stem
PLAZA:AUR62013803,,plaza_only,lignification,lignification:cell wall
PLAZA:AUR62013804,,plaza_only,lignification,lignification:cell wall
PLAZA:AUR62013805,,plaza_only,lignification,lignification:cell wall
PLAZA:AUR62013865,,plaza_only,rigidite_tige,rigidite_tige:stem
PLAZA:AUR62013898,,plaza_only,rigidite_tige,rigidite_tige:stem
PLAZA:AUR62013899,,plaza_only,rigidite_tige,rigidite_tige:stem
PLAZA:AUR62013900,,plaza_only,rigidite_tige,rigidite_tige:stem
PLAZA:AUR62013906,,plaza_only,lignification,lignification:cell wall
PLAZA:AUR62013907,,plaza_only,lignification,lignification:cell wall
PLAZA:AUR62013908,,plaza_only,lignification,lignification:cell wall
PLAZA:AUR62013909,,plaza_only,lignification,lignification:cell wall
PLAZA:AUR62013910,,plaza_only,lignification,lignification:cell wall
PLAZA:AUR62013920,,plaza_only,rigidite_tige,rigidite_tige:stem
PLAZA:AUR62013922,,plaza_only,rigidite_tige,rigidite_tige:stem
PLAZA:AUR62013923,,plaza_only,rigidite_tige,rigidite_tige:stem
PLAZA:AUR62013924,,plaza_only,rigidite_tige,rigidite_tige:stem
PLAZA:AUR62013925,,plaza_only,rigidite_tige,rigidite_tige:stem
PLAZA:AUR62013968,,plaza_only,lignification,lignification:cell wall
PLAZA:AUR62014020,,plaza_only,rigidite_tige,rigidite_tige:stem
PLAZA:AUR62014042,,plaza_only,lignification,lignification:cell wall
PLAZA:AUR62014058,,plaza_only,rigidite_tige,rigidite_tige:stem
PLAZA:AUR62014088,,plaza_only,rigidite_tige,rigidite_tige:stem
PLAZA:AUR62014103,,plaza_only,rigidite_tige,rigidite_tige:stem
PLAZA:AUR62014130,,plaza_only,lignification,lignification:cell wall
PLAZA:AUR62014138,,plaza_only,rigidite_tige,rigidite_tige:stem
PLAZA:AUR62014160,,plaza_only,lignification,lignification:cell wall
PLAZA:AUR62014165,,plaza_only,rigidite_tige,rigidite_tige:stem
PLAZA:AUR62014166,,plaza_only,rigidite_tige,rigidite_tige:stem
PLAZA:AUR62014191,,plaza_only,hormonal;rigidite_tige,hormonal:della;hormonal:gibberellin;rigidite_tige:stalk
PLAZA:AUR62014205,,plaza_only,rigidite_tige,rigidite_tige:stem
PLAZA:AUR62014245,,plaza_only,rigidite_tige,rigidite_tige:stem
PLAZA:AUR62014252,,plaza_only,rigidite_tige,rigidite_tige:stem
PLAZA:AUR62014275,,plaza_only,rigidite_tige,rigidite_tige:stem
PLAZA:AUR62014283,,plaza_only,rigidite_tige,rigidite_tige:stem
PLAZA:AUR62014288,,plaza_only,rigidite_tige,rigidite_tige:stem
PLAZA:AUR62014312,,plaza_only,lignification,lignification:cell wall;lignification:cellulose synthase
PLAZA:AUR62014328,,plaza_only,rigidite_tige,rigidite_tige:stem
PLAZA:AUR62014330,,plaza_only,rigidite_tige,rigidite_tige:stem
PLAZA:AUR62014337,,plaza_only,rigidite_tige,rigidite_tige:stem
PLAZA:AUR62014341,,plaza_only,rigidite_tige,rigidite_tige:stem
PLAZA:AUR62014351,,plaza_only,rigidite_tige,rigidite_tige:stem
PLAZA:AUR62014352,,plaza_only,rigidite_tige,rigidite_tige:stem
PLAZA:AUR62014369,,plaza_only,rigidite_tige,rigidite_tige:stem
PLAZA:AUR62014380,,plaza_only,rigidite_tige,rigidite_tige:stem
PLAZA:AUR62014412,,plaza_only,lignification,lignification:cell wall
PLAZA:AUR62014413,,plaza_only,lignification,lignification:cell wall
PLAZA:AUR62014464,,plaza_only,lignification,lignification:cell wall
PLAZA:AUR62014475,,plaza_only,lignification,lignification:cell wall
PLAZA:AUR62014476,,plaza_only,lignification,lignification:cell wall
PLAZA:AUR62014484,,plaza_only,rigidite_tige,rigidite_tige:stem
PLAZA:AUR62014493,,plaza_only,rigidite_tige,rigidite_tige:stem
PLAZA:AUR62014499,,plaza_only,lignification,lignification:cell wall
PLAZA:AUR62014524,,plaza_only,rigidite_tige,rigidite_tige:stem
PLAZA:AUR62014538,,plaza_only,rigidite_tige,rigidite_tige:stem
PLAZA:AUR62014563,,plaza_only,rigidite_tige,rigidite_tige:stem
PLAZA:AUR62014569,,plaza_only,rigidite_tige,rigidite_tige:stem
PLAZA:AUR62014578,,plaza_only,rigidite_tige,rigidite_tige:stem
PLAZA:AUR62014619,,plaza_only,rigidite_tige,rigidite_tige:stem
PLAZA:AUR62014646,,plaza_only,rigidite_tige,rigidite_tige:stem
PLAZA:AUR62014647,,plaza_only,rigidite_tige,rigidite_tige:stem
PLAZA:AUR62014705,,plaza_only,rigidite_tige,rigidite_tige:stem
PLAZA:AUR62014724,,plaza_only,rigidite_tige,rigidite_tige:stem
PLAZA:AUR62014756,,plaza_only,rigidite_tige,rigidite_tige:stem
PLAZA:AUR62014760,,plaza_only,rigidite_tige,rigidite_tige:stem
PLAZA:AUR62014799,,plaza_only,rigidite_tige,rigidite_tige:stem
PLAZA:AUR62014815,,plaza_only,rigidite_tige,rigidite_tige:stem
PLAZA:AUR62014821,,plaza_only,lignification,lignification:cell wall
PLAZA:AUR62014825,,plaza_only,lignification,lignification:cell wall
PLAZA:AUR62014846,,plaza_only,rigidite_tige,rigidite_tige:stem
PLAZA:AUR62014859,,plaza_only,rigidite_tige,rigidite_tige:stem
PLAZA:AUR62014865,,plaza_only,rigidite_tige,rigidite_tige:stem
PLAZA:AUR62014895,,plaza_only,rigidite_tige,rigidite_tige:stem
PLAZA:AUR62014910,,plaza_only,rigidite_tige,rigidite_tige:stem
PLAZA:AUR62014918,,plaza_only,rigidite_tige,rigidite_tige:stem
PLAZA:AUR62014948,,plaza_only,rigidite_tige,rigidite_tige:stem
PLAZA:AUR62014950,,plaza_only,rigidite_tige,rigidite_tige:stem
PLAZA:AUR62014953,,plaza_only,lignification,lignification:cell wall
PLAZA:AUR62015001,,plaza_only,lignification,lignification:cell wall
PLAZA:AUR62015014,,plaza_only,rigidite_tige,rigidite_tige:stem
PLAZA:AUR62015019,,plaza_only,hormonal,hormonal:gibberellin
PLAZA:AUR62015025,,plaza_only,rigidite_tige,rigidite_tige:stem
PLAZA:AUR62015026,,plaza_only,rigidite_tige,rigidite_tige:stem
PLAZA:AUR62015029,,plaza_only,rigidite_tige,rigidite_tige:stem
PLAZA:AUR62015033,,plaza_only,lignification,lignification:cell wall
PLAZA:AUR62015046,,plaza_only,rigidite_tige,rigidite_tige:stem
PLAZA:AUR62015050,,plaza_only,rigidite_tige,rigidite_tige:stem
PLAZA:AUR62015059,,plaza_only,rigidite_tige,rigidite_tige:stem
PLAZA:AUR62015075,,plaza_only,rigidite_tige,rigidite_tige:stem
PLAZA:AUR62015092,,plaza_only,rigidite_tige,rigidite_tige:stem
PLAZA:AUR62015104,,plaza_only,rigidite_tige,rigidite_tige:stem
PLAZA:AUR62015122,,plaza_only,rigidite_tige,rigidite_tige:stem
PLAZA:AUR62015127,,plaza_only,rigidite_tige,rigidite_tige:stem
PLAZA:AUR62015142,,plaza_only,lignification,lignification:cell wall
PLAZA:AUR62015144,,plaza_only,rigidite_tige,rigidite_tige:stem
PLAZA:AUR62015164,,plaza_only,rigidite_tige,rigidite_tige:stem
PLAZA:AUR62015180,,plaza_only,lignification,lignification:cell wall;lignification:lignin
PLAZA:AUR62015182,,plaza_only,rigidite_tige,rigidite_tige:stem
PLAZA:AUR62015205,,plaza_only,rigidite_tige,rigidite_tige:stem
PLAZA:AUR62015206,,plaza_only,rigidite_tige,rigidite_tige:stem
PLAZA:AUR62015220,,plaza_only,lignification,lignification:cell wall
PLAZA:AUR62015232,,plaza_only,rigidite_tige,rigidite_tige:stem
PLAZA:AUR62015234,,plaza_only,rigidite_tige,rigidite_tige:stem
PLAZA:AUR62015246,,plaza_only,lignification,lignification:cell wall
PLAZA:AUR62015257,,plaza_only,rigidite_tige,rigidite_tige:stem
PLAZA:AUR62015270,,plaza_only,rigidite_tige,rigidite_tige:stem
PLAZA:AUR62015272,,plaza_only,rigidite_tige,rigidite_tige:stem
PLAZA:AUR62015312,,plaza_only,lignification,lignification:cell wall
PLAZA:AUR62015337,,plaza_only,rigidite_tige,rigidite_tige:stem
PLAZA:AUR62015408,,plaza_only,rigidite_tige,rigidite_tige:stem
PLAZA:AUR62015417,,plaza_only,rigidite_tige,rigidite_tige:stem
PLAZA:AUR62015425,,plaza_only,lignification,lignification:peroxidase
PLAZA:AUR62015435,,plaza_only,rigidite_tige,rigidite_tige:stem
PLAZA:AUR62015436,,plaza_only,rigidite_tige,rigidite_tige:stem
PLAZA:AUR62015437,,plaza_only,rigidite_tige,rigidite_tige:stem
PLAZA:AUR62015448,,plaza_only,lignification,lignification:cell wall
PLAZA:AUR62015457,,plaza_only,rigidite_tige,rigidite_tige:stem
PLAZA:AUR62015492,,plaza_only,rigidite_tige,rigidite_tige:stem
PLAZA:AUR62015500,,plaza_only,rigidite_tige,rigidite_tige:stem
PLAZA:AUR62015501,,plaza_only,rigidite_tige,rigidite_tige:stem
PLAZA:AUR62015503,,plaza_only,rigidite_tige,rigidite_tige:stem
PLAZA:AUR62015521,,plaza_only,lignification,lignification:cell wall
PLAZA:AUR62015526,,plaza_only,lignification,lignification:cell wall
PLAZA:AUR62015562,,plaza_only,rigidite_tige,rigidite_tige:stem
PLAZA:AUR62015598,,plaza_only,rigidite_tige,rigidite_tige:stem
PLAZA:AUR62015602,,plaza_only,rigidite_tige,rigidite_tige:stem
PLAZA:AUR62015654,,plaza_only,rigidite_tige,rigidite_tige:stem
PLAZA:AUR62015667,,plaza_only,lignification,lignification:cell wall
PLAZA:AUR62015669,,plaza_only,lignification,lignification:cell wall
PLAZA:AUR62015702,,plaza_only,rigidite_tige,rigidite_tige:stem
PLAZA:AUR62015764,,plaza_only,rigidite_tige,rigidite_tige:stem
PLAZA:AUR62015786,,plaza_only,lignification,lignification:cell wall
PLAZA:AUR62015788,,plaza_only,rigidite_tige,rigidite_tige:stem
PLAZA:AUR62015861,,plaza_only,rigidite_tige,rigidite_tige:stem
PLAZA:AUR62015862,,plaza_only,rigidite_tige,rigidite_tige:stem
PLAZA:AUR62015875,,plaza_only,rigidite_tige,rigidite_tige:stem
PLAZA:AUR62015879,,plaza_only,rigidite_tige,rigidite_tige:stem
PLAZA:AUR62015920,,plaza_only,rigidite_tige,rigidite_tige:stem
PLAZA:AUR62015948,,plaza_only,rigidite_tige,rigidite_tige:stem
PLAZA:AUR62015953,,plaza_only,lignification,lignification:cell wall
PLAZA:AUR62015963,,plaza_only,rigidite_tige,rigidite_tige:stem
PLAZA:AUR62015964,,plaza_only,lignification,lignification:cell wall
PLAZA:AUR62015980,,plaza_only,rigidite_tige,rigidite_tige:stem
PLAZA:AUR62015998,,plaza_only,lignification,lignification:cell wall;lignification:lignin
PLAZA:AUR62016011,,plaza_only,rigidite_tige,rigidite_tige:stem
PLAZA:AUR62016025,,plaza_only,rigidite_tige,rigidite_tige:stem
PLAZA:AUR62016029,,plaza_only,rigidite_tige,rigidite_tige:stem
PLAZA:AUR62016031,,plaza_only,rigidite_tige,rigidite_tige:stem
PLAZA:AUR62016064,,plaza_only,hormonal,hormonal:gibberellin
PLAZA:AUR62016077,,plaza_only,rigidite_tige,rigidite_tige:stem
PLAZA:AUR62016082,,plaza_only,lignification,lignification:cell wall
PLAZA:AUR62016083,,plaza_only,lignification,lignification:cell wall
PLAZA:AUR62016098,,plaza_only,lignification,lignification:cell wall
PLAZA:AUR62016122,,plaza_only,rigidite_tige,rigidite_tige:stem
PLAZA:AUR62016137,,plaza_only,lignification,lignification:cell wall
PLAZA:AUR62016154,,plaza_only,lignification,lignification:cell wall
PLAZA:AUR62016183,,plaza_only,rigidite_tige,rigidite_tige:stem
PLAZA:AUR62016197,,plaza_only,rigidite_tige,rigidite_tige:stem
PLAZA:AUR62016212,,plaza_only,lignification,lignification:cell wall
PLAZA:AUR62016241,,plaza_only,lignification,lignification:cell wall
PLAZA:AUR62016246,,plaza_only,rigidite_tige,rigidite_tige:stem
PLAZA:AUR62016269,,plaza_only,rigidite_tige,rigidite_tige:stem
PLAZA:AUR62016276,,plaza_only,rigidite_tige,rigidite_tige:stem
PLAZA:AUR62016282,,plaza_only,rigidite_tige,rigidite_tige:stem
PLAZA:AUR62016329,,plaza_only,rigidite_tige,rigidite_tige:stem
PLAZA:AUR62016352,,plaza_only,lignification,lignification:cell wall
PLAZA:AUR62016356,,plaza_only,rigidite_tige,rigidite_tige:stem
PLAZA:AUR62016425,,plaza_only,rigidite_tige,rigidite_tige:stem
PLAZA:AUR62016427,,plaza_only,rigidite_tige,rigidite_tige:stem
PLAZA:AUR62016444,,plaza_only,rigidite_tige,rigidite_tige:stem
PLAZA:AUR62016478,,plaza_only,rigidite_tige,rigidite_tige:stem
PLAZA:AUR62016482,,plaza_only,rigidite_tige,rigidite_tige:stem
PLAZA:AUR62016487,,plaza_only,rigidite_tige,rigidite_tige:stem
PLAZA:AUR62016504,,plaza_only,rigidite_tige,rigidite_tige:stem
PLAZA:AUR62016505,,plaza_only,rigidite_tige,rigidite_tige:stem
PLAZA:AUR62016511,,plaza_only,rigidite_tige,rigidite_tige:stem
PLAZA:AUR62016551,,plaza_only,rigidite_tige,rigidite_tige:stem
PLAZA:AUR62016599,,plaza_only,rigidite_tige,rigidite_tige:stem
PLAZA:AUR62016647,,plaza_only,lignification,lignification:cell wall
PLAZA:AUR62016652,,plaza_only,lignification,lignification:cell wall
PLAZA:AUR62016655,,plaza_only,lignification,lignification:cell wall
PLAZA:AUR62016674,,plaza_only,rigidite_tige,rigidite_tige:stem
PLAZA:AUR62016683,,plaza_only,rigidite_tige,rigidite_tige:stem
PLAZA:AUR62016684,,plaza_only,rigidite_tige,rigidite_tige:stem
PLAZA:AUR62016697,,plaza_only,rigidite_tige,rigidite_tige:stem
PLAZA:AUR62016700,,plaza_only,rigidite_tige,rigidite_tige:stem
PLAZA:AUR62016701,,plaza_only,rigidite_tige,rigidite_tige:stem
PLAZA:AUR62016703,,plaza_only,lignification,lignification:cell wall
PLAZA:AUR62016710,,plaza_only,rigidite_tige,rigidite_tige:stem
PLAZA:AUR62016712,,plaza_only,rigidite_tige,rigidite_tige:stem
PLAZA:AUR62016725,,plaza_only,rigidite_tige,rigidite_tige:stem
PLAZA:AUR62016745,,plaza_only,rigidite_tige,rigidite_tige:stem
PLAZA:AUR62016752,,plaza_only,lignification,lignification:cell wall
PLAZA:AUR62016759,,plaza_only,rigidite_tige,rigidite_tige:stem
PLAZA:AUR62016770,,plaza_only,rigidite_tige,rigidite_tige:stem
PLAZA:AUR62016773,,plaza_only,rigidite_tige,rigidite_tige:stem
PLAZA:AUR62016774,,plaza_only,rigidite_tige,rigidite_tige:stem
PLAZA:AUR62016776,,plaza_only,rigidite_tige,rigidite_tige:stem
PLAZA:AUR62016784,,plaza_only,rigidite_tige,rigidite_tige:stem
PLAZA:AUR62016839,,plaza_only,rigidite_tige,rigidite_tige:stem
PLAZA:AUR62016898,,plaza_only,rigidite_tige,rigidite_tige:stem
PLAZA:AUR62016905,,plaza_only,rigidite_tige,rigidite_tige:stem
PLAZA:AUR62016933,,plaza_only,rigidite_tige,rigidite_tige:stem
PLAZA:AUR62016939,,plaza_only,rigidite_tige,rigidite_tige:stem
PLAZA:AUR62016952,,plaza_only,lignification,lignification:cell wall
PLAZA:AUR62016990,,plaza_only,rigidite_tige,rigidite_tige:stem
PLAZA:AUR62017010,,plaza_only,rigidite_tige,rigidite_tige:stem
PLAZA:AUR62017016,,plaza_only,lignification,lignification:cell wall
PLAZA:AUR62017020,,plaza_only,lignification,lignification:cell wall
PLAZA:AUR62017042,,plaza_only,rigidite_tige,rigidite_tige:stem
PLAZA:AUR62017054,,plaza_only,rigidite_tige,rigidite_tige:stem
PLAZA:AUR62017068,,plaza_only,lignification,lignification:cell wall
PLAZA:AUR62017103,,plaza_only,lignification,lignification:cell wall
PLAZA:AUR62017116,,plaza_only,lignification,lignification:cell wall
PLAZA:AUR62017118,,plaza_only,rigidite_tige,rigidite_tige:stem
PLAZA:AUR62017128,,plaza_only,rigidite_tige,rigidite_tige:stem
PLAZA:AUR62017136,,plaza_only,lignification,lignification:cell wall
PLAZA:AUR62017138,,plaza_only,rigidite_tige,rigidite_tige:stem
PLAZA:AUR62017151,,plaza_only,rigidite_tige,rigidite_tige:stem
PLAZA:AUR62017164,,plaza_only,rigidite_tige,rigidite_tige:stem
PLAZA:AUR62017165,,plaza_only,rigidite_tige,rigidite_tige:stem
PLAZA:AUR62017171,,plaza_only,lignification,lignification:cell wall
PLAZA:AUR62017179,,plaza_only,rigidite_tige,rigidite_tige:stem
PLAZA:AUR62017187,,plaza_only,lignification,lignification:cell wall
PLAZA:AUR62017191,,plaza_only,rigidite_tige,rigidite_tige:stem
PLAZA:AUR62017212,,plaza_only,hormonal,hormonal:brassinosteroid
PLAZA:AUR62017225,,plaza_only,lignification,lignification:peroxidase
PLAZA:AUR62017227,,plaza_only,lignification,lignification:peroxidase
PLAZA:AUR62017228,,plaza_only,lignification,lignification:cell wall
PLAZA:AUR62017229,,plaza_only,lignification,lignification:cell wall
PLAZA:AUR62017272,,plaza_only,lignification,lignification:cell wall
PLAZA:AUR62017278,,plaza_only,rigidite_tige,rigidite_tige:stem
PLAZA:AUR62017293,,plaza_only,rigidite_tige,rigidite_tige:stem
PLAZA:AUR62017321,,plaza_only,rigidite_tige,rigidite_tige:stem
PLAZA:AUR62017326,,plaza_only,lignification,lignification:cell wall
PLAZA:AUR62017327,,plaza_only,lignification,lignification:cell wall
PLAZA:AUR62017328,,plaza_only,lignification,lignification:cell wall
PLAZA:AUR62017391,,plaza_only,rigidite_tige,rigidite_tige:stem
PLAZA:AUR62017402,,plaza_only,rigidite_tige,rigidite_tige:stem
PLAZA:AUR62017434,,plaza_only,rigidite_tige,rigidite_tige:stem
PLAZA:AUR62017460,,plaza_only,rigidite_tige,rigidite_tige:stem
PLAZA:AUR62017462,,plaza_only,rigidite_tige,rigidite_tige:stem
PLAZA:AUR62017477,,plaza_only,rigidite_tige,rigidite_tige:stem
PLAZA:AUR62017484,,plaza_only,rigidite_tige,rigidite_tige:stem
PLAZA:AUR62017485,,plaza_only,rigidite_tige,rigidite_tige:stem
PLAZA:AUR62017505,,plaza_only,rigidite_tige,rigidite_tige:stem
PLAZA:AUR62017509,,plaza_only,rigidite_tige,rigidite_tige:stem
PLAZA:AUR62017516,,plaza_only,rigidite_tige,rigidite_tige:stem
PLAZA:AUR62017532,,plaza_only,rigidite_tige,rigidite_tige:stem
PLAZA:AUR62017534,,plaza_only,rigidite_tige,rigidite_tige:stem
PLAZA:AUR62017536,,plaza_only,rigidite_tige,rigidite_tige:stem
PLAZA:AUR62017550,,plaza_only,rigidite_tige,rigidite_tige:stem
PLAZA:AUR62017551,,plaza_only,lignification,lignification:cell wall
PLAZA:AUR62017566,,plaza_only,rigidite_tige,rigidite_tige:stem
PLAZA:AUR62017583,,plaza_only,rigidite_tige,rigidite_tige:stem
PLAZA:AUR62017601,,plaza_only,lignification,lignification:cell wall
PLAZA:AUR62017603,,plaza_only,rigidite_tige,rigidite_tige:stem
PLAZA:AUR62017616,,plaza_only,rigidite_tige,rigidite_tige:stem
PLAZA:AUR62017635,,plaza_only,lignification,lignification:cell wall;lignification:lignin
PLAZA:AUR62017637,,plaza_only,rigidite_tige,rigidite_tige:stem
PLAZA:AUR62017669,,plaza_only,rigidite_tige,rigidite_tige:stem
PLAZA:AUR62017686,,plaza_only,lignification,lignification:cell wall
PLAZA:AUR62017696,,plaza_only,rigidite_tige,rigidite_tige:stem
PLAZA:AUR62017702,,plaza_only,lignification,lignification:cell wall
PLAZA:AUR62017719,,plaza_only,rigidite_tige,rigidite_tige:stem
PLAZA:AUR62017722,,plaza_only,rigidite_tige,rigidite_tige:stem
PLAZA:AUR62017760,,plaza_only,rigidite_tige,rigidite_tige:stem
PLAZA:AUR62017764,,plaza_only,rigidite_tige,rigidite_tige:stem
PLAZA:AUR62017765,,plaza_only,rigidite_tige,rigidite_tige:stem
PLAZA:AUR62017781,,plaza_only,rigidite_tige,rigidite_tige:stem
PLAZA:AUR62017810,,plaza_only,hormonal,hormonal:brassinosteroid
PLAZA:AUR62017820,,plaza_only,rigidite_tige,rigidite_tige:stem
PLAZA:AUR62017827,,plaza_only,rigidite_tige,rigidite_tige:stem
PLAZA:AUR62017837,,plaza_only,rigidite_tige,rigidite_tige:stem
PLAZA:AUR62017838,,plaza_only,rigidite_tige,rigidite_tige:stem
PLAZA:AUR62017839,,plaza_only,rigidite_tige,rigidite_tige:stem
PLAZA:AUR62017854,,plaza_only,rigidite_tige,rigidite_tige:stem
PLAZA:AUR62017872,,plaza_only,lignification,lignification:cell wall
PLAZA:AUR62017879,,plaza_only,rigidite_tige,rigidite_tige:stem
PLAZA:AUR62017880,,plaza_only,rigidite_tige,rigidite_tige:stem
PLAZA:AUR62017881,,plaza_only,rigidite_tige,rigidite_tige:stem
PLAZA:AUR62017891,,plaza_only,rigidite_tige,rigidite_tige:stem
PLAZA:AUR62017907,,plaza_only,rigidite_tige,rigidite_tige:stem
PLAZA:AUR62017911,,plaza_only,lignification,lignification:cell wall;lignification:cellulose synthase;lignification:secondary cell wall
PLAZA:AUR62017916,,plaza_only,lignification,lignification:cell wall
PLAZA:AUR62017917,,plaza_only,lignification,lignification:cell wall
PLAZA:AUR62017929,,plaza_only,rigidite_tige,rigidite_tige:stem
PLAZA:AUR62017933,,plaza_only,rigidite_tige,rigidite_tige:stem
PLAZA:AUR62017957,,plaza_only,hormonal,hormonal:brassinosteroid
PLAZA:AUR62017984,,plaza_only,rigidite_tige,rigidite_tige:stem
PLAZA:AUR62018019,,plaza_only,rigidite_tige,rigidite_tige:stem
PLAZA:AUR62018058,,plaza_only,rigidite_tige,rigidite_tige:stem
PLAZA:AUR62018067,,plaza_only,rigidite_tige,rigidite_tige:stem
PLAZA:AUR62018069,,plaza_only,rigidite_tige,rigidite_tige:stem
PLAZA:AUR62018110,,plaza_only,lignification,lignification:cell wall
PLAZA:AUR62018118,,plaza_only,rigidite_tige,rigidite_tige:stem
PLAZA:AUR62018140,,plaza_only,rigidite_tige,rigidite_tige:stem
PLAZA:AUR62018153,,plaza_only,rigidite_tige,rigidite_tige:stem
PLAZA:AUR62018162,,plaza_only,rigidite_tige,rigidite_tige:stem
PLAZA:AUR62018216,,plaza_only,lignification,lignification:cell wall
PLAZA:AUR62018226,,plaza_only,rigidite_tige,rigidite_tige:stem
PLAZA:AUR62018238,,plaza_only,lignification,lignification:cell wall
PLAZA:AUR62018252,,plaza_only,rigidite_tige,rigidite_tige:stem
PLAZA:AUR62018258,,plaza_only,rigidite_tige,rigidite_tige:stem
PLAZA:AUR62018266,,plaza_only,rigidite_tige,rigidite_tige:stem
PLAZA:AUR62018267,,plaza_only,rigidite_tige,rigidite_tige:stem
PLAZA:AUR62018268,,plaza_only,rigidite_tige,rigidite_tige:stem
PLAZA:AUR62018269,,plaza_only,rigidite_tige,rigidite_tige:stem
PLAZA:AUR62018270,,plaza_only,rigidite_tige,rigidite_tige:stem
PLAZA:AUR62018271,,plaza_only,rigidite_tige,rigidite_tige:stem
PLAZA:AUR62018280,,plaza_only,lignification,lignification:cell wall
PLAZA:AUR62018281,,plaza_only,lignification,lignification:cell wall
PLAZA:AUR62018282,,plaza_only,lignification,lignification:cell wall
PLAZA:AUR62018283,,plaza_only,lignification,lignification:cell wall
PLAZA:AUR62018284,,plaza_only,lignification,lignification:cell wall
PLAZA:AUR62018292,,plaza_only,rigidite_tige,rigidite_tige:stem
PLAZA:AUR62018293,,plaza_only,rigidite_tige,rigidite_tige:stem
PLAZA:AUR62018295,,plaza_only,rigidite_tige,rigidite_tige:stem
PLAZA:AUR62018306,,plaza_only,lignification,lignification:cell wall
PLAZA:AUR62018330,,plaza_only,rigidite_tige,rigidite_tige:stem
PLAZA:AUR62018345,,plaza_only,rigidite_tige,rigidite_tige:stem
PLAZA:AUR62018350,,plaza_only,rigidite_tige,rigidite_tige:stem
PLAZA:AUR62018356,,plaza_only,rigidite_tige,rigidite_tige:stem
PLAZA:AUR62018369,,plaza_only,rigidite_tige,rigidite_tige:stem
PLAZA:AUR62018393,,plaza_only,rigidite_tige,rigidite_tige:stem
PLAZA:AUR62018397,,plaza_only,lignification,lignification:cell wall;lignification:lignin
PLAZA:AUR62018413,,plaza_only,rigidite_tige,rigidite_tige:stem
PLAZA:AUR62018438,,plaza_only,lignification,lignification:cell wall
PLAZA:AUR62018439,,plaza_only,rigidite_tige,rigidite_tige:stem
PLAZA:AUR62018440,,plaza_only,rigidite_tige,rigidite_tige:stem
PLAZA:AUR62018450,,plaza_only,rigidite_tige,rigidite_tige:stem
PLAZA:AUR62018454,,plaza_only,lignification,lignification:cell wall
PLAZA:AUR62018463,,plaza_only,rigidite_tige,rigidite_tige:stem
PLAZA:AUR62018505,,plaza_only,rigidite_tige,rigidite_tige:stem
PLAZA:AUR62018517,,plaza_only,rigidite_tige,rigidite_tige:stem
PLAZA:AUR62018530,,plaza_only,rigidite_tige,rigidite_tige:stem
PLAZA:AUR62018534,,plaza_only,rigidite_tige,rigidite_tige:stem
PLAZA:AUR62018553,,plaza_only,rigidite_tige,rigidite_tige:stem
PLAZA:AUR62018561,,plaza_only,rigidite_tige,rigidite_tige:stem
PLAZA:AUR62018567,,plaza_only,rigidite_tige,rigidite_tige:stem
PLAZA:AUR62018574,,plaza_only,lignification,lignification:cell wall
PLAZA:AUR62018591,,plaza_only,rigidite_tige,rigidite_tige:stem
PLAZA:AUR62018602,,plaza_only,lignification,lignification:cell wall
PLAZA:AUR62018603,,plaza_only,lignification,lignification:cell wall
PLAZA:AUR62018604,,plaza_only,lignification,lignification:cell wall
PLAZA:AUR62018625,,plaza_only,rigidite_tige,rigidite_tige:stem
PLAZA:AUR62018634,,plaza_only,lignification,lignification:cell wall
PLAZA:AUR62018638,,plaza_only,rigidite_tige,rigidite_tige:stem
PLAZA:AUR62018647,,plaza_only,rigidite_tige,rigidite_tige:stem
PLAZA:AUR62018648,,plaza_only,rigidite_tige,rigidite_tige:stem
PLAZA:AUR62018649,,plaza_only,rigidite_tige,rigidite_tige:stem
PLAZA:AUR62018689,,plaza_only,rigidite_tige,rigidite_tige:stem
PLAZA:AUR62018702,,plaza_only,rigidite_tige,rigidite_tige:stem
PLAZA:AUR62018750,,plaza_only,rigidite_tige,rigidite_tige:stem
PLAZA:AUR62018751,,plaza_only,rigidite_tige,rigidite_tige:stem
PLAZA:AUR62018759,,plaza_only,rigidite_tige,rigidite_tige:stem
PLAZA:AUR62018762,,plaza_only,rigidite_tige,rigidite_tige:stem
PLAZA:AUR62018797,,plaza_only,rigidite_tige,rigidite_tige:stem
PLAZA:AUR62018800,,plaza_only,rigidite_tige,rigidite_tige:stem
PLAZA:AUR62018815,,plaza_only,rigidite_tige,rigidite_tige:stem
PLAZA:AUR62018834,,plaza_only,rigidite_tige,rigidite_tige:stem
PLAZA:AUR62018835,,plaza_only,rigidite_tige,rigidite_tige:stem
PLAZA:AUR62018842,,plaza_only,rigidite_tige,rigidite_tige:stem
PLAZA:AUR62018845,,plaza_only,lignification,lignification:cell wall
PLAZA:AUR62018846,,plaza_only,lignification,lignification:cell wall
PLAZA:AUR62018849,,plaza_only,lignification,lignification:cell wall
PLAZA:AUR62018850,,plaza_only,lignification,lignification:cell wall
PLAZA:AUR62018855,,plaza_only,rigidite_tige,rigidite_tige:stem
PLAZA:AUR62018857,,plaza_only,rigidite_tige,rigidite_tige:stem
PLAZA:AUR62018878,,plaza_only,rigidite_tige,rigidite_tige:stem
PLAZA:AUR62018950,,plaza_only,rigidite_tige,rigidite_tige:stem
PLAZA:AUR62018967,,plaza_only,lignification,lignification:peroxidase
PLAZA:AUR62018970,,plaza_only,rigidite_tige,rigidite_tige:stem
PLAZA:AUR62018981,,plaza_only,rigidite_tige,rigidite_tige:stem
PLAZA:AUR62018985,,plaza_only,rigidite_tige,rigidite_tige:stem
PLAZA:AUR62018986,,plaza_only,rigidite_tige,rigidite_tige:stem
PLAZA:AUR62018987,,plaza_only,rigidite_tige,rigidite_tige:stem
PLAZA:AUR62018988,,plaza_only,rigidite_tige,rigidite_tige:stem
PLAZA:AUR62018996,,plaza_only,rigidite_tige,rigidite_tige:stem
PLAZA:AUR62019009,,plaza_only,rigidite_tige,rigidite_tige:stem
PLAZA:AUR62019026,,plaza_only,rigidite_tige,rigidite_tige:stem
PLAZA:AUR62019038,,plaza_only,rigidite_tige,rigidite_tige:stem
PLAZA:AUR62019044,,plaza_only,rigidite_tige,rigidite_tige:stem
PLAZA:AUR62019053,,plaza_only,lignification,lignification:cell wall;lignification:cellulose synthase
PLAZA:AUR62019071,,plaza_only,rigidite_tige,rigidite_tige:stem
PLAZA:AUR62019073,,plaza_only,rigidite_tige,rigidite_tige:stem
PLAZA:AUR62019079,,plaza_only,rigidite_tige,rigidite_tige:stem
PLAZA:AUR62019083,,plaza_only,rigidite_tige,rigidite_tige:stem
PLAZA:AUR62019094,,plaza_only,rigidite_tige,rigidite_tige:stem
PLAZA:AUR62019095,,plaza_only,rigidite_tige,rigidite_tige:stem
PLAZA:AUR62019112,,plaza_only,rigidite_tige,rigidite_tige:stem
PLAZA:AUR62019122,,plaza_only,rigidite_tige,rigidite_tige:stem
PLAZA:AUR62019193,,plaza_only,lignification,lignification:cell wall
PLAZA:AUR62019198,,plaza_only,lignification,lignification:cell wall
PLAZA:AUR62019207,,plaza_only,rigidite_tige,rigidite_tige:stem
PLAZA:AUR62019214,,plaza_only,lignification,lignification:cell wall
PLAZA:AUR62019215,,plaza_only,lignification,lignification:cell wall
PLAZA:AUR62019263,,plaza_only,rigidite_tige,rigidite_tige:stem
PLAZA:AUR62019301,,plaza_only,rigidite_tige,rigidite_tige:stem
PLAZA:AUR62019312,,plaza_only,rigidite_tige,rigidite_tige:stem
PLAZA:AUR62019328,,plaza_only,lignification,lignification:cell wall
PLAZA:AUR62019384,,plaza_only,rigidite_tige,rigidite_tige:stem
PLAZA:AUR62019390,,plaza_only,lignification,lignification:cell wall
PLAZA:AUR62019391,,plaza_only,lignification,lignification:cell wall
PLAZA:AUR62019396,,plaza_only,lignification,lignification:cell wall
PLAZA:AUR62019398,,plaza_only,rigidite_tige,rigidite_tige:stem
PLAZA:AUR62019402,,plaza_only,rigidite_tige,rigidite_tige:stem
PLAZA:AUR62019422,,plaza_only,lignification,lignification:cell wall
PLAZA:AUR62019429,,plaza_only,rigidite_tige,rigidite_tige:stem
PLAZA:AUR62019450,,plaza_only,rigidite_tige,rigidite_tige:stem
PLAZA:AUR62019478,,plaza_only,rigidite_tige,rigidite_tige:stem
PLAZA:AUR62019482,,plaza_only,rigidite_tige,rigidite_tige:stem
PLAZA:AUR62019494,,plaza_only,rigidite_tige,rigidite_tige:stem
PLAZA:AUR62019498,,plaza_only,lignification,lignification:cell wall
PLAZA:AUR62019508,,plaza_only,rigidite_tige,rigidite_tige:stem
PLAZA:AUR62019520,,plaza_only,rigidite_tige,rigidite_tige:stem
PLAZA:AUR62019521,,plaza_only,hormonal,hormonal:brassinosteroid
PLAZA:AUR62019522,,plaza_only,lignification,lignification:cell wall
PLAZA:AUR62019537,,plaza_only,lignification,lignification:cell wall
PLAZA:AUR62019604,,plaza_only,rigidite_tige,rigidite_tige:stem
PLAZA:AUR62019613,,plaza_only,hormonal,hormonal:brassinosteroid
PLAZA:AUR62019710,,plaza_only,lignification,lignification:cell wall
PLAZA:AUR62019718,,plaza_only,rigidite_tige,rigidite_tige:verse
PLAZA:AUR62019720,,plaza_only,rigidite_tige,rigidite_tige:stem
PLAZA:AUR62019743,,plaza_only,rigidite_tige,rigidite_tige:stem
PLAZA:AUR62019759,,plaza_only,rigidite_tige,rigidite_tige:stem
PLAZA:AUR62019783,,plaza_only,rigidite_tige,rigidite_tige:stem
PLAZA:AUR62019786,,plaza_only,rigidite_tige,rigidite_tige:stem
PLAZA:AUR62019793,,plaza_only,lignification,lignification:cell wall;lignification:laccase;lignification:lignin
PLAZA:AUR62019794,,plaza_only,lignification,lignification:cell wall
PLAZA:AUR62019797,,plaza_only,rigidite_tige,rigidite_tige:stem
PLAZA:AUR62019802,,plaza_only,rigidite_tige,rigidite_tige:stem
PLAZA:AUR62019812,,plaza_only,lignification,lignification:cell wall
PLAZA:AUR62019831,,plaza_only,lignification,lignification:cell wall
PLAZA:AUR62019837,,plaza_only,rigidite_tige,rigidite_tige:stem
PLAZA:AUR62019852,,plaza_only,rigidite_tige,rigidite_tige:stem
PLAZA:AUR62019857,,plaza_only,rigidite_tige,rigidite_tige:stem
PLAZA:AUR62019872,,plaza_only,rigidite_tige,rigidite_tige:stem
PLAZA:AUR62019874,,plaza_only,rigidite_tige,rigidite_tige:stem
PLAZA:AUR62019876,,plaza_only,rigidite_tige,rigidite_tige:stem
PLAZA:AUR62019883,,plaza_only,lignification,lignification:cell wall;lignification:cellulose synthase
PLAZA:AUR62019899,,plaza_only,rigidite_tige,rigidite_tige:stem
PLAZA:AUR62019924,,plaza_only,lignification,lignification:cell wall
PLAZA:AUR62019931,,plaza_only,lignification,lignification:cell wall
PLAZA:AUR62019940,,plaza_only,rigidite_tige,rigidite_tige:stem
PLAZA:AUR62019944,,plaza_only,lignification,lignification:cell wall
PLAZA:AUR62019947,,plaza_only,rigidite_tige,rigidite_tige:stem
PLAZA:AUR62019971,,plaza_only,rigidite_tige,rigidite_tige:stem
PLAZA:AUR62019996,,plaza_only,rigidite_tige,rigidite_tige:stem
PLAZA:AUR62020012,,plaza_only,rigidite_tige,rigidite_tige:stem
PLAZA:AUR62020017,,plaza_only,lignification,lignification:cell wall;lignification:laccase;lignification:lignin
PLAZA:AUR62020025,,plaza_only,rigidite_tige,rigidite_tige:stem
PLAZA:AUR62020055,,plaza_only,rigidite_tige,rigidite_tige:stem
PLAZA:AUR62020056,,plaza_only,hormonal,hormonal:brassinosteroid
PLAZA:AUR62020104,,plaza_only,lignification,lignification:cell wall
PLAZA:AUR62020122,,plaza_only,rigidite_tige,rigidite_tige:stem
PLAZA:AUR62020138,,plaza_only,rigidite_tige,rigidite_tige:stem
PLAZA:AUR62020140,,plaza_only,rigidite_tige,rigidite_tige:stem
PLAZA:AUR62020141,,plaza_only,rigidite_tige,rigidite_tige:stem
PLAZA:AUR62020142,,plaza_only,rigidite_tige,rigidite_tige:stem
PLAZA:AUR62020149,,plaza_only,rigidite_tige,rigidite_tige:stem
PLAZA:AUR62020180,,plaza_only,rigidite_tige,rigidite_tige:stem
PLAZA:AUR62020183,,plaza_only,lignification,lignification:cell wall
PLAZA:AUR62020196,,plaza_only,rigidite_tige,rigidite_tige:stem
PLAZA:AUR62020201,,plaza_only,rigidite_tige,rigidite_tige:stem
PLAZA:AUR62020204,,plaza_only,lignification,lignification:cell wall
PLAZA:AUR62020207,,plaza_only,rigidite_tige,rigidite_tige:stem
PLAZA:AUR62020212,,plaza_only,rigidite_tige,rigidite_tige:stem
PLAZA:AUR62020215,,plaza_only,rigidite_tige,rigidite_tige:stem
PLAZA:AUR62020222,,plaza_only,hormonal,hormonal:brassinosteroid
PLAZA:AUR62020225,,plaza_only,rigidite_tige,rigidite_tige:stem
PLAZA:AUR62020226,,plaza_only,rigidite_tige,rigidite_tige:stem
PLAZA:AUR62020249,,plaza_only,rigidite_tige,rigidite_tige:stem
PLAZA:AUR62020254,,plaza_only,rigidite_tige,rigidite_tige:stem
PLAZA:AUR62020290,,plaza_only,rigidite_tige,rigidite_tige:stem
PLAZA:AUR62020297,,plaza_only,rigidite_tige,rigidite_tige:stem
PLAZA:AUR62020348,,plaza_only,rigidite_tige,rigidite_tige:stem
PLAZA:AUR62020361,,plaza_only,rigidite_tige,rigidite_tige:stem
PLAZA:AUR62020362,,plaza_only,rigidite_tige,rigidite_tige:stem
PLAZA:AUR62020363,,plaza_only,rigidite_tige,rigidite_tige:stem
PLAZA:AUR62020428,,plaza_only,rigidite_tige,rigidite_tige:stem
PLAZA:AUR62020429,,plaza_only,lignification,lignification:cell wall
PLAZA:AUR62020447,,plaza_only,rigidite_tige,rigidite_tige:stem
PLAZA:AUR62020502,,plaza_only,rigidite_tige,rigidite_tige:stem
PLAZA:AUR62020534,,plaza_only,lignification,lignification:cell wall
PLAZA:AUR62020536,,plaza_only,lignification,lignification:cell wall
PLAZA:AUR62020548,,plaza_only,rigidite_tige,rigidite_tige:stem
PLAZA:AUR62020581,,plaza_only,rigidite_tige,rigidite_tige:stem
PLAZA:AUR62020599,,plaza_only,rigidite_tige,rigidite_tige:stem
PLAZA:AUR62020608,,plaza_only,rigidite_tige,rigidite_tige:stem
PLAZA:AUR62020621,,plaza_only,lignification,lignification:cell wall
PLAZA:AUR62020629,,plaza_only,lignification,lignification:cell wall
PLAZA:AUR62020635,,plaza_only,rigidite_tige,rigidite_tige:stem
PLAZA:AUR62020647,,plaza_only,rigidite_tige,rigidite_tige:stem
PLAZA:AUR62020719,,plaza_only,lignification,lignification:cell wall;lignification:cellulose synthase
PLAZA:AUR62020729,,plaza_only,rigidite_tige,rigidite_tige:stem
PLAZA:AUR62020740,,plaza_only,rigidite_tige,rigidite_tige:stem
PLAZA:AUR62020751,,plaza_only,rigidite_tige,rigidite_tige:stem
PLAZA:AUR62020764,,plaza_only,rigidite_tige,rigidite_tige:stem
PLAZA:AUR62020777,,plaza_only,rigidite_tige,rigidite_tige:stem
PLAZA:AUR62020788,,plaza_only,rigidite_tige,rigidite_tige:stem
PLAZA:AUR62020809,,plaza_only,rigidite_tige,rigidite_tige:stem
PLAZA:AUR62020813,,plaza_only,rigidite_tige,rigidite_tige:stem
PLAZA:AUR62020827,,plaza_only,rigidite_tige,rigidite_tige:stem
PLAZA:AUR62020851,,plaza_only,rigidite_tige,rigidite_tige:stem
PLAZA:AUR62020858,,plaza_only,rigidite_tige,rigidite_tige:stem
PLAZA:AUR62020866,,plaza_only,rigidite_tige,rigidite_tige:stem
PLAZA:AUR62020883,,plaza_only,rigidite_tige,rigidite_tige:stem
PLAZA:AUR62020888,,plaza_only,rigidite_tige,rigidite_tige:stem
PLAZA:AUR62020902,,plaza_only,rigidite_tige,rigidite_tige:stem
PLAZA:AUR62020914,,plaza_only,rigidite_tige,rigidite_tige:stem
PLAZA:AUR62020938,,plaza_only,rigidite_tige,rigidite_tige:stem
PLAZA:AUR62020964,,plaza_only,lignification,lignification:cell wall
PLAZA:AUR62020974,,plaza_only,rigidite_tige,rigidite_tige:stem
PLAZA:AUR62020984,,plaza_only,rigidite_tige,rigidite_tige:stem
PLAZA:AUR62020994,,plaza_only,rigidite_tige,rigidite_tige:stem
PLAZA:AUR62020995,,plaza_only,lignification,lignification:cell wall
PLAZA:AUR62021030,,plaza_only,rigidite_tige,rigidite_tige:stem
PLAZA:AUR62021047,,plaza_only,lignification,lignification:cell wall;lignification:lignin
PLAZA:AUR62021050,,plaza_only,rigidite_tige,rigidite_tige:stem
PLAZA:AUR62021056,,plaza_only,lignification,lignification:cell wall
PLAZA:AUR62021081,,plaza_only,rigidite_tige,rigidite_tige:stem
PLAZA:AUR62021095,,plaza_only,rigidite_tige,rigidite_tige:stem
PLAZA:AUR62021103,,plaza_only,rigidite_tige,rigidite_tige:stem
PLAZA:AUR62021108,,plaza_only,rigidite_tige,rigidite_tige:stem
PLAZA:AUR62021112,,plaza_only,rigidite_tige,rigidite_tige:stem
PLAZA:AUR62021113,,plaza_only,rigidite_tige,rigidite_tige:stem
PLAZA:AUR62021118,,plaza_only,rigidite_tige,rigidite_tige:stem
PLAZA:AUR62021120,,plaza_only,rigidite_tige,rigidite_tige:stem
PLAZA:AUR62021145,,plaza_only,lignification,lignification:cell wall
PLAZA:AUR62021148,,plaza_only,rigidite_tige,rigidite_tige:stem
PLAZA:AUR62021152,,plaza_only,rigidite_tige,rigidite_tige:stem
PLAZA:AUR62021153,,plaza_only,rigidite_tige,rigidite_tige:stem
PLAZA:AUR62021154,,plaza_only,rigidite_tige,rigidite_tige:stem
PLAZA:AUR62021160,,plaza_only,lignification,lignification:cell wall
PLAZA:AUR62021169,,plaza_only,rigidite_tige,rigidite_tige:stem
PLAZA:AUR62021170,,plaza_only,lignification,lignification:cell wall
PLAZA:AUR62021188,,plaza_only,rigidite_tige,rigidite_tige:stem
PLAZA:AUR62021205,,plaza_only,lignification,lignification:cell wall;lignification:lignin
PLAZA:AUR62021218,,plaza_only,rigidite_tige,rigidite_tige:stem
PLAZA:AUR62021229,,plaza_only,rigidite_tige,rigidite_tige:stem
PLAZA:AUR62021230,,plaza_only,rigidite_tige,rigidite_tige:stem
PLAZA:AUR62021234,,plaza_only,rigidite_tige,rigidite_tige:stem
PLAZA:AUR62021236,,plaza_only,rigidite_tige,rigidite_tige:stem
PLAZA:AUR62021271,,plaza_only,hormonal,hormonal:gibberellin
PLAZA:AUR62021286,,plaza_only,rigidite_tige,rigidite_tige:stem
PLAZA:AUR62021291,,plaza_only,lignification,lignification:cell wall
PLAZA:AUR62021292,,plaza_only,lignification,lignification:cell wall
PLAZA:AUR62021298,,plaza_only,lignification,lignification:cell wall;lignification:lignin
PLAZA:AUR62021309,,plaza_only,rigidite_tige,rigidite_tige:stem
PLAZA:AUR62021316,,plaza_only,rigidite_tige,rigidite_tige:stem
PLAZA:AUR62021327,,plaza_only,rigidite_tige,rigidite_tige:stem
PLAZA:AUR62021331,,plaza_only,rigidite_tige,rigidite_tige:stem
PLAZA:AUR62021347,,plaza_only,rigidite_tige,rigidite_tige:stem
PLAZA:AUR62021379,,plaza_only,rigidite_tige,rigidite_tige:stem
PLAZA:AUR62021394,,plaza_only,lignification,lignification:cell wall
PLAZA:AUR62021402,,plaza_only,rigidite_tige,rigidite_tige:stem
PLAZA:AUR62021445,,plaza_only,rigidite_tige,rigidite_tige:stem
PLAZA:AUR62021458,,plaza_only,rigidite_tige,rigidite_tige:stem
PLAZA:AUR62021460,,plaza_only,rigidite_tige,rigidite_tige:stem
PLAZA:AUR62021471,,plaza_only,lignification,lignification:cell wall
PLAZA:AUR62021476,,plaza_only,rigidite_tige,rigidite_tige:stem
PLAZA:AUR62021486,,plaza_only,rigidite_tige,rigidite_tige:stem
PLAZA:AUR62021490,,plaza_only,rigidite_tige,rigidite_tige:stem
PLAZA:AUR62021502,,plaza_only,rigidite_tige,rigidite_tige:stem
PLAZA:AUR62021524,,plaza_only,lignification,lignification:cell wall
PLAZA:AUR62021546,,plaza_only,rigidite_tige,rigidite_tige:stem
PLAZA:AUR62021584,,plaza_only,lignification,lignification:cell wall
PLAZA:AUR62021586,,plaza_only,lignification,lignification:cell wall
PLAZA:AUR62021589,,plaza_only,rigidite_tige,rigidite_tige:stem
PLAZA:AUR62021597,,plaza_only,rigidite_tige,rigidite_tige:stem
PLAZA:AUR62021602,,plaza_only,rigidite_tige,rigidite_tige:stem
PLAZA:AUR62021628,,plaza_only,lignification,lignification:cell wall
PLAZA:AUR62021629,,plaza_only,lignification,lignification:cell wall
PLAZA:AUR62021636,,plaza_only,rigidite_tige,rigidite_tige:stem
PLAZA:AUR62021647,,plaza_only,rigidite_tige,rigidite_tige:stem
PLAZA:AUR62021662,,plaza_only,lignification,lignification:cell wall
PLAZA:AUR62021663,,plaza_only,rigidite_tige,rigidite_tige:stem
PLAZA:AUR62021666,,plaza_only,rigidite_tige,rigidite_tige:stem
PLAZA:AUR62021668,,plaza_only,rigidite_tige,rigidite_tige:stem
PLAZA:AUR62021673,,plaza_only,rigidite_tige,rigidite_tige:stem
PLAZA:AUR62021676,,plaza_only,rigidite_tige,rigidite_tige:stem
PLAZA:AUR62021734,,plaza_only,lignification,lignification:cell wall
PLAZA:AUR62021741,,plaza_only,rigidite_tige,rigidite_tige:stem
PLAZA:AUR62021751,,plaza_only,rigidite_tige,rigidite_tige:stem
PLAZA:AUR62021752,,plaza_only,rigidite_tige,rigidite_tige:stem
PLAZA:AUR62021772,,plaza_only,lignification,lignification:cell wall
PLAZA:AUR62021812,,plaza_only,rigidite_tige,rigidite_tige:stem
PLAZA:AUR62021817,,plaza_only,rigidite_tige,rigidite_tige:stem
PLAZA:AUR62021818,,plaza_only,rigidite_tige,rigidite_tige:stem
PLAZA:AUR62021842,,plaza_only,rigidite_tige,rigidite_tige:stem
PLAZA:AUR62021851,,plaza_only,rigidite_tige,rigidite_tige:stem
PLAZA:AUR62021852,,plaza_only,rigidite_tige,rigidite_tige:stem
PLAZA:AUR62021853,,plaza_only,rigidite_tige,rigidite_tige:stem
PLAZA:AUR62021854,,plaza_only,rigidite_tige,rigidite_tige:stem
PLAZA:AUR62021858,,plaza_only,rigidite_tige,rigidite_tige:stem
PLAZA:AUR62021867,,plaza_only,lignification,lignification:cell wall
PLAZA:AUR62021890,,plaza_only,rigidite_tige,rigidite_tige:stem
PLAZA:AUR62021896,,plaza_only,lignification,lignification:cell wall
PLAZA:AUR62021900,,plaza_only,rigidite_tige,rigidite_tige:stem
PLAZA:AUR62021934,,plaza_only,lignification,lignification:cell wall
PLAZA:AUR62021940,,plaza_only,rigidite_tige,rigidite_tige:stem
PLAZA:AUR62021941,,plaza_only,lignification,lignification:cell wall
PLAZA:AUR62021955,,plaza_only,rigidite_tige,rigidite_tige:stem
PLAZA:AUR62021966,,plaza_only,rigidite_tige,rigidite_tige:stem
PLAZA:AUR62021968,,plaza_only,rigidite_tige,rigidite_tige:stem
PLAZA:AUR62021970,,plaza_only,rigidite_tige,rigidite_tige:stem
PLAZA:AUR62021975,,plaza_only,rigidite_tige,rigidite_tige:stem
PLAZA:AUR62021986,,plaza_only,lignification,lignification:cell wall;lignification:lignin
PLAZA:AUR62021996,,plaza_only,rigidite_tige,rigidite_tige:stem
PLAZA:AUR62022013,,plaza_only,rigidite_tige,rigidite_tige:stem
PLAZA:AUR62022040,,plaza_only,rigidite_tige,rigidite_tige:stem
PLAZA:AUR62022080,,plaza_only,rigidite_tige,rigidite_tige:stem
PLAZA:AUR62022098,,plaza_only,rigidite_tige,rigidite_tige:stem
PLAZA:AUR62022110,,plaza_only,rigidite_tige,rigidite_tige:stem
PLAZA:AUR62022122,,plaza_only,rigidite_tige,rigidite_tige:stem
PLAZA:AUR62022128,,plaza_only,rigidite_tige,rigidite_tige:stem
PLAZA:AUR62022130,,plaza_only,rigidite_tige,rigidite_tige:stem
PLAZA:AUR62022137,,plaza_only,rigidite_tige,rigidite_tige:stem
PLAZA:AUR62022149,,plaza_only,rigidite_tige,rigidite_tige:stem
PLAZA:AUR62022150,,plaza_only,rigidite_tige,rigidite_tige:stem
PLAZA:AUR62022157,,plaza_only,lignification,lignification:cell wall
PLAZA:AUR62022174,,plaza_only,rigidite_tige,rigidite_tige:stem
PLAZA:AUR62022175,,plaza_only,rigidite_tige,rigidite_tige:stem
PLAZA:AUR62022180,,plaza_only,rigidite_tige,rigidite_tige:stem
PLAZA:AUR62022206,,plaza_only,rigidite_tige,rigidite_tige:stem
PLAZA:AUR62022273,,plaza_only,rigidite_tige,rigidite_tige:stem
PLAZA:AUR62022352,,plaza_only,rigidite_tige,rigidite_tige:stem
PLAZA:AUR62022355,,plaza_only,rigidite_tige,rigidite_tige:stem
PLAZA:AUR62022402,,plaza_only,rigidite_tige,rigidite_tige:stem
PLAZA:AUR62022411,,plaza_only,lignification,lignification:cell wall
PLAZA:AUR62022416,,plaza_only,rigidite_tige,rigidite_tige:stem
PLAZA:AUR62022419,,plaza_only,hormonal,hormonal:brassinosteroid
PLAZA:AUR62022433,,plaza_only,rigidite_tige,rigidite_tige:stem
PLAZA:AUR62022488,,plaza_only,lignification,lignification:cell wall;lignification:cellulose synthase
PLAZA:AUR62022492,,plaza_only,lignification,lignification:cell wall
PLAZA:AUR62022493,,plaza_only,lignification,lignification:cell wall
PLAZA:AUR62022495,,plaza_only,lignification,lignification:cell wall
PLAZA:AUR62022501,,plaza_only,rigidite_tige,rigidite_tige:stem
PLAZA:AUR62022505,,plaza_only,rigidite_tige,rigidite_tige:stem
PLAZA:AUR62022533,,plaza_only,lignification,lignification:cell wall
PLAZA:AUR62022547,,plaza_only,hormonal,hormonal:brassinosteroid
PLAZA:AUR62022553,,plaza_only,rigidite_tige,rigidite_tige:stem
PLAZA:AUR62022562,,plaza_only,rigidite_tige,rigidite_tige:stem
PLAZA:AUR62022573,,plaza_only,rigidite_tige,rigidite_tige:stem
PLAZA:AUR62022574,,plaza_only,rigidite_tige,rigidite_tige:stem
PLAZA:AUR62022575,,plaza_only,rigidite_tige,rigidite_tige:stem
PLAZA:AUR62022577,,plaza_only,lignification,lignification:cell wall
PLAZA:AUR62022579,,plaza_only,lignification,lignification:cell wall
PLAZA:AUR62022586,,plaza_only,rigidite_tige,rigidite_tige:stem
PLAZA:AUR62022596,,plaza_only,rigidite_tige,rigidite_tige:stem
PLAZA:AUR62022610,,plaza_only,rigidite_tige,rigidite_tige:stem
PLAZA:AUR62022632,,plaza_only,lignification,lignification:cell wall
PLAZA:AUR62022639,,plaza_only,rigidite_tige,rigidite_tige:stem
PLAZA:AUR62022640,,plaza_only,rigidite_tige,rigidite_tige:stem
PLAZA:AUR62022644,,plaza_only,rigidite_tige,rigidite_tige:stem
PLAZA:AUR62022658,,plaza_only,rigidite_tige,rigidite_tige:stem
PLAZA:AUR62022664,,plaza_only,rigidite_tige,rigidite_tige:stem
PLAZA:AUR62022677,,plaza_only,rigidite_tige,rigidite_tige:stem
PLAZA:AUR62022683,,plaza_only,rigidite_tige,rigidite_tige:stem
PLAZA:AUR62022718,,plaza_only,lignification,lignification:cell wall
PLAZA:AUR62022738,,plaza_only,rigidite_tige,rigidite_tige:stem
PLAZA:AUR62022749,,plaza_only,rigidite_tige,rigidite_tige:stem
PLAZA:AUR62022750,,plaza_only,lignification,lignification:cell wall
PLAZA:AUR62022754,,plaza_only,rigidite_tige,rigidite_tige:stem
PLAZA:AUR62022755,,plaza_only,rigidite_tige,rigidite_tige:stem
PLAZA:AUR62022767,,plaza_only,rigidite_tige,rigidite_tige:stem
PLAZA:AUR62022776,,plaza_only,rigidite_tige,rigidite_tige:stem
PLAZA:AUR62022778,,plaza_only,rigidite_tige,rigidite_tige:stem
PLAZA:AUR62022780,,plaza_only,rigidite_tige,rigidite_tige:stem
PLAZA:AUR62022790,,plaza_only,rigidite_tige,rigidite_tige:stem
PLAZA:AUR62022798,,plaza_only,rigidite_tige,rigidite_tige:stem
PLAZA:AUR62022802,,plaza_only,rigidite_tige,rigidite_tige:stem
PLAZA:AUR62022812,,plaza_only,rigidite_tige,rigidite_tige:stem
PLAZA:AUR62022844,,plaza_only,hormonal,hormonal:brassinosteroid
PLAZA:AUR62022845,,plaza_only,rigidite_tige,rigidite_tige:stem
PLAZA:AUR62022867,,plaza_only,rigidite_tige,rigidite_tige:stem
PLAZA:AUR62022877,,plaza_only,rigidite_tige,rigidite_tige:stem
PLAZA:AUR62022878,,plaza_only,rigidite_tige,rigidite_tige:stem
PLAZA:AUR62022882,,plaza_only,rigidite_tige,rigidite_tige:stem
PLAZA:AUR62022884,,plaza_only,rigidite_tige,rigidite_tige:stem
PLAZA:AUR62022901,,plaza_only,lignification,lignification:cell wall
PLAZA:AUR62022923,,plaza_only,rigidite_tige,rigidite_tige:stem
PLAZA:AUR62022949,,plaza_only,lignification,lignification:cell wall
PLAZA:AUR62022981,,plaza_only,rigidite_tige,rigidite_tige:stem
PLAZA:AUR62023052,,plaza_only,lignification,lignification:cell wall;lignification:lignin
PLAZA:AUR62023061,,plaza_only,rigidite_tige,rigidite_tige:stem
PLAZA:AUR62023068,,plaza_only,lignification,lignification:cell wall;lignification:cellulose synthase
PLAZA:AUR62023074,,plaza_only,rigidite_tige,rigidite_tige:stem
PLAZA:AUR62023143,,plaza_only,rigidite_tige,rigidite_tige:stem
PLAZA:AUR62023148,,plaza_only,rigidite_tige,rigidite_tige:stem
PLAZA:AUR62023151,,plaza_only,lignification,lignification:cell wall
PLAZA:AUR62023168,,plaza_only,hormonal,hormonal:brassinosteroid
PLAZA:AUR62023171,,plaza_only,lignification,lignification:cell wall
PLAZA:AUR62023172,,plaza_only,lignification,lignification:cell wall
PLAZA:AUR62023173,,plaza_only,lignification,lignification:cell wall
PLAZA:AUR62023174,,plaza_only,lignification,lignification:cell wall
PLAZA:AUR62023206,,plaza_only,rigidite_tige,rigidite_tige:stem
PLAZA:AUR62023210,,plaza_only,rigidite_tige,rigidite_tige:stem
PLAZA:AUR62023256,,plaza_only,rigidite_tige,rigidite_tige:stem
PLAZA:AUR62023293,,plaza_only,rigidite_tige,rigidite_tige:stem
PLAZA:AUR62023314,,plaza_only,rigidite_tige,rigidite_tige:stem
PLAZA:AUR62023319,,plaza_only,rigidite_tige,rigidite_tige:stem
PLAZA:AUR62023321,,plaza_only,rigidite_tige,rigidite_tige:stem
PLAZA:AUR62023353,,plaza_only,lignification,lignification:cell wall
PLAZA:AUR62023354,,plaza_only,lignification,lignification:cell wall
PLAZA:AUR62023355,,plaza_only,lignification,lignification:cell wall
PLAZA:AUR62023362,,plaza_only,rigidite_tige,rigidite_tige:stem
PLAZA:AUR62023365,,plaza_only,rigidite_tige,rigidite_tige:stem
PLAZA:AUR62023368,,plaza_only,rigidite_tige,rigidite_tige:stem
PLAZA:AUR62023370,,plaza_only,rigidite_tige,rigidite_tige:stem
PLAZA:AUR62023374,,plaza_only,rigidite_tige,rigidite_tige:stem
PLAZA:AUR62023379,,plaza_only,rigidite_tige,rigidite_tige:stem
PLAZA:AUR62023390,,plaza_only,rigidite_tige,rigidite_tige:stem
PLAZA:AUR62023392,,plaza_only,rigidite_tige,rigidite_tige:stem
PLAZA:AUR62023404,,plaza_only,rigidite_tige,rigidite_tige:stem
PLAZA:AUR62023406,,plaza_only,rigidite_tige,rigidite_tige:stem
PLAZA:AUR62023407,,plaza_only,rigidite_tige,rigidite_tige:stem
PLAZA:AUR62023423,,plaza_only,rigidite_tige,rigidite_tige:stem
PLAZA:AUR62023445,,plaza_only,rigidite_tige,rigidite_tige:stem
PLAZA:AUR62023454,,plaza_only,rigidite_tige,rigidite_tige:stem
PLAZA:AUR62023457,,plaza_only,rigidite_tige,rigidite_tige:stem
PLAZA:AUR62023461,,plaza_only,lignification,lignification:cell wall
PLAZA:AUR62023462,,plaza_only,lignification,lignification:cell wall
PLAZA:AUR62023472,,plaza_only,rigidite_tige,rigidite_tige:stem
PLAZA:AUR62023483,,plaza_only,rigidite_tige,rigidite_tige:stem
PLAZA:AUR62023487,,plaza_only,lignification,lignification:cell wall
PLAZA:AUR62023494,,plaza_only,rigidite_tige,rigidite_tige:stem
PLAZA:AUR62023502,,plaza_only,rigidite_tige,rigidite_tige:stem
PLAZA:AUR62023509,,plaza_only,rigidite_tige,rigidite_tige:stem
PLAZA:AUR62023512,,plaza_only,rigidite_tige,rigidite_tige:stem
PLAZA:AUR62023516,,plaza_only,rigidite_tige,rigidite_tige:stem
PLAZA:AUR62023535,,plaza_only,rigidite_tige,rigidite_tige:stem
PLAZA:AUR62023559,,plaza_only,rigidite_tige,rigidite_tige:stem
PLAZA:AUR62023560,,plaza_only,rigidite_tige,rigidite_tige:stem
PLAZA:AUR62023597,,plaza_only,rigidite_tige,rigidite_tige:stem
PLAZA:AUR62023600,,plaza_only,rigidite_tige,rigidite_tige:stem
PLAZA:AUR62023604,,plaza_only,lignification,lignification:cell wall
PLAZA:AUR62023621,,plaza_only,rigidite_tige,rigidite_tige:stem
PLAZA:AUR62023629,,plaza_only,rigidite_tige,rigidite_tige:stem
PLAZA:AUR62023660,,plaza_only,rigidite_tige,rigidite_tige:stem
PLAZA:AUR62023673,,plaza_only,lignification,lignification:cell wall
PLAZA:AUR62023691,,plaza_only,lignification,lignification:cell wall;lignification:lignin
PLAZA:AUR62023707,,plaza_only,rigidite_tige,rigidite_tige:stem
PLAZA:AUR62023722,,plaza_only,rigidite_tige,rigidite_tige:stem
PLAZA:AUR62023756,,plaza_only,rigidite_tige,rigidite_tige:stem
PLAZA:AUR62023774,,plaza_only,rigidite_tige,rigidite_tige:stem
PLAZA:AUR62023786,,plaza_only,lignification,lignification:cell wall
PLAZA:AUR62023797,,plaza_only,rigidite_tige,rigidite_tige:stem
PLAZA:AUR62023822,,plaza_only,rigidite_tige,rigidite_tige:stem
PLAZA:AUR62023834,,plaza_only,rigidite_tige,rigidite_tige:stem
PLAZA:AUR62023842,,plaza_only,rigidite_tige,rigidite_tige:stem
PLAZA:AUR62023939,,plaza_only,rigidite_tige,rigidite_tige:stem
PLAZA:AUR62023949,,plaza_only,lignification,lignification:cell wall
PLAZA:AUR62024018,,plaza_only,rigidite_tige,rigidite_tige:stem
PLAZA:AUR62024043,,plaza_only,rigidite_tige,rigidite_tige:stem
PLAZA:AUR62024069,,plaza_only,rigidite_tige,rigidite_tige:stem
PLAZA:AUR62024084,,plaza_only,rigidite_tige,rigidite_tige:stem
PLAZA:AUR62024119,,plaza_only,lignification,lignification:cell wall;lignification:lignin
PLAZA:AUR62024120,,plaza_only,lignification,lignification:cell wall;lignification:lignin
PLAZA:AUR62024125,,plaza_only,rigidite_tige,rigidite_tige:stem
PLAZA:AUR62024135,,plaza_only,rigidite_tige,rigidite_tige:stem
PLAZA:AUR62024136,,plaza_only,rigidite_tige,rigidite_tige:stem
PLAZA:AUR62024137,,plaza_only,rigidite_tige,rigidite_tige:stem
PLAZA:AUR62024161,,plaza_only,rigidite_tige,rigidite_tige:stem
PLAZA:AUR62024180,,plaza_only,rigidite_tige,rigidite_tige:stem
PLAZA:AUR62024183,,plaza_only,rigidite_tige,rigidite_tige:stem
PLAZA:AUR62024186,,plaza_only,lignification,lignification:cell wall
PLAZA:AUR62024187,,plaza_only,rigidite_tige,rigidite_tige:stem
PLAZA:AUR62024194,,plaza_only,rigidite_tige,rigidite_tige:stem
PLAZA:AUR62024199,,plaza_only,rigidite_tige,rigidite_tige:stem
PLAZA:AUR62024200,,plaza_only,rigidite_tige,rigidite_tige:stem
PLAZA:AUR62024202,,plaza_only,rigidite_tige,rigidite_tige:stem
PLAZA:AUR62024204,,plaza_only,rigidite_tige,rigidite_tige:stem
PLAZA:AUR62024207,,plaza_only,lignification,lignification:cell wall
PLAZA:AUR62024209,,plaza_only,rigidite_tige,rigidite_tige:stem
PLAZA:AUR62024227,,plaza_only,rigidite_tige,rigidite_tige:stem
PLAZA:AUR62024232,,plaza_only,rigidite_tige,rigidite_tige:stem
PLAZA:AUR62024242,,plaza_only,rigidite_tige,rigidite_tige:stem
PLAZA:AUR62024247,,plaza_only,lignification,lignification:cell wall
PLAZA:AUR62024248,,plaza_only,lignification,lignification:cell wall
PLAZA:AUR62024249,,plaza_only,lignification,lignification:cell wall
PLAZA:AUR62024251,,plaza_only,lignification,lignification:cell wall
PLAZA:AUR62024278,,plaza_only,lignification,lignification:cell wall
PLAZA:AUR62024300,,plaza_only,lignification,lignification:cell wall;lignification:lignin
PLAZA:AUR62024326,,plaza_only,rigidite_tige,rigidite_tige:stem
PLAZA:AUR62024368,,plaza_only,rigidite_tige,rigidite_tige:stem
PLAZA:AUR62024407,,plaza_only,lignification,lignification:cell wall;lignification:lignin
PLAZA:AUR62024431,,plaza_only,lignification,lignification:cell wall;lignification:cellulose synthase
PLAZA:AUR62024446,,plaza_only,lignification,lignification:cell wall;lignification:cellulose synthase
PLAZA:AUR62024453,,plaza_only,rigidite_tige,rigidite_tige:stem
PLAZA:AUR62024531,,plaza_only,lignification,lignification:cell wall
PLAZA:AUR62024566,,plaza_only,rigidite_tige,rigidite_tige:stem
PLAZA:AUR62024597,,plaza_only,hormonal,hormonal:gibberellin
PLAZA:AUR62024598,,plaza_only,rigidite_tige,rigidite_tige:stem
PLAZA:AUR62024601,,plaza_only,rigidite_tige,rigidite_tige:stem
PLAZA:AUR62024611,,plaza_only,rigidite_tige,rigidite_tige:stem
PLAZA:AUR62024663,,plaza_only,rigidite_tige,rigidite_tige:stem
PLAZA:AUR62024669,,plaza_only,lignification,lignification:cell wall
PLAZA:AUR62024677,,plaza_only,rigidite_tige,rigidite_tige:stem
PLAZA:AUR62024688,,plaza_only,rigidite_tige,rigidite_tige:stem
PLAZA:AUR62024689,,plaza_only,rigidite_tige,rigidite_tige:stem
PLAZA:AUR62024690,,plaza_only,rigidite_tige,rigidite_tige:stem
PLAZA:AUR62024693,,plaza_only,rigidite_tige,rigidite_tige:stem
PLAZA:AUR62024724,,plaza_only,rigidite_tige,rigidite_tige:stem
PLAZA:AUR62024752,,plaza_only,rigidite_tige,rigidite_tige:stem
PLAZA:AUR62024771,,plaza_only,rigidite_tige,rigidite_tige:stem
PLAZA:AUR62024778,,plaza_only,rigidite_tige,rigidite_tige:stem
PLAZA:AUR62024782,,plaza_only,rigidite_tige,rigidite_tige:stem
PLAZA:AUR62024789,,plaza_only,lignification,lignification:cell wall;lignification:lignin
PLAZA:AUR62024790,,plaza_only,rigidite_tige,rigidite_tige:stem
PLAZA:AUR62024797,,plaza_only,lignification,lignification:peroxidase
PLAZA:AUR62024802,,plaza_only,rigidite_tige,rigidite_tige:stem
PLAZA:AUR62024809,,plaza_only,rigidite_tige,rigidite_tige:stem
PLAZA:AUR62024826,,plaza_only,rigidite_tige,rigidite_tige:stem
PLAZA:AUR62024833,,plaza_only,rigidite_tige,rigidite_tige:stem
PLAZA:AUR62024840,,plaza_only,rigidite_tige,rigidite_tige:stem
PLAZA:AUR62024842,,plaza_only,rigidite_tige,rigidite_tige:stem
PLAZA:AUR62024849,,plaza_only,lignification,lignification:cell wall
PLAZA:AUR62024851,,plaza_only,hormonal,hormonal:gibberellin
PLAZA:AUR62024853,,plaza_only,rigidite_tige,rigidite_tige:stem
PLAZA:AUR62024876,,plaza_only,rigidite_tige,rigidite_tige:stem
PLAZA:AUR62024904,,plaza_only,lignification,lignification:cell wall;lignification:cellulose synthase
PLAZA:AUR62024921,,plaza_only,lignification,lignification:cell wall
PLAZA:AUR62024923,,plaza_only,lignification,lignification:cell wall
PLAZA:AUR62024925,,plaza_only,lignification,lignification:cell wall
PLAZA:AUR62024961,,plaza_only,rigidite_tige,rigidite_tige:stem
PLAZA:AUR62024991,,plaza_only,rigidite_tige,rigidite_tige:stem
PLAZA:AUR62024994,,plaza_only,lignification,lignification:cell wall
PLAZA:AUR62025010,,plaza_only,rigidite_tige,rigidite_tige:stem
PLAZA:AUR62025014,,plaza_only,rigidite_tige,rigidite_tige:stem
PLAZA:AUR62025020,,plaza_only,rigidite_tige,rigidite_tige:stem
PLAZA:AUR62025028,,plaza_only,rigidite_tige,rigidite_tige:stem
PLAZA:AUR62025041,,plaza_only,lignification,lignification:peroxidase
PLAZA:AUR62025059,,plaza_only,rigidite_tige,rigidite_tige:stem
PLAZA:AUR62025114,,plaza_only,rigidite_tige,rigidite_tige:stem
PLAZA:AUR62025117,,plaza_only,rigidite_tige,rigidite_tige:stem
PLAZA:AUR62025204,,plaza_only,lignification,lignification:cell wall
PLAZA:AUR62025205,,plaza_only,rigidite_tige,rigidite_tige:stem
PLAZA:AUR62025264,,plaza_only,rigidite_tige,rigidite_tige:stem
PLAZA:AUR62025278,,plaza_only,rigidite_tige,rigidite_tige:stem
PLAZA:AUR62025283,,plaza_only,rigidite_tige,rigidite_tige:stem
PLAZA:AUR62025284,,plaza_only,lignification,lignification:cell wall
PLAZA:AUR62025294,,plaza_only,rigidite_tige,rigidite_tige:stem
PLAZA:AUR62025309,,plaza_only,lignification,lignification:cell wall
PLAZA:AUR62025329,,plaza_only,lignification,lignification:cell wall
PLAZA:AUR62025334,,plaza_only,rigidite_tige,rigidite_tige:stem
PLAZA:AUR62025337,,plaza_only,rigidite_tige,rigidite_tige:stem
PLAZA:AUR62025340,,plaza_only,rigidite_tige,rigidite_tige:stem
PLAZA:AUR62025341,,plaza_only,rigidite_tige,rigidite_tige:stem
PLAZA:AUR62025391,,plaza_only,lignification,lignification:cell wall
PLAZA:AUR62025395,,plaza_only,rigidite_tige,rigidite_tige:stem
PLAZA:AUR62025404,,plaza_only,rigidite_tige,rigidite_tige:stem
PLAZA:AUR62025412,,plaza_only,rigidite_tige,rigidite_tige:stem
PLAZA:AUR62025425,,plaza_only,rigidite_tige,rigidite_tige:stem
PLAZA:AUR62025435,,plaza_only,lignification,lignification:cell wall
PLAZA:AUR62025437,,plaza_only,rigidite_tige,rigidite_tige:stem
PLAZA:AUR62025462,,plaza_only,rigidite_tige,rigidite_tige:stem
PLAZA:AUR62025475,,plaza_only,rigidite_tige,rigidite_tige:stem
PLAZA:AUR62025489,,plaza_only,rigidite_tige,rigidite_tige:stem
PLAZA:AUR62025499,,plaza_only,lignification,lignification:cell wall
PLAZA:AUR62025500,,plaza_only,lignification,lignification:cell wall
PLAZA:AUR62025503,,plaza_only,lignification,lignification:cell wall
PLAZA:AUR62025526,,plaza_only,lignification,lignification:cell wall
PLAZA:AUR62025539,,plaza_only,rigidite_tige,rigidite_tige:stem
PLAZA:AUR62025543,,plaza_only,rigidite_tige,rigidite_tige:stem
PLAZA:AUR62025550,,plaza_only,rigidite_tige,rigidite_tige:stem
PLAZA:AUR62025553,,plaza_only,lignification,lignification:cell wall
PLAZA:AUR62025578,,plaza_only,rigidite_tige,rigidite_tige:stem
PLAZA:AUR62025586,,plaza_only,lignification,lignification:cell wall
PLAZA:AUR62025591,,plaza_only,rigidite_tige,rigidite_tige:stem
PLAZA:AUR62025604,,plaza_only,rigidite_tige,rigidite_tige:stem
PLAZA:AUR62025610,,plaza_only,rigidite_tige,rigidite_tige:stem
PLAZA:AUR62025612,,plaza_only,rigidite_tige,rigidite_tige:stem
PLAZA:AUR62025614,,plaza_only,lignification,lignification:cell wall
PLAZA:AUR62025619,,plaza_only,rigidite_tige,rigidite_tige:stem
PLAZA:AUR62025641,,plaza_only,lignification,lignification:cell wall
PLAZA:AUR62025653,,plaza_only,rigidite_tige,rigidite_tige:stem
PLAZA:AUR62025686,,plaza_only,rigidite_tige,rigidite_tige:stem
PLAZA:AUR62025705,,plaza_only,rigidite_tige,rigidite_tige:stem
PLAZA:AUR62025725,,plaza_only,rigidite_tige,rigidite_tige:stem
PLAZA:AUR62025726,,plaza_only,rigidite_tige,rigidite_tige:stem
PLAZA:AUR62025736,,plaza_only,rigidite_tige,rigidite_tige:stem
PLAZA:AUR62025754,,plaza_only,lignification,lignification:cell wall
PLAZA:AUR62025755,,plaza_only,rigidite_tige,rigidite_tige:stem
PLAZA:AUR62025807,,plaza_only,lignification,lignification:cell wall
PLAZA:AUR62025808,,plaza_only,rigidite_tige,rigidite_tige:stem
PLAZA:AUR62025825,,plaza_only,rigidite_tige,rigidite_tige:stem
PLAZA:AUR62025864,,plaza_only,rigidite_tige,rigidite_tige:stem
PLAZA:AUR62025872,,plaza_only,rigidite_tige,rigidite_tige:stem
PLAZA:AUR62025900,,plaza_only,rigidite_tige,rigidite_tige:stem
PLAZA:AUR62025924,,plaza_only,rigidite_tige,rigidite_tige:stem
PLAZA:AUR62025936,,plaza_only,rigidite_tige,rigidite_tige:stem
PLAZA:AUR62025965,,plaza_only,rigidite_tige,rigidite_tige:stem
PLAZA:AUR62026000,,plaza_only,lignification,lignification:cell wall;lignification:lignin
PLAZA:AUR62026036,,plaza_only,lignification,lignification:cell wall;lignification:cellulose synthase
PLAZA:AUR62026042,,plaza_only,rigidite_tige,rigidite_tige:stem
PLAZA:AUR62026131,,plaza_only,lignification,lignification:cell wall
PLAZA:AUR62026194,,plaza_only,rigidite_tige,rigidite_tige:stem
PLAZA:AUR62026225,,plaza_only,rigidite_tige,rigidite_tige:stem
PLAZA:AUR62026228,,plaza_only,rigidite_tige,rigidite_tige:stem
PLAZA:AUR62026246,,plaza_only,rigidite_tige,rigidite_tige:stem
PLAZA:AUR62026282,,plaza_only,rigidite_tige,rigidite_tige:stem
PLAZA:AUR62026296,,plaza_only,lignification,lignification:cell wall
PLAZA:AUR62026323,,plaza_only,lignification,lignification:cell wall
PLAZA:AUR62026344,,plaza_only,rigidite_tige,rigidite_tige:stem
PLAZA:AUR62026345,,plaza_only,rigidite_tige,rigidite_tige:stem
PLAZA:AUR62026359,,plaza_only,rigidite_tige,rigidite_tige:stem
PLAZA:AUR62026367,,plaza_only,rigidite_tige,rigidite_tige:stem
PLAZA:AUR62026408,,plaza_only,rigidite_tige,rigidite_tige:stem
PLAZA:AUR62026410,,plaza_only,rigidite_tige,rigidite_tige:stem
PLAZA:AUR62026471,,plaza_only,rigidite_tige,rigidite_tige:stem
PLAZA:AUR62026488,,plaza_only,lignification,lignification:cell wall
PLAZA:AUR62026521,,plaza_only,lignification,lignification:cell wall
PLAZA:AUR62026532,,plaza_only,rigidite_tige,rigidite_tige:stem
PLAZA:AUR62026588,,plaza_only,rigidite_tige,rigidite_tige:stem
PLAZA:AUR62026627,,plaza_only,rigidite_tige,rigidite_tige:stem
PLAZA:AUR62026629,,plaza_only,rigidite_tige,rigidite_tige:stem
PLAZA:AUR62026639,,plaza_only,rigidite_tige,rigidite_tige:stem
PLAZA:AUR62026680,,plaza_only,lignification,lignification:cell wall;lignification:cellulose synthase
PLAZA:AUR62026772,,plaza_only,lignification,lignification:cell wall
PLAZA:AUR62026774,,plaza_only,lignification,lignification:cell wall
PLAZA:AUR62026775,,plaza_only,lignification,lignification:cell wall
PLAZA:AUR62026779,,plaza_only,lignification,lignification:cell wall
PLAZA:AUR62026786,,plaza_only,lignification,lignification:cell wall;lignification:cellulose synthase;lignification:secondary cell wall
PLAZA:AUR62026795,,plaza_only,rigidite_tige,rigidite_tige:stem
PLAZA:AUR62026810,,plaza_only,lignification,lignification:cell wall
PLAZA:AUR62026832,,plaza_only,rigidite_tige,rigidite_tige:stem
PLAZA:AUR62026837,,plaza_only,lignification,lignification:cell wall
PLAZA:AUR62026844,,plaza_only,rigidite_tige,rigidite_tige:stem
PLAZA:AUR62026845,,plaza_only,rigidite_tige,rigidite_tige:stem
PLAZA:AUR62026848,,plaza_only,rigidite_tige,rigidite_tige:stem
PLAZA:AUR62026858,,plaza_only,rigidite_tige,rigidite_tige:stem
PLAZA:AUR62026909,,plaza_only,rigidite_tige,rigidite_tige:stem
PLAZA:AUR62026931,,plaza_only,lignification,lignification:cell wall
PLAZA:AUR62026939,,plaza_only,lignification,lignification:cell wall
PLAZA:AUR62026946,,plaza_only,rigidite_tige,rigidite_tige:stem
PLAZA:AUR62026951,,plaza_only,rigidite_tige,rigidite_tige:stem
PLAZA:AUR62026966,,plaza_only,lignification,lignification:cell wall
PLAZA:AUR62026970,,plaza_only,lignification,lignification:cell wall
PLAZA:AUR62026978,,plaza_only,hormonal,hormonal:gibberellin
PLAZA:AUR62026991,,plaza_only,rigidite_tige,rigidite_tige:stem
PLAZA:AUR62026993,,plaza_only,lignification,lignification:cell wall;lignification:lignin
PLAZA:AUR62027000,,plaza_only,rigidite_tige,rigidite_tige:stem
PLAZA:AUR62027025,,plaza_only,rigidite_tige,rigidite_tige:stem
PLAZA:AUR62027050,,plaza_only,lignification,lignification:cell wall
PLAZA:AUR62027072,,plaza_only,rigidite_tige,rigidite_tige:stem
PLAZA:AUR62027122,,plaza_only,rigidite_tige,rigidite_tige:stem
PLAZA:AUR62027142,,plaza_only,rigidite_tige,rigidite_tige:stem
PLAZA:AUR62027145,,plaza_only,rigidite_tige,rigidite_tige:stem
PLAZA:AUR62027149,,plaza_only,hormonal,hormonal:brassinosteroid
PLAZA:AUR62027166,,plaza_only,rigidite_tige,rigidite_tige:stem
PLAZA:AUR62027175,,plaza_only,rigidite_tige,rigidite_tige:stem
PLAZA:AUR62027178,,plaza_only,rigidite_tige,rigidite_tige:stem
PLAZA:AUR62027195,,plaza_only,rigidite_tige,rigidite_tige:stem
PLAZA:AUR62027198,,plaza_only,rigidite_tige,rigidite_tige:stem
PLAZA:AUR62027200,,plaza_only,rigidite_tige,rigidite_tige:stem
PLAZA:AUR62027259,,plaza_only,rigidite_tige,rigidite_tige:stem
PLAZA:AUR62027263,,plaza_only,rigidite_tige,rigidite_tige:stem
PLAZA:AUR62027291,,plaza_only,lignification,lignification:cell wall
PLAZA:AUR62027324,,plaza_only,rigidite_tige,rigidite_tige:stem
PLAZA:AUR62027370,,plaza_only,rigidite_tige,rigidite_tige:stem
PLAZA:AUR62027376,,plaza_only,lignification,lignification:cell wall
PLAZA:AUR62027384,,plaza_only,lignification,lignification:cell wall
PLAZA:AUR62027412,,plaza_only,lignification,lignification:cell wall;lignification:cellulose synthase
PLAZA:AUR62027443,,plaza_only,rigidite_tige,rigidite_tige:stem
PLAZA:AUR62027450,,plaza_only,rigidite_tige,rigidite_tige:stem
PLAZA:AUR62027465,,plaza_only,lignification,lignification:cell wall;lignification:lignin
PLAZA:AUR62027468,,plaza_only,lignification,lignification:cell wall;lignification:lignin
PLAZA:AUR62027469,,plaza_only,lignification,lignification:cell wall;lignification:lignin
PLAZA:AUR62027506,,plaza_only,lignification,lignification:cell wall
PLAZA:AUR62027517,,plaza_only,rigidite_tige,rigidite_tige:stem
PLAZA:AUR62027526,,plaza_only,rigidite_tige,rigidite_tige:stem
PLAZA:AUR62027531,,plaza_only,lignification,lignification:cell wall
PLAZA:AUR62027574,,plaza_only,rigidite_tige,rigidite_tige:stem
PLAZA:AUR62027578,,plaza_only,rigidite_tige,rigidite_tige:stem
PLAZA:AUR62027583,,plaza_only,lignification,lignification:cell wall
PLAZA:AUR62027587,,plaza_only,rigidite_tige,rigidite_tige:stem
PLAZA:AUR62027655,,plaza_only,rigidite_tige,rigidite_tige:stem
PLAZA:AUR62027693,,plaza_only,rigidite_tige,rigidite_tige:stem
PLAZA:AUR62027702,,plaza_only,hormonal,hormonal:brassinosteroid
PLAZA:AUR62027725,,plaza_only,lignification,lignification:cell wall
PLAZA:AUR62027754,,plaza_only,rigidite_tige,rigidite_tige:verse
PLAZA:AUR62027797,,plaza_only,rigidite_tige,rigidite_tige:stem
PLAZA:AUR62027809,,plaza_only,lignification,lignification:peroxidase
PLAZA:AUR62027811,,plaza_only,rigidite_tige,rigidite_tige:stem
PLAZA:AUR62027818,,plaza_only,rigidite_tige,rigidite_tige:stem
PLAZA:AUR62027822,,plaza_only,rigidite_tige,rigidite_tige:stem
PLAZA:AUR62027827,,plaza_only,rigidite_tige,rigidite_tige:stem
PLAZA:AUR62027828,,plaza_only,rigidite_tige,rigidite_tige:stem
PLAZA:AUR62027829,,plaza_only,rigidite_tige,rigidite_tige:stem
PLAZA:AUR62027838,,plaza_only,rigidite_tige,rigidite_tige:stem
PLAZA:AUR62027850,,plaza_only,rigidite_tige,rigidite_tige:stem
PLAZA:AUR62027863,,plaza_only,rigidite_tige,rigidite_tige:stem
PLAZA:AUR62027875,,plaza_only,rigidite_tige,rigidite_tige:stem
PLAZA:AUR62027884,,plaza_only,rigidite_tige,rigidite_tige:stem
PLAZA:AUR62027925,,plaza_only,rigidite_tige,rigidite_tige:stem
PLAZA:AUR62027927,,plaza_only,rigidite_tige,rigidite_tige:stem
PLAZA:AUR62027948,,plaza_only,rigidite_tige,rigidite_tige:stem
PLAZA:AUR62027962,,plaza_only,rigidite_tige,rigidite_tige:stem
PLAZA:AUR62027984,,plaza_only,rigidite_tige,rigidite_tige:stem
PLAZA:AUR62028002,,plaza_only,lignification,lignification:cell wall;lignification:cellulose synthase
PLAZA:AUR62028086,,plaza_only,lignification,lignification:cell wall;lignification:comt;lignification:lignin
PLAZA:AUR62028151,,plaza_only,rigidite_tige,rigidite_tige:verse
PLAZA:AUR62028169,,plaza_only,rigidite_tige,rigidite_tige:stem
PLAZA:AUR62028178,,plaza_only,lignification,lignification:4cl
PLAZA:AUR62028179,,plaza_only,lignification,lignification:cell wall
PLAZA:AUR62028184,,plaza_only,lignification,lignification:cell wall
PLAZA:AUR62028186,,plaza_only,lignification,lignification:cell wall
PLAZA:AUR62028188,,plaza_only,lignification,lignification:cell wall
PLAZA:AUR62028190,,plaza_only,lignification,lignification:cell wall
PLAZA:AUR62028198,,plaza_only,rigidite_tige,rigidite_tige:stem
PLAZA:AUR62028267,,plaza_only,rigidite_tige,rigidite_tige:stem
PLAZA:AUR62028282,,plaza_only,rigidite_tige,rigidite_tige:stem
PLAZA:AUR62028287,,plaza_only,rigidite_tige,rigidite_tige:stem
PLAZA:AUR62028288,,plaza_only,lignification,lignification:cell wall
PLAZA:AUR62028300,,plaza_only,rigidite_tige,rigidite_tige:stem
PLAZA:AUR62028305,,plaza_only,rigidite_tige,rigidite_tige:stem
PLAZA:AUR62028314,,plaza_only,lignification,lignification:cell wall
PLAZA:AUR62028322,,plaza_only,rigidite_tige,rigidite_tige:stem
PLAZA:AUR62028332,,plaza_only,lignification,lignification:cell wall
PLAZA:AUR62028333,,plaza_only,lignification,lignification:cell wall
PLAZA:AUR62028342,,plaza_only,rigidite_tige,rigidite_tige:stem
PLAZA:AUR62028344,,plaza_only,rigidite_tige,rigidite_tige:stem
PLAZA:AUR62028407,,plaza_only,lignification,lignification:cell wall
PLAZA:AUR62028434,,plaza_only,rigidite_tige,rigidite_tige:stem
PLAZA:AUR62028441,,plaza_only,rigidite_tige,rigidite_tige:stem
PLAZA:AUR62028458,,plaza_only,rigidite_tige,rigidite_tige:stem
PLAZA:AUR62028536,,plaza_only,rigidite_tige,rigidite_tige:stem
PLAZA:AUR62028585,,plaza_only,rigidite_tige,rigidite_tige:stem
PLAZA:AUR62028588,,plaza_only,rigidite_tige,rigidite_tige:stem
PLAZA:AUR62028589,,plaza_only,rigidite_tige,rigidite_tige:stem
PLAZA:AUR62028596,,plaza_only,lignification,lignification:cell wall
PLAZA:AUR62028597,,plaza_only,lignification,lignification:cell wall
PLAZA:AUR62028614,,plaza_only,rigidite_tige,rigidite_tige:stem
PLAZA:AUR62028645,,plaza_only,rigidite_tige,rigidite_tige:stem
PLAZA:AUR62028685,,plaza_only,rigidite_tige,rigidite_tige:stem
PLAZA:AUR62028761,,plaza_only,rigidite_tige,rigidite_tige:stem
PLAZA:AUR62028771,,plaza_only,rigidite_tige,rigidite_tige:stem
PLAZA:AUR62028794,,plaza_only,rigidite_tige,rigidite_tige:stem
PLAZA:AUR62028822,,plaza_only,rigidite_tige,rigidite_tige:stem
PLAZA:AUR62028824,,plaza_only,rigidite_tige,rigidite_tige:stem
PLAZA:AUR62028829,,plaza_only,lignification,lignification:cell wall
PLAZA:AUR62028835,,plaza_only,lignification,lignification:cell wall
PLAZA:AUR62028841,,plaza_only,rigidite_tige,rigidite_tige:stem
PLAZA:AUR62028865,,plaza_only,rigidite_tige,rigidite_tige:stem
PLAZA:AUR62028918,,plaza_only,lignification,lignification:cell wall
PLAZA:AUR62028921,,plaza_only,lignification,lignification:cell wall
PLAZA:AUR62028931,,plaza_only,rigidite_tige,rigidite_tige:stem
PLAZA:AUR62028968,,plaza_only,rigidite_tige,rigidite_tige:stem
PLAZA:AUR62028971,,plaza_only,lignification,lignification:cell wall
PLAZA:AUR62029042,,plaza_only,rigidite_tige,rigidite_tige:stem
PLAZA:AUR62029082,,plaza_only,lignification,lignification:cell wall
PLAZA:AUR62029094,,plaza_only,hormonal,hormonal:gibberellin
PLAZA:AUR62029099,,plaza_only,rigidite_tige,rigidite_tige:stem
PLAZA:AUR62029120,,plaza_only,lignification,lignification:cell wall
PLAZA:AUR62029148,,plaza_only,rigidite_tige,rigidite_tige:stem
PLAZA:AUR62029184,,plaza_only,lignification,lignification:cell wall
PLAZA:AUR62029193,,plaza_only,rigidite_tige,rigidite_tige:stem
PLAZA:AUR62029218,,plaza_only,rigidite_tige,rigidite_tige:stem
PLAZA:AUR62029228,,plaza_only,rigidite_tige,rigidite_tige:stem
PLAZA:AUR62029230,,plaza_only,rigidite_tige,rigidite_tige:stem
PLAZA:AUR62029231,,plaza_only,rigidite_tige,rigidite_tige:stem
PLAZA:AUR62029310,,plaza_only,rigidite_tige,rigidite_tige:stem
PLAZA:AUR62029313,,plaza_only,rigidite_tige,rigidite_tige:stem
PLAZA:AUR62029377,,plaza_only,lignification;rigidite_tige,lignification:cell wall;rigidite_tige:stem
PLAZA:AUR62029378,,plaza_only,rigidite_tige,rigidite_tige:stem
PLAZA:AUR62029379,,plaza_only,lignification,lignification:cell wall
PLAZA:AUR62029429,,plaza_only,lignification,lignification:cell wall
PLAZA:AUR62029483,,plaza_only,rigidite_tige,rigidite_tige:stem
PLAZA:AUR62029487,,plaza_only,rigidite_tige,rigidite_tige:stem
PLAZA:AUR62029490,,plaza_only,lignification,lignification:peroxidase
PLAZA:AUR62029491,,plaza_only,lignification,lignification:peroxidase
PLAZA:AUR62029494,,plaza_only,rigidite_tige,rigidite_tige:stem
PLAZA:AUR62029502,,plaza_only,rigidite_tige,rigidite_tige:stem
PLAZA:AUR62029512,,plaza_only,rigidite_tige,rigidite_tige:stem
PLAZA:AUR62029535,,plaza_only,rigidite_tige,rigidite_tige:stem
PLAZA:AUR62029544,,plaza_only,rigidite_tige,rigidite_tige:stem
PLAZA:AUR62029556,,plaza_only,rigidite_tige,rigidite_tige:stem
PLAZA:AUR62029565,,plaza_only,lignification,lignification:cell wall
PLAZA:AUR62029569,,plaza_only,rigidite_tige,rigidite_tige:stem
PLAZA:AUR62029583,,plaza_only,rigidite_tige,rigidite_tige:stem
PLAZA:AUR62029610,,plaza_only,lignification,lignification:cell wall
PLAZA:AUR62029613,,plaza_only,rigidite_tige,rigidite_tige:stem
PLAZA:AUR62029622,,plaza_only,rigidite_tige,rigidite_tige:stem
PLAZA:AUR62029626,,plaza_only,rigidite_tige,rigidite_tige:stem
PLAZA:AUR62029635,,plaza_only,rigidite_tige,rigidite_tige:stem
PLAZA:AUR62029656,,plaza_only,rigidite_tige,rigidite_tige:stem
PLAZA:AUR62029696,,plaza_only,lignification,lignification:cell wall
PLAZA:AUR62029713,,plaza_only,rigidite_tige,rigidite_tige:stem
PLAZA:AUR62029779,,plaza_only,rigidite_tige,rigidite_tige:verse
PLAZA:AUR62029788,,plaza_only,lignification,lignification:cell wall
PLAZA:AUR62029798,,plaza_only,rigidite_tige,rigidite_tige:stem
PLAZA:AUR62029811,,plaza_only,rigidite_tige,rigidite_tige:stem
PLAZA:AUR62029827,,plaza_only,rigidite_tige,rigidite_tige:stem
PLAZA:AUR62029843,,plaza_only,rigidite_tige,rigidite_tige:stem
PLAZA:AUR62029896,,plaza_only,rigidite_tige,rigidite_tige:stem
PLAZA:AUR62029901,,plaza_only,rigidite_tige,rigidite_tige:stem
PLAZA:AUR62029902,,plaza_only,rigidite_tige,rigidite_tige:stem
PLAZA:AUR62029913,,plaza_only,rigidite_tige,rigidite_tige:stem
PLAZA:AUR62029919,,plaza_only,rigidite_tige,rigidite_tige:stem
PLAZA:AUR62029964,,plaza_only,rigidite_tige,rigidite_tige:stem
PLAZA:AUR62029976,,plaza_only,lignification,lignification:cell wall
PLAZA:AUR62030008,,plaza_only,lignification,lignification:cell wall
PLAZA:AUR62030014,,plaza_only,rigidite_tige,rigidite_tige:stem
PLAZA:AUR62030041,,plaza_only,rigidite_tige,rigidite_tige:stem
PLAZA:AUR62030045,,plaza_only,rigidite_tige,rigidite_tige:stem
PLAZA:AUR62030046,,plaza_only,rigidite_tige,rigidite_tige:stem
PLAZA:AUR62030081,,plaza_only,lignification,lignification:cell wall
PLAZA:AUR62030090,,plaza_only,rigidite_tige,rigidite_tige:stem
PLAZA:AUR62030094,,plaza_only,rigidite_tige,rigidite_tige:stem
PLAZA:AUR62030125,,plaza_only,rigidite_tige,rigidite_tige:stem
PLAZA:AUR62030131,,plaza_only,lignification,lignification:cell wall
PLAZA:AUR62030153,,plaza_only,rigidite_tige,rigidite_tige:stem
PLAZA:AUR62030195,,plaza_only,rigidite_tige,rigidite_tige:stem
PLAZA:AUR62030211,,plaza_only,rigidite_tige,rigidite_tige:stem
PLAZA:AUR62030212,,plaza_only,rigidite_tige,rigidite_tige:stem
PLAZA:AUR62030224,,plaza_only,rigidite_tige,rigidite_tige:stem
PLAZA:AUR62030230,,plaza_only,lignification,lignification:cell wall
PLAZA:AUR62030236,,plaza_only,rigidite_tige,rigidite_tige:stem
PLAZA:AUR62030254,,plaza_only,rigidite_tige,rigidite_tige:stem
PLAZA:AUR62030259,,plaza_only,lignification,lignification:cell wall
PLAZA:AUR62030265,,plaza_only,rigidite_tige,rigidite_tige:stem
PLAZA:AUR62030280,,plaza_only,rigidite_tige,rigidite_tige:stem
PLAZA:AUR62030293,,plaza_only,rigidite_tige,rigidite_tige:stem
PLAZA:AUR62030306,,plaza_only,rigidite_tige,rigidite_tige:stem
PLAZA:AUR62030316,,plaza_only,rigidite_tige,rigidite_tige:stem
PLAZA:AUR62030321,,plaza_only,rigidite_tige,rigidite_tige:stem
PLAZA:AUR62030322,,plaza_only,rigidite_tige,rigidite_tige:stem
PLAZA:AUR62030332,,plaza_only,rigidite_tige,rigidite_tige:stem
PLAZA:AUR62030398,,plaza_only,lignification,lignification:cell wall
PLAZA:AUR62030400,,plaza_only,lignification,lignification:cell wall
PLAZA:AUR62030410,,plaza_only,lignification,lignification:cell wall
PLAZA:AUR62030411,,plaza_only,rigidite_tige,rigidite_tige:stem
PLAZA:AUR62030414,,plaza_only,lignification,lignification:cell wall
PLAZA:AUR62030429,,plaza_only,rigidite_tige,rigidite_tige:stem
PLAZA:AUR62030460,,plaza_only,rigidite_tige,rigidite_tige:stem
PLAZA:AUR62030469,,plaza_only,rigidite_tige,rigidite_tige:stem
PLAZA:AUR62030476,,plaza_only,rigidite_tige,rigidite_tige:stem
PLAZA:AUR62030478,,plaza_only,rigidite_tige,rigidite_tige:stem
PLAZA:AUR62030483,,plaza_only,lignification,lignification:cell wall
PLAZA:AUR62030485,,plaza_only,rigidite_tige,rigidite_tige:stem
PLAZA:AUR62030504,,plaza_only,rigidite_tige,rigidite_tige:stem
PLAZA:AUR62030510,,plaza_only,rigidite_tige,rigidite_tige:stem
PLAZA:AUR62030513,,plaza_only,rigidite_tige,rigidite_tige:stem
PLAZA:AUR62030522,,plaza_only,lignification,lignification:cell wall
PLAZA:AUR62030523,,plaza_only,lignification,lignification:cell wall
PLAZA:AUR62030524,,plaza_only,lignification,lignification:cell wall
PLAZA:AUR62030525,,plaza_only,hormonal,hormonal:brassinosteroid
PLAZA:AUR62030557,,plaza_only,rigidite_tige,rigidite_tige:stem
PLAZA:AUR62030575,,plaza_only,lignification,lignification:cell wall
PLAZA:AUR62030621,,plaza_only,lignification,lignification:cell wall
PLAZA:AUR62030622,,plaza_only,lignification,lignification:cell wall
PLAZA:AUR62030623,,plaza_only,lignification,lignification:cell wall
PLAZA:AUR62030672,,plaza_only,rigidite_tige,rigidite_tige:stem
PLAZA:AUR62030685,,plaza_only,rigidite_tige,rigidite_tige:stem
PLAZA:AUR62030688,,plaza_only,lignification,lignification:cell wall
PLAZA:AUR62030695,,plaza_only,rigidite_tige,rigidite_tige:stem
PLAZA:AUR62030704,,plaza_only,rigidite_tige,rigidite_tige:stem
PLAZA:AUR62030729,,plaza_only,rigidite_tige,rigidite_tige:stem
PLAZA:AUR62030730,,plaza_only,rigidite_tige,rigidite_tige:stem
PLAZA:AUR62030733,,plaza_only,rigidite_tige,rigidite_tige:stem
PLAZA:AUR62030767,,plaza_only,hormonal,hormonal:brassinosteroid
PLAZA:AUR62030768,,plaza_only,lignification,lignification:cell wall
PLAZA:AUR62030769,,plaza_only,lignification,lignification:cell wall
PLAZA:AUR62030770,,plaza_only,lignification,lignification:cell wall
PLAZA:AUR62030780,,plaza_only,rigidite_tige,rigidite_tige:stem
PLAZA:AUR62030789,,plaza_only,rigidite_tige,rigidite_tige:stem
PLAZA:AUR62030806,,plaza_only,rigidite_tige,rigidite_tige:stem
PLAZA:AUR62030819,,plaza_only,rigidite_tige,rigidite_tige:stem
PLAZA:AUR62030820,,plaza_only,rigidite_tige,rigidite_tige:stem
PLAZA:AUR62030831,,plaza_only,rigidite_tige,rigidite_tige:stem
PLAZA:AUR62030833,,plaza_only,lignification,lignification:cell wall;lignification:lignin
PLAZA:AUR62030840,,plaza_only,rigidite_tige,rigidite_tige:stem
PLAZA:AUR62030850,,plaza_only,rigidite_tige,rigidite_tige:stem
PLAZA:AUR62030867,,plaza_only,rigidite_tige,rigidite_tige:stem
PLAZA:AUR62030872,,plaza_only,rigidite_tige,rigidite_tige:stem
PLAZA:AUR62030893,,plaza_only,lignification,lignification:cell wall
PLAZA:AUR62030913,,plaza_only,rigidite_tige,rigidite_tige:stem
PLAZA:AUR62030948,,plaza_only,rigidite_tige,rigidite_tige:stem
PLAZA:AUR62030955,,plaza_only,rigidite_tige,rigidite_tige:stem
PLAZA:AUR62030967,,plaza_only,rigidite_tige,rigidite_tige:stem
PLAZA:AUR62030969,,plaza_only,lignification,lignification:cell wall;lignification:cellulose synthase
PLAZA:AUR62030979,,plaza_only,lignification,lignification:cell wall
PLAZA:AUR62030985,,plaza_only,rigidite_tige,rigidite_tige:stem
PLAZA:AUR62030996,,plaza_only,rigidite_tige,rigidite_tige:stem
PLAZA:AUR62030997,,plaza_only,rigidite_tige,rigidite_tige:stem
PLAZA:AUR62030998,,plaza_only,rigidite_tige,rigidite_tige:stem
PLAZA:AUR62030999,,plaza_only,rigidite_tige,rigidite_tige:stem
PLAZA:AUR62031025,,plaza_only,rigidite_tige,rigidite_tige:stem
PLAZA:AUR62031038,,plaza_only,rigidite_tige,rigidite_tige:stem
PLAZA:AUR62031039,,plaza_only,rigidite_tige,rigidite_tige:stem
PLAZA:AUR62031041,,plaza_only,rigidite_tige,rigidite_tige:stem
PLAZA:AUR62031052,,plaza_only,lignification,lignification:cell wall
PLAZA:AUR62031053,,plaza_only,lignification,lignification:cell wall
PLAZA:AUR62031061,,plaza_only,rigidite_tige,rigidite_tige:stem
PLAZA:AUR62031066,,plaza_only,rigidite_tige,rigidite_tige:stem
PLAZA:AUR62031070,,plaza_only,rigidite_tige,rigidite_tige:stem
PLAZA:AUR62031100,,plaza_only,rigidite_tige,rigidite_tige:stem
PLAZA:AUR62031115,,plaza_only,rigidite_tige,rigidite_tige:stem
PLAZA:AUR62031125,,plaza_only,rigidite_tige,rigidite_tige:stem
PLAZA:AUR62031221,,plaza_only,rigidite_tige,rigidite_tige:stem
PLAZA:AUR62031233,,plaza_only,lignification,lignification:cell wall;lignification:lignin
PLAZA:AUR62031238,,plaza_only,lignification,lignification:cell wall;lignification:lignin
PLAZA:AUR62031250,,plaza_only,rigidite_tige,rigidite_tige:stem
PLAZA:AUR62031258,,plaza_only,rigidite_tige,rigidite_tige:stem
PLAZA:AUR62031289,,plaza_only,rigidite_tige,rigidite_tige:stem
PLAZA:AUR62031292,,plaza_only,lignification,lignification:cell wall
PLAZA:AUR62031299,,plaza_only,lignification,lignification:cell wall
PLAZA:AUR62031327,,plaza_only,lignification,lignification:cell wall;lignification:cellulose synthase
PLAZA:AUR62031339,,plaza_only,rigidite_tige,rigidite_tige:stem
PLAZA:AUR62031347,,plaza_only,lignification,lignification:cell wall
PLAZA:AUR62031352,,plaza_only,lignification,lignification:cell wall
PLAZA:AUR62031353,,plaza_only,lignification,lignification:cell wall
PLAZA:AUR62031380,,plaza_only,rigidite_tige,rigidite_tige:stem
PLAZA:AUR62031389,,plaza_only,rigidite_tige,rigidite_tige:stem
PLAZA:AUR62031392,,plaza_only,lignification,lignification:cell wall
PLAZA:AUR62031422,,plaza_only,rigidite_tige,rigidite_tige:stem
PLAZA:AUR62031424,,plaza_only,rigidite_tige,rigidite_tige:stem
PLAZA:AUR62031428,,plaza_only,rigidite_tige,rigidite_tige:stem
PLAZA:AUR62031429,,plaza_only,rigidite_tige,rigidite_tige:stem
PLAZA:AUR62031433,,plaza_only,rigidite_tige,rigidite_tige:stem
PLAZA:AUR62031437,,plaza_only,rigidite_tige,rigidite_tige:stem
PLAZA:AUR62031443,,plaza_only,rigidite_tige,rigidite_tige:stem
PLAZA:AUR62031450,,plaza_only,rigidite_tige,rigidite_tige:stem
PLAZA:AUR62031476,,plaza_only,lignification,lignification:cell wall
PLAZA:AUR62031483,,plaza_only,rigidite_tige,rigidite_tige:stem
PLAZA:AUR62031490,,plaza_only,rigidite_tige,rigidite_tige:stem
PLAZA:AUR62031516,,plaza_only,lignification,lignification:cell wall
PLAZA:AUR62031530,,plaza_only,rigidite_tige,rigidite_tige:stem
PLAZA:AUR62031542,,plaza_only,lignification,lignification:cell wall
PLAZA:AUR62031543,,plaza_only,lignification,lignification:cell wall
PLAZA:AUR62031568,,plaza_only,rigidite_tige,rigidite_tige:stem
PLAZA:AUR62031586,,plaza_only,hormonal,hormonal:brassinosteroid
PLAZA:AUR62031591,,plaza_only,rigidite_tige,rigidite_tige:stem
PLAZA:AUR62031629,,plaza_only,rigidite_tige,rigidite_tige:stem
PLAZA:AUR62031638,,plaza_only,lignification,lignification:cell wall
PLAZA:AUR62031653,,plaza_only,rigidite_tige,rigidite_tige:stem
PLAZA:AUR62031670,,plaza_only,hormonal,hormonal:gibberellin
PLAZA:AUR62031689,,plaza_only,lignification,lignification:cell wall;lignification:lignin
PLAZA:AUR62031691,,plaza_only,rigidite_tige,rigidite_tige:stem
PLAZA:AUR62031722,,plaza_only,rigidite_tige,rigidite_tige:stem
PLAZA:AUR62031742,,plaza_only,lignification,lignification:cell wall;lignification:cellulose synthase
PLAZA:AUR62031746,,plaza_only,rigidite_tige,rigidite_tige:stem
PLAZA:AUR62031798,,plaza_only,lignification,lignification:cell wall
PLAZA:AUR62031799,,plaza_only,rigidite_tige,rigidite_tige:stem
PLAZA:AUR62031803,,plaza_only,rigidite_tige,rigidite_tige:stem
PLAZA:AUR62031805,,plaza_only,rigidite_tige,rigidite_tige:stem
PLAZA:AUR62031812,,plaza_only,rigidite_tige,rigidite_tige:stem
PLAZA:AUR62031824,,plaza_only,lignification,lignification:cell wall
PLAZA:AUR62031839,,plaza_only,rigidite_tige,rigidite_tige:stem
PLAZA:AUR62031854,,plaza_only,rigidite_tige,rigidite_tige:stem
PLAZA:AUR62031879,,plaza_only,rigidite_tige,rigidite_tige:stem
PLAZA:AUR62031883,,plaza_only,rigidite_tige,rigidite_tige:stem
PLAZA:AUR62031915,,plaza_only,rigidite_tige,rigidite_tige:stem
PLAZA:AUR62031978,,plaza_only,rigidite_tige,rigidite_tige:stem
PLAZA:AUR62031997,,plaza_only,lignification,lignification:cell wall
PLAZA:AUR62032026,,plaza_only,rigidite_tige,rigidite_tige:stem
PLAZA:AUR62032080,,plaza_only,rigidite_tige,rigidite_tige:stem
PLAZA:AUR62032086,,plaza_only,rigidite_tige,rigidite_tige:stem
PLAZA:AUR62032107,,plaza_only,rigidite_tige,rigidite_tige:verse
PLAZA:AUR62032108,,plaza_only,rigidite_tige,rigidite_tige:verse
PLAZA:AUR62032114,,plaza_only,rigidite_tige,rigidite_tige:stem
PLAZA:AUR62032116,,plaza_only,lignification,lignification:cell wall
PLAZA:AUR62032117,,plaza_only,lignification,lignification:cell wall
PLAZA:AUR62032120,,plaza_only,lignification,lignification:cell wall
PLAZA:AUR62032121,,plaza_only,lignification,lignification:cell wall
PLAZA:AUR62032141,,plaza_only,lignification,lignification:cell wall
PLAZA:AUR62032164,,plaza_only,rigidite_tige,rigidite_tige:stem
PLAZA:AUR62032168,,plaza_only,rigidite_tige,rigidite_tige:verse
PLAZA:AUR62032177,,plaza_only,rigidite_tige,rigidite_tige:stem
PLAZA:AUR62032201,,plaza_only,rigidite_tige,rigidite_tige:stem
PLAZA:AUR62032210,,plaza_only,lignification,lignification:cell wall
PLAZA:AUR62032242,,plaza_only,rigidite_tige,rigidite_tige:stem
PLAZA:AUR62032252,,plaza_only,rigidite_tige,rigidite_tige:stem
PLAZA:AUR62032255,,plaza_only,rigidite_tige,rigidite_tige:stem
PLAZA:AUR62032314,,plaza_only,rigidite_tige,rigidite_tige:stem
PLAZA:AUR62032315,,plaza_only,rigidite_tige,rigidite_tige:stem
PLAZA:AUR62032316,,plaza_only,rigidite_tige,rigidite_tige:stem
PLAZA:AUR62032324,,plaza_only,lignification,lignification:cell wall
PLAZA:AUR62032339,,plaza_only,rigidite_tige,rigidite_tige:stem
PLAZA:AUR62032346,,plaza_only,rigidite_tige,rigidite_tige:stem
PLAZA:AUR62032347,,plaza_only,rigidite_tige,rigidite_tige:stem
PLAZA:AUR62032349,,plaza_only,rigidite_tige,rigidite_tige:stem
PLAZA:AUR62032355,,plaza_only,rigidite_tige,rigidite_tige:stem
PLAZA:AUR62032366,,plaza_only,rigidite_tige,rigidite_tige:stem
PLAZA:AUR62032368,,plaza_only,hormonal,hormonal:gibberellin
PLAZA:AUR62032370,,plaza_only,lignification,lignification:cell wall
PLAZA:AUR62032377,,plaza_only,rigidite_tige,rigidite_tige:stem
PLAZA:AUR62032379,,plaza_only,rigidite_tige,rigidite_tige:stem
PLAZA:AUR62032384,,plaza_only,rigidite_tige,rigidite_tige:stem
PLAZA:AUR62032389,,plaza_only,rigidite_tige,rigidite_tige:stem
PLAZA:AUR62032411,,plaza_only,rigidite_tige,rigidite_tige:stem
PLAZA:AUR62032418,,plaza_only,rigidite_tige,rigidite_tige:stem
PLAZA:AUR62032425,,plaza_only,lignification,lignification:peroxidase
PLAZA:AUR62032430,,plaza_only,rigidite_tige,rigidite_tige:stem
PLAZA:AUR62032431,,plaza_only,rigidite_tige,rigidite_tige:stem
PLAZA:AUR62032432,,plaza_only,lignification,lignification:cell wall;lignification:lignin
PLAZA:AUR62032439,,plaza_only,rigidite_tige,rigidite_tige:stem
PLAZA:AUR62032441,,plaza_only,rigidite_tige,rigidite_tige:stem
PLAZA:AUR62032447,,plaza_only,rigidite_tige,rigidite_tige:stem
PLAZA:AUR62032477,,plaza_only,rigidite_tige,rigidite_tige:stem
PLAZA:AUR62032512,,plaza_only,lignification,lignification:cell wall;lignification:cellulose synthase
PLAZA:AUR62032528,,plaza_only,rigidite_tige,rigidite_tige:stem
PLAZA:AUR62032530,,plaza_only,rigidite_tige,rigidite_tige:stem
PLAZA:AUR62032553,,plaza_only,hormonal,hormonal:gibberellin
PLAZA:AUR62032570,,plaza_only,lignification,lignification:cell wall;lignification:lignin
PLAZA:AUR62032572,,plaza_only,rigidite_tige,rigidite_tige:stem
PLAZA:AUR62032605,,plaza_only,lignification,lignification:cell wall
PLAZA:AUR62032609,,plaza_only,rigidite_tige,rigidite_tige:stem
PLAZA:AUR62032631,,plaza_only,rigidite_tige,rigidite_tige:stem
PLAZA:AUR62032646,,plaza_only,rigidite_tige,rigidite_tige:stem
PLAZA:AUR62032664,,plaza_only,lignification,lignification:cell wall
PLAZA:AUR62032723,,plaza_only,rigidite_tige,rigidite_tige:stem
PLAZA:AUR62032750,,plaza_only,lignification,lignification:cell wall
PLAZA:AUR62032763,,plaza_only,rigidite_tige,rigidite_tige:stem
PLAZA:AUR62032764,,plaza_only,rigidite_tige,rigidite_tige:stem
PLAZA:AUR62032769,,plaza_only,rigidite_tige,rigidite_tige:stem
PLAZA:AUR62032772,,plaza_only,rigidite_tige,rigidite_tige:stem
PLAZA:AUR62032780,,plaza_only,lignification,lignification:cell wall
PLAZA:AUR62032795,,plaza_only,rigidite_tige,rigidite_tige:stem
PLAZA:AUR62032803,,plaza_only,rigidite_tige,rigidite_tige:stem
PLAZA:AUR62032807,,plaza_only,lignification,lignification:cell wall
PLAZA:AUR62032812,,plaza_only,lignification,lignification:cell wall;lignification:lignin
PLAZA:AUR62032815,,plaza_only,lignification,lignification:cell wall
PLAZA:AUR62032824,,plaza_only,lignification,lignification:cell wall
PLAZA:AUR62032827,,plaza_only,lignification,lignification:cell wall
PLAZA:AUR62032839,,plaza_only,rigidite_tige,rigidite_tige:stem
PLAZA:AUR62032840,,plaza_only,lignification,lignification:cell wall
PLAZA:AUR62032841,,plaza_only,lignification,lignification:cell wall
PLAZA:AUR62032877,,plaza_only,lignification,lignification:cell wall
PLAZA:AUR62032885,,plaza_only,rigidite_tige,rigidite_tige:stem
PLAZA:AUR62032911,,plaza_only,rigidite_tige,rigidite_tige:stem
PLAZA:AUR62032921,,plaza_only,rigidite_tige,rigidite_tige:stem
PLAZA:AUR62032957,,plaza_only,rigidite_tige,rigidite_tige:stem
PLAZA:AUR62032960,,plaza_only,rigidite_tige,rigidite_tige:stem
PLAZA:AUR62032987,,plaza_only,lignification,lignification:cell wall
PLAZA:AUR62032991,,plaza_only,rigidite_tige,rigidite_tige:stem
PLAZA:AUR62033021,,plaza_only,rigidite_tige,rigidite_tige:stem
PLAZA:AUR62033023,,plaza_only,rigidite_tige,rigidite_tige:stem
PLAZA:AUR62033106,,plaza_only,rigidite_tige,rigidite_tige:stem
PLAZA:AUR62033114,,plaza_only,rigidite_tige,rigidite_tige:stem
PLAZA:AUR62033142,,plaza_only,rigidite_tige,rigidite_tige:stem
PLAZA:AUR62033143,,plaza_only,rigidite_tige,rigidite_tige:stem
PLAZA:AUR62033156,,plaza_only,lignification,lignification:cell wall
PLAZA:AUR62033166,,plaza_only,rigidite_tige,rigidite_tige:stem
PLAZA:AUR62033187,,plaza_only,rigidite_tige,rigidite_tige:stem
PLAZA:AUR62033205,,plaza_only,lignification,lignification:4cl
PLAZA:AUR62033215,,plaza_only,lignification,lignification:cell wall;lignification:lignin
PLAZA:AUR62033227,,plaza_only,rigidite_tige,rigidite_tige:stem
PLAZA:AUR62033233,,plaza_only,rigidite_tige,rigidite_tige:stem
PLAZA:AUR62033243,,plaza_only,rigidite_tige,rigidite_tige:stem
PLAZA:AUR62033246,,plaza_only,rigidite_tige,rigidite_tige:stem
PLAZA:AUR62033261,,plaza_only,rigidite_tige,rigidite_tige:stem
PLAZA:AUR62033297,,plaza_only,rigidite_tige,rigidite_tige:stem
PLAZA:AUR62033362,,plaza_only,rigidite_tige,rigidite_tige:stem
PLAZA:AUR62033375,,plaza_only,rigidite_tige,rigidite_tige:stem
PLAZA:AUR62033376,,plaza_only,rigidite_tige,rigidite_tige:stem
PLAZA:AUR62033387,,plaza_only,lignification,lignification:cell wall
PLAZA:AUR62033388,,plaza_only,hormonal,hormonal:gibberellin
PLAZA:AUR62033393,,plaza_only,rigidite_tige,rigidite_tige:stem
PLAZA:AUR62033397,,plaza_only,lignification,lignification:cell wall
PLAZA:AUR62033408,,plaza_only,rigidite_tige,rigidite_tige:stem
PLAZA:AUR62033409,,plaza_only,rigidite_tige,rigidite_tige:stem
PLAZA:AUR62033418,,plaza_only,lignification,lignification:cell wall
PLAZA:AUR62033432,,plaza_only,hormonal,hormonal:brassinosteroid
PLAZA:AUR62033433,,plaza_only,hormonal;rigidite_tige,hormonal:della;hormonal:gibberellin;rigidite_tige:stalk
PLAZA:AUR62033438,,plaza_only,rigidite_tige,rigidite_tige:stem
PLAZA:AUR62033440,,plaza_only,rigidite_tige,rigidite_tige:stem
PLAZA:AUR62033493,,plaza_only,rigidite_tige,rigidite_tige:stem
PLAZA:AUR62033585,,plaza_only,rigidite_tige,rigidite_tige:stem
PLAZA:AUR62033636,,plaza_only,rigidite_tige,rigidite_tige:stem
PLAZA:AUR62033637,,plaza_only,rigidite_tige,rigidite_tige:stem
PLAZA:AUR62033641,,plaza_only,lignification,lignification:cell wall
PLAZA:AUR62033644,,plaza_only,lignification,lignification:cell wall
PLAZA:AUR62033659,,plaza_only,rigidite_tige,rigidite_tige:stem
PLAZA:AUR62033663,,plaza_only,rigidite_tige,rigidite_tige:stem
PLAZA:AUR62033697,,plaza_only,rigidite_tige,rigidite_tige:stem
PLAZA:AUR62033705,,plaza_only,lignification,lignification:peroxidase
PLAZA:AUR62033706,,plaza_only,lignification,lignification:peroxidase
PLAZA:AUR62033709,,plaza_only,rigidite_tige,rigidite_tige:stem
PLAZA:AUR62033734,,plaza_only,rigidite_tige,rigidite_tige:stem
PLAZA:AUR62033735,,plaza_only,rigidite_tige,rigidite_tige:stem
PLAZA:AUR62033787,,plaza_only,rigidite_tige,rigidite_tige:stem
PLAZA:AUR62033794,,plaza_only,rigidite_tige,rigidite_tige:stem
PLAZA:AUR62033803,,plaza_only,rigidite_tige,rigidite_tige:stem
PLAZA:AUR62033809,,plaza_only,rigidite_tige,rigidite_tige:stem
PLAZA:AUR62033820,,plaza_only,rigidite_tige,rigidite_tige:stem
PLAZA:AUR62033853,,plaza_only,rigidite_tige,rigidite_tige:stem
PLAZA:AUR62033862,,plaza_only,rigidite_tige,rigidite_tige:stem
PLAZA:AUR62033865,,plaza_only,rigidite_tige,rigidite_tige:stem
PLAZA:AUR62033936,,plaza_only,rigidite_tige,rigidite_tige:stem
PLAZA:AUR62033940,,plaza_only,rigidite_tige,rigidite_tige:stem
PLAZA:AUR62033977,,plaza_only,lignification,lignification:cell wall
PLAZA:AUR62034024,,plaza_only,rigidite_tige,rigidite_tige:stem
PLAZA:AUR62034029,,plaza_only,rigidite_tige,rigidite_tige:stem
PLAZA:AUR62034083,,plaza_only,lignification,lignification:cell wall
PLAZA:AUR62034096,,plaza_only,rigidite_tige,rigidite_tige:verse
PLAZA:AUR62034110,,plaza_only,rigidite_tige,rigidite_tige:stem
PLAZA:AUR62034121,,plaza_only,rigidite_tige,rigidite_tige:stem
PLAZA:AUR62034147,,plaza_only,rigidite_tige,rigidite_tige:stem
PLAZA:AUR62034153,,plaza_only,rigidite_tige,rigidite_tige:stem
PLAZA:AUR62034161,,plaza_only,rigidite_tige,rigidite_tige:stem
PLAZA:AUR62034163,,plaza_only,rigidite_tige,rigidite_tige:stem
PLAZA:AUR62034170,,plaza_only,rigidite_tige,rigidite_tige:stem
PLAZA:AUR62034258,,plaza_only,lignification,lignification:cell wall
PLAZA:AUR62034259,,plaza_only,rigidite_tige,rigidite_tige:stem
PLAZA:AUR62034260,,plaza_only,lignification,lignification:cell wall
PLAZA:AUR62034283,,plaza_only,rigidite_tige,rigidite_tige:stem
PLAZA:AUR62034284,,plaza_only,rigidite_tige,rigidite_tige:stem
PLAZA:AUR62034296,,plaza_only,lignification,lignification:cell wall
PLAZA:AUR62034354,,plaza_only,rigidite_tige,rigidite_tige:stem
PLAZA:AUR62034357,,plaza_only,rigidite_tige,rigidite_tige:stem
PLAZA:AUR62034381,,plaza_only,hormonal,hormonal:brassinosteroid
PLAZA:AUR62034441,,plaza_only,rigidite_tige,rigidite_tige:stem
PLAZA:AUR62034444,,plaza_only,lignification,lignification:cell wall
PLAZA:AUR62034449,,plaza_only,rigidite_tige,rigidite_tige:stem
PLAZA:AUR62034478,,plaza_only,rigidite_tige,rigidite_tige:stem
PLAZA:AUR62034483,,plaza_only,hormonal,hormonal:gibberellin
PLAZA:AUR62034517,,plaza_only,rigidite_tige,rigidite_tige:stem
PLAZA:AUR62034523,,plaza_only,lignification,lignification:cell wall
PLAZA:AUR62034524,,plaza_only,lignification,lignification:cell wall
PLAZA:AUR62034529,,plaza_only,rigidite_tige,rigidite_tige:stem
PLAZA:AUR62034533,,plaza_only,lignification,lignification:cell wall
PLAZA:AUR62034584,,plaza_only,rigidite_tige,rigidite_tige:stem
PLAZA:AUR62034591,,plaza_only,hormonal,hormonal:gibberellin
PLAZA:AUR62034596,,plaza_only,hormonal,hormonal:brassinosteroid
PLAZA:AUR62034598,,plaza_only,rigidite_tige,rigidite_tige:stem
PLAZA:AUR62034605,,plaza_only,rigidite_tige,rigidite_tige:stem
PLAZA:AUR62034667,,plaza_only,rigidite_tige,rigidite_tige:stem
PLAZA:AUR62034705,,plaza_only,rigidite_tige,rigidite_tige:stem
PLAZA:AUR62034706,,plaza_only,rigidite_tige,rigidite_tige:stem
PLAZA:AUR62034724,,plaza_only,rigidite_tige,rigidite_tige:stem
PLAZA:AUR62034728,,plaza_only,rigidite_tige,rigidite_tige:stem
PLAZA:AUR62034738,,plaza_only,lignification,lignification:cell wall
PLAZA:AUR62034746,,plaza_only,rigidite_tige,rigidite_tige:stem
PLAZA:AUR62034778,,plaza_only,rigidite_tige,rigidite_tige:stem
PLAZA:AUR62034785,,plaza_only,lignification,lignification:cell wall;lignification:lignin
PLAZA:AUR62034792,,plaza_only,rigidite_tige,rigidite_tige:stem
PLAZA:AUR62034814,,plaza_only,rigidite_tige,rigidite_tige:stem
PLAZA:AUR62034820,,plaza_only,rigidite_tige,rigidite_tige:stem
PLAZA:AUR62034824,,plaza_only,rigidite_tige,rigidite_tige:stem
PLAZA:AUR62034826,,plaza_only,lignification,lignification:cell wall
PLAZA:AUR62034834,,plaza_only,rigidite_tige,rigidite_tige:stem
PLAZA:AUR62034881,,plaza_only,rigidite_tige,rigidite_tige:stem
PLAZA:AUR62034886,,plaza_only,rigidite_tige,rigidite_tige:stem
PLAZA:AUR62034898,,plaza_only,rigidite_tige,rigidite_tige:stem
PLAZA:AUR62034952,,plaza_only,rigidite_tige,rigidite_tige:stem
PLAZA:AUR62034971,,plaza_only,lignification,lignification:cell wall
PLAZA:AUR62034990,,plaza_only,lignification,lignification:cell wall
PLAZA:AUR62034998,,plaza_only,rigidite_tige,rigidite_tige:stem
PLAZA:AUR62035046,,plaza_only,lignification,lignification:cell wall
PLAZA:AUR62035069,,plaza_only,lignification,lignification:cell wall
PLAZA:AUR62035102,,plaza_only,rigidite_tige,rigidite_tige:stem
PLAZA:AUR62035123,,plaza_only,rigidite_tige,rigidite_tige:stem
PLAZA:AUR62035142,,plaza_only,rigidite_tige,rigidite_tige:stem
PLAZA:AUR62035166,,plaza_only,rigidite_tige,rigidite_tige:stem
PLAZA:AUR62035189,,plaza_only,rigidite_tige,rigidite_tige:stem
PLAZA:AUR62035196,,plaza_only,rigidite_tige,rigidite_tige:stem
PLAZA:AUR62035224,,plaza_only,rigidite_tige,rigidite_tige:stem
PLAZA:AUR62035226,,plaza_only,lignification,lignification:cell wall
PLAZA:AUR62035236,,plaza_only,lignification,lignification:peroxidase
PLAZA:AUR62035240,,plaza_only,lignification,lignification:cell wall
PLAZA:AUR62035244,,plaza_only,rigidite_tige,rigidite_tige:stem
PLAZA:AUR62035246,,plaza_only,hormonal,hormonal:gibberellin
PLAZA:AUR62035261,,plaza_only,rigidite_tige,rigidite_tige:stem
PLAZA:AUR62035264,,plaza_only,rigidite_tige,rigidite_tige:stem
PLAZA:AUR62035274,,plaza_only,rigidite_tige,rigidite_tige:stem
PLAZA:AUR62035281,,plaza_only,lignification,lignification:cell wall
PLAZA:AUR62035282,,plaza_only,rigidite_tige,rigidite_tige:stem
PLAZA:AUR62035304,,plaza_only,lignification,lignification:cell wall
PLAZA:AUR62035324,,plaza_only,rigidite_tige,rigidite_tige:stem
PLAZA:AUR62035330,,plaza_only,rigidite_tige,rigidite_tige:stem
PLAZA:AUR62035392,,plaza_only,rigidite_tige,rigidite_tige:stem
PLAZA:AUR62035408,,plaza_only,rigidite_tige,rigidite_tige:stem
PLAZA:AUR62035434,,plaza_only,hormonal,hormonal:brassinosteroid
PLAZA:AUR62035454,,plaza_only,rigidite_tige,rigidite_tige:stem
PLAZA:AUR62035488,,plaza_only,rigidite_tige,rigidite_tige:stem
PLAZA:AUR62035499,,plaza_only,lignification,lignification:cell wall
PLAZA:AUR62035505,,plaza_only,rigidite_tige,rigidite_tige:stem
PLAZA:AUR62035556,,plaza_only,rigidite_tige,rigidite_tige:stem
PLAZA:AUR62035589,,plaza_only,lignification,lignification:cell wall
PLAZA:AUR62035635,,plaza_only,lignification,lignification:cell wall
PLAZA:AUR62035639,,plaza_only,rigidite_tige,rigidite_tige:stem
PLAZA:AUR62035640,,plaza_only,rigidite_tige,rigidite_tige:stem
PLAZA:AUR62035644,,plaza_only,rigidite_tige,rigidite_tige:stem
PLAZA:AUR62035653,,plaza_only,rigidite_tige,rigidite_tige:stem
PLAZA:AUR62035656,,plaza_only,rigidite_tige,rigidite_tige:stem
PLAZA:AUR62035671,,plaza_only,lignification,lignification:cell wall
PLAZA:AUR62035681,,plaza_only,rigidite_tige,rigidite_tige:stem
PLAZA:AUR62035682,,plaza_only,rigidite_tige,rigidite_tige:stem
PLAZA:AUR62035696,,plaza_only,rigidite_tige,rigidite_tige:stem
PLAZA:AUR62035721,,plaza_only,hormonal,hormonal:brassinosteroid
PLAZA:AUR62035760,,plaza_only,rigidite_tige,rigidite_tige:stem
PLAZA:AUR62035761,,plaza_only,rigidite_tige,rigidite_tige:stem
PLAZA:AUR62035781,,plaza_only,rigidite_tige,rigidite_tige:stem
PLAZA:AUR62035785,,plaza_only,rigidite_tige,rigidite_tige:stem
PLAZA:AUR62035913,,plaza_only,rigidite_tige,rigidite_tige:stem
PLAZA:AUR62035925,,plaza_only,rigidite_tige,rigidite_tige:stem
PLAZA:AUR62035937,,plaza_only,lignification,lignification:cell wall
PLAZA:AUR62035938,,plaza_only,lignification,lignification:cell wall
PLAZA:AUR62035979,,plaza_only,rigidite_tige,rigidite_tige:stem
PLAZA:AUR62035998,,plaza_only,rigidite_tige,rigidite_tige:stem
PLAZA:AUR62036007,,plaza_only,rigidite_tige,rigidite_tige:stem
PLAZA:AUR62036043,,plaza_only,rigidite_tige,rigidite_tige:stem
PLAZA:AUR62036052,,plaza_only,rigidite_tige,rigidite_tige:stem
PLAZA:AUR62036074,,plaza_only,lignification,lignification:cell wall
PLAZA:AUR62036079,,plaza_only,rigidite_tige,rigidite_tige:stem
PLAZA:AUR62036101,,plaza_only,lignification,lignification:cell wall
PLAZA:AUR62036115,,plaza_only,lignification,lignification:cell wall
PLAZA:AUR62036116,,plaza_only,hormonal,hormonal:brassinosteroid
PLAZA:AUR62036119,,plaza_only,rigidite_tige,rigidite_tige:stem
PLAZA:AUR62036129,,plaza_only,rigidite_tige,rigidite_tige:stem
PLAZA:AUR62036138,,plaza_only,lignification,lignification:cell wall
PLAZA:AUR62036141,,plaza_only,rigidite_tige,rigidite_tige:stem
PLAZA:AUR62036152,,plaza_only,rigidite_tige,rigidite_tige:stem
PLAZA:AUR62036157,,plaza_only,rigidite_tige,rigidite_tige:stem
PLAZA:AUR62036179,,plaza_only,rigidite_tige,rigidite_tige:stem
PLAZA:AUR62036180,,plaza_only,rigidite_tige,rigidite_tige:stem
PLAZA:AUR62036193,,plaza_only,rigidite_tige,rigidite_tige:stem
PLAZA:AUR62036199,,plaza_only,rigidite_tige,rigidite_tige:stem
PLAZA:AUR62036227,,plaza_only,rigidite_tige,rigidite_tige:stem
PLAZA:AUR62036234,,plaza_only,rigidite_tige,rigidite_tige:stem
PLAZA:AUR62036244,,plaza_only,rigidite_tige,rigidite_tige:stem
PLAZA:AUR62036297,,plaza_only,rigidite_tige,rigidite_tige:stem
PLAZA:AUR62036336,,plaza_only,rigidite_tige,rigidite_tige:stem
PLAZA:AUR62036344,,plaza_only,rigidite_tige,rigidite_tige:stem
PLAZA:AUR62036368,,plaza_only,rigidite_tige,rigidite_tige:stem
PLAZA:AUR62036370,,plaza_only,rigidite_tige,rigidite_tige:stem
PLAZA:AUR62036420,,plaza_only,lignification,lignification:cell wall
PLAZA:AUR62036426,,plaza_only,lignification,lignification:cell wall
PLAZA:AUR62036457,,plaza_only,lignification,lignification:cell wall
PLAZA:AUR62036469,,plaza_only,lignification,lignification:cell wall
PLAZA:AUR62036471,,plaza_only,rigidite_tige,rigidite_tige:stem
PLAZA:AUR62036485,,plaza_only,rigidite_tige,rigidite_tige:stem
PLAZA:AUR62036489,,plaza_only,rigidite_tige,rigidite_tige:stem
PLAZA:AUR62036503,,plaza_only,rigidite_tige,rigidite_tige:stem
PLAZA:AUR62036508,,plaza_only,rigidite_tige,rigidite_tige:stem
PLAZA:AUR62036515,,plaza_only,lignification,lignification:cell wall
PLAZA:AUR62036612,,plaza_only,rigidite_tige,rigidite_tige:stem
PLAZA:AUR62036615,,plaza_only,rigidite_tige,rigidite_tige:stem
PLAZA:AUR62036619,,plaza_only,lignification,lignification:cell wall;lignification:cellulose synthase
PLAZA:AUR62036630,,plaza_only,lignification,lignification:cell wall;lignification:cellulose synthase
PLAZA:AUR62036666,,plaza_only,rigidite_tige,rigidite_tige:stem
PLAZA:AUR62036673,,plaza_only,hormonal,hormonal:brassinosteroid
PLAZA:AUR62036678,,plaza_only,hormonal,hormonal:gibberellin
PLAZA:AUR62036689,,plaza_only,rigidite_tige,rigidite_tige:stem
PLAZA:AUR62036692,,plaza_only,rigidite_tige,rigidite_tige:stem
PLAZA:AUR62036695,,plaza_only,rigidite_tige,rigidite_tige:stem
PLAZA:AUR62036696,,plaza_only,rigidite_tige,rigidite_tige:stem
PLAZA:AUR62036728,,plaza_only,rigidite_tige,rigidite_tige:stem
PLAZA:AUR62036783,,plaza_only,rigidite_tige,rigidite_tige:stem
PLAZA:AUR62036788,,plaza_only,lignification,lignification:peroxidase
PLAZA:AUR62036810,,plaza_only,rigidite_tige,rigidite_tige:stem
PLAZA:AUR62036815,,plaza_only,rigidite_tige,rigidite_tige:stem
PLAZA:AUR62036817,,plaza_only,lignification,lignification:cell wall
PLAZA:AUR62036831,,plaza_only,rigidite_tige,rigidite_tige:stem
PLAZA:AUR62036844,,plaza_only,rigidite_tige,rigidite_tige:stem
PLAZA:AUR62036890,,plaza_only,hormonal,hormonal:brassinosteroid
PLAZA:AUR62036922,,plaza_only,rigidite_tige,rigidite_tige:stem
PLAZA:AUR62036937,,plaza_only,rigidite_tige,rigidite_tige:stem
PLAZA:AUR62036981,,plaza_only,lignification,lignification:cell wall;lignification:lignin
PLAZA:AUR62036999,,plaza_only,lignification,lignification:cell wall
PLAZA:AUR62037020,,plaza_only,rigidite_tige,rigidite_tige:stem
PLAZA:AUR62037021,,plaza_only,rigidite_tige,rigidite_tige:stem
PLAZA:AUR62037024,,plaza_only,rigidite_tige,rigidite_tige:stem
PLAZA:AUR62037031,,plaza_only,rigidite_tige,rigidite_tige:stem
PLAZA:AUR62037058,,plaza_only,lignification,lignification:cell wall
PLAZA:AUR62037059,,plaza_only,lignification,lignification:cell wall
PLAZA:AUR62037086,,plaza_only,rigidite_tige,rigidite_tige:stem
PLAZA:AUR62037087,,plaza_only,rigidite_tige,rigidite_tige:stem
PLAZA:AUR62037089,,plaza_only,rigidite_tige,rigidite_tige:stem
PLAZA:AUR62037091,,plaza_only,rigidite_tige,rigidite_tige:stem
PLAZA:AUR62037102,,plaza_only,lignification,lignification:cell wall
PLAZA:AUR62037104,,plaza_only,rigidite_tige,rigidite_tige:stem
PLAZA:AUR62037119,,plaza_only,rigidite_tige,rigidite_tige:stem
PLAZA:AUR62037125,,plaza_only,rigidite_tige,rigidite_tige:stem
PLAZA:AUR62037141,,plaza_only,rigidite_tige,rigidite_tige:stem
PLAZA:AUR62037163,,plaza_only,rigidite_tige,rigidite_tige:stem
PLAZA:AUR62037165,,plaza_only,rigidite_tige,rigidite_tige:stem
PLAZA:AUR62037201,,plaza_only,rigidite_tige,rigidite_tige:stem
PLAZA:AUR62037202,,plaza_only,rigidite_tige,rigidite_tige:stem
PLAZA:AUR62037203,,plaza_only,rigidite_tige,rigidite_tige:stem
PLAZA:AUR62037207,,plaza_only,rigidite_tige,rigidite_tige:stem
PLAZA:AUR62037216,,plaza_only,lignification,lignification:cell wall
PLAZA:AUR62037220,,plaza_only,rigidite_tige,rigidite_tige:stem
PLAZA:AUR62037221,,plaza_only,rigidite_tige,rigidite_tige:stem
PLAZA:AUR62037257,,plaza_only,rigidite_tige,rigidite_tige:stem
PLAZA:AUR62037266,,plaza_only,lignification,lignification:cell wall
PLAZA:AUR62037308,,plaza_only,rigidite_tige,rigidite_tige:stem
PLAZA:AUR62037329,,plaza_only,rigidite_tige,rigidite_tige:stem
PLAZA:AUR62037332,,plaza_only,lignification,lignification:cell wall
PLAZA:AUR62037339,,plaza_only,lignification,lignification:cell wall;lignification:cellulose synthase
PLAZA:AUR62037354,,plaza_only,rigidite_tige,rigidite_tige:stem
PLAZA:AUR62037361,,plaza_only,lignification,lignification:cell wall
PLAZA:AUR62037449,,plaza_only,rigidite_tige,rigidite_tige:stem
PLAZA:AUR62037468,,plaza_only,rigidite_tige,rigidite_tige:stem
PLAZA:AUR62037479,,plaza_only,rigidite_tige,rigidite_tige:stem
PLAZA:AUR62037480,,plaza_only,rigidite_tige,rigidite_tige:stem
PLAZA:AUR62037482,,plaza_only,lignification,lignification:cell wall
PLAZA:AUR62037485,,plaza_only,lignification,lignification:cell wall
PLAZA:AUR62037494,,plaza_only,rigidite_tige,rigidite_tige:verse
PLAZA:AUR62037524,,plaza_only,rigidite_tige,rigidite_tige:stem
PLAZA:AUR62037576,,plaza_only,rigidite_tige,rigidite_tige:stem
PLAZA:AUR62037620,,plaza_only,lignification,lignification:cell wall
PLAZA:AUR62037625,,plaza_only,rigidite_tige,rigidite_tige:stem
PLAZA:AUR62037651,,plaza_only,rigidite_tige,rigidite_tige:verse
PLAZA:AUR62037665,,plaza_only,rigidite_tige,rigidite_tige:stem
PLAZA:AUR62037668,,plaza_only,rigidite_tige,rigidite_tige:stem
PLAZA:AUR62037702,,plaza_only,rigidite_tige,rigidite_tige:stem
PLAZA:AUR62037713,,plaza_only,rigidite_tige,rigidite_tige:stem
PLAZA:AUR62037741,,plaza_only,rigidite_tige,rigidite_tige:stem
PLAZA:AUR62037752,,plaza_only,rigidite_tige,rigidite_tige:stem
PLAZA:AUR62037762,,plaza_only,rigidite_tige,rigidite_tige:stem
PLAZA:AUR62037765,,plaza_only,lignification,lignification:cell wall
PLAZA:AUR62037798,,plaza_only,rigidite_tige,rigidite_tige:stem
PLAZA:AUR62037820,,plaza_only,rigidite_tige,rigidite_tige:stem
PLAZA:AUR62037885,,plaza_only,lignification,lignification:cell wall
PLAZA:AUR62037910,,plaza_only,rigidite_tige,rigidite_tige:stem
PLAZA:AUR62037916,,plaza_only,lignification,lignification:cell wall
PLAZA:AUR62037922,,plaza_only,rigidite_tige,rigidite_tige:stem
PLAZA:AUR62037966,,plaza_only,rigidite_tige,rigidite_tige:stem
PLAZA:AUR62037969,,plaza_only,rigidite_tige,rigidite_tige:stem
PLAZA:AUR62037970,,plaza_only,rigidite_tige,rigidite_tige:stem
PLAZA:AUR62037982,,plaza_only,lignification,lignification:cell wall
PLAZA:AUR62037992,,plaza_only,hormonal,hormonal:gibberellin
PLAZA:AUR62038005,,plaza_only,rigidite_tige,rigidite_tige:stem
PLAZA:AUR62038039,,plaza_only,lignification,lignification:cell wall
PLAZA:AUR62038045,,plaza_only,rigidite_tige,rigidite_tige:stem
PLAZA:AUR62038056,,plaza_only,rigidite_tige,rigidite_tige:stem
PLAZA:AUR62038061,,plaza_only,hormonal,hormonal:gibberellin
PLAZA:AUR62038064,,plaza_only,lignification,lignification:cell wall
PLAZA:AUR62038065,,plaza_only,rigidite_tige,rigidite_tige:stem
PLAZA:AUR62038105,,plaza_only,rigidite_tige,rigidite_tige:stem
PLAZA:AUR62038108,,plaza_only,rigidite_tige,rigidite_tige:stem
PLAZA:AUR62038109,,plaza_only,lignification,lignification:cell wall
PLAZA:AUR62038131,,plaza_only,lignification,lignification:cell wall
PLAZA:AUR62038135,,plaza_only,rigidite_tige,rigidite_tige:stem
PLAZA:AUR62038136,,plaza_only,lignification,lignification:cell wall
PLAZA:AUR62038141,,plaza_only,rigidite_tige,rigidite_tige:stem
PLAZA:AUR62038142,,plaza_only,lignification,lignification:cell wall
PLAZA:AUR62038182,,plaza_only,rigidite_tige,rigidite_tige:stem
PLAZA:AUR62038187,,plaza_only,hormonal,hormonal:gibberellin
PLAZA:AUR62038190,,plaza_only,lignification,lignification:cell wall
PLAZA:AUR62038191,,plaza_only,rigidite_tige,rigidite_tige:stem
PLAZA:AUR62038212,,plaza_only,rigidite_tige,rigidite_tige:stem
PLAZA:AUR62038215,,plaza_only,rigidite_tige,rigidite_tige:stem
PLAZA:AUR62038222,,plaza_only,lignification,lignification:cell wall
PLAZA:AUR62038231,,plaza_only,rigidite_tige,rigidite_tige:stem
PLAZA:AUR62038239,,plaza_only,lignification,lignification:cell wall
PLAZA:AUR62038244,,plaza_only,rigidite_tige,rigidite_tige:stem
PLAZA:AUR62038247,,plaza_only,rigidite_tige,rigidite_tige:stem
PLAZA:AUR62038269,,plaza_only,rigidite_tige,rigidite_tige:stem
PLAZA:AUR62038272,,plaza_only,lignification,lignification:cell wall
PLAZA:AUR62038289,,plaza_only,lignification,lignification:cell wall
PLAZA:AUR62038302,,plaza_only,rigidite_tige,rigidite_tige:stem
PLAZA:AUR62038358,,plaza_only,rigidite_tige,rigidite_tige:stem
PLAZA:AUR62038363,,plaza_only,rigidite_tige,rigidite_tige:stem
PLAZA:AUR62038365,,plaza_only,rigidite_tige,rigidite_tige:stem
PLAZA:AUR62038409,,plaza_only,rigidite_tige,rigidite_tige:stem
PLAZA:AUR62038436,,plaza_only,rigidite_tige,rigidite_tige:stem
PLAZA:AUR62038470,,plaza_only,rigidite_tige,rigidite_tige:stem
PLAZA:AUR62038475,,plaza_only,rigidite_tige,rigidite_tige:stem
PLAZA:AUR62038501,,plaza_only,lignification,lignification:cell wall
PLAZA:AUR62038519,,plaza_only,rigidite_tige,rigidite_tige:verse
PLAZA:AUR62038545,,plaza_only,rigidite_tige,rigidite_tige:stem
PLAZA:AUR62038552,,plaza_only,lignification,lignification:cell wall
PLAZA:AUR62038567,,plaza_only,rigidite_tige,rigidite_tige:stem
PLAZA:AUR62038585,,plaza_only,rigidite_tige,rigidite_tige:stem
PLAZA:AUR62038596,,plaza_only,lignification,lignification:cell wall
PLAZA:AUR62038602,,plaza_only,rigidite_tige,rigidite_tige:stem
PLAZA:AUR62038630,,plaza_only,rigidite_tige,rigidite_tige:stem
PLAZA:AUR62038656,,plaza_only,rigidite_tige,rigidite_tige:stem
PLAZA:AUR62038693,,plaza_only,hormonal,hormonal:gibberellin
PLAZA:AUR62038706,,plaza_only,lignification,lignification:cell wall
PLAZA:AUR62038711,,plaza_only,rigidite_tige,rigidite_tige:stem
PLAZA:AUR62038714,,plaza_only,lignification,lignification:cell wall
PLAZA:AUR62038728,,plaza_only,rigidite_tige,rigidite_tige:stem
PLAZA:AUR62038747,,plaza_only,rigidite_tige,rigidite_tige:stem
PLAZA:AUR62038754,,plaza_only,lignification,lignification:cell wall
PLAZA:AUR62038761,,plaza_only,lignification,lignification:cell wall
PLAZA:AUR62038779,,plaza_only,rigidite_tige,rigidite_tige:stem
PLAZA:AUR62038781,,plaza_only,rigidite_tige,rigidite_tige:stem
PLAZA:AUR62038831,,plaza_only,rigidite_tige,rigidite_tige:stem
PLAZA:AUR62038834,,plaza_only,lignification,lignification:cell wall
PLAZA:AUR62038854,,plaza_only,rigidite_tige,rigidite_tige:stem
PLAZA:AUR62038864,,plaza_only,rigidite_tige,rigidite_tige:stem
PLAZA:AUR62038868,,plaza_only,lignification,lignification:cell wall
PLAZA:AUR62038888,,plaza_only,lignification,lignification:cell wall
PLAZA:AUR62038895,,plaza_only,rigidite_tige,rigidite_tige:stem
PLAZA:AUR62038896,,plaza_only,rigidite_tige,rigidite_tige:stem
PLAZA:AUR62038934,,plaza_only,rigidite_tige,rigidite_tige:stem
PLAZA:AUR62038947,,plaza_only,rigidite_tige,rigidite_tige:stem
PLAZA:AUR62038960,,plaza_only,lignification,lignification:cell wall
PLAZA:AUR62038970,,plaza_only,lignification,lignification:cell wall
PLAZA:AUR62038971,,plaza_only,rigidite_tige,rigidite_tige:stem
PLAZA:AUR62038984,,plaza_only,rigidite_tige,rigidite_tige:stem
PLAZA:AUR62039007,,plaza_only,rigidite_tige,rigidite_tige:stem
PLAZA:AUR62039038,,plaza_only,rigidite_tige,rigidite_tige:stem
PLAZA:AUR62039046,,plaza_only,lignification,lignification:cell wall
PLAZA:AUR62039047,,plaza_only,rigidite_tige,rigidite_tige:stem
PLAZA:AUR62039057,,plaza_only,lignification,lignification:cell wall
PLAZA:AUR62039058,,plaza_only,lignification,lignification:cell wall
PLAZA:AUR62039075,,plaza_only,lignification,lignification:cell wall;lignification:lignin
PLAZA:AUR62039089,,plaza_only,rigidite_tige,rigidite_tige:stem
PLAZA:AUR62039090,,plaza_only,rigidite_tige,rigidite_tige:stem
PLAZA:AUR62039091,,plaza_only,rigidite_tige,rigidite_tige:stem
PLAZA:AUR62039095,,plaza_only,rigidite_tige,rigidite_tige:stem
PLAZA:AUR62039096,,plaza_only,rigidite_tige,rigidite_tige:stem
PLAZA:AUR62039109,,plaza_only,rigidite_tige,rigidite_tige:stem
PLAZA:AUR62039112,,plaza_only,lignification,lignification:cell wall
PLAZA:AUR62039206,,plaza_only,rigidite_tige,rigidite_tige:stem
PLAZA:AUR62039222,,plaza_only,lignification,lignification:cell wall
PLAZA:AUR62039229,,plaza_only,lignification,lignification:cell wall
PLAZA:AUR62039276,,plaza_only,lignification,lignification:cell wall
PLAZA:AUR62039291,,plaza_only,rigidite_tige,rigidite_tige:stem
PLAZA:AUR62039353,,plaza_only,lignification,lignification:cell wall
PLAZA:AUR62039364,,plaza_only,lignification,lignification:cell wall
PLAZA:AUR62039383,,plaza_only,rigidite_tige,rigidite_tige:stem
PLAZA:AUR62039397,,plaza_only,rigidite_tige,rigidite_tige:stem
PLAZA:AUR62039425,,plaza_only,rigidite_tige,rigidite_tige:stem
PLAZA:AUR62039449,,plaza_only,rigidite_tige,rigidite_tige:stem
PLAZA:AUR62039456,,plaza_only,hormonal,hormonal:brassinosteroid
PLAZA:AUR62039481,,plaza_only,rigidite_tige,rigidite_tige:stem
PLAZA:AUR62039488,,plaza_only,rigidite_tige,rigidite_tige:stem
PLAZA:AUR62039493,,plaza_only,hormonal,hormonal:brassinosteroid
PLAZA:AUR62039499,,plaza_only,rigidite_tige,rigidite_tige:stem
PLAZA:AUR62039506,,plaza_only,rigidite_tige,rigidite_tige:stem
PLAZA:AUR62039523,,plaza_only,hormonal;rigidite_tige,hormonal:della;hormonal:gibberellin;rigidite_tige:stalk
PLAZA:AUR62039553,,plaza_only,lignification,lignification:cell wall
PLAZA:AUR62039623,,plaza_only,rigidite_tige,rigidite_tige:stem
PLAZA:AUR62039629,,plaza_only,rigidite_tige,rigidite_tige:stem
PLAZA:AUR62039657,,plaza_only,rigidite_tige,rigidite_tige:stem
PLAZA:AUR62039659,,plaza_only,lignification,lignification:cell wall
PLAZA:AUR62039660,,plaza_only,lignification,lignification:cell wall
PLAZA:AUR62039665,,plaza_only,lignification,lignification:cell wall
PLAZA:AUR62039710,,plaza_only,rigidite_tige,rigidite_tige:stem
PLAZA:AUR62039748,,plaza_only,rigidite_tige,rigidite_tige:stem
PLAZA:AUR62039749,,plaza_only,rigidite_tige,rigidite_tige:stem
PLAZA:AUR62039755,,plaza_only,lignification,lignification:cell wall
PLAZA:AUR62039779,,plaza_only,rigidite_tige,rigidite_tige:stem
PLAZA:AUR62039780,,plaza_only,rigidite_tige,rigidite_tige:stem
PLAZA:AUR62039834,,plaza_only,rigidite_tige,rigidite_tige:stem
PLAZA:AUR62039838,,plaza_only,rigidite_tige,rigidite_tige:stem
PLAZA:AUR62039867,,plaza_only,rigidite_tige,rigidite_tige:stem
PLAZA:AUR62039871,,plaza_only,rigidite_tige,rigidite_tige:stem
PLAZA:AUR62039872,,plaza_only,rigidite_tige,rigidite_tige:stem
PLAZA:AUR62039898,,plaza_only,rigidite_tige,rigidite_tige:stem
PLAZA:AUR62039925,,plaza_only,rigidite_tige,rigidite_tige:stem
PLAZA:AUR62039936,,plaza_only,rigidite_tige,rigidite_tige:stem
PLAZA:AUR62039945,,plaza_only,rigidite_tige,rigidite_tige:stem
PLAZA:AUR62039946,,plaza_only,rigidite_tige,rigidite_tige:stem
PLAZA:AUR62039955,,plaza_only,rigidite_tige,rigidite_tige:stem
PLAZA:AUR62039965,,plaza_only,rigidite_tige,rigidite_tige:stem
PLAZA:AUR62039966,,plaza_only,rigidite_tige,rigidite_tige:stem
PLAZA:AUR62039974,,plaza_only,rigidite_tige,rigidite_tige:stem
PLAZA:AUR62039977,,plaza_only,rigidite_tige,rigidite_tige:stem
PLAZA:AUR62039996,,plaza_only,rigidite_tige,rigidite_tige:stem
PLAZA:AUR62039999,,plaza_only,lignification,lignification:cell wall
PLAZA:AUR62040001,,plaza_only,rigidite_tige,rigidite_tige:stem
PLAZA:AUR62040018,,plaza_only,rigidite_tige,rigidite_tige:stem
PLAZA:AUR62040022,,plaza_only,rigidite_tige,rigidite_tige:stem
PLAZA:AUR62040043,,plaza_only,rigidite_tige,rigidite_tige:stem
PLAZA:AUR62040051,,plaza_only,rigidite_tige,rigidite_tige:stem
PLAZA:AUR62040052,,plaza_only,lignification,lignification:cell wall
PLAZA:AUR62040073,,plaza_only,rigidite_tige,rigidite_tige:stem
PLAZA:AUR62040084,,plaza_only,rigidite_tige,rigidite_tige:stem
PLAZA:AUR62040107,,plaza_only,lignification,lignification:cell wall
PLAZA:AUR62040162,,plaza_only,rigidite_tige,rigidite_tige:stem
PLAZA:AUR62040167,,plaza_only,lignification,lignification:cell wall
PLAZA:AUR62040168,,plaza_only,lignification,lignification:cell wall
PLAZA:AUR62040177,,plaza_only,rigidite_tige,rigidite_tige:stem
PLAZA:AUR62040183,,plaza_only,hormonal,hormonal:gibberellin
PLAZA:AUR62040202,,plaza_only,rigidite_tige,rigidite_tige:stem
PLAZA:AUR62040205,,plaza_only,rigidite_tige,rigidite_tige:stem
PLAZA:AUR62040237,,plaza_only,lignification,lignification:cell wall
PLAZA:AUR62040248,,plaza_only,rigidite_tige,rigidite_tige:stem
PLAZA:AUR62040250,,plaza_only,rigidite_tige,rigidite_tige:stem
PLAZA:AUR62040254,,plaza_only,rigidite_tige,rigidite_tige:stem
PLAZA:AUR62040266,,plaza_only,rigidite_tige,rigidite_tige:stem
PLAZA:AUR62040282,,plaza_only,rigidite_tige,rigidite_tige:stem
PLAZA:AUR62040286,,plaza_only,rigidite_tige,rigidite_tige:stem
PLAZA:AUR62040291,,plaza_only,rigidite_tige,rigidite_tige:stem
PLAZA:AUR62040302,,plaza_only,rigidite_tige,rigidite_tige:stem
PLAZA:AUR62040307,,plaza_only,rigidite_tige,rigidite_tige:stem
PLAZA:AUR62040308,,plaza_only,rigidite_tige,rigidite_tige:stem
PLAZA:AUR62040310,,plaza_only,lignification,lignification:4cl
PLAZA:AUR62040361,,plaza_only,rigidite_tige,rigidite_tige:stem
PLAZA:AUR62040363,,plaza_only,rigidite_tige,rigidite_tige:stem
PLAZA:AUR62040372,,plaza_only,rigidite_tige,rigidite_tige:stem
PLAZA:AUR62040389,,plaza_only,lignification,lignification:cell wall
PLAZA:AUR62040407,,plaza_only,lignification,lignification:cell wall
PLAZA:AUR62040420,,plaza_only,rigidite_tige,rigidite_tige:stem
PLAZA:AUR62040492,,plaza_only,rigidite_tige,rigidite_tige:stem
PLAZA:AUR62040508,,plaza_only,rigidite_tige,rigidite_tige:stem
PLAZA:AUR62040511,,plaza_only,lignification,lignification:cell wall
PLAZA:AUR62040530,,plaza_only,rigidite_tige,rigidite_tige:stem
PLAZA:AUR62040542,,plaza_only,rigidite_tige,rigidite_tige:stem
PLAZA:AUR62040547,,plaza_only,rigidite_tige,rigidite_tige:stem
PLAZA:AUR62040561,,plaza_only,rigidite_tige,rigidite_tige:stem
PLAZA:AUR62040563,,plaza_only,lignification,lignification:cell wall
PLAZA:AUR62040576,,plaza_only,rigidite_tige,rigidite_tige:stem
PLAZA:AUR62040589,,plaza_only,lignification,lignification:cell wall;lignification:cellulose synthase
PLAZA:AUR62040625,,plaza_only,rigidite_tige,rigidite_tige:stem
PLAZA:AUR62040634,,plaza_only,lignification,lignification:cell wall
PLAZA:AUR62040647,,plaza_only,lignification,lignification:cell wall
PLAZA:AUR62040653,,plaza_only,rigidite_tige,rigidite_tige:stem
PLAZA:AUR62040664,,plaza_only,rigidite_tige,rigidite_tige:stem
PLAZA:AUR62040696,,plaza_only,rigidite_tige,rigidite_tige:stem
PLAZA:AUR62040712,,plaza_only,rigidite_tige,rigidite_tige:stem
PLAZA:AUR62040714,,plaza_only,lignification,lignification:cell wall
PLAZA:AUR62040715,,plaza_only,rigidite_tige,rigidite_tige:stem
PLAZA:AUR62040728,,plaza_only,rigidite_tige,rigidite_tige:stem
PLAZA:AUR62040737,,plaza_only,rigidite_tige,rigidite_tige:stem
PLAZA:AUR62040740,,plaza_only,rigidite_tige,rigidite_tige:stem
PLAZA:AUR62040767,,plaza_only,rigidite_tige,rigidite_tige:stem
PLAZA:AUR62040773,,plaza_only,rigidite_tige,rigidite_tige:stem
PLAZA:AUR62040790,,plaza_only,rigidite_tige,rigidite_tige:stem
PLAZA:AUR62040811,,plaza_only,rigidite_tige,rigidite_tige:stem
PLAZA:AUR62040914,,plaza_only,rigidite_tige,rigidite_tige:stem
PLAZA:AUR62040921,,plaza_only,lignification,lignification:cell wall
PLAZA:AUR62040966,,plaza_only,rigidite_tige,rigidite_tige:stem
PLAZA:AUR62040991,,plaza_only,lignification,lignification:cell wall
PLAZA:AUR62040992,,plaza_only,lignification,lignification:cell wall
PLAZA:AUR62040993,,plaza_only,lignification,lignification:cell wall
PLAZA:AUR62040994,,plaza_only,rigidite_tige,rigidite_tige:stem
PLAZA:AUR62041027,,plaza_only,lignification,lignification:cell wall
PLAZA:AUR62041030,,plaza_only,rigidite_tige,rigidite_tige:stem
PLAZA:AUR62041052,,plaza_only,rigidite_tige,rigidite_tige:verse
PLAZA:AUR62041057,,plaza_only,rigidite_tige,rigidite_tige:stem
PLAZA:AUR62041068,,plaza_only,rigidite_tige,rigidite_tige:stem
PLAZA:AUR62041167,,plaza_only,rigidite_tige,rigidite_tige:stem
PLAZA:AUR62041182,,plaza_only,rigidite_tige,rigidite_tige:stem
PLAZA:AUR62041187,,plaza_only,rigidite_tige,rigidite_tige:stem
PLAZA:AUR62041202,,plaza_only,rigidite_tige,rigidite_tige:stem
PLAZA:AUR62041213,,plaza_only,rigidite_tige,rigidite_tige:stem
PLAZA:AUR62041218,,plaza_only,rigidite_tige,rigidite_tige:stem
PLAZA:AUR62041231,,plaza_only,rigidite_tige,rigidite_tige:stem
PLAZA:AUR62041245,,plaza_only,rigidite_tige,rigidite_tige:stem
PLAZA:AUR62041247,,plaza_only,rigidite_tige,rigidite_tige:verse
PLAZA:AUR62041249,,plaza_only,lignification,lignification:cell wall
PLAZA:AUR62041253,,plaza_only,rigidite_tige,rigidite_tige:stem
PLAZA:AUR62041278,,plaza_only,rigidite_tige,rigidite_tige:stem
PLAZA:AUR62041288,,plaza_only,rigidite_tige,rigidite_tige:stem
PLAZA:AUR62041322,,plaza_only,rigidite_tige,rigidite_tige:stem
PLAZA:AUR62041350,,plaza_only,rigidite_tige,rigidite_tige:stem
PLAZA:AUR62041364,,plaza_only,lignification,lignification:cell wall
PLAZA:AUR62041369,,plaza_only,lignification,lignification:cell wall
PLAZA:AUR62041394,,plaza_only,rigidite_tige,rigidite_tige:stem
PLAZA:AUR62041397,,plaza_only,rigidite_tige,rigidite_tige:stem
PLAZA:AUR62041412,,plaza_only,rigidite_tige,rigidite_tige:stem
PLAZA:AUR62041414,,plaza_only,rigidite_tige,rigidite_tige:stem
PLAZA:AUR62041471,,plaza_only,lignification,lignification:cell wall
PLAZA:AUR62041473,,plaza_only,rigidite_tige,rigidite_tige:stem
PLAZA:AUR62041482,,plaza_only,rigidite_tige,rigidite_tige:stem
PLAZA:AUR62041485,,plaza_only,rigidite_tige,rigidite_tige:stem
PLAZA:AUR62041486,,plaza_only,rigidite_tige,rigidite_tige:stem
PLAZA:AUR62041500,,plaza_only,lignification,lignification:cell wall
PLAZA:AUR62041504,,plaza_only,rigidite_tige,rigidite_tige:stem
PLAZA:AUR62041510,,plaza_only,lignification,lignification:cell wall
PLAZA:AUR62041530,,plaza_only,rigidite_tige,rigidite_tige:stem
PLAZA:AUR62041531,,plaza_only,lignification,lignification:cell wall
PLAZA:AUR62041535,,plaza_only,rigidite_tige,rigidite_tige:stem
PLAZA:AUR62041537,,plaza_only,rigidite_tige,rigidite_tige:stem
PLAZA:AUR62041542,,plaza_only,rigidite_tige,rigidite_tige:stem
PLAZA:AUR62041554,,plaza_only,rigidite_tige,rigidite_tige:stem
PLAZA:AUR62041569,,plaza_only,lignification,lignification:cell wall
PLAZA:AUR62041579,,plaza_only,lignification,lignification:cell wall
PLAZA:AUR62041586,,plaza_only,hormonal,hormonal:gibberellin
PLAZA:AUR62041588,,plaza_only,hormonal,hormonal:brassinosteroid
PLAZA:AUR62041606,,plaza_only,lignification,lignification:cell wall
PLAZA:AUR62041615,,plaza_only,rigidite_tige,rigidite_tige:stem
PLAZA:AUR62041622,,plaza_only,rigidite_tige,rigidite_tige:stem
PLAZA:AUR62041628,,plaza_only,rigidite_tige,rigidite_tige:stem
PLAZA:AUR62041671,,plaza_only,hormonal,hormonal:brassinosteroid
PLAZA:AUR62041673,,plaza_only,rigidite_tige,rigidite_tige:stem
PLAZA:AUR62041693,,plaza_only,rigidite_tige,rigidite_tige:stem
PLAZA:AUR62041702,,plaza_only,rigidite_tige,rigidite_tige:stem
PLAZA:AUR62041704,,plaza_only,rigidite_tige,rigidite_tige:stem
PLAZA:AUR62041708,,plaza_only,lignification,lignification:cell wall
PLAZA:AUR62041719,,plaza_only,lignification,lignification:cell wall
PLAZA:AUR62041753,,plaza_only,rigidite_tige,rigidite_tige:stem
PLAZA:AUR62041781,,plaza_only,rigidite_tige,rigidite_tige:stem
PLAZA:AUR62041812,,plaza_only,rigidite_tige,rigidite_tige:stem
PLAZA:AUR62041817,,plaza_only,rigidite_tige,rigidite_tige:stem
PLAZA:AUR62041832,,plaza_only,rigidite_tige,rigidite_tige:stem
PLAZA:AUR62041841,,plaza_only,rigidite_tige,rigidite_tige:stem
PLAZA:AUR62041842,,plaza_only,rigidite_tige,rigidite_tige:stem
PLAZA:AUR62041844,,plaza_only,rigidite_tige,rigidite_tige:stem
PLAZA:AUR62041850,,plaza_only,rigidite_tige,rigidite_tige:stem
PLAZA:AUR62041853,,plaza_only,rigidite_tige,rigidite_tige:stem
PLAZA:AUR62041922,,plaza_only,rigidite_tige,rigidite_tige:stem
PLAZA:AUR62041929,,plaza_only,rigidite_tige,rigidite_tige:stem
PLAZA:AUR62041937,,plaza_only,lignification,lignification:cell wall
PLAZA:AUR62041946,,plaza_only,rigidite_tige,rigidite_tige:stem
PLAZA:AUR62042009,,plaza_only,rigidite_tige,rigidite_tige:stem
PLAZA:AUR62042013,,plaza_only,rigidite_tige,rigidite_tige:stem
PLAZA:AUR62042049,,plaza_only,rigidite_tige,rigidite_tige:stem
PLAZA:AUR62042168,,plaza_only,lignification,lignification:cell wall
PLAZA:AUR62042172,,plaza_only,rigidite_tige,rigidite_tige:stem
PLAZA:AUR62042173,,plaza_only,hormonal,hormonal:brassinosteroid
PLAZA:AUR62042195,,plaza_only,rigidite_tige,rigidite_tige:stem
PLAZA:AUR62042285,,plaza_only,rigidite_tige,rigidite_tige:stem
PLAZA:AUR62042333,,plaza_only,rigidite_tige,rigidite_tige:stem
PLAZA:AUR62042342,,plaza_only,rigidite_tige,rigidite_tige:stem
PLAZA:AUR62042364,,plaza_only,lignification,lignification:cell wall
PLAZA:AUR62042366,,plaza_only,rigidite_tige,rigidite_tige:stem
PLAZA:AUR62042382,,plaza_only,rigidite_tige,rigidite_tige:stem
PLAZA:AUR62042383,,plaza_only,rigidite_tige,rigidite_tige:stem
PLAZA:AUR62042384,,plaza_only,rigidite_tige,rigidite_tige:stem
PLAZA:AUR62042415,,plaza_only,lignification,lignification:cell wall
PLAZA:AUR62042419,,plaza_only,rigidite_tige,rigidite_tige:verse
PLAZA:AUR62042435,,plaza_only,rigidite_tige,rigidite_tige:stem
PLAZA:AUR62042468,,plaza_only,rigidite_tige,rigidite_tige:stem
PLAZA:AUR62042528,,plaza_only,rigidite_tige,rigidite_tige:stem
PLAZA:AUR62042546,,plaza_only,rigidite_tige,rigidite_tige:stem
PLAZA:AUR62042565,,plaza_only,rigidite_tige,rigidite_tige:stem
PLAZA:AUR62042575,,plaza_only,rigidite_tige,rigidite_tige:stem
PLAZA:AUR62042578,,plaza_only,rigidite_tige,rigidite_tige:stem
PLAZA:AUR62042597,,plaza_only,rigidite_tige,rigidite_tige:stem
PLAZA:AUR62042666,,plaza_only,rigidite_tige,rigidite_tige:stem
PLAZA:AUR62042705,,plaza_only,hormonal,hormonal:gibberellin
PLAZA:AUR62042724,,plaza_only,rigidite_tige,rigidite_tige:stem
PLAZA:AUR62042727,,plaza_only,rigidite_tige,rigidite_tige:stem
PLAZA:AUR62042748,,plaza_only,rigidite_tige,rigidite_tige:stem
PLAZA:AUR62042749,,plaza_only,rigidite_tige,rigidite_tige:stem
PLAZA:AUR62042758,,plaza_only,rigidite_tige,rigidite_tige:stem
PLAZA:AUR62042762,,plaza_only,rigidite_tige,rigidite_tige:stem
PLAZA:AUR62042810,,plaza_only,rigidite_tige,rigidite_tige:stem
PLAZA:AUR62042812,,plaza_only,lignification,lignification:cell wall
PLAZA:AUR62042813,,plaza_only,lignification,lignification:cell wall
PLAZA:AUR62042818,,plaza_only,lignification,lignification:cell wall;lignification:cellulose synthase
PLAZA:AUR62042840,,plaza_only,rigidite_tige,rigidite_tige:stem
PLAZA:AUR62042843,,plaza_only,lignification,lignification:cell wall
PLAZA:AUR62042847,,plaza_only,rigidite_tige,rigidite_tige:stem
PLAZA:AUR62042864,,plaza_only,rigidite_tige,rigidite_tige:stem
PLAZA:AUR62042882,,plaza_only,rigidite_tige,rigidite_tige:stem
PLAZA:AUR62042913,,plaza_only,rigidite_tige,rigidite_tige:stem
PLAZA:AUR62042956,,plaza_only,lignification,lignification:cell wall
PLAZA:AUR62042957,,plaza_only,lignification,lignification:cell wall
PLAZA:AUR62042960,,plaza_only,rigidite_tige,rigidite_tige:stem
PLAZA:AUR62042978,,plaza_only,lignification,lignification:cell wall
PLAZA:AUR62043000,,plaza_only,hormonal,hormonal:brassinosteroid
PLAZA:AUR62043003,,plaza_only,rigidite_tige,rigidite_tige:stem
PLAZA:AUR62043006,,plaza_only,rigidite_tige,rigidite_tige:stem
PLAZA:AUR62043018,,plaza_only,lignification,lignification:cell wall
PLAZA:AUR62043020,,plaza_only,rigidite_tige,rigidite_tige:stem
PLAZA:AUR62043042,,plaza_only,rigidite_tige,rigidite_tige:stem
PLAZA:AUR62043048,,plaza_only,rigidite_tige,rigidite_tige:stem
PLAZA:AUR62043049,,plaza_only,rigidite_tige,rigidite_tige:stem
PLAZA:AUR62043053,,plaza_only,rigidite_tige,rigidite_tige:stem
PLAZA:AUR62043061,,plaza_only,rigidite_tige,rigidite_tige:stem
PLAZA:AUR62043065,,plaza_only,rigidite_tige,rigidite_tige:stem
PLAZA:AUR62043067,,plaza_only,rigidite_tige,rigidite_tige:stem
PLAZA:AUR62043084,,plaza_only,rigidite_tige,rigidite_tige:stem
PLAZA:AUR62043103,,plaza_only,lignification,lignification:cell wall
PLAZA:AUR62043122,,plaza_only,rigidite_tige,rigidite_tige:stem
PLAZA:AUR62043123,,plaza_only,rigidite_tige,rigidite_tige:stem
PLAZA:AUR62043132,,plaza_only,rigidite_tige,rigidite_tige:stem
PLAZA:AUR62043145,,plaza_only,rigidite_tige,rigidite_tige:stem
PLAZA:AUR62043148,,plaza_only,lignification,lignification:cell wall
PLAZA:AUR62043149,,plaza_only,rigidite_tige,rigidite_tige:stem
PLAZA:AUR62043154,,plaza_only,rigidite_tige,rigidite_tige:stem
PLAZA:AUR62043162,,plaza_only,lignification,lignification:cell wall
PLAZA:AUR62043198,,plaza_only,rigidite_tige,rigidite_tige:stem
PLAZA:AUR62043201,,plaza_only,rigidite_tige,rigidite_tige:stem
PLAZA:AUR62043215,,plaza_only,rigidite_tige,rigidite_tige:stem
PLAZA:AUR62043271,,plaza_only,lignification,lignification:cell wall
PLAZA:AUR62043276,,plaza_only,lignification,lignification:cell wall
PLAZA:AUR62043344,,plaza_only,rigidite_tige,rigidite_tige:stem
PLAZA:AUR62043373,,plaza_only,lignification,lignification:cell wall
PLAZA:AUR62043376,,plaza_only,lignification,lignification:cell wall
PLAZA:AUR62043382,,plaza_only,hormonal,hormonal:gibberellin
PLAZA:AUR62043387,,plaza_only,hormonal,hormonal:brassinosteroid
PLAZA:AUR62043393,,plaza_only,lignification,lignification:cell wall
PLAZA:AUR62043426,,plaza_only,rigidite_tige,rigidite_tige:stem
PLAZA:AUR62043429,,plaza_only,lignification,lignification:cell wall
PLAZA:AUR62043458,,plaza_only,lignification,lignification:cell wall
PLAZA:AUR62043463,,plaza_only,rigidite_tige,rigidite_tige:stem
PLAZA:AUR62043482,,plaza_only,rigidite_tige,rigidite_tige:stem
PLAZA:AUR62043489,,plaza_only,lignification,lignification:cell wall
PLAZA:AUR62043500,,plaza_only,rigidite_tige,rigidite_tige:stem
PLAZA:AUR62043502,,plaza_only,lignification,lignification:cell wall
PLAZA:AUR62043514,,plaza_only,rigidite_tige,rigidite_tige:stem
PLAZA:AUR62043522,,plaza_only,rigidite_tige,rigidite_tige:stem
PLAZA:AUR62043523,,plaza_only,rigidite_tige,rigidite_tige:stem
PLAZA:AUR62043525,,plaza_only,lignification,lignification:cell wall
PLAZA:AUR62043528,,plaza_only,rigidite_tige,rigidite_tige:stem
PLAZA:AUR62043529,,plaza_only,rigidite_tige,rigidite_tige:stem
PLAZA:AUR62043530,,plaza_only,lignification,lignification:cell wall;lignification:lignin
PLAZA:AUR62043534,,plaza_only,rigidite_tige,rigidite_tige:stem
PLAZA:AUR62043541,,plaza_only,rigidite_tige,rigidite_tige:stem
PLAZA:AUR62043544,,plaza_only,rigidite_tige,rigidite_tige:stem
PLAZA:AUR62043550,,plaza_only,rigidite_tige,rigidite_tige:stem
PLAZA:AUR62043592,,plaza_only,lignification,lignification:peroxidase
PLAZA:AUR62043594,,plaza_only,lignification,lignification:peroxidase
PLAZA:AUR62043595,,plaza_only,lignification,lignification:peroxidase
PLAZA:AUR62043627,,plaza_only,rigidite_tige,rigidite_tige:stem
PLAZA:AUR62043629,,plaza_only,rigidite_tige,rigidite_tige:stem
PLAZA:AUR62043631,,plaza_only,rigidite_tige,rigidite_tige:stem
PLAZA:AUR62043633,,plaza_only,rigidite_tige,rigidite_tige:stem
PLAZA:AUR62043639,,plaza_only,rigidite_tige,rigidite_tige:stem
PLAZA:AUR62043665,,plaza_only,rigidite_tige,rigidite_tige:stem
PLAZA:AUR62043701,,plaza_only,lignification,lignification:cell wall
PLAZA:AUR62043709,,plaza_only,lignification,lignification:cell wall;lignification:cellulose synthase;lignification:secondary cell wall
PLAZA:AUR62043776,,plaza_only,lignification,lignification:cell wall
PLAZA:AUR62043780,,plaza_only,lignification,lignification:cell wall
PLAZA:AUR62043781,,plaza_only,lignification,lignification:cell wall
PLAZA:AUR62043801,,plaza_only,rigidite_tige,rigidite_tige:stem
PLAZA:AUR62043821,,plaza_only,lignification,lignification:cell wall
PLAZA:AUR62043834,,plaza_only,rigidite_tige,rigidite_tige:stem
PLAZA:AUR62043839,,plaza_only,rigidite_tige,rigidite_tige:stem
PLAZA:AUR62043873,,plaza_only,rigidite_tige,rigidite_tige:stem
PLAZA:AUR62043905,,plaza_only,rigidite_tige,rigidite_tige:stem
PLAZA:AUR62043979,,plaza_only,rigidite_tige,rigidite_tige:stem
PLAZA:AUR62043996,,plaza_only,rigidite_tige,rigidite_tige:stem
PLAZA:AUR62043999,,plaza_only,rigidite_tige,rigidite_tige:stem
PLAZA:AUR62044026,,plaza_only,rigidite_tige,rigidite_tige:stem
PLAZA:AUR62044027,,plaza_only,lignification,lignification:peroxidase
PLAZA:AUR62044034,,plaza_only,rigidite_tige,rigidite_tige:stem
PLAZA:AUR62044071,,plaza_only,hormonal,hormonal:gibberellin
PLAZA:AUR62044099,,plaza_only,rigidite_tige,rigidite_tige:stem
PLAZA:AUR62044152,,plaza_only,lignification,lignification:4cl
PLAZA:AUR62044165,,plaza_only,rigidite_tige,rigidite_tige:stem
PLAZA:AUR62044173,,plaza_only,rigidite_tige,rigidite_tige:stem
PLAZA:AUR62044177,,plaza_only,lignification,lignification:cell wall
PLAZA:AUR62044198,,plaza_only,rigidite_tige,rigidite_tige:stem
PLAZA:AUR62044210,,plaza_only,lignification,lignification:cell wall
PLAZA:AUR62044213,,plaza_only,lignification,lignification:cell wall
PLAZA:AUR62044239,,plaza_only,rigidite_tige,rigidite_tige:stem
PLAZA:AUR62044250,,plaza_only,rigidite_tige,rigidite_tige:stem
PLAZA:AUR62044290,,plaza_only,lignification,lignification:cell wall
PLAZA:AUR62044358,,plaza_only,rigidite_tige,rigidite_tige:stem
PLAZA:AUR62044412,,plaza_only,rigidite_tige,rigidite_tige:stem
PLAZA:AUR62044426,,plaza_only,rigidite_tige,rigidite_tige:stem
PLAZA:AUR62044429,,plaza_only,lignification,lignification:cell wall
PLAZA:AUR62044436,,plaza_only,lignification,lignification:cell wall
PLAZA:AUR62044485,,plaza_only,rigidite_tige,rigidite_tige:stem
PLAZA:AUR62044509,,plaza_only,lignification,lignification:cell wall
PLAZA:AUR62044528,,plaza_only,rigidite_tige,rigidite_tige:stem
PLAZA:AUR62044530,,plaza_only,rigidite_tige,rigidite_tige:stem
PLAZA:AUR62044619,,plaza_only,hormonal,hormonal:gibberellin
PLAZA:AUR62044672,,plaza_only,rigidite_tige,rigidite_tige:stem
PLAZA:AUR62044726,,plaza_only,hormonal,hormonal:gibberellin
