key,status,merged_into_gene_id
A0A0A7DNE1,truly_missing,
A0A0G2UR69,truly_missing,
A0A0M3PSK5,truly_missing,
A0A0M4B1M0,truly_missing,
A0A0U1YJA7,merged_as_alt_id,WOW88860.1
A0A1E1ERU3,merged_as_alt_id,A0A1E1ERU6
A0A1E1ERU7,truly_missing,
A0A1X9WDB2,merged_as_alt_id,WXH74529.1
A0A1X9WDB3,merged_as_alt_id,GeneID:32958923
A0A1X9WDB4,merged_as_alt_id,WXH74528.1
A0A1X9WDB6,merged_as_alt_id,WXH74526.1
A0A1X9WDB7,truly_missing,
A0A1X9WDB8,truly_missing,
A0A1X9WDB9,truly_missing,
A0A1X9WDC0,merged_as_alt_id,WXH74532.1
A0A1X9WDC1,merged_as_alt_id,WXH74530.1
A0A1X9WDC2,merged_as_alt_id,WXH74537.1
A0A1X9WDC3,truly_missing,
A0A1X9WDC4,truly_missing,
A0A1X9WDC5,merged_as_alt_id,WXH74533.1
A0A1X9WDC6,merged_as_alt_id,WXH74536.1
A0A1X9WDC7,merged_as_alt_id,WXH74538.1
A0A1X9WDC8,merged_as_alt_id,WXH74539.1
A0A1X9WDC9,merged_as_alt_id,WXH74541.1
A0A1X9WDD0,merged_as_alt_id,WXH74540.1
A0A1X9WDD1,truly_missing,
A0A1X9WDD2,merged_as_alt_id,WXH74545.1
A0A1X9WDD3,merged_as_alt_id,WXH74546.1
A0A1X9WDD4,merged_as_alt_id,WXH74548.1
A0A1X9WDD5,merged_as_alt_id,WXH74544.1
A0A1X9WDD6,merged_as_alt_id,WXH74547.1
A0A1X9WDD7,merged_as_alt_id,WXH74543.1
A0A1X9WDD8,truly_missing,
A0A1X9WDD9,truly_missing,
A0A1X9WDE0,truly_missing,
A0A1X9WDE1,merged_as_alt_id,WXH74552.1
A0A1X9WDE2,truly_missing,
A0A1X9WDE3,truly_missing,
A0A1X9WDE4,truly_missing,
A0A1X9WDE5,truly_missing,
A0A1X9WDE6,merged_as_alt_id,WXH74557.1
A0A1X9WDE7,truly_missing,
A0A1X9WDE8,truly_missing,
A0A1X9WDE9,truly_missing,
A0A1X9WDF0,merged_as_alt_id,WXH74561.1
A0A1X9WDF1,truly_missing,
A0A1X9WDF2,merged_as_alt_id,GeneID:32959006
A0A1X9WDF3,truly_missing,
A0A1X9WDF4,truly_missing,
A0A1X9WDF5,truly_missing,
A0A1X9WDF6,merged_as_alt_id,WXH74570.1
A0A1X9WDF7,merged_as_alt_id,WXH74571.1
A0A1X9WDF8,merged_as_alt_id,GeneID:32958971
A0A1X9WDF9,truly_missing,
A0A1X9WDG0,merged_as_alt_id,WXH74562.1
A0A1X9WDG1,merged_as_alt_id,WXH74566.1
A0A1X9WDG2,truly_missing,
A0A1X9WDG3,truly_missing,
A0A1X9WDG5,merged_as_alt_id,WXH74578.1
A0A1X9WDG6,merged_as_alt_id,WXH74579.1
A0A1X9WDG9,truly_missing,
A0A1X9WDH0,merged_as_alt_id,WXH74580.1
A0A1X9WDH1,merged_as_alt_id,WXH74573.1
A0A1X9WDH2,merged_as_alt_id,WXH74602.1
A0A1X9WDH3,truly_missing,
A0A1X9WDH5,truly_missing,
A0A1X9WDH6,truly_missing,
A0A1X9WDH7,merged_as_alt_id,WXH74596.1
A0A1X9WDH8,merged_as_alt_id,WXH74591.1
A0A1X9WDI1,truly_missing,
A0A1X9WDI2,merged_as_alt_id,WXH74593.1
A0A1X9WDI3,truly_missing,
A0A1X9WDI4,merged_as_alt_id,GeneID:32958994
A0A1X9WDI5,truly_missing,
A0A1X9WDI7,merged_as_alt_id,WXH74595.1
A0A1X9WDI9,merged_as_alt_id,WXH74598.1
A0A1X9WDJ4,merged_as_alt_id,WXH74564.1
A0A1X9WDJ5,merged_as_alt_id,GeneID:32959007
A0A410KLL3,merged_as_alt_id,GeneID:39331952
A0A509GUM8,truly_missing,
A0A7U3QS13,truly_missing,
A0A7U3QS18,truly_missing,
A0A7U3QS74,merged_as_alt_id,QPN53758.1
A0A7U3QSA5,merged_as_alt_id,QPN53685.1
A0A7U3T0I3,merged_as_alt_id,QPN53748.1
A0A7U3T110,truly_missing,
A0A803KLU6,truly_missing,
A0A803KLU9,truly_missing,
A0A803KLV1,truly_missing,
A0A803KLV3,truly_missing,
A0A803KLV4,truly_missing,
A0A803KLV6,truly_missing,
A0A803KLX1,truly_missing,
A0A803KLX4,truly_missing,
A0A803KLX7,truly_missing,
A0A803KLY5,truly_missing,
A0A803KLZ2,truly_missing,
A0A803KLZ8,truly_missing,
A0A803KLZ9,truly_missing,
A0A803KM00,truly_missing,
A0A803KM03,truly_missing,
A0A803KM04,truly_missing,
A0A803KM05,truly_missing,
A0A803KM06,truly_missing,
A0A803KM07,truly_missing,
A0A803KM08,truly_missing,
A0A803KM10,truly_missing,
A0A803KM12,truly_missing,
A0A803KM17,truly_missing,
A0A803KM21,truly_missing,
A0A803KM27,truly_missing,
A0A803KM34,truly_missing,
A0A803KM37,truly_missing,
A0A803KM49,truly_missing,
A0A803KM54,truly_missing,
A0A803KM57,truly_missing,
A0A803KM59,truly_missing,
A0A803KM63,truly_missing,
A0A803KM77,truly_missing,
A0A803KM78,truly_missing,
A0A803KM90,truly_missing,
A0A803KM93,truly_missing,
A0A803KM99,truly_missing,
A0A803KMA0,truly_missing,
A0A803KMA3,truly_missing,
A0A803KMA8,truly_missing,
A0A803KMB2,truly_missing,
A0A803KMB4,truly_missing,
A0A803KMB8,truly_missing,
A0A803KMC0,truly_missing,
A0A803KMC7,truly_missing,
A0A803KMC9,truly_missing,
A0A803KMD0,truly_missing,
A0A803KME2,truly_missing,
A0A803KME6,truly_missing,
A0A803KME7,truly_missing,
A0A803KMF0,truly_missing,
A0A803KMF2,truly_missing,
A0A803KMF4,truly_missing,
A0A803KMG0,truly_missing,
A0A803KMH4,truly_missing,
A0A803KMH8,truly_missing,
A0A803KMH9,truly_missing,
A0A803KMI0,truly_missing,
A0A803KMI2,truly_missing,
A0A803KMI3,truly_missing,
A0A803KMI8,truly_missing,
A0A803KMJ4,truly_missing,
A0A803KMJ8,truly_missing,
A0A803KMK4,truly_missing,
A0A803KMK9,truly_missing,
A0A803KMM3,truly_missing,
A0A803KMM4,truly_missing,
A0A803KMN5,truly_missing,
A0A803KMN6,truly_missing,
A0A803KMP3,truly_missing,
A0A803KMP6,truly_missing,
A0A803KMQ1,truly_missing,
A0A803KMQ3,truly_missing,
A0A803KMQ5,truly_missing,
A0A803KMR6,truly_missing,
A0A803KMS1,truly_missing,
A0A803KMS9,truly_missing,
A0A803KMT0,truly_missing,
A0A803KMT2,truly_missing,
A0A803KMT4,truly_missing,
A0A803KMT5,truly_missing,
A0A803KMT6,truly_missing,
A0A803KMT7,truly_missing,
A0A803KMT8,truly_missing,
A0A803KMT9,truly_missing,
A0A803KMU6,truly_missing,
A0A803KMU9,truly_missing,
A0A803KMV4,truly_missing,
A0A803KMV7,truly_missing,
A0A803KMW0,truly_missing,
A0A803KMW2,truly_missing,
A0A803KMW3,truly_missing,
A0A803KMW6,truly_missing,
A0A803KMW7,truly_missing,
A0A803KMW8,truly_missing,
A0A803KMX5,truly_missing,
A0A803KMX6,truly_missing,
A0A803KMX7,truly_missing,
A0A803KMX8,truly_missing,
A0A803KMY2,truly_missing,
A0A803KMY4,truly_missing,
A0A803KMY5,truly_missing,
A0A803KMZ0,truly_missing,
A0A803KMZ2,truly_missing,
A0A803KMZ4,truly_missing,
A0A803KMZ6,truly_missing,
A0A803KMZ9,truly_missing,
A0A803KN14,truly_missing,
A0A803KN25,truly_missing,
A0A803KN26,truly_missing,
A0A803KN34,truly_missing,
A0A803KN35,truly_missing,
A0A803KN38,truly_missing,
A0A803KN40,truly_missing,
A0A803KN45,truly_missing,
A0A803KN46,truly_missing,
A0A803KN47,truly_missing,
A0A803KN48,truly_missing,
A0A803KN51,truly_missing,
A0A803KN61,truly_missing,
A0A803KN63,truly_missing,
A0A803KN71,truly_missing,
A0A803KN76,truly_missing,
A0A803KN77,truly_missing,
A0A803KN83,truly_missing,
A0A803KN85,truly_missing,
A0A803KN92,truly_missing,
A0A803KN96,truly_missing,
A0A803KNC1,truly_missing,
A0A803KNC8,truly_missing,
A0A803KND0,truly_missing,
A0A803KNE3,truly_missing,
A0A803KNF2,truly_missing,
A0A803KNF3,truly_missing,
A0A803KNF4,truly_missing,
A0A803KNF5,truly_missing,
A0A803KNG9,truly_missing,
A0A803KNH2,truly_missing,
A0A803KNH5,truly_missing,
A0A803KNH9,truly_missing,
A0A803KNI2,truly_missing,
A0A803KNI5,truly_missing,
A0A803KNJ0,truly_missing,
A0A803KNJ1,truly_missing,
A0A803KNJ2,truly_missing,
A0A803KNJ9,truly_missing,
A0A803KNK0,truly_missing,
A0A803KNK5,truly_missing,
A0A803KNL2,truly_missing,
A0A803KNL4,truly_missing,
A0A803KNL6,truly_missing,
A0A803KNM0,truly_missing,
A0A803KNM1,truly_missing,
A0A803KNM3,truly_missing,
A0A803KNM5,truly_missing,
A0A803KNN1,truly_missing,
A0A803KNN3,truly_missing,
A0A803KNN7,truly_missing,
A0A803KNN8,truly_missing,
A0A803KNN9,truly_missing,
A0A803KNP0,truly_missing,
A0A803KNP2,truly_missing,
A0A803KNP3,truly_missing,
A0A803KNP7,truly_missing,
A0A803KNQ1,truly_missing,
A0A803KNQ2,truly_missing,
A0A803KNQ5,truly_missing,
A0A803KNQ6,truly_missing,
A0A803KNR0,truly_missing,
A0A803KNR2,truly_missing,
A0A803KNR4,truly_missing,
A0A803KNS2,truly_missing,
A0A803KNS3,truly_missing,
A0A803KNT9,truly_missing,
A0A803KNU1,truly_missing,
A0A803KNU5,truly_missing,
A0A803KNV3,truly_missing,
A0A803KNV4,truly_missing,
A0A803KNV8,truly_missing,
A0A803KNW1,truly_missing,
A0A803KNX9,truly_missing,
A0A803KNY4,truly_missing,
A0A803KNZ0,truly_missing,
A0A803KP12,truly_missing,
A0A803KP13,truly_missing,
A0A803KP14,truly_missing,
A0A803KP18,truly_missing,
A0A803KP20,truly_missing,
A0A803KP34,truly_missing,
A0A803KP41,truly_missing,
A0A803KP49,truly_missing,
A0A803KP71,truly_missing,
A0A803KP73,truly_missing,
A0A803KP76,truly_missing,
A0A803KP89,truly_missing,
A0A803KP91,truly_missing,
A0A803KPA1,truly_missing,
A0A803KPA4,truly_missing,
A0A803KPA5,truly_missing,
A0A803KPA7,truly_missing,
A0A803KPB2,truly_missing,
A0A803KPB4,truly_missing,
A0A803KPB5,truly_missing,
A0A803KPB8,truly_missing,
A0A803KPC0,truly_missing,
A0A803KPD0,truly_missing,
A0A803KPD2,truly_missing,
A0A803KPD5,truly_missing,
A0A803KPE4,truly_missing,
A0A803KPG0,truly_missing,
A0A803KPH3,truly_missing,
A0A803KPI0,truly_missing,
A0A803KPJ0,truly_missing,
A0A803KPJ4,truly_missing,
A0A803KPJ6,truly_missing,
A0A803KPK2,truly_missing,
A0A803KPK4,truly_missing,
A0A803KPK6,truly_missing,
A0A803KPL1,truly_missing,
A0A803KPL3,truly_missing,
A0A803KPL4,truly_missing,
A0A803KPN0,truly_missing,
A0A803KPN2,truly_missing,
A0A803KPN6,truly_missing,
A0A803KPN8,truly_missing,
A0A803KPP9,truly_missing,
A0A803KPQ4,truly_missing,
A0A803KPQ8,truly_missing,
A0A803KPR0,truly_missing,
A0A803KPR1,truly_missing,
A0A803KPS3,truly_missing,
A0A803KPT2,truly_missing,
A0A803KPT6,truly_missing,
A0A803KPT8,truly_missing,
A0A803KPT9,truly_missing,
A0A803KPU1,truly_missing,
A0A803KPV2,truly_missing,
A0A803KPV7,truly_missing,
A0A803KPW8,truly_missing,
A0A803KPY5,truly_missing,
A0A803KPZ3,truly_missing,
A0A803KPZ4,truly_missing,
A0A803KQ02,truly_missing,
A0A803KQ07,truly_missing,
A0A803KQ09,truly_missing,
A0A803KQ15,truly_missing,
A0A803KQ19,truly_missing,
A0A803KQ31,truly_missing,
A0A803KQ33,truly_missing,
A0A803KQ44,truly_missing,
A0A803KQ52,truly_missing,
A0A803KQ56,truly_missing,
A0A803KQ74,truly_missing,
A0A803KQ75,truly_missing,
A0A803KQ77,truly_missing,
A0A803KQ78,truly_missing,
A0A803KQ79,truly_missing,
A0A803KQ80,truly_missing,
A0A803KQ83,truly_missing,
A0A803KQ86,truly_missing,
A0A803KQ90,truly_missing,
A0A803KQ94,truly_missing,
A0A803KQA7,truly_missing,
A0A803KQB5,truly_missing,
A0A803KQB8,truly_missing,
A0A803KQD0,truly_missing,
A0A803KQD1,truly_missing,
A0A803KQD7,truly_missing,
A0A803KQD8,truly_missing,
A0A803KQE4,truly_missing,
A0A803KQG0,truly_missing,
A0A803KQG2,truly_missing,
A0A803KQG9,truly_missing,
A0A803KQH6,truly_missing,
A0A803KQH8,truly_missing,
A0A803KQI3,truly_missing,
A0A803KQI4,truly_missing,
A0A803KQJ0,truly_missing,
A0A803KQJ4,truly_missing,
A0A803KQJ7,truly_missing,
A0A803KQL0,truly_missing,
A0A803KQN4,truly_missing,
A0A803KQN9,truly_missing,
A0A803KQP3,truly_missing,
A0A803KQQ0,truly_missing,
A0A803KQT0,truly_missing,
A0A803KQT1,truly_missing,
A0A803KQT9,truly_missing,
A0A803KQU4,truly_missing,
A0A803KQU7,truly_missing,
A0A803KQV2,truly_missing,
A0A803KQV3,truly_missing,
A0A803KQV5,truly_missing,
A0A803KQV8,truly_missing,
A0A803KQW1,truly_missing,
A0A803KQW5,truly_missing,
A0A803KQW6,truly_missing,
A0A803KQX4,truly_missing,
A0A803KQY3,truly_missing,
A0A803KQY6,truly_missing,
A0A803KQZ1,truly_missing,
A0A803KQZ5,truly_missing,
A0A803KR12,truly_missing,
A0A803KR25,truly_missing,
A0A803KR27,truly_missing,
A0A803KR33,truly_missing,
A0A803KR44,truly_missing,
A0A803KR47,truly_missing,
A0A803KR50,truly_missing,
A0A803KR57,truly_missing,
A0A803KR59,truly_missing,
A0A803KR61,truly_missing,
A0A803KR68,truly_missing,
A0A803KR71,truly_missing,
A0A803KR74,truly_missing,
A0A803KR78,truly_missing,
A0A803KR82,truly_missing,
A0A803KR84,truly_missing,
A0A803KR90,truly_missing,
A0A803KR95,truly_missing,
A0A803KR96,truly_missing,
A0A803KRB7,truly_missing,
A0A803KRC7,truly_missing,
A0A803KRD2,truly_missing,
A0A803KRD9,truly_missing,
A0A803KRE0,truly_missing,
A0A803KRG1,truly_missing,
A0A803KRG4,truly_missing,
A0A803KRG7,truly_missing,
A0A803KRG8,truly_missing,
A0A803KRH8,truly_missing,
A0A803KRH9,truly_missing,
A0A803KRL6,truly_missing,
A0A803KRM3,truly_missing,
A0A803KRM9,truly_missing,
A0A803KRN1,truly_missing,
A0A803KRN2,truly_missing,
A0A803KRN5,truly_missing,
A0A803KRP2,truly_missing,
A0A803KRQ5,truly_missing,
A0A803KRQ6,truly_missing,
A0A803KRR0,truly_missing,
A0A803KRS6,truly_missing,
A0A803KRT4,truly_missing,
A0A803KRU0,truly_missing,
A0A803KRU6,truly_missing,
A0A803KRU7,truly_missing,
A0A803KRV5,truly_missing,
A0A803KRW6,truly_missing,
A0A803KRW7,truly_missing,
A0A803KRX7,truly_missing,
A0A803KS00,truly_missing,
A0A803KS02,truly_missing,
A0A803KS35,truly_missing,
A0A803KS37,truly_missing,
A0A803KS39,truly_missing,
A0A803KS42,truly_missing,
A0A803KS49,truly_missing,
A0A803KS65,truly_missing,
A0A803KS66,truly_missing,
A0A803KS68,truly_missing,
A0A803KS69,truly_missing,
A0A803KS87,truly_missing,
A0A803KS93,truly_missing,
A0A803KS98,truly_missing,
A0A803KSA3,truly_missing,
A0A803KSA4,truly_missing,
A0A803KSA5,truly_missing,
A0A803KSA8,truly_missing,
A0A803KSA9,truly_missing,
A0A803KSC1,truly_missing,
A0A803KSC4,truly_missing,
A0A803KSC7,truly_missing,
A0A803KSC8,truly_missing,
A0A803KSD2,truly_missing,
A0A803KSE1,truly_missing,
A0A803KSE3,truly_missing,
A0A803KSE9,truly_missing,
A0A803KSG2,truly_missing,
A0A803KSG9,truly_missing,
A0A803KSH0,truly_missing,
A0A803KSI5,truly_missing,
A0A803KSI7,truly_missing,
A0A803KSJ3,truly_missing,
A0A803KSJ5,truly_missing,
A0A803KSJ8,truly_missing,
A0A803KSK3,truly_missing,
A0A803KSL2,truly_missing,
A0A803KSL6,truly_missing,
A0A803KSL7,truly_missing,
A0A803KSM0,truly_missing,
A0A803KSM2,truly_missing,
A0A803KSM3,truly_missing,
A0A803KSM4,truly_missing,
A0A803KSM5,truly_missing,
A0A803KSM6,truly_missing,
A0A803KSM7,truly_missing,
A0A803KSN4,truly_missing,
A0A803KSN5,truly_missing,
A0A803KSP0,truly_missing,
A0A803KSP3,truly_missing,
A0A803KSP9,truly_missing,
A0A803KSQ7,truly_missing,
A0A803KSR3,truly_missing,
A0A803KSR5,truly_missing,
A0A803KSR8,truly_missing,
A0A803KSR9,truly_missing,
A0A803KSS3,truly_missing,
A0A803KSS5,truly_missing,
A0A803KSS9,truly_missing,
A0A803KST0,truly_missing,
A0A803KST6,truly_missing,
A0A803KST9,truly_missing,
A0A803KSU1,truly_missing,
A0A803KSU4,truly_missing,
A0A803KSU5,truly_missing,
A0A803KSV4,truly_missing,
A0A803KSV5,truly_missing,
A0A803KSV6,truly_missing,
A0A803KSW7,truly_missing,
A0A803KSX5,truly_missing,
A0A803KSX7,truly_missing,
A0A803KSY1,truly_missing,
A0A803KSY2,truly_missing,
A0A803KSZ5,truly_missing,
A0A803KT06,truly_missing,
A0A803KT11,truly_missing,
A0A803KT22,truly_missing,
A0A803KT32,truly_missing,
A0A803KT33,truly_missing,
A0A803KT35,truly_missing,
A0A803KT48,truly_missing,
A0A803KT59,truly_missing,
A0A803KT62,truly_missing,
A0A803KT63,truly_missing,
A0A803KT64,truly_missing,
A0A803KT79,truly_missing,
A0A803KT89,truly_missing,
A0A803KT95,truly_missing,
A0A803KTB1,truly_missing,
A0A803KTC5,truly_missing,
A0A803KTD2,truly_missing,
A0A803KTD3,truly_missing,
A0A803KTD6,truly_missing,
A0A803KTE3,truly_missing,
A0A803KTE4,truly_missing,
A0A803KTE5,truly_missing,
A0A803KTE6,truly_missing,
A0A803KTF3,truly_missing,
A0A803KTG9,truly_missing,
A0A803KTH6,truly_missing,
A0A803KTH8,truly_missing,
A0A803KTH9,truly_missing,
A0A803KTI0,truly_missing,
A0A803KTI5,truly_missing,
A0A803KTI9,truly_missing,
A0A803KTJ1,truly_missing,
A0A803KTJ3,truly_missing,
A0A803KTK5,truly_missing,
A0A803KTK9,truly_missing,
A0A803KTL2,truly_missing,
A0A803KTM0,truly_missing,
A0A803KTM1,truly_missing,
A0A803KTM2,truly_missing,
A0A803KTM9,truly_missing,
A0A803KTN6,truly_missing,
A0A803KTP2,truly_missing,
A0A803KTQ4,truly_missing,
A0A803KTR5,truly_missing,
A0A803KTS0,truly_missing,
A0A803KTS2,truly_missing,
A0A803KTS3,truly_missing,
A0A803KTU1,truly_missing,
A0A803KTU5,truly_missing,
A0A803KTU7,truly_missing,
A0A803KTV1,truly_missing,
A0A803KTV4,truly_missing,
A0A803KTV6,truly_missing,
A0A803KTV8,truly_missing,
A0A803KTW3,truly_missing,
A0A803KTW7,truly_missing,
A0A803KTX6,truly_missing,
A0A803KTY2,truly_missing,
A0A803KTY5,truly_missing,
A0A803KTZ0,truly_missing,
A0A803KTZ5,truly_missing,
A0A803KU00,truly_missing,
A0A803KU04,truly_missing,
A0A803KU11,truly_missing,
A0A803KU13,truly_missing,
A0A803KU14,truly_missing,
A0A803KU16,truly_missing,
A0A803KU19,truly_missing,
A0A803KU20,truly_missing,
A0A803KU25,truly_missing,
A0A803KU28,truly_missing,
A0A803KU35,truly_missing,
A0A803KU36,truly_missing,
A0A803KU37,truly_missing,
A0A803KU39,truly_missing,
A0A803KU40,truly_missing,
A0A803KU42,truly_missing,
A0A803KU48,truly_missing,
A0A803KU51,truly_missing,
A0A803KU52,truly_missing,
A0A803KU55,truly_missing,
A0A803KU60,truly_missing,
A0A803KU61,truly_missing,
A0A803KU67,truly_missing,
A0A803KU70,truly_missing,
A0A803KU75,truly_missing,
A0A803KU85,truly_missing,
A0A803KU89,truly_missing,
A0A803KUA2,truly_missing,
A0A803KUA6,truly_missing,
A0A803KUA7,truly_missing,
A0A803KUB9,truly_missing,
A0A803KUD1,truly_missing,
A0A803KUE3,truly_missing,
A0A803KUE5,truly_missing,
A0A803KUF3,truly_missing,
A0A803KUF8,truly_missing,
A0A803KUF9,truly_missing,
A0A803KUG1,truly_missing,
A0A803KUG8,truly_missing,
A0A803KUH6,truly_missing,
A0A803KUH8,truly_missing,
A0A803KUI6,truly_missing,
A0A803KUI7,truly_missing,
A0A803KUJ4,truly_missing,
A0A803KUK4,truly_missing,
A0A803KUK5,truly_missing,
A0A803KUK7,truly_missing,
A0A803KUM4,truly_missing,
A0A803KUM6,truly_missing,
A0A803KUN4,truly_missing,
A0A803KUP4,truly_missing,
A0A803KUQ0,truly_missing,
A0A803KUQ4,truly_missing,
A0A803KUS5,truly_missing,
A0A803KUU6,truly_missing,
A0A803KUV2,truly_missing,
A0A803KUV7,truly_missing,
A0A803KUW6,truly_missing,
A0A803KUX3,truly_missing,
A0A803KUX5,truly_missing,
A0A803KUX6,truly_missing,
A0A803KUY6,truly_missing,
A0A803KUY9,truly_missing,
A0A803KUZ1,truly_missing,
A0A803KV01,truly_missing,
A0A803KV03,truly_missing,
A0A803KV10,truly_missing,
A0A803KV16,truly_missing,
A0A803KV22,truly_missing,
A0A803KV23,truly_missing,
A0A803KV28,truly_missing,
A0A803KV36,truly_missing,
A0A803KV40,truly_missing,
A0A803KV59,truly_missing,
A0A803KV60,truly_missing,
A0A803KV62,truly_missing,
A0A803KV71,truly_missing,
A0A803KV74,truly_missing,
A0A803KV77,truly_missing,
A0A803KV80,truly_missing,
A0A803KV87,truly_missing,
A0A803KV89,truly_missing,
A0A803KV96,truly_missing,
A0A803KVA2,truly_missing,
A0A803KVB5,truly_missing,
A0A803KVB7,truly_missing,
A0A803KVC1,truly_missing,
A0A803KVC4,truly_missing,
A0A803KVD1,truly_missing,
A0A803KVD3,truly_missing,
A0A803KVE3,truly_missing,
A0A803KVF0,truly_missing,
A0A803KVF1,truly_missing,
A0A803KVG1,truly_missing,
A0A803KVG2,truly_missing,
A0A803KVG8,truly_missing,
A0A803KVH1,truly_missing,
A0A803KVH3,truly_missing,
A0A803KVH8,truly_missing,
A0A803KVI0,truly_missing,
A0A803KVI1,truly_missing,
A0A803KVI2,truly_missing,
A0A803KVI6,truly_missing,
A0A803KVJ2,truly_missing,
A0A803KVJ4,truly_missing,
A0A803KVJ8,truly_missing,
A0A803KVK3,truly_missing,
A0A803KVK4,truly_missing,
A0A803KVK8,truly_missing,
A0A803KVL7,truly_missing,
A0A803KVL8,truly_missing,
A0A803KVN0,truly_missing,
A0A803KVN7,truly_missing,
A0A803KVQ0,truly_missing,
A0A803KVQ3,truly_missing,
A0A803KVR2,truly_missing,
A0A803KVR4,truly_missing,
A0A803KVR5,truly_missing,
A0A803KVR7,truly_missing,
A0A803KVR8,truly_missing,
A0A803KVR9,truly_missing,
A0A803KVT0,truly_missing,
A0A803KVT2,truly_missing,
A0A803KVU1,truly_missing,
A0A803KVU8,truly_missing,
A0A803KVW1,truly_missing,
A0A803KVX0,truly_missing,
A0A803KVX5,truly_missing,
A0A803KVY0,truly_missing,
A0A803KVY1,truly_missing,
A0A803KVY3,truly_missing,
A0A803KVY7,truly_missing,
A0A803KVY8,truly_missing,
A0A803KVZ6,truly_missing,
A0A803KW19,truly_missing,
A0A803KW25,truly_missing,
A0A803KW35,truly_missing,
A0A803KW36,truly_missing,
A0A803KW44,truly_missing,
A0A803KW49,truly_missing,
A0A803KW51,truly_missing,
A0A803KW53,truly_missing,
A0A803KW55,truly_missing,
A0A803KW56,truly_missing,
A0A803KW60,truly_missing,
A0A803KW61,truly_missing,
A0A803KW62,truly_missing,
A0A803KW63,truly_missing,
A0A803KW64,truly_missing,
A0A803KW68,truly_missing,
A0A803KW69,truly_missing,
A0A803KW70,truly_missing,
A0A803KW76,truly_missing,
A0A803KW83,truly_missing,
A0A803KW84,truly_missing,
A0A803KW91,truly_missing,
A0A803KWA8,truly_missing,
A0A803KWB2,truly_missing,
A0A803KWB3,truly_missing,
A0A803KWC0,truly_missing,
A0A803KWC8,truly_missing,
A0A803KWD4,truly_missing,
A0A803KWD5,truly_missing,
A0A803KWD7,truly_missing,
A0A803KWD9,truly_missing,
A0A803KWE2,truly_missing,
A0A803KWE7,truly_missing,
A0A803KWF2,truly_missing,
A0A803KWF5,truly_missing,
A0A803KWG9,truly_missing,
A0A803KWH0,truly_missing,
A0A803KWH3,truly_missing,
A0A803KWI5,truly_missing,
A0A803KWJ6,truly_missing,
A0A803KWJ9,truly_missing,
A0A803KWK3,truly_missing,
A0A803KWM1,truly_missing,
A0A803KWN2,truly_missing,
A0A803KWP0,truly_missing,
A0A803KWP3,truly_missing,
A0A803KWP4,truly_missing,
A0A803KWP5,truly_missing,
A0A803KWP6,truly_missing,
A0A803KWP7,truly_missing,
A0A803KWP8,truly_missing,
A0A803KWR4,truly_missing,
A0A803KWS1,truly_missing,
A0A803KWS8,truly_missing,
A0A803KWT0,truly_missing,
A0A803KWT6,truly_missing,
A0A803KWU4,truly_missing,
A0A803KWV6,truly_missing,
A0A803KWW3,truly_missing,
A0A803KWY3,truly_missing,
A0A803KWY4,truly_missing,
A0A803KX19,truly_missing,
A0A803KX22,truly_missing,
A0A803KX24,truly_missing,
A0A803KX25,truly_missing,
A0A803KX40,truly_missing,
A0A803KX43,truly_missing,
A0A803KX47,truly_missing,
A0A803KX48,truly_missing,
A0A803KX55,truly_missing,
A0A803KX57,truly_missing,
A0A803KX61,truly_missing,
A0A803KX71,truly_missing,
A0A803KX73,truly_missing,
A0A803KX80,truly_missing,
A0A803KX84,truly_missing,
A0A803KX85,truly_missing,
A0A803KX86,truly_missing,
A0A803KX89,truly_missing,
A0A803KX94,truly_missing,
A0A803KXA7,truly_missing,
A0A803KXB1,truly_missing,
A0A803KXB3,truly_missing,
A0A803KXB4,truly_missing,
A0A803KXB8,truly_missing,
A0A803KXC3,truly_missing,
A0A803KXD2,truly_missing,
A0A803KXE4,truly_missing,
A0A803KXE9,truly_missing,
A0A803KXI0,truly_missing,
A0A803KXI5,truly_missing,
A0A803KXJ3,truly_missing,
A0A803KXJ5,truly_missing,
A0A803KXK1,truly_missing,
A0A803KXK2,truly_missing,
A0A803KXK3,truly_missing,
A0A803KXL7,truly_missing,
A0A803KXM2,truly_missing,
A0A803KXM6,truly_missing,
A0A803KXN6,truly_missing,
A0A803KXP3,truly_missing,
A0A803KXP9,truly_missing,
A0A803KXR7,truly_missing,
A0A803KXS7,truly_missing,
A0A803KXU5,truly_missing,
A0A803KXU7,truly_missing,
A0A803KXU9,truly_missing,
A0A803KXW8,truly_missing,
A0A803KXX2,truly_missing,
A0A803KXX8,truly_missing,
A0A803KXZ2,truly_missing,
A0A803KY02,truly_missing,
A0A803KY04,truly_missing,
A0A803KY11,truly_missing,
A0A803KY15,truly_missing,
A0A803KY22,truly_missing,
A0A803KY23,truly_missing,
A0A803KY26,truly_missing,
A0A803KY30,truly_missing,
A0A803KY54,truly_missing,
A0A803KY68,truly_missing,
A0A803KY69,truly_missing,
A0A803KY85,truly_missing,
A0A803KYC1,truly_missing,
A0A803KYC4,truly_missing,
A0A803KYC5,truly_missing,
A0A803KYE9,truly_missing,
A0A803KYF3,truly_missing,
A0A803KYH7,truly_missing,
A0A803KYI3,truly_missing,
A0A803KYI4,truly_missing,
A0A803KYI8,truly_missing,
A0A803KYK2,truly_missing,
A0A803KYK4,truly_missing,
A0A803KYK6,truly_missing,
A0A803KYK8,truly_missing,
A0A803KYL1,truly_missing,
A0A803KYL4,truly_missing,
A0A803KYM8,truly_missing,
A0A803KYP2,truly_missing,
A0A803KYP4,truly_missing,
A0A803KYP5,truly_missing,
A0A803KYP9,truly_missing,
A0A803KYQ1,truly_missing,
A0A803KYQ3,truly_missing,
A0A803KYQ7,truly_missing,
A0A803KYR6,truly_missing,
A0A803KYS1,truly_missing,
A0A803KYS4,truly_missing,
A0A803KYU1,truly_missing,
A0A803KYU3,truly_missing,
A0A803KYU7,truly_missing,
A0A803KYV8,truly_missing,
A0A803KYW0,truly_missing,
A0A803KYW1,truly_missing,
A0A803KYW8,truly_missing,
A0A803KYW9,truly_missing,
A0A803KYX2,truly_missing,
A0A803KYX4,truly_missing,
A0A803KYX7,truly_missing,
A0A803KYY3,truly_missing,
A0A803KYY5,truly_missing,
A0A803KYZ1,truly_missing,
A0A803KYZ4,truly_missing,
A0A803KYZ7,truly_missing,
A0A803KZ00,truly_missing,
A0A803KZ01,truly_missing,
A0A803KZ10,truly_missing,
A0A803KZ11,truly_missing,
A0A803KZ16,truly_missing,
A0A803KZ17,truly_missing,
A0A803KZ30,truly_missing,
A0A803KZ33,truly_missing,
A0A803KZ43,truly_missing,
A0A803KZ54,truly_missing,
A0A803KZ63,truly_missing,
A0A803KZ66,truly_missing,
A0A803KZ67,truly_missing,
A0A803KZ71,truly_missing,
A0A803KZ76,truly_missing,
A0A803KZ79,truly_missing,
A0A803KZ83,truly_missing,
A0A803KZ86,truly_missing,
A0A803KZ91,truly_missing,
A0A803KZA6,truly_missing,
A0A803KZB4,truly_missing,
A0A803KZB5,truly_missing,
A0A803KZF0,truly_missing,
A0A803KZF3,truly_missing,
A0A803KZF8,truly_missing,
A0A803KZG0,truly_missing,
A0A803KZG2,truly_missing,
A0A803KZG3,truly_missing,
A0A803KZG8,truly_missing,
A0A803KZH1,truly_missing,
A0A803KZH4,truly_missing,
A0A803KZH7,truly_missing,
A0A803KZI1,truly_missing,
A0A803KZI2,truly_missing,
A0A803KZI3,truly_missing,
A0A803KZI4,truly_missing,
A0A803KZJ2,truly_missing,
A0A803KZJ4,truly_missing,
A0A803KZJ8,truly_missing,
A0A803KZJ9,truly_missing,
A0A803KZK6,truly_missing,
A0A803KZL0,truly_missing,
A0A803KZM6,truly_missing,
A0A803KZN5,truly_missing,
A0A803KZP4,truly_missing,
A0A803KZP5,truly_missing,
A0A803KZP7,truly_missing,
A0A803KZQ2,truly_missing,
A0A803KZQ3,truly_missing,
A0A803KZQ4,truly_missing,
A0A803KZQ5,truly_missing,
A0A803KZR0,truly_missing,
A0A803KZR5,truly_missing,
A0A803KZS2,truly_missing,
A0A803KZT5,truly_missing,
A0A803KZU4,truly_missing,
A0A803KZU7,truly_missing,
A0A803KZV1,truly_missing,
A0A803KZV4,truly_missing,
A0A803KZV7,truly_missing,
A0A803KZW3,truly_missing,
A0A803KZX4,truly_missing,
A0A803KZX9,truly_missing,
A0A803KZY0,truly_missing,
A0A803KZZ0,truly_missing,
A0A803KZZ9,truly_missing,
A0A803L000,truly_missing,
A0A803L002,truly_missing,
A0A803L004,truly_missing,
A0A803L010,truly_missing,
A0A803L016,truly_missing,
A0A803L017,truly_missing,
A0A803L038,truly_missing,
A0A803L050,truly_missing,
A0A803L051,truly_missing,
A0A803L061,truly_missing,
A0A803L062,truly_missing,
A0A803L063,truly_missing,
A0A803L065,truly_missing,
A0A803L066,truly_missing,
A0A803L079,truly_missing,
A0A803L085,truly_missing,
A0A803L086,truly_missing,
A0A803L089,truly_missing,
A0A803L092,truly_missing,
A0A803L0A7,truly_missing,
A0A803L0B5,truly_missing,
A0A803L0C3,truly_missing,
A0A803L0D1,truly_missing,
A0A803L0E1,truly_missing,
A0A803L0F3,truly_missing,
A0A803L0F8,truly_missing,
A0A803L0G0,truly_missing,
A0A803L0G2,truly_missing,
A0A803L0H7,truly_missing,
A0A803L0H8,truly_missing,
A0A803L0I0,truly_missing,
A0A803L0I4,truly_missing,
A0A803L0I7,truly_missing,
A0A803L0J4,truly_missing,
A0A803L0K0,truly_missing,
A0A803L0K9,truly_missing,
A0A803L0L2,truly_missing,
A0A803L0L6,truly_missing,
A0A803L0M9,truly_missing,
A0A803L0N0,truly_missing,
A0A803L0N1,truly_missing,
A0A803L0N7,truly_missing,
A0A803L0Q2,truly_missing,
A0A803L0Q6,truly_missing,
A0A803L0S8,truly_missing,
A0A803L0S9,truly_missing,
A0A803L0U0,truly_missing,
A0A803L0U7,truly_missing,
A0A803L0V0,truly_missing,
A0A803L0V9,truly_missing,
A0A803L0X3,truly_missing,
A0A803L0X4,truly_missing,
A0A803L0Y3,truly_missing,
A0A803L0Z2,truly_missing,
A0A803L0Z7,truly_missing,
A0A803L0Z8,truly_missing,
A0A803L110,truly_missing,
A0A803L113,truly_missing,
A0A803L114,truly_missing,
A0A803L116,truly_missing,
A0A803L120,truly_missing,
A0A803L123,truly_missing,
A0A803L134,truly_missing,
A0A803L138,truly_missing,
A0A803L140,truly_missing,
A0A803L151,truly_missing,
A0A803L156,truly_missing,
A0A803L160,truly_missing,
A0A803L167,truly_missing,
A0A803L175,truly_missing,
A0A803L182,truly_missing,
A0A803L190,truly_missing,
A0A803L193,truly_missing,
A0A803L194,truly_missing,
A0A803L1A6,truly_missing,
A0A803L1A9,truly_missing,
A0A803L1B4,truly_missing,
A0A803L1B5,truly_missing,
A0A803L1C0,truly_missing,
A0A803L1C3,truly_missing,
A0A803L1C9,truly_missing,
A0A803L1D1,truly_missing,
A0A803L1D2,truly_missing,
A0A803L1D5,truly_missing,
A0A803L1D6,truly_missing,
A0A803L1D9,truly_missing,
A0A803L1E3,truly_missing,
A0A803L1E5,truly_missing,
A0A803L1E6,truly_missing,
A0A803L1E8,truly_missing,
A0A803L1F4,truly_missing,
A0A803L1F5,truly_missing,
A0A803L1F7,truly_missing,
A0A803L1G1,truly_missing,
A0A803L1G3,truly_missing,
A0A803L1H3,truly_missing,
A0A803L1H4,truly_missing,
A0A803L1H6,truly_missing,
A0A803L1I3,truly_missing,
A0A803L1J0,truly_missing,
A0A803L1J3,truly_missing,
A0A803L1J5,truly_missing,
A0A803L1J8,truly_missing,
A0A803L1K1,truly_missing,
A0A803L1K2,truly_missing,
A0A803L1K6,truly_missing,
A0A803L1K8,truly_missing,
A0A803L1L4,truly_missing,
A0A803L1L8,truly_missing,
A0A803L1M0,truly_missing,
A0A803L1M4,truly_missing,
A0A803L1M5,truly_missing,
A0A803L1P1,truly_missing,
A0A803L1P3,truly_missing,
A0A803L1Q3,truly_missing,
A0A803L1Q6,truly_missing,
A0A803L1Q7,truly_missing,
A0A803L1Q8,truly_missing,
A0A803L1R0,truly_missing,
A0A803L1R2,truly_missing,
A0A803L1R3,truly_missing,
A0A803L1R6,truly_missing,
A0A803L1S1,truly_missing,
A0A803L1S6,truly_missing,
A0A803L1T7,truly_missing,
A0A803L1U2,truly_missing,
A0A803L1U3,truly_missing,
A0A803L1U7,truly_missing,
A0A803L1V3,truly_missing,
A0A803L1V7,truly_missing,
A0A803L1V9,truly_missing,
A0A803L1W2,truly_missing,
A0A803L1X3,truly_missing,
A0A803L1X8,truly_missing,
A0A803L1X9,truly_missing,
A0A803L1Y2,truly_missing,
A0A803L1Y4,truly_missing,
A0A803L1Y6,truly_missing,
A0A803L1Y7,truly_missing,
A0A803L1Y8,truly_missing,
A0A803L1Y9,truly_missing,
A0A803L1Z0,truly_missing,
A0A803L1Z5,truly_missing,
A0A803L1Z6,truly_missing,
A0A803L200,truly_missing,
A0A803L208,truly_missing,
A0A803L214,truly_missing,
A0A803L219,truly_missing,
A0A803L224,truly_missing,
A0A803L226,truly_missing,
A0A803L233,truly_missing,
A0A803L234,truly_missing,
A0A803L247,truly_missing,
A0A803L251,truly_missing,
A0A803L252,truly_missing,
A0A803L262,truly_missing,
A0A803L263,truly_missing,
A0A803L266,truly_missing,
A0A803L269,truly_missing,
A0A803L270,truly_missing,
A0A803L271,truly_missing,
A0A803L274,truly_missing,
A0A803L277,truly_missing,
A0A803L279,truly_missing,
A0A803L284,truly_missing,
A0A803L285,truly_missing,
A0A803L286,truly_missing,
A0A803L287,truly_missing,
A0A803L288,truly_missing,
A0A803L298,truly_missing,
A0A803L299,truly_missing,
A0A803L2A0,truly_missing,
A0A803L2A2,truly_missing,
A0A803L2A3,truly_missing,
A0A803L2A4,truly_missing,
A0A803L2A6,truly_missing,
A0A803L2B8,truly_missing,
A0A803L2C1,truly_missing,
A0A803L2C4,truly_missing,
A0A803L2C6,truly_missing,
A0A803L2C9,truly_missing,
A0A803L2D7,truly_missing,
A0A803L2E1,truly_missing,
A0A803L2E7,truly_missing,
A0A803L2E8,truly_missing,
A0A803L2F8,truly_missing,
A0A803L2G3,truly_missing,
A0A803L2H4,truly_missing,
A0A803L2H5,truly_missing,
A0A803L2H7,truly_missing,
A0A803L2I2,truly_missing,
A0A803L2J0,truly_missing,
A0A803L2J5,truly_missing,
A0A803L2J9,truly_missing,
A0A803L2K2,truly_missing,
A0A803L2L0,truly_missing,
A0A803L2L3,truly_missing,
A0A803L2L6,truly_missing,
A0A803L2M8,truly_missing,
A0A803L2M9,truly_missing,
A0A803L2N0,truly_missing,
A0A803L2N3,truly_missing,
A0A803L2N6,truly_missing,
A0A803L2N9,truly_missing,
A0A803L2P0,truly_missing,
A0A803L2P6,truly_missing,
A0A803L2Q1,truly_missing,
A0A803L2Q3,truly_missing,
A0A803L2Q6,truly_missing,
A0A803L2R1,truly_missing,
A0A803L2R7,truly_missing,
A0A803L2S2,truly_missing,
A0A803L2T2,truly_missing,
A0A803L2T3,truly_missing,
A0A803L2T6,truly_missing,
A0A803L2U3,truly_missing,
A0A803L2U9,truly_missing,
A0A803L2W0,truly_missing,
A0A803L2W1,truly_missing,
A0A803L2W6,truly_missing,
A0A803L2X4,truly_missing,
A0A803L2X9,truly_missing,
A0A803L2Y6,truly_missing,
A0A803L2Z2,truly_missing,
A0A803L301,truly_missing,
A0A803L302,truly_missing,
A0A803L308,truly_missing,
A0A803L311,truly_missing,
A0A803L319,truly_missing,
A0A803L321,truly_missing,
A0A803L356,truly_missing,
A0A803L359,truly_missing,
A0A803L361,truly_missing,
A0A803L368,truly_missing,
A0A803L374,truly_missing,
A0A803L375,truly_missing,
A0A803L377,truly_missing,
A0A803L378,truly_missing,
A0A803L380,truly_missing,
A0A803L384,truly_missing,
A0A803L388,truly_missing,
A0A803L389,truly_missing,
A0A803L390,truly_missing,
A0A803L394,truly_missing,
A0A803L397,truly_missing,
A0A803L399,truly_missing,
A0A803L3A0,truly_missing,
A0A803L3A1,truly_missing,
A0A803L3A2,truly_missing,
A0A803L3A5,truly_missing,
A0A803L3B2,truly_missing,
A0A803L3B4,truly_missing,
A0A803L3C4,truly_missing,
A0A803L3C8,truly_missing,
A0A803L3D5,truly_missing,
A0A803L3D8,truly_missing,
A0A803L3E3,truly_missing,
A0A803L3F0,truly_missing,
A0A803L3F9,truly_missing,
A0A803L3G1,truly_missing,
A0A803L3G4,truly_missing,
A0A803L3H7,truly_missing,
A0A803L3I0,truly_missing,
A0A803L3I1,truly_missing,
A0A803L3I3,truly_missing,
A0A803L3I8,truly_missing,
A0A803L3J2,truly_missing,
A0A803L3J6,truly_missing,
A0A803L3J9,truly_missing,
A0A803L3K0,truly_missing,
A0A803L3K7,truly_missing,
A0A803L3K8,truly_missing,
A0A803L3L1,truly_missing,
A0A803L3L6,truly_missing,
A0A803L3M0,truly_missing,
A0A803L3N2,truly_missing,
A0A803L3P6,truly_missing,
A0A803L3Q5,truly_missing,
A0A803L3Q7,truly_missing,
A0A803L3R0,truly_missing,
A0A803L3R2,truly_missing,
A0A803L3S0,truly_missing,
A0A803L3S1,truly_missing,
A0A803L3S3,truly_missing,
A0A803L3S8,truly_missing,
A0A803L3U4,truly_missing,
A0A803L3U9,truly_missing,
A0A803L3V0,truly_missing,
A0A803L3V2,truly_missing,
A0A803L3V6,truly_missing,
A0A803L3V7,truly_missing,
A0A803L3W1,truly_missing,
A0A803L3W5,truly_missing,
A0A803L3W7,truly_missing,
A0A803L3X0,truly_missing,
A0A803L3X2,truly_missing,
A0A803L3Y7,truly_missing,
A0A803L3Z3,truly_missing,
A0A803L3Z6,truly_missing,
A0A803L406,truly_missing,
A0A803L409,truly_missing,
A0A803L412,truly_missing,
A0A803L413,truly_missing,
A0A803L416,truly_missing,
A0A803L419,truly_missing,
A0A803L420,truly_missing,
A0A803L424,truly_missing,
A0A803L431,truly_missing,
A0A803L432,truly_missing,
A0A803L438,truly_missing,
A0A803L439,truly_missing,
A0A803L457,truly_missing,
A0A803L466,truly_missing,
A0A803L477,truly_missing,
A0A803L478,truly_missing,
A0A803L486,truly_missing,
A0A803L487,truly_missing,
A0A803L488,truly_missing,
A0A803L491,truly_missing,
A0A803L494,truly_missing,
A0A803L495,truly_missing,
A0A803L498,truly_missing,
A0A803L4A1,truly_missing,
A0A803L4A2,truly_missing,
A0A803L4A3,truly_missing,
A0A803L4A7,truly_missing,
A0A803L4A9,truly_missing,
A0A803L4B2,truly_missing,
A0A803L4B7,truly_missing,
A0A803L4C4,truly_missing,
A0A803L4E0,truly_missing,
A0A803L4E7,truly_missing,
A0A803L4E8,truly_missing,
A0A803L4F6,truly_missing,
A0A803L4G5,truly_missing,
A0A803L4H3,merged_as_alt_id,GeneID:110701185
A0A803L4H6,truly_missing,
A0A803L4H7,truly_missing,
A0A803L4J7,truly_missing,
A0A803L4K0,truly_missing,
A0A803L4K5,truly_missing,
A0A803L4K7,truly_missing,
A0A803L4L0,truly_missing,
A0A803L4L1,truly_missing,
A0A803L4L2,truly_missing,
A0A803L4L3,truly_missing,
A0A803L4N2,truly_missing,
A0A803L4N5,truly_missing,
A0A803L4N6,truly_missing,
A0A803L4P5,truly_missing,
A0A803L4P6,truly_missing,
A0A803L4Q2,truly_missing,
A0A803L4Q5,truly_missing,
A0A803L4Q9,truly_missing,
A0A803L4R2,merged_as_alt_id,GeneID:110701276
A0A803L4R5,truly_missing,
A0A803L4S0,truly_missing,
A0A803L4U3,merged_as_alt_id,GeneID:110701305
A0A803L4U6,truly_missing,
A0A803L4U9,merged_as_alt_id,GeneID:110701311
A0A803L4V1,truly_missing,
A0A803L4V7,truly_missing,
A0A803L4X5,truly_missing,
A0A803L4Y0,truly_missing,
A0A803L4Z7,truly_missing,
A0A803L503,truly_missing,
A0A803L506,truly_missing,
A0A803L507,truly_missing,
A0A803L508,truly_missing,
A0A803L516,truly_missing,
A0A803L522,truly_missing,
A0A803L523,truly_missing,
A0A803L536,truly_missing,
A0A803L540,truly_missing,
A0A803L541,truly_missing,
A0A803L543,truly_missing,
A0A803L545,truly_missing,
A0A803L563,truly_missing,
A0A803L572,truly_missing,
A0A803L578,truly_missing,
A0A803L579,truly_missing,
A0A803L586,truly_missing,
A0A803L590,truly_missing,
A0A803L5B1,truly_missing,
A0A803L5B8,truly_missing,
A0A803L5B9,truly_missing,
A0A803L5C1,truly_missing,
A0A803L5C3,truly_missing,
A0A803L5C7,truly_missing,
A0A803L5D1,truly_missing,
A0A803L5D2,truly_missing,
A0A803L5D5,truly_missing,
A0A803L5D6,truly_missing,
A0A803L5D7,truly_missing,
A0A803L5D8,truly_missing,
A0A803L5E7,truly_missing,
A0A803L5F1,truly_missing,
A0A803L5G4,truly_missing,
A0A803L5H6,truly_missing,
A0A803L5H8,truly_missing,
A0A803L5I0,truly_missing,
A0A803L5I4,truly_missing,
A0A803L5I7,truly_missing,
A0A803L5K0,truly_missing,
A0A803L5K2,truly_missing,
A0A803L5K5,truly_missing,
A0A803L5K7,truly_missing,
A0A803L5L4,truly_missing,
A0A803L5L8,truly_missing,
A0A803L5M0,truly_missing,
A0A803L5N0,truly_missing,
A0A803L5N1,truly_missing,
A0A803L5N4,truly_missing,
A0A803L5Q0,truly_missing,
A0A803L5Q7,truly_missing,
A0A803L5Q8,truly_missing,
A0A803L5Q9,truly_missing,
A0A803L5R1,truly_missing,
A0A803L5R3,truly_missing,
A0A803L5S6,truly_missing,
A0A803L5T8,truly_missing,
A0A803L5U5,truly_missing,
A0A803L5U7,truly_missing,
A0A803L5V0,truly_missing,
A0A803L5V2,truly_missing,
A0A803L5W0,truly_missing,
A0A803L5X5,truly_missing,
A0A803L5Y3,truly_missing,
A0A803L5Y4,truly_missing,
A0A803L5Z0,truly_missing,
A0A803L5Z1,truly_missing,
A0A803L5Z2,truly_missing,
A0A803L5Z4,truly_missing,
A0A803L5Z9,truly_missing,
A0A803L602,truly_missing,
A0A803L605,truly_missing,
A0A803L609,truly_missing,
A0A803L620,truly_missing,
A0A803L628,truly_missing,
A0A803L638,truly_missing,
A0A803L639,truly_missing,
A0A803L640,truly_missing,
A0A803L657,truly_missing,
A0A803L661,truly_missing,
A0A803L662,truly_missing,
A0A803L672,truly_missing,
A0A803L677,truly_missing,
A0A803L688,truly_missing,
A0A803L694,truly_missing,
A0A803L695,truly_missing,
A0A803L696,truly_missing,
A0A803L697,truly_missing,
A0A803L6A1,truly_missing,
A0A803L6B3,truly_missing,
A0A803L6B7,truly_missing,
A0A803L6C6,truly_missing,
A0A803L6C9,truly_missing,
A0A803L6D6,truly_missing,
A0A803L6E3,truly_missing,
A0A803L6F3,truly_missing,
A0A803L6G5,truly_missing,
A0A803L6G7,truly_missing,
A0A803L6H7,truly_missing,
A0A803L6H8,truly_missing,
A0A803L6I0,truly_missing,
A0A803L6I2,truly_missing,
A0A803L6I3,truly_missing,
A0A803L6I4,truly_missing,
A0A803L6I9,truly_missing,
A0A803L6K4,truly_missing,
A0A803L6K8,truly_missing,
A0A803L6L5,truly_missing,
A0A803L6M1,truly_missing,
A0A803L6M7,truly_missing,
A0A803L6N0,truly_missing,
A0A803L6P7,truly_missing,
A0A803L6P9,truly_missing,
A0A803L6Q7,truly_missing,
A0A803L6R6,truly_missing,
A0A803L6S3,truly_missing,
A0A803L6S5,truly_missing,
A0A803L6T3,truly_missing,
A0A803L6T6,truly_missing,
A0A803L6T8,truly_missing,
A0A803L6U3,truly_missing,
A0A803L6V5,truly_missing,
A0A803L6V7,truly_missing,
A0A803L6W8,truly_missing,
A0A803L6X1,truly_missing,
A0A803L6X2,truly_missing,
A0A803L6Y9,truly_missing,
A0A803L6Z5,truly_missing,
A0A803L6Z8,truly_missing,
A0A803L6Z9,truly_missing,
A0A803L704,truly_missing,
A0A803L705,truly_missing,
A0A803L711,truly_missing,
A0A803L716,truly_missing,
A0A803L726,truly_missing,
A0A803L732,truly_missing,
A0A803L746,truly_missing,
A0A803L748,truly_missing,
A0A803L751,truly_missing,
A0A803L764,truly_missing,
A0A803L766,truly_missing,
A0A803L767,truly_missing,
A0A803L773,truly_missing,
A0A803L775,truly_missing,
A0A803L776,truly_missing,
A0A803L790,truly_missing,
A0A803L7A0,truly_missing,
A0A803L7A5,truly_missing,
A0A803L7A7,truly_missing,
A0A803L7A9,truly_missing,
A0A803L7B0,truly_missing,
A0A803L7B6,truly_missing,
A0A803L7C7,truly_missing,
A0A803L7D0,truly_missing,
A0A803L7D3,truly_missing,
A0A803L7E6,truly_missing,
A0A803L7E8,truly_missing,
A0A803L7E9,truly_missing,
A0A803L7F1,truly_missing,
A0A803L7F6,truly_missing,
A0A803L7G8,truly_missing,
A0A803L7H5,truly_missing,
A0A803L7K2,truly_missing,
A0A803L7K4,truly_missing,
A0A803L7K7,truly_missing,
A0A803L7M6,truly_missing,
A0A803L7P0,truly_missing,
A0A803L7P9,truly_missing,
A0A803L7Q2,truly_missing,
A0A803L7Q9,truly_missing,
A0A803L7S4,truly_missing,
A0A803L7T2,truly_missing,
A0A803L7U8,truly_missing,
A0A803L7V0,truly_missing,
A0A803L7V3,truly_missing,
A0A803L7V4,truly_missing,
A0A803L7V5,truly_missing,
A0A803L7V7,truly_missing,
A0A803L7W9,truly_missing,
A0A803L7X1,truly_missing,
A0A803L7X4,truly_missing,
A0A803L7Y0,truly_missing,
A0A803L7Y2,truly_missing,
A0A803L7Y3,truly_missing,
A0A803L7Z1,truly_missing,
A0A803L815,truly_missing,
A0A803L820,truly_missing,
A0A803L834,truly_missing,
A0A803L837,truly_missing,
A0A803L840,truly_missing,
A0A803L865,truly_missing,
A0A803L8A0,truly_missing,
A0A803L8A2,truly_missing,
A0A803L8A8,truly_missing,
A0A803L8B6,truly_missing,
A0A803L8C1,truly_missing,
A0A803L8D5,merged_as_alt_id,GeneID:110700310
A0A803L8F1,truly_missing,
A0A803L8F7,truly_missing,
A0A803L8G5,truly_missing,
A0A803L8H5,truly_missing,
A0A803L8H6,truly_missing,
A0A803L8H7,truly_missing,
A0A803L8I2,truly_missing,
A0A803L8I7,truly_missing,
A0A803L8J6,truly_missing,
A0A803L8J7,truly_missing,
A0A803L8J8,truly_missing,
A0A803L8J9,truly_missing,
A0A803L8K8,truly_missing,
A0A803L8L6,truly_missing,
A0A803L8M1,merged_as_alt_id,GeneID:110700392
A0A803L8N3,truly_missing,
A0A803L8P0,truly_missing,
A0A803L8Q0,merged_as_alt_id,GeneID:110700414
A0A803L8Q6,truly_missing,
A0A803L8Q7,truly_missing,
A0A803L8R6,truly_missing,
A0A803L8R7,truly_missing,
A0A803L8S4,truly_missing,
A0A803L8S6,truly_missing,
A0A803L8U1,truly_missing,
A0A803L8U8,truly_missing,
A0A803L8U9,truly_missing,
A0A803L8V0,truly_missing,
A0A803L8V1,truly_missing,
A0A803L8V2,truly_missing,
A0A803L8V9,truly_missing,
A0A803L8W1,truly_missing,
A0A803L8W3,truly_missing,
A0A803L8W5,truly_missing,
A0A803L8W7,merged_as_alt_id,GeneID:110700483
A0A803L8W9,truly_missing,
A0A803L8X5,truly_missing,
A0A803L8X9,truly_missing,
A0A803L8Y0,truly_missing,
A0A803L900,truly_missing,
A0A803L924,truly_missing,
A0A803L925,truly_missing,
A0A803L927,truly_missing,
A0A803L931,truly_missing,
A0A803L934,truly_missing,
A0A803L935,truly_missing,
A0A803L936,truly_missing,
A0A803L937,truly_missing,
A0A803L939,truly_missing,
A0A803L941,truly_missing,
A0A803L947,truly_missing,
A0A803L955,truly_missing,
A0A803L964,truly_missing,
A0A803L981,truly_missing,
A0A803L989,truly_missing,
A0A803L990,truly_missing,
A0A803L9A8,truly_missing,
A0A803L9B2,truly_missing,
A0A803L9B4,truly_missing,
A0A803L9B6,truly_missing,
A0A803L9B9,truly_missing,
A0A803L9C0,truly_missing,
A0A803L9D5,truly_missing,
A0A803L9D8,truly_missing,
A0A803L9F2,truly_missing,
A0A803L9F3,truly_missing,
A0A803L9F4,truly_missing,
A0A803L9G2,truly_missing,
A0A803L9I5,truly_missing,
A0A803L9K1,truly_missing,
A0A803L9L2,truly_missing,
A0A803L9L5,truly_missing,
A0A803L9M0,truly_missing,
A0A803L9M2,truly_missing,
A0A803L9M4,truly_missing,
A0A803L9M8,truly_missing,
A0A803L9N4,truly_missing,
A0A803L9N6,truly_missing,
A0A803L9N8,truly_missing,
A0A803L9N9,truly_missing,
A0A803L9P8,truly_missing,
A0A803L9Q2,truly_missing,
A0A803L9Q3,truly_missing,
A0A803L9Q4,truly_missing,
A0A803L9Q7,truly_missing,
A0A803L9Q8,truly_missing,
A0A803L9S3,truly_missing,
A0A803L9S8,truly_missing,
A0A803L9T3,truly_missing,
A0A803L9U9,truly_missing,
A0A803L9V2,truly_missing,
A0A803L9V7,truly_missing,
A0A803L9V9,truly_missing,
A0A803L9W1,truly_missing,
A0A803L9W7,truly_missing,
A0A803L9W8,truly_missing,
A0A803L9W9,truly_missing,
A0A803L9Z1,truly_missing,
A0A803L9Z8,truly_missing,
A0A803LA01,truly_missing,
A0A803LA02,truly_missing,
A0A803LA07,truly_missing,
A0A803LA11,truly_missing,
A0A803LA12,truly_missing,
A0A803LA19,truly_missing,
A0A803LA22,truly_missing,
A0A803LA29,truly_missing,
A0A803LA36,truly_missing,
A0A803LA40,truly_missing,
A0A803LA44,truly_missing,
A0A803LA45,truly_missing,
A0A803LA47,truly_missing,
A0A803LA51,truly_missing,
A0A803LA52,truly_missing,
A0A803LA53,truly_missing,
A0A803LA56,truly_missing,
A0A803LA58,truly_missing,
A0A803LA76,truly_missing,
A0A803LA84,truly_missing,
A0A803LA86,truly_missing,
A0A803LA88,truly_missing,
A0A803LA90,truly_missing,
A0A803LA91,truly_missing,
A0A803LA92,truly_missing,
A0A803LA93,truly_missing,
A0A803LA98,truly_missing,
A0A803LA99,truly_missing,
A0A803LAA7,truly_missing,
A0A803LAA8,truly_missing,
A0A803LAB1,truly_missing,
A0A803LAB2,truly_missing,
A0A803LAB5,truly_missing,
A0A803LAB9,truly_missing,
A0A803LAC4,truly_missing,
A0A803LAD4,truly_missing,
A0A803LAE6,truly_missing,
A0A803LAF1,truly_missing,
A0A803LAF4,truly_missing,
A0A803LAF5,truly_missing,
A0A803LAG0,truly_missing,
A0A803LAG3,truly_missing,
A0A803LAG7,truly_missing,
A0A803LAH5,truly_missing,
A0A803LAH7,truly_missing,
A0A803LAH9,truly_missing,
A0A803LAJ1,truly_missing,
A0A803LAJ4,truly_missing,
A0A803LAJ5,truly_missing,
A0A803LAJ6,truly_missing,
A0A803LAK1,truly_missing,
A0A803LAK2,truly_missing,
A0A803LAK5,truly_missing,
A0A803LAL1,truly_missing,
A0A803LAL2,truly_missing,
A0A803LAL4,truly_missing,
A0A803LAM0,truly_missing,
A0A803LAM1,truly_missing,
A0A803LAM5,truly_missing,
A0A803LAN4,truly_missing,
A0A803LAN6,truly_missing,
A0A803LAN7,truly_missing,
A0A803LAP4,truly_missing,
A0A803LAQ6,truly_missing,
A0A803LAR1,truly_missing,
A0A803LAR9,truly_missing,
A0A803LAT2,truly_missing,
A0A803LAU3,truly_missing,
A0A803LAU6,truly_missing,
A0A803LAU7,truly_missing,
A0A803LAU9,truly_missing,
A0A803LAV4,truly_missing,
A0A803LAV6,truly_missing,
A0A803LAW9,truly_missing,
A0A803LAX8,truly_missing,
A0A803LAY1,truly_missing,
A0A803LAY4,truly_missing,
A0A803LAY8,truly_missing,
A0A803LB13,truly_missing,
A0A803LB48,truly_missing,
A0A803LB65,truly_missing,
A0A803LB70,truly_missing,
A0A803LB75,truly_missing,
A0A803LB77,truly_missing,
A0A803LB81,truly_missing,
A0A803LB92,truly_missing,
A0A803LBA1,truly_missing,
A0A803LBA2,truly_missing,
A0A803LBB2,truly_missing,
A0A803LBB8,truly_missing,
A0A803LBC1,truly_missing,
A0A803LBE2,truly_missing,
A0A803LBE5,truly_missing,
A0A803LBF0,truly_missing,
A0A803LBF1,truly_missing,
A0A803LBF2,truly_missing,
A0A803LBF9,truly_missing,
A0A803LBG0,truly_missing,
A0A803LBG8,truly_missing,
A0A803LBH9,truly_missing,
A0A803LBI5,truly_missing,
A0A803LBI7,truly_missing,
A0A803LBI8,truly_missing,
A0A803LBI9,truly_missing,
A0A803LBL8,truly_missing,
A0A803LBN1,truly_missing,
A0A803LBP0,truly_missing,
A0A803LBP5,truly_missing,
A0A803LBP7,truly_missing,
A0A803LBP9,truly_missing,
A0A803LBQ4,truly_missing,
A0A803LBR3,truly_missing,
A0A803LBR6,truly_missing,
A0A803LBS1,truly_missing,
A0A803LBT1,truly_missing,
A0A803LBT6,truly_missing,
A0A803LBT8,truly_missing,
A0A803LBV0,truly_missing,
A0A803LBV6,truly_missing,
A0A803LBV8,truly_missing,
A0A803LBW4,truly_missing,
A0A803LBW5,truly_missing,
A0A803LBX5,truly_missing,
A0A803LBX9,truly_missing,
A0A803LBY8,truly_missing,
A0A803LBZ1,truly_missing,
A0A803LBZ4,truly_missing,
A0A803LBZ9,truly_missing,
A0A803LC04,truly_missing,
A0A803LC09,truly_missing,
A0A803LC10,truly_missing,
A0A803LC26,truly_missing,
A0A803LC32,truly_missing,
A0A803LC33,truly_missing,
A0A803LC37,truly_missing,
A0A803LC41,truly_missing,
A0A803LC45,truly_missing,
A0A803LC47,truly_missing,
A0A803LC54,truly_missing,
A0A803LC55,truly_missing,
A0A803LC56,truly_missing,
A0A803LC57,truly_missing,
A0A803LC63,truly_missing,
A0A803LC67,truly_missing,
A0A803LC69,merged_as_alt_id,GeneID:110705273
A0A803LC74,truly_missing,
A0A803LC78,truly_missing,
A0A803LC87,truly_missing,
A0A803LC88,truly_missing,
A0A803LC96,truly_missing,
A0A803LC99,truly_missing,
A0A803LCA4,truly_missing,
A0A803LCA5,truly_missing,
A0A803LCA8,truly_missing,
A0A803LCA9,truly_missing,
A0A803LCB0,truly_missing,
A0A803LCB1,truly_missing,
A0A803LCB4,truly_missing,
A0A803LCB5,truly_missing,
A0A803LCC5,truly_missing,
A0A803LCD4,truly_missing,
A0A803LCD5,truly_missing,
A0A803LCE4,truly_missing,
A0A803LCE5,truly_missing,
A0A803LCF2,truly_missing,
A0A803LCF8,truly_missing,
A0A803LCG4,truly_missing,
A0A803LCG6,truly_missing,
A0A803LCH2,truly_missing,
A0A803LCH5,truly_missing,
A0A803LCI0,truly_missing,
A0A803LCI1,truly_missing,
A0A803LCJ2,truly_missing,
A0A803LCJ9,truly_missing,
A0A803LCK4,truly_missing,
A0A803LCK7,truly_missing,
A0A803LCL0,truly_missing,
A0A803LCL1,truly_missing,
A0A803LCL6,truly_missing,
A0A803LCN2,truly_missing,
A0A803LCP0,truly_missing,
A0A803LCP8,truly_missing,
A0A803LCP9,truly_missing,
A0A803LCQ6,truly_missing,
A0A803LCQ7,truly_missing,
A0A803LCR9,truly_missing,
A0A803LCS0,truly_missing,
A0A803LCT0,truly_missing,
A0A803LCT1,truly_missing,
A0A803LCT2,truly_missing,
A0A803LCT4,truly_missing,
A0A803LCU6,truly_missing,
A0A803LCV2,truly_missing,
A0A803LCW0,truly_missing,
A0A803LCX1,truly_missing,
A0A803LCX9,truly_missing,
A0A803LCY0,truly_missing,
A0A803LCY2,truly_missing,
A0A803LCZ4,truly_missing,
A0A803LCZ5,truly_missing,
A0A803LD00,truly_missing,
A0A803LD01,truly_missing,
A0A803LD03,truly_missing,
A0A803LD04,truly_missing,
A0A803LD05,truly_missing,
A0A803LD13,truly_missing,
A0A803LD16,truly_missing,
A0A803LD17,truly_missing,
A0A803LD26,truly_missing,
A0A803LD32,merged_as_alt_id,PA540278.1
A0A803LD48,truly_missing,
A0A803LD49,truly_missing,
A0A803LD78,truly_missing,
A0A803LD81,truly_missing,
A0A803LD85,truly_missing,
A0A803LD89,truly_missing,
A0A803LD91,truly_missing,
A0A803LD92,truly_missing,
A0A803LD95,truly_missing,
A0A803LDA8,truly_missing,
A0A803LDB3,truly_missing,
A0A803LDB7,truly_missing,
A0A803LDE4,truly_missing,
A0A803LDE6,truly_missing,
A0A803LDG1,truly_missing,
A0A803LDH9,truly_missing,
A0A803LDI9,truly_missing,
A0A803LDJ2,truly_missing,
A0A803LDJ5,truly_missing,
A0A803LDJ8,truly_missing,
A0A803LDK4,truly_missing,
A0A803LDK5,truly_missing,
A0A803LDK9,truly_missing,
A0A803LDL3,truly_missing,
A0A803LDL4,truly_missing,
A0A803LDM5,truly_missing,
A0A803LDM7,truly_missing,
A0A803LDP3,truly_missing,
A0A803LDQ1,truly_missing,
A0A803LDR9,truly_missing,
A0A803LDT2,truly_missing,
A0A803LDU1,truly_missing,
A0A803LDU2,truly_missing,
A0A803LDV7,truly_missing,
A0A803LDV9,truly_missing,
A0A803LDW1,truly_missing,
A0A803LDW2,truly_missing,
A0A803LDW5,truly_missing,
A0A803LDW7,truly_missing,
A0A803LDX5,truly_missing,
A0A803LDX6,merged_as_alt_id,GeneID:110698924
A0A803LDY2,truly_missing,
A0A803LE15,truly_missing,
A0A803LE20,truly_missing,
A0A803LE25,truly_missing,
A0A803LE29,merged_as_alt_id,GeneID:110698933
A0A803LE42,merged_as_alt_id,GeneID:110698590
A0A803LE45,truly_missing,
A0A803LE52,truly_missing,
A0A803LE53,truly_missing,
A0A803LE66,truly_missing,
A0A803LE71,truly_missing,
A0A803LE72,truly_missing,
A0A803LE77,truly_missing,
A0A803LE81,truly_missing,
A0A803LE91,truly_missing,
A0A803LE96,truly_missing,
A0A803LE99,truly_missing,
A0A803LEA8,truly_missing,
A0A803LEA9,truly_missing,
A0A803LEB1,truly_missing,
A0A803LEB2,truly_missing,
A0A803LEB6,truly_missing,
A0A803LEB8,truly_missing,
A0A803LEB9,truly_missing,
A0A803LEC7,truly_missing,
A0A803LEF1,merged_as_alt_id,GeneID:110698972
A0A803LEF7,truly_missing,
A0A803LEF8,truly_missing,
A0A803LEG3,truly_missing,
A0A803LEI2,merged_as_alt_id,GeneID:110698829
A0A803LEJ4,truly_missing,
A0A803LEK5,truly_missing,
A0A803LEK9,truly_missing,
A0A803LEL4,truly_missing,
A0A803LEM1,truly_missing,
A0A803LEM5,truly_missing,
A0A803LEP0,truly_missing,
A0A803LEP4,truly_missing,
A0A803LEP9,merged_as_alt_id,GeneID:110698845
A0A803LEQ0,merged_as_alt_id,GeneID:110698846
A0A803LEQ1,truly_missing,
A0A803LEQ2,truly_missing,
A0A803LEQ8,truly_missing,
A0A803LER9,truly_missing,
A0A803LET8,truly_missing,
A0A803LET9,truly_missing,
A0A803LEU1,truly_missing,
A0A803LEU6,truly_missing,
A0A803LEW0,truly_missing,
A0A803LEW8,truly_missing,
A0A803LEW9,truly_missing,
A0A803LEY0,truly_missing,
A0A803LEY8,truly_missing,
A0A803LEZ3,truly_missing,
A0A803LEZ6,truly_missing,
A0A803LEZ7,truly_missing,
A0A803LF00,truly_missing,
A0A803LF03,truly_missing,
A0A803LF05,truly_missing,
A0A803LF06,truly_missing,
A0A803LF09,truly_missing,
A0A803LF28,truly_missing,
A0A803LF32,truly_missing,
A0A803LF36,truly_missing,
A0A803LF39,truly_missing,
A0A803LF40,truly_missing,
A0A803LF42,truly_missing,
A0A803LF47,truly_missing,
A0A803LF50,truly_missing,
A0A803LF55,truly_missing,
A0A803LF60,truly_missing,
A0A803LF72,truly_missing,
A0A803LF93,truly_missing,
A0A803LF94,truly_missing,
A0A803LF99,truly_missing,
A0A803LFA4,truly_missing,
A0A803LFB4,truly_missing,
A0A803LFC2,truly_missing,
A0A803LFC7,truly_missing,
A0A803LFD0,truly_missing,
A0A803LFD7,truly_missing,
A0A803LFF1,truly_missing,
A0A803LFF3,truly_missing,
A0A803LFF4,truly_missing,
A0A803LFG0,truly_missing,
A0A803LFG5,truly_missing,
A0A803LFH6,truly_missing,
A0A803LFH7,truly_missing,
A0A803LFI7,truly_missing,
A0A803LFI9,truly_missing,
A0A803LFJ5,truly_missing,
A0A803LFK8,truly_missing,
A0A803LFL3,truly_missing,
A0A803LFL6,truly_missing,
A0A803LFM5,truly_missing,
A0A803LFN2,truly_missing,
A0A803LFN6,truly_missing,
A0A803LFN7,truly_missing,
A0A803LFP1,truly_missing,
A0A803LFP3,truly_missing,
A0A803LFQ1,truly_missing,
A0A803LFR6,truly_missing,
A0A803LFR7,truly_missing,
A0A803LFR9,truly_missing,
A0A803LFS1,truly_missing,
A0A803LFT2,truly_missing,
A0A803LFT4,truly_missing,
A0A803LFT6,truly_missing,
A0A803LFT9,truly_missing,
A0A803LFU0,truly_missing,
A0A803LFU7,truly_missing,
A0A803LFV3,truly_missing,
A0A803LFV4,truly_missing,
A0A803LFV5,truly_missing,
A0A803LFV7,truly_missing,
A0A803LFW1,truly_missing,
A0A803LFX3,truly_missing,
A0A803LFY6,truly_missing,
A0A803LFZ5,truly_missing,
A0A803LG06,truly_missing,
A0A803LG07,truly_missing,
A0A803LG17,truly_missing,
A0A803LG22,truly_missing,
A0A803LG23,truly_missing,
A0A803LG40,truly_missing,
A0A803LG44,truly_missing,
A0A803LG53,truly_missing,
A0A803LG55,truly_missing,
A0A803LG65,truly_missing,
A0A803LG92,truly_missing,
A0A803LG97,truly_missing,
A0A803LGA1,truly_missing,
A0A803LGA6,truly_missing,
A0A803LGB0,truly_missing,
A0A803LGB3,truly_missing,
A0A803LGB9,truly_missing,
A0A803LGC1,truly_missing,
A0A803LGC3,truly_missing,
A0A803LGC5,truly_missing,
A0A803LGC6,truly_missing,
A0A803LGD1,truly_missing,
A0A803LGD3,truly_missing,
A0A803LGD4,truly_missing,
A0A803LGD7,truly_missing,
A0A803LGE2,truly_missing,
A0A803LGE3,truly_missing,
A0A803LGE4,truly_missing,
A0A803LGF1,truly_missing,
A0A803LGF9,truly_missing,
A0A803LGG6,truly_missing,
A0A803LGH3,truly_missing,
A0A803LGH7,truly_missing,
A0A803LGH8,truly_missing,
A0A803LGI7,truly_missing,
A0A803LGL7,truly_missing,
A0A803LGM2,truly_missing,
A0A803LGM3,truly_missing,
A0A803LGN2,truly_missing,
A0A803LGN7,truly_missing,
A0A803LGN8,truly_missing,
A0A803LGP0,truly_missing,
A0A803LGP5,truly_missing,
A0A803LGP9,truly_missing,
A0A803LGQ1,truly_missing,
A0A803LGQ4,truly_missing,
A0A803LGQ5,truly_missing,
A0A803LGS2,truly_missing,
A0A803LGT6,truly_missing,
A0A803LGT9,truly_missing,
A0A803LGU8,truly_missing,
A0A803LGV9,truly_missing,
A0A803LGW2,truly_missing,
A0A803LGX7,truly_missing,
A0A803LGX9,truly_missing,
A0A803LGY3,truly_missing,
A0A803LH14,truly_missing,
A0A803LH29,truly_missing,
A0A803LH32,truly_missing,
A0A803LH38,truly_missing,
A0A803LH39,truly_missing,
A0A803LH42,truly_missing,
A0A803LH52,truly_missing,
A0A803LH56,truly_missing,
A0A803LH60,truly_missing,
A0A803LH65,truly_missing,
A0A803LH66,truly_missing,
A0A803LH73,truly_missing,
A0A803LH74,truly_missing,
A0A803LH79,truly_missing,
A0A803LH80,truly_missing,
A0A803LH88,truly_missing,
A0A803LH91,truly_missing,
A0A803LHA0,truly_missing,
A0A803LHA7,truly_missing,
A0A803LHB4,truly_missing,
A0A803LHB6,truly_missing,
A0A803LHC4,truly_missing,
A0A803LHC7,truly_missing,
A0A803LHC8,truly_missing,
A0A803LHC9,truly_missing,
A0A803LHE0,truly_missing,
A0A803LHF0,truly_missing,
A0A803LHF5,truly_missing,
A0A803LHF7,truly_missing,
A0A803LHH2,truly_missing,
A0A803LHI2,truly_missing,
A0A803LHI4,truly_missing,
A0A803LHI8,truly_missing,
A0A803LHI9,truly_missing,
A0A803LHJ0,truly_missing,
A0A803LHJ3,truly_missing,
A0A803LHJ5,truly_missing,
A0A803LHK2,truly_missing,
A0A803LHK5,truly_missing,
A0A803LHK7,truly_missing,
A0A803LHN3,truly_missing,
A0A803LHP7,truly_missing,
A0A803LHP8,truly_missing,
A0A803LHQ0,truly_missing,
A0A803LHQ1,truly_missing,
A0A803LHQ2,truly_missing,
A0A803LHR3,truly_missing,
A0A803LHS9,truly_missing,
A0A803LHT2,truly_missing,
A0A803LHT5,truly_missing,
A0A803LHU1,truly_missing,
A0A803LHU3,truly_missing,
A0A803LHV2,truly_missing,
A0A803LHW5,truly_missing,
A0A803LHW6,truly_missing,
A0A803LI07,truly_missing,
A0A803LI15,truly_missing,
A0A803LI18,truly_missing,
A0A803LI21,truly_missing,
A0A803LI24,truly_missing,
A0A803LI34,truly_missing,
A0A803LI44,truly_missing,
A0A803LI45,truly_missing,
A0A803LI49,truly_missing,
A0A803LI63,truly_missing,
A0A803LI66,truly_missing,
A0A803LI70,truly_missing,
A0A803LI72,truly_missing,
A0A803LI76,truly_missing,
A0A803LI81,truly_missing,
A0A803LI83,truly_missing,
A0A803LI85,truly_missing,
A0A803LI86,truly_missing,
A0A803LI90,truly_missing,
A0A803LI91,truly_missing,
A0A803LI93,truly_missing,
A0A803LI96,truly_missing,
A0A803LIA4,truly_missing,
A0A803LIC1,truly_missing,
A0A803LID0,truly_missing,
A0A803LIE3,truly_missing,
A0A803LIE4,truly_missing,
A0A803LIE5,truly_missing,
A0A803LIF4,truly_missing,
A0A803LIG2,truly_missing,
A0A803LIG3,truly_missing,
A0A803LIH3,truly_missing,
A0A803LII2,truly_missing,
A0A803LII5,truly_missing,
A0A803LIJ5,truly_missing,
A0A803LIJ9,truly_missing,
A0A803LIK2,truly_missing,
A0A803LIK9,truly_missing,
A0A803LIL8,truly_missing,
A0A803LIM5,truly_missing,
A0A803LIM7,truly_missing,
A0A803LIN5,truly_missing,
A0A803LIN9,truly_missing,
A0A803LIP7,truly_missing,
A0A803LIP8,truly_missing,
A0A803LIP9,truly_missing,
A0A803LIR6,truly_missing,
A0A803LIS1,truly_missing,
A0A803LIS4,truly_missing,
A0A803LIT4,truly_missing,
A0A803LIT8,truly_missing,
A0A803LIU5,truly_missing,
A0A803LIU8,truly_missing,
A0A803LIU9,truly_missing,
A0A803LIV1,truly_missing,
A0A803LIV3,truly_missing,
A0A803LIV4,truly_missing,
A0A803LIV8,truly_missing,
A0A803LIV9,truly_missing,
A0A803LIW0,truly_missing,
A0A803LIW1,truly_missing,
A0A803LIW2,truly_missing,
A0A803LIW3,truly_missing,
A0A803LIW4,truly_missing,
A0A803LIW5,truly_missing,
A0A803LIX1,truly_missing,
A0A803LIX3,truly_missing,
A0A803LIX5,truly_missing,
A0A803LIX6,truly_missing,
A0A803LIX8,truly_missing,
A0A803LIY7,truly_missing,
A0A803LIZ0,truly_missing,
A0A803LJ02,truly_missing,
A0A803LJ06,truly_missing,
A0A803LJ08,truly_missing,
A0A803LJ16,truly_missing,
A0A803LJ21,truly_missing,
A0A803LJ23,truly_missing,
A0A803LJ28,truly_missing,
A0A803LJ42,truly_missing,
A0A803LJ85,truly_missing,
A0A803LJA0,truly_missing,
A0A803LJA1,truly_missing,
A0A803LJA2,truly_missing,
A0A803LJA4,truly_missing,
A0A803LJB2,truly_missing,
A0A803LJB3,truly_missing,
A0A803LJB5,truly_missing,
A0A803LJB7,truly_missing,
A0A803LJC2,truly_missing,
A0A803LJC3,truly_missing,
A0A803LJD1,truly_missing,
A0A803LJE9,truly_missing,
A0A803LJH3,truly_missing,
A0A803LJI3,truly_missing,
A0A803LJI5,truly_missing,
A0A803LJJ3,truly_missing,
A0A803LJJ4,truly_missing,
A0A803LJJ7,truly_missing,
A0A803LJK6,truly_missing,
A0A803LJK7,truly_missing,
A0A803LJL3,truly_missing,
A0A803LJL4,truly_missing,
A0A803LJN3,truly_missing,
A0A803LJQ2,truly_missing,
A0A803LJQ3,truly_missing,
A0A803LJQ4,truly_missing,
A0A803LJQ6,truly_missing,
A0A803LJR3,truly_missing,
A0A803LJR8,truly_missing,
A0A803LJT5,truly_missing,
A0A803LJT9,truly_missing,
A0A803LJU7,truly_missing,
A0A803LJW2,truly_missing,
A0A803LJX5,truly_missing,
A0A803LJY1,truly_missing,
A0A803LJZ3,truly_missing,
A0A803LJZ7,truly_missing,
A0A803LK01,truly_missing,
A0A803LK03,truly_missing,
A0A803LK04,truly_missing,
A0A803LK19,truly_missing,
A0A803LK29,truly_missing,
A0A803LK32,truly_missing,
A0A803LK35,truly_missing,
A0A803LK44,truly_missing,
A0A803LK50,truly_missing,
A0A803LK57,truly_missing,
A0A803LK58,truly_missing,
A0A803LK67,truly_missing,
A0A803LK76,truly_missing,
A0A803LK79,truly_missing,
A0A803LK80,truly_missing,
A0A803LK89,truly_missing,
A0A803LK96,truly_missing,
A0A803LK97,truly_missing,
A0A803LK99,truly_missing,
A0A803LKA0,truly_missing,
A0A803LKA1,truly_missing,
A0A803LKA2,truly_missing,
A0A803LKA4,truly_missing,
A0A803LKA9,truly_missing,
A0A803LKC3,truly_missing,
A0A803LKC4,truly_missing,
A0A803LKC7,truly_missing,
A0A803LKC9,truly_missing,
A0A803LKD3,truly_missing,
A0A803LKD8,truly_missing,
A0A803LKD9,truly_missing,
A0A803LKE3,truly_missing,
A0A803LKE4,truly_missing,
A0A803LKE8,truly_missing,
A0A803LKF1,truly_missing,
A0A803LKF4,truly_missing,
A0A803LKF5,truly_missing,
A0A803LKF8,truly_missing,
A0A803LKF9,truly_missing,
A0A803LKG0,truly_missing,
A0A803LKG1,truly_missing,
A0A803LKG2,truly_missing,
A0A803LKG3,truly_missing,
A0A803LKG4,truly_missing,
A0A803LKH4,truly_missing,
A0A803LKH5,truly_missing,
A0A803LKH7,truly_missing,
A0A803LKH8,truly_missing,
A0A803LKI3,truly_missing,
A0A803LKI8,truly_missing,
A0A803LKJ2,truly_missing,
A0A803LKJ4,truly_missing,
A0A803LKK1,truly_missing,
A0A803LKK2,truly_missing,
A0A803LKK6,truly_missing,
A0A803LKM2,truly_missing,
A0A803LKM6,truly_missing,
A0A803LKP2,truly_missing,
A0A803LKQ0,truly_missing,
A0A803LKQ6,truly_missing,
A0A803LKR1,truly_missing,
A0A803LKR3,truly_missing,
A0A803LKR4,truly_missing,
A0A803LKS1,truly_missing,
A0A803LKS2,truly_missing,
A0A803LKT4,truly_missing,
A0A803LKT9,truly_missing,
A0A803LKU0,truly_missing,
A0A803LKU1,truly_missing,
A0A803LKU5,truly_missing,
A0A803LKU6,truly_missing,
A0A803LKU8,truly_missing,
A0A803LKV2,truly_missing,
A0A803LKV3,truly_missing,
A0A803LKV4,truly_missing,
A0A803LKV7,truly_missing,
A0A803LKV8,truly_missing,
A0A803LKV9,truly_missing,
A0A803LKW0,truly_missing,
A0A803LKW2,truly_missing,
A0A803LKW5,truly_missing,
A0A803LKX1,truly_missing,
A0A803LKY2,truly_missing,
A0A803LKY5,truly_missing,
A0A803LKZ0,truly_missing,
A0A803LKZ6,truly_missing,
A0A803LL00,truly_missing,
A0A803LL03,truly_missing,
A0A803LL04,truly_missing,
A0A803LL07,truly_missing,
A0A803LL13,truly_missing,
A0A803LL19,truly_missing,
A0A803LL20,truly_missing,
A0A803LL23,truly_missing,
A0A803LL24,truly_missing,
A0A803LL26,truly_missing,
A0A803LL29,truly_missing,
A0A803LL30,truly_missing,
A0A803LL32,truly_missing,
A0A803LL33,truly_missing,
A0A803LL36,truly_missing,
A0A803LL47,truly_missing,
A0A803LL53,truly_missing,
A0A803LL57,truly_missing,
A0A803LL68,truly_missing,
A0A803LL71,truly_missing,
A0A803LL82,truly_missing,
A0A803LL91,truly_missing,
A0A803LL95,truly_missing,
A0A803LL97,truly_missing,
A0A803LL98,truly_missing,
A0A803LL99,truly_missing,
A0A803LLA9,truly_missing,
A0A803LLB1,truly_missing,
A0A803LLB7,truly_missing,
A0A803LLC4,truly_missing,
A0A803LLC8,truly_missing,
A0A803LLD3,truly_missing,
A0A803LLD7,truly_missing,
A0A803LLE6,truly_missing,
A0A803LLE8,truly_missing,
A0A803LLG7,truly_missing,
A0A803LLG8,truly_missing,
A0A803LLH5,truly_missing,
A0A803LLH7,truly_missing,
A0A803LLI1,truly_missing,
A0A803LLI2,truly_missing,
A0A803LLJ2,truly_missing,
A0A803LLJ8,truly_missing,
A0A803LLK3,truly_missing,
A0A803LLK8,truly_missing,
A0A803LLL4,truly_missing,
A0A803LLM7,truly_missing,
A0A803LLN4,truly_missing,
A0A803LLP7,truly_missing,
A0A803LLR1,truly_missing,
A0A803LLR2,truly_missing,
A0A803LLR7,truly_missing,
A0A803LLR8,truly_missing,
A0A803LLS0,truly_missing,
A0A803LLU0,truly_missing,
A0A803LLU9,truly_missing,
A0A803LLW2,truly_missing,
A0A803LLY7,truly_missing,
A0A803LLZ2,truly_missing,
A0A803LLZ4,truly_missing,
A0A803LLZ8,truly_missing,
A0A803LM05,truly_missing,
A0A803LM10,truly_missing,
A0A803LM13,truly_missing,
A0A803LM20,truly_missing,
A0A803LM26,truly_missing,
A0A803LM27,truly_missing,
A0A803LM29,truly_missing,
A0A803LM38,truly_missing,
A0A803LM43,truly_missing,
A0A803LM44,truly_missing,
A0A803LM46,truly_missing,
A0A803LM48,truly_missing,
A0A803LM51,truly_missing,
A0A803LM61,truly_missing,
A0A803LM65,truly_missing,
A0A803LM66,truly_missing,
A0A803LM67,truly_missing,
A0A803LM77,truly_missing,
A0A803LM85,truly_missing,
A0A803LM94,truly_missing,
A0A803LMB7,truly_missing,
A0A803LMC3,truly_missing,
A0A803LMD8,truly_missing,
A0A803LMF2,truly_missing,
A0A803LMF3,truly_missing,
A0A803LMG1,truly_missing,
A0A803LMG3,truly_missing,
A0A803LMG8,truly_missing,
A0A803LMG9,truly_missing,
A0A803LMH2,truly_missing,
A0A803LMH5,truly_missing,
A0A803LMI3,truly_missing,
A0A803LMI9,truly_missing,
A0A803LMK3,truly_missing,
A0A803LMK7,truly_missing,
A0A803LMK9,truly_missing,
A0A803LML0,truly_missing,
A0A803LML1,truly_missing,
A0A803LMN3,truly_missing,
A0A803LMP6,truly_missing,
A0A803LMQ7,truly_missing,
A0A803LMQ9,truly_missing,
A0A803LMT3,truly_missing,
A0A803LMT5,truly_missing,
A0A803LMT6,truly_missing,
A0A803LMT9,truly_missing,
A0A803LMV2,truly_missing,
A0A803LMW8,truly_missing,
A0A803LMW9,merged_as_alt_id,GeneID:110703064
A0A803LMX4,truly_missing,
A0A803LMX5,truly_missing,
A0A803LMX6,merged_as_alt_id,GeneID:110703070
A0A803LMX8,merged_as_alt_id,GeneID:110703072
A0A803LMZ2,truly_missing,
A0A803LMZ3,truly_missing,
A0A803LN04,truly_missing,
A0A803LN05,truly_missing,
A0A803LN14,truly_missing,
A0A803LN16,truly_missing,
A0A803LN24,truly_missing,
A0A803LN34,truly_missing,
A0A803LN46,truly_missing,
A0A803LN52,truly_missing,
A0A803LN53,truly_missing,
A0A803LN71,merged_as_alt_id,GeneID:110703098
A0A803LN72,truly_missing,
A0A803LN73,truly_missing,
A0A803LN75,truly_missing,
A0A803LN91,truly_missing,
A0A803LN92,truly_missing,
A0A803LNA6,truly_missing,
A0A803LNB1,truly_missing,
A0A803LNB2,truly_missing,
A0A803LNC4,truly_missing,
A0A803LNC5,truly_missing,
A0A803LND0,truly_missing,
A0A803LND3,truly_missing,
A0A803LNF2,truly_missing,
A0A803LNG1,truly_missing,
A0A803LNI1,truly_missing,
A0A803LNI4,truly_missing,
A0A803LNI5,truly_missing,
A0A803LNI7,truly_missing,
A0A803LNI8,truly_missing,
A0A803LNJ6,truly_missing,
A0A803LNJ7,truly_missing,
A0A803LNK5,truly_missing,
A0A803LNL0,truly_missing,
A0A803LNL5,truly_missing,
A0A803LNM3,truly_missing,
A0A803LNM5,truly_missing,
A0A803LNM6,truly_missing,
A0A803LNP0,truly_missing,
A0A803LNP8,truly_missing,
A0A803LNQ7,truly_missing,
A0A803LNR7,truly_missing,
A0A803LNS7,truly_missing,
A0A803LNU8,truly_missing,
A0A803LNV2,truly_missing,
A0A803LNV5,truly_missing,
A0A803LNW0,truly_missing,
A0A803LP04,truly_missing,
A0A803LP08,truly_missing,
A0A803LP10,truly_missing,
A0A803LP11,truly_missing,
A0A803LP12,truly_missing,
A0A803LP13,truly_missing,
A0A803LP14,truly_missing,
A0A803LP16,truly_missing,
A0A803LP17,truly_missing,
A0A803LP19,truly_missing,
A0A803LP25,truly_missing,
A0A803LP37,truly_missing,
A0A803LP48,truly_missing,
A0A803LP56,truly_missing,
A0A803LP60,truly_missing,
A0A803LP65,truly_missing,
A0A803LP71,truly_missing,
A0A803LP73,truly_missing,
A0A803LP97,truly_missing,
A0A803LPA4,truly_missing,
A0A803LPA7,truly_missing,
A0A803LPA9,truly_missing,
A0A803LPB5,truly_missing,
A0A803LPB6,truly_missing,
A0A803LPC1,truly_missing,
A0A803LPC2,truly_missing,
A0A803LPC6,truly_missing,
A0A803LPD6,truly_missing,
A0A803LPE2,truly_missing,
A0A803LPK6,truly_missing,
A0A803LPK7,truly_missing,
A0A803LPL4,truly_missing,
A0A803LPL8,truly_missing,
A0A803LPN3,truly_missing,
A0A803LPP0,truly_missing,
A0A803LPP3,truly_missing,
A0A803LPP4,truly_missing,
A0A803LPQ2,truly_missing,
A0A803LPQ4,truly_missing,
A0A803LPR7,truly_missing,
A0A803LPR8,truly_missing,
A0A803LPS0,truly_missing,
A0A803LPS4,truly_missing,
A0A803LPT1,truly_missing,
A0A803LPT2,truly_missing,
A0A803LPT8,truly_missing,
A0A803LPU7,truly_missing,
A0A803LPV3,truly_missing,
A0A803LPV9,truly_missing,
A0A803LPW0,truly_missing,
A0A803LPY3,truly_missing,
A0A803LPZ1,truly_missing,
A0A803LPZ4,truly_missing,
A0A803LPZ5,truly_missing,
A0A803LPZ6,truly_missing,
A0A803LPZ7,truly_missing,
A0A803LPZ8,truly_missing,
A0A803LQ05,truly_missing,
A0A803LQ07,truly_missing,
A0A803LQ09,truly_missing,
A0A803LQ11,truly_missing,
A0A803LQ22,truly_missing,
A0A803LQ24,truly_missing,
A0A803LQ27,truly_missing,
A0A803LQ29,truly_missing,
A0A803LQ34,truly_missing,
A0A803LQ39,truly_missing,
A0A803LQ43,truly_missing,
A0A803LQ46,truly_missing,
A0A803LQ49,truly_missing,
A0A803LQ57,truly_missing,
A0A803LQ59,truly_missing,
A0A803LQ63,truly_missing,
A0A803LQ78,truly_missing,
A0A803LQ80,truly_missing,
A0A803LQ90,truly_missing,
A0A803LQ91,truly_missing,
A0A803LQA9,truly_missing,
A0A803LQB3,truly_missing,
A0A803LQB9,truly_missing,
A0A803LQC2,truly_missing,
A0A803LQC7,truly_missing,
A0A803LQD0,truly_missing,
A0A803LQD8,truly_missing,
A0A803LQD9,truly_missing,
A0A803LQF6,truly_missing,
A0A803LQG9,truly_missing,
A0A803LQH0,truly_missing,
A0A803LQH7,truly_missing,
A0A803LQJ0,truly_missing,
A0A803LQJ3,merged_as_alt_id,GeneID:110702273
A0A803LQJ6,truly_missing,
A0A803LQJ9,truly_missing,
A0A803LQK7,truly_missing,
A0A803LQL7,truly_missing,
A0A803LQL8,truly_missing,
A0A803LQM1,truly_missing,
A0A803LQM5,truly_missing,
A0A803LQM7,truly_missing,
A0A803LQN2,truly_missing,
A0A803LQP2,truly_missing,
A0A803LQP4,truly_missing,
A0A803LQP6,truly_missing,
A0A803LQQ5,truly_missing,
A0A803LQS2,truly_missing,
A0A803LQT0,truly_missing,
A0A803LQU7,truly_missing,
A0A803LQU9,truly_missing,
A0A803LQW6,truly_missing,
A0A803LQX0,truly_missing,
A0A803LQX2,truly_missing,
A0A803LQX5,truly_missing,
A0A803LQY1,truly_missing,
A0A803LQY7,truly_missing,
A0A803LR02,truly_missing,
A0A803LR18,truly_missing,
A0A803LR19,truly_missing,
A0A803LR27,truly_missing,
A0A803LR34,truly_missing,
A0A803LR35,truly_missing,
A0A803LR48,truly_missing,
A0A803LR49,truly_missing,
A0A803LR58,truly_missing,
A0A803LR77,truly_missing,
A0A803LR83,truly_missing,
A0A803LR85,truly_missing,
A0A803LR94,truly_missing,
A0A803LRA0,truly_missing,
A0A803LRA9,truly_missing,
A0A803LRB7,truly_missing,
A0A803LRC0,truly_missing,
A0A803LRD2,truly_missing,
A0A803LRD3,truly_missing,
A0A803LRD9,truly_missing,
A0A803LRE9,truly_missing,
A0A803LRF5,truly_missing,
A0A803LRF7,truly_missing,
A0A803LRF8,truly_missing,
A0A803LRG7,truly_missing,
A0A803LRJ1,truly_missing,
A0A803LRJ5,truly_missing,
A0A803LRJ6,truly_missing,
A0A803LRJ7,truly_missing,
A0A803LRK0,truly_missing,
A0A803LRK5,truly_missing,
A0A803LRN1,truly_missing,
A0A803LRN4,truly_missing,
A0A803LRN5,truly_missing,
A0A803LRP7,truly_missing,
A0A803LRP8,truly_missing,
A0A803LRP9,truly_missing,
A0A803LRQ0,truly_missing,
A0A803LRQ9,truly_missing,
A0A803LRR6,truly_missing,
A0A803LRS0,truly_missing,
A0A803LRV7,truly_missing,
A0A803LRV9,truly_missing,
A0A803LRX6,truly_missing,
A0A803LRZ3,truly_missing,
A0A803LS14,truly_missing,
A0A803LS16,truly_missing,
A0A803LS17,truly_missing,
A0A803LS23,truly_missing,
A0A803LS27,truly_missing,
A0A803LS35,truly_missing,
A0A803LS41,truly_missing,
A0A803LS50,truly_missing,
A0A803LS52,truly_missing,
A0A803LS53,truly_missing,
A0A803LS60,truly_missing,
A0A803LS61,truly_missing,
A0A803LS63,truly_missing,
A0A803LS65,truly_missing,
A0A803LS67,truly_missing,
A0A803LS68,truly_missing,
A0A803LS76,truly_missing,
A0A803LS93,truly_missing,
A0A803LSA0,truly_missing,
A0A803LSA6,truly_missing,
A0A803LSA9,truly_missing,
A0A803LSB3,truly_missing,
A0A803LSB7,truly_missing,
A0A803LSC1,truly_missing,
A0A803LSC9,truly_missing,
A0A803LSD2,truly_missing,
A0A803LSD3,truly_missing,
A0A803LSD7,truly_missing,
A0A803LSE6,truly_missing,
A0A803LSG0,truly_missing,
A0A803LSG6,truly_missing,
A0A803LSG7,truly_missing,
A0A803LSH2,truly_missing,
A0A803LSI1,truly_missing,
A0A803LSI3,truly_missing,
A0A803LSJ2,truly_missing,
A0A803LSJ4,truly_missing,
A0A803LSJ5,truly_missing,
A0A803LSK7,truly_missing,
A0A803LSL0,truly_missing,
A0A803LSL1,truly_missing,
A0A803LSL6,truly_missing,
A0A803LSM1,truly_missing,
A0A803LSM2,truly_missing,
A0A803LSM3,truly_missing,
A0A803LSM6,truly_missing,
A0A803LSM9,truly_missing,
A0A803LSP7,truly_missing,
A0A803LSQ0,truly_missing,
A0A803LSQ4,truly_missing,
A0A803LSR2,truly_missing,
A0A803LSR3,truly_missing,
A0A803LSR5,truly_missing,
A0A803LSR9,truly_missing,
A0A803LSS2,truly_missing,
A0A803LSS3,truly_missing,
A0A803LSS4,truly_missing,
A0A803LSS5,truly_missing,
A0A803LSS6,truly_missing,
A0A803LSS7,truly_missing,
A0A803LSS8,truly_missing,
A0A803LST1,truly_missing,
A0A803LST6,truly_missing,
A0A803LST7,truly_missing,
A0A803LST8,truly_missing,
A0A803LST9,truly_missing,
A0A803LSU0,truly_missing,
A0A803LSU1,truly_missing,
A0A803LSU4,truly_missing,
A0A803LSU8,truly_missing,
A0A803LSV4,truly_missing,
A0A803LSW7,truly_missing,
A0A803LSW9,truly_missing,
A0A803LSX6,truly_missing,
A0A803LSX8,truly_missing,
A0A803LSY8,truly_missing,
A0A803LSZ4,truly_missing,
A0A803LSZ5,truly_missing,
A0A803LSZ7,truly_missing,
A0A803LT00,truly_missing,
A0A803LT06,truly_missing,
A0A803LT07,truly_missing,
A0A803LT15,truly_missing,
A0A803LT27,truly_missing,
A0A803LT28,truly_missing,
A0A803LT30,truly_missing,
A0A803LT34,truly_missing,
A0A803LT39,truly_missing,
A0A803LT41,truly_missing,
A0A803LT43,truly_missing,
A0A803LT45,truly_missing,
A0A803LT46,truly_missing,
A0A803LT48,truly_missing,
A0A803LT50,truly_missing,
A0A803LT54,truly_missing,
A0A803LT57,truly_missing,
A0A803LT65,truly_missing,
A0A803LT73,truly_missing,
A0A803LT82,truly_missing,
A0A803LT88,truly_missing,
A0A803LT94,truly_missing,
A0A803LT95,truly_missing,
A0A803LT97,truly_missing,
A0A803LT98,truly_missing,
A0A803LT99,truly_missing,
A0A803LTA2,truly_missing,
A0A803LTA6,truly_missing,
A0A803LTB5,truly_missing,
A0A803LTB9,truly_missing,
A0A803LTC4,truly_missing,
A0A803LTD1,truly_missing,
A0A803LTD7,truly_missing,
A0A803LTE0,truly_missing,
A0A803LTE3,truly_missing,
A0A803LTE9,truly_missing,
A0A803LTF4,truly_missing,
A0A803LTF9,truly_missing,
A0A803LTG1,truly_missing,
A0A803LTH1,truly_missing,
A0A803LTH2,truly_missing,
A0A803LTH4,truly_missing,
A0A803LTH5,truly_missing,
A0A803LTH8,truly_missing,
A0A803LTI0,truly_missing,
A0A803LTI1,truly_missing,
A0A803LTI2,truly_missing,
A0A803LTI3,truly_missing,
A0A803LTI4,truly_missing,
A0A803LTI8,truly_missing,
A0A803LTI9,truly_missing,
A0A803LTJ0,truly_missing,
A0A803LTJ1,truly_missing,
A0A803LTJ3,truly_missing,
A0A803LTK0,truly_missing,
A0A803LTK2,truly_missing,
A0A803LTK3,truly_missing,
A0A803LTK6,truly_missing,
A0A803LTK9,truly_missing,
A0A803LTL1,truly_missing,
A0A803LTL4,truly_missing,
A0A803LTM7,truly_missing,
A0A803LTN1,truly_missing,
A0A803LTN2,truly_missing,
A0A803LTN6,truly_missing,
A0A803LTQ3,truly_missing,
A0A803LTQ7,truly_missing,
A0A803LTQ8,truly_missing,
A0A803LTQ9,truly_missing,
A0A803LTR0,truly_missing,
A0A803LTR7,truly_missing,
A0A803LTR9,truly_missing,
A0A803LTS9,truly_missing,
A0A803LTT1,truly_missing,
A0A803LTT3,truly_missing,
A0A803LTT7,truly_missing,
A0A803LTU2,truly_missing,
A0A803LTV0,truly_missing,
A0A803LTV9,truly_missing,
A0A803LTW0,truly_missing,
A0A803LTX5,truly_missing,
A0A803LTX8,truly_missing,
A0A803LTY0,truly_missing,
A0A803LTY6,truly_missing,
A0A803LU00,truly_missing,
A0A803LU07,truly_missing,
A0A803LU08,truly_missing,
A0A803LU13,truly_missing,
A0A803LU19,truly_missing,
A0A803LU26,truly_missing,
A0A803LU29,truly_missing,
A0A803LU30,truly_missing,
A0A803LU31,truly_missing,
A0A803LU33,truly_missing,
A0A803LU65,truly_missing,
A0A803LU67,truly_missing,
A0A803LU70,truly_missing,
A0A803LU76,truly_missing,
A0A803LU78,truly_missing,
A0A803LU91,truly_missing,
A0A803LU92,truly_missing,
A0A803LU98,truly_missing,
A0A803LUA5,truly_missing,
A0A803LUA6,truly_missing,
A0A803LUA8,truly_missing,
A0A803LUB0,truly_missing,
A0A803LUB1,truly_missing,
A0A803LUB2,truly_missing,
A0A803LUB4,truly_missing,
A0A803LUC2,truly_missing,
A0A803LUC8,truly_missing,
A0A803LUD2,truly_missing,
A0A803LUF1,truly_missing,
A0A803LUF7,truly_missing,
A0A803LUG0,truly_missing,
A0A803LUH1,truly_missing,
A0A803LUH4,truly_missing,
A0A803LUH7,truly_missing,
A0A803LUI0,truly_missing,
A0A803LUI4,truly_missing,
A0A803LUK0,truly_missing,
A0A803LUK1,truly_missing,
A0A803LUK8,truly_missing,
A0A803LUL0,truly_missing,
A0A803LUL1,truly_missing,
A0A803LUL2,truly_missing,
A0A803LUL3,truly_missing,
A0A803LUL4,truly_missing,
A0A803LUM3,truly_missing,
A0A803LUN4,truly_missing,
A0A803LUN9,truly_missing,
A0A803LUP0,truly_missing,
A0A803LUP1,truly_missing,
A0A803LUP3,truly_missing,
A0A803LUP4,truly_missing,
A0A803LUP9,truly_missing,
A0A803LUQ0,truly_missing,
A0A803LUQ1,truly_missing,
A0A803LUQ2,truly_missing,
A0A803LUQ9,truly_missing,
A0A803LUR9,truly_missing,
A0A803LUS0,truly_missing,
A0A803LUS2,truly_missing,
A0A803LUS4,truly_missing,
A0A803LUT7,truly_missing,
A0A803LUU1,truly_missing,
A0A803LUV7,truly_missing,
A0A803LUW6,truly_missing,
A0A803LUW7,truly_missing,
A0A803LUY7,truly_missing,
A0A803LUZ6,truly_missing,
A0A803LV00,truly_missing,
A0A803LV03,truly_missing,
A0A803LV04,truly_missing,
A0A803LV07,truly_missing,
A0A803LV20,truly_missing,
A0A803LV22,truly_missing,
A0A803LV23,truly_missing,
A0A803LV39,truly_missing,
A0A803LV44,truly_missing,
A0A803LV47,truly_missing,
A0A803LV50,truly_missing,
A0A803LV54,truly_missing,
A0A803LV71,truly_missing,
A0A803LV80,truly_missing,
A0A803LV81,truly_missing,
A0A803LV83,truly_missing,
A0A803LV99,truly_missing,
A0A803LVA0,truly_missing,
A0A803LVB2,truly_missing,
A0A803LVB3,truly_missing,
A0A803LVB6,truly_missing,
A0A803LVC4,truly_missing,
A0A803LVC6,truly_missing,
A0A803LVC7,truly_missing,
A0A803LVC9,truly_missing,
A0A803LVD0,truly_missing,
A0A803LVD3,truly_missing,
A0A803LVE5,truly_missing,
A0A803LVF4,truly_missing,
A0A803LVF8,truly_missing,
A0A803LVG3,truly_missing,
A0A803LVH0,truly_missing,
A0A803LVH8,truly_missing,
A0A803LVI1,truly_missing,
A0A803LVI3,truly_missing,
A0A803LVI5,truly_missing,
A0A803LVJ3,truly_missing,
A0A803LVJ5,truly_missing,
A0A803LVK1,truly_missing,
A0A803LVK3,truly_missing,
A0A803LVK4,truly_missing,
A0A803LVK5,truly_missing,
A0A803LVK7,truly_missing,
A0A803LVL0,truly_missing,
A0A803LVL2,truly_missing,
A0A803LVM4,truly_missing,
A0A803LVM7,truly_missing,
A0A803LVN0,truly_missing,
A0A803LVN6,truly_missing,
A0A803LVN7,truly_missing,
A0A803LVN9,truly_missing,
A0A803LVP0,truly_missing,
A0A803LVP8,truly_missing,
A0A803LVQ2,truly_missing,
A0A803LVR1,truly_missing,
A0A803LVT3,truly_missing,
A0A803LVT8,truly_missing,
A0A803LVT9,truly_missing,
A0A803LVU0,truly_missing,
A0A803LVU8,truly_missing,
A0A803LVV4,truly_missing,
A0A803LVV8,truly_missing,
A0A803LVW0,truly_missing,
A0A803LVW5,truly_missing,
A0A803LVX0,truly_missing,
A0A803LVX3,truly_missing,
A0A803LVX4,truly_missing,
A0A803LVX6,truly_missing,
A0A803LVY0,truly_missing,
A0A803LVY1,truly_missing,
A0A803LVZ0,truly_missing,
A0A803LVZ7,truly_missing,
A0A803LW01,truly_missing,
A0A803LW06,truly_missing,
A0A803LW08,truly_missing,
A0A803LW09,truly_missing,
A0A803LW36,truly_missing,
A0A803LW37,truly_missing,
A0A803LW43,truly_missing,
A0A803LW48,truly_missing,
A0A803LW58,truly_missing,
A0A803LW63,truly_missing,
A0A803LW71,truly_missing,
A0A803LW76,truly_missing,
A0A803LW77,truly_missing,
A0A803LW84,truly_missing,
A0A803LW87,truly_missing,
A0A803LW89,truly_missing,
A0A803LW99,truly_missing,
A0A803LWA4,truly_missing,
A0A803LWA5,truly_missing,
A0A803LWA8,truly_missing,
A0A803LWC7,truly_missing,
A0A803LWD4,truly_missing,
A0A803LWE2,truly_missing,
A0A803LWE4,truly_missing,
A0A803LWE5,truly_missing,
A0A803LWE7,truly_missing,
A0A803LWF7,truly_missing,
A0A803LWG8,truly_missing,
A0A803LWG9,truly_missing,
A0A803LWH6,truly_missing,
A0A803LWH8,truly_missing,
A0A803LWI9,truly_missing,
A0A803LWJ6,truly_missing,
A0A803LWJ7,truly_missing,
A0A803LWJ8,truly_missing,
A0A803LWK2,truly_missing,
A0A803LWK4,truly_missing,
A0A803LWK5,truly_missing,
A0A803LWL3,truly_missing,
A0A803LWM1,truly_missing,
A0A803LWN0,truly_missing,
A0A803LWN7,truly_missing,
A0A803LWP1,truly_missing,
A0A803LWP2,truly_missing,
A0A803LWP5,truly_missing,
A0A803LWR9,truly_missing,
A0A803LWS2,truly_missing,
A0A803LWS6,truly_missing,
A0A803LWT0,truly_missing,
A0A803LWT1,truly_missing,
A0A803LWT5,truly_missing,
A0A803LWT9,truly_missing,
A0A803LWV0,truly_missing,
A0A803LWW5,truly_missing,
A0A803LWW9,truly_missing,
A0A803LWX3,truly_missing,
A0A803LWX9,truly_missing,
A0A803LWY1,truly_missing,
A0A803LWY5,truly_missing,
A0A803LWY6,truly_missing,
A0A803LWZ1,truly_missing,
A0A803LWZ3,truly_missing,
A0A803LWZ4,truly_missing,
A0A803LWZ7,truly_missing,
A0A803LX01,truly_missing,
A0A803LX06,truly_missing,
A0A803LX07,truly_missing,
A0A803LX09,truly_missing,
A0A803LX16,truly_missing,
A0A803LX18,truly_missing,
A0A803LX22,truly_missing,
A0A803LX24,truly_missing,
A0A803LX26,truly_missing,
A0A803LX27,truly_missing,
A0A803LX28,truly_missing,
A0A803LX53,truly_missing,
A0A803LX54,truly_missing,
A0A803LX65,truly_missing,
A0A803LX77,truly_missing,
A0A803LX82,truly_missing,
A0A803LX84,truly_missing,
A0A803LX93,truly_missing,
A0A803LX95,truly_missing,
A0A803LXC2,truly_missing,
A0A803LXD3,truly_missing,
A0A803LXE1,truly_missing,
A0A803LXF1,truly_missing,
A0A803LXG1,truly_missing,
A0A803LXG4,truly_missing,
A0A803LXI2,truly_missing,
A0A803LXI3,truly_missing,
A0A803LXJ0,truly_missing,
A0A803LXJ3,truly_missing,
A0A803LXJ4,truly_missing,
A0A803LXJ6,truly_missing,
A0A803LXJ8,truly_missing,
A0A803LXK0,truly_missing,
A0A803LXM8,truly_missing,
A0A803LXN5,truly_missing,
A0A803LXN6,truly_missing,
A0A803LXP1,truly_missing,
A0A803LXP9,truly_missing,
A0A803LXQ2,truly_missing,
A0A803LXQ3,truly_missing,
A0A803LXQ4,truly_missing,
A0A803LXQ6,truly_missing,
A0A803LXQ7,truly_missing,
A0A803LXR5,truly_missing,
A0A803LXS1,truly_missing,
A0A803LXS2,truly_missing,
A0A803LXS3,truly_missing,
A0A803LXT4,truly_missing,
A0A803LXU6,truly_missing,
A0A803LXV9,truly_missing,
A0A803LXW0,truly_missing,
A0A803LXW1,truly_missing,
A0A803LXW5,truly_missing,
A0A803LXX1,truly_missing,
A0A803LXX3,truly_missing,
A0A803LXY5,truly_missing,
A0A803LXY7,truly_missing,
A0A803LXZ3,truly_missing,
A0A803LXZ4,truly_missing,
A0A803LXZ6,truly_missing,
A0A803LXZ8,truly_missing,
A0A803LY06,truly_missing,
A0A803LY13,truly_missing,
A0A803LY14,truly_missing,
A0A803LY15,truly_missing,
A0A803LY34,truly_missing,
A0A803LY44,truly_missing,
A0A803LY45,truly_missing,
A0A803LY46,truly_missing,
A0A803LY50,truly_missing,
A0A803LY52,truly_missing,
A0A803LY66,truly_missing,
A0A803LY67,truly_missing,
A0A803LY68,truly_missing,
A0A803LY71,truly_missing,
A0A803LY76,truly_missing,
A0A803LY81,truly_missing,
A0A803LY84,truly_missing,
A0A803LY99,truly_missing,
A0A803LYA5,truly_missing,
A0A803LYB9,truly_missing,
A0A803LYD0,truly_missing,
A0A803LYD2,truly_missing,
A0A803LYE6,truly_missing,
A0A803LYE7,truly_missing,
A0A803LYF1,truly_missing,
A0A803LYF7,truly_missing,
A0A803LYG2,truly_missing,
A0A803LYH6,truly_missing,
A0A803LYH7,truly_missing,
A0A803LYH9,truly_missing,
A0A803LYI1,truly_missing,
A0A803LYI3,truly_missing,
A0A803LYI5,truly_missing,
A0A803LYJ4,truly_missing,
A0A803LYJ5,truly_missing,
A0A803LYK1,truly_missing,
A0A803LYL6,truly_missing,
A0A803LYM3,truly_missing,
A0A803LYM7,truly_missing,
A0A803LYN1,truly_missing,
A0A803LYN2,truly_missing,
A0A803LYN6,truly_missing,
A0A803LYN9,truly_missing,
A0A803LYP1,truly_missing,
A0A803LYP3,truly_missing,
A0A803LYP8,truly_missing,
A0A803LYQ0,truly_missing,
A0A803LYQ4,truly_missing,
A0A803LYR2,truly_missing,
A0A803LYR8,truly_missing,
A0A803LYS1,truly_missing,
A0A803LYS7,truly_missing,
A0A803LYS8,truly_missing,
A0A803LYT1,truly_missing,
A0A803LYT7,truly_missing,
A0A803LYU3,truly_missing,
A0A803LYU4,truly_missing,
A0A803LYU9,truly_missing,
A0A803LYV0,truly_missing,
A0A803LYV3,truly_missing,
A0A803LYV8,truly_missing,
A0A803LYW2,truly_missing,
A0A803LYW9,truly_missing,
A0A803LYX7,truly_missing,
A0A803LYY2,truly_missing,
A0A803LYY3,truly_missing,
A0A803LYY6,truly_missing,
A0A803LYY9,truly_missing,
A0A803LYZ3,truly_missing,
A0A803LYZ8,truly_missing,
A0A803LZ01,truly_missing,
A0A803LZ12,truly_missing,
A0A803LZ14,truly_missing,
A0A803LZ21,truly_missing,
A0A803LZ23,truly_missing,
A0A803LZ27,truly_missing,
A0A803LZ31,truly_missing,
A0A803LZ35,truly_missing,
A0A803LZ36,truly_missing,
A0A803LZ38,truly_missing,
A0A803LZ40,truly_missing,
A0A803LZ42,truly_missing,
A0A803LZ50,truly_missing,
A0A803LZ52,truly_missing,
A0A803LZ56,truly_missing,
A0A803LZ57,truly_missing,
A0A803LZ91,truly_missing,
A0A803LZA5,truly_missing,
A0A803LZB4,truly_missing,
A0A803LZD5,truly_missing,
A0A803LZD9,truly_missing,
A0A803LZE5,truly_missing,
A0A803LZF5,truly_missing,
A0A803LZG2,truly_missing,
A0A803LZG3,truly_missing,
A0A803LZG5,truly_missing,
A0A803LZG8,truly_missing,
A0A803LZH1,truly_missing,
A0A803LZH2,truly_missing,
A0A803LZH6,truly_missing,
A0A803LZH9,truly_missing,
A0A803LZI1,truly_missing,
A0A803LZI2,truly_missing,
A0A803LZI3,truly_missing,
A0A803LZI8,truly_missing,
A0A803LZI9,truly_missing,
A0A803LZJ0,truly_missing,
A0A803LZJ1,truly_missing,
A0A803LZJ2,truly_missing,
A0A803LZJ6,truly_missing,
A0A803LZK0,truly_missing,
A0A803LZK2,truly_missing,
A0A803LZK3,truly_missing,
A0A803LZL3,truly_missing,
A0A803LZL6,truly_missing,
A0A803LZM1,truly_missing,
A0A803LZM2,truly_missing,
A0A803LZM7,truly_missing,
A0A803LZN2,truly_missing,
A0A803LZN3,truly_missing,
A0A803LZN8,truly_missing,
A0A803LZQ4,truly_missing,
A0A803LZR7,truly_missing,
A0A803LZS2,truly_missing,
A0A803LZS3,truly_missing,
A0A803LZS7,truly_missing,
A0A803LZT3,truly_missing,
A0A803LZT6,truly_missing,
A0A803LZU0,truly_missing,
A0A803LZU1,truly_missing,
A0A803LZU3,truly_missing,
A0A803LZU4,truly_missing,
A0A803LZV0,truly_missing,
A0A803LZV7,truly_missing,
A0A803LZV8,truly_missing,
A0A803LZX2,truly_missing,
A0A803LZX4,truly_missing,
A0A803LZY2,truly_missing,
A0A803LZY6,truly_missing,
A0A803LZY9,truly_missing,
A0A803LZZ8,truly_missing,
A0A803M001,truly_missing,
A0A803M002,truly_missing,
A0A803M003,truly_missing,
A0A803M005,truly_missing,
A0A803M014,truly_missing,
A0A803M015,truly_missing,
A0A803M017,truly_missing,
A0A803M018,truly_missing,
A0A803M019,truly_missing,
A0A803M022,truly_missing,
A0A803M026,truly_missing,
A0A803M029,truly_missing,
A0A803M033,truly_missing,
A0A803M036,truly_missing,
A0A803M045,truly_missing,
A0A803M046,truly_missing,
A0A803M048,truly_missing,
A0A803M050,truly_missing,
A0A803M058,truly_missing,
A0A803M079,truly_missing,
A0A803M082,truly_missing,
A0A803M085,truly_missing,
A0A803M089,truly_missing,
A0A803M090,truly_missing,
A0A803M0A1,truly_missing,
A0A803M0A3,truly_missing,
A0A803M0A9,truly_missing,
A0A803M0B1,truly_missing,
A0A803M0D0,truly_missing,
A0A803M0D9,truly_missing,
A0A803M0G2,truly_missing,
A0A803M0G4,truly_missing,
A0A803M0G5,truly_missing,
A0A803M0G9,truly_missing,
A0A803M0H2,truly_missing,
A0A803M0H3,truly_missing,
A0A803M0H6,truly_missing,
A0A803M0H8,truly_missing,
A0A803M0I5,truly_missing,
A0A803M0I8,truly_missing,
A0A803M0I9,truly_missing,
A0A803M0J1,truly_missing,
A0A803M0J2,truly_missing,
A0A803M0J9,truly_missing,
A0A803M0K2,truly_missing,
A0A803M0K7,truly_missing,
A0A803M0L1,truly_missing,
A0A803M0L2,truly_missing,
A0A803M0L4,truly_missing,
A0A803M0M0,truly_missing,
A0A803M0M2,truly_missing,
A0A803M0M4,truly_missing,
A0A803M0N1,truly_missing,
A0A803M0N3,truly_missing,
A0A803M0P2,truly_missing,
A0A803M0Q2,truly_missing,
A0A803M0Q5,truly_missing,
A0A803M0Q8,truly_missing,
A0A803M0Q9,truly_missing,
A0A803M0S2,truly_missing,
A0A803M0T0,truly_missing,
A0A803M0T3,truly_missing,
A0A803M0U0,truly_missing,
A0A803M0U1,truly_missing,
A0A803M0U6,truly_missing,
A0A803M0V2,truly_missing,
A0A803M0V3,truly_missing,
A0A803M0V4,truly_missing,
A0A803M0W5,truly_missing,
A0A803M0W6,truly_missing,
A0A803M0X0,truly_missing,
A0A803M0X4,truly_missing,
A0A803M0X7,truly_missing,
A0A803M0Y5,truly_missing,
A0A803M0Y6,truly_missing,
A0A803M0Y8,truly_missing,
A0A803M0Z4,truly_missing,
A0A803M0Z6,truly_missing,
A0A803M0Z7,truly_missing,
A0A803M104,truly_missing,
A0A803M105,truly_missing,
A0A803M107,truly_missing,
A0A803M108,truly_missing,
A0A803M111,truly_missing,
A0A803M125,truly_missing,
A0A803M130,truly_missing,
A0A803M131,truly_missing,
A0A803M132,truly_missing,
A0A803M138,truly_missing,
A0A803M142,truly_missing,
A0A803M147,truly_missing,
A0A803M149,truly_missing,
A0A803M150,truly_missing,
A0A803M151,truly_missing,
A0A803M160,truly_missing,
A0A803M163,truly_missing,
A0A803M164,truly_missing,
A0A803M168,truly_missing,
A0A803M173,truly_missing,
A0A803M178,truly_missing,
A0A803M179,truly_missing,
A0A803M181,truly_missing,
A0A803M187,truly_missing,
A0A803M192,truly_missing,
A0A803M194,truly_missing,
A0A803M195,truly_missing,
A0A803M199,truly_missing,
A0A803M1A1,truly_missing,
A0A803M1A2,truly_missing,
A0A803M1A3,truly_missing,
A0A803M1B5,truly_missing,
A0A803M1B9,truly_missing,
A0A803M1D1,truly_missing,
A0A803M1E1,truly_missing,
A0A803M1E3,truly_missing,
A0A803M1E5,truly_missing,
A0A803M1E6,truly_missing,
A0A803M1E7,truly_missing,
A0A803M1E8,truly_missing,
A0A803M1E9,truly_missing,
A0A803M1F5,truly_missing,
A0A803M1F6,truly_missing,
A0A803M1G4,truly_missing,
A0A803M1G7,truly_missing,
A0A803M1G8,truly_missing,
A0A803M1H3,truly_missing,
A0A803M1H6,truly_missing,
A0A803M1I1,truly_missing,
A0A803M1I5,truly_missing,
A0A803M1J1,truly_missing,
A0A803M1J3,truly_missing,
A0A803M1K4,truly_missing,
A0A803M1K8,truly_missing,
A0A803M1L2,truly_missing,
A0A803M1M6,truly_missing,
A0A803M1M7,truly_missing,
A0A803M1N5,truly_missing,
A0A803M1N7,truly_missing,
A0A803M1P3,truly_missing,
A0A803M1P9,truly_missing,
A0A803M1Q0,truly_missing,
A0A803M1Q2,truly_missing,
A0A803M1R0,truly_missing,
A0A803M1R3,truly_missing,
A0A803M1R4,truly_missing,
A0A803M1S3,truly_missing,
A0A803M1T2,truly_missing,
A0A803M1T5,truly_missing,
A0A803M1U8,truly_missing,
A0A803M1V0,truly_missing,
A0A803M1V2,truly_missing,
A0A803M1W0,truly_missing,
A0A803M1W4,truly_missing,
A0A803M1W7,truly_missing,
A0A803M1W8,truly_missing,
A0A803M1X0,truly_missing,
A0A803M1X1,truly_missing,
A0A803M1Y2,truly_missing,
A0A803M1Z0,truly_missing,
A0A803M216,truly_missing,
A0A803M226,truly_missing,
A0A803M230,truly_missing,
A0A803M233,truly_missing,
A0A803M238,truly_missing,
A0A803M239,truly_missing,
A0A803M240,truly_missing,
A0A803M241,truly_missing,
A0A803M242,truly_missing,
A0A803M247,truly_missing,
A0A803M248,truly_missing,
A0A803M250,truly_missing,
A0A803M253,truly_missing,
A0A803M254,truly_missing,
A0A803M256,truly_missing,
A0A803M271,truly_missing,
A0A803M274,truly_missing,
A0A803M283,truly_missing,
A0A803M288,truly_missing,
A0A803M2A1,truly_missing,
A0A803M2A3,truly_missing,
A0A803M2B3,truly_missing,
A0A803M2B6,truly_missing,
A0A803M2B8,truly_missing,
A0A803M2C6,truly_missing,
A0A803M2C7,truly_missing,
A0A803M2E0,truly_missing,
A0A803M2E6,truly_missing,
A0A803M2F3,truly_missing,
A0A803M2F5,truly_missing,
A0A803M2G5,truly_missing,
A0A803M2G7,truly_missing,
A0A803M2H0,truly_missing,
A0A803M2I8,truly_missing,
A0A803M2J1,truly_missing,
A0A803M2K2,truly_missing,
A0A803M2K3,truly_missing,
A0A803M2K7,truly_missing,
A0A803M2L1,truly_missing,
A0A803M2L3,truly_missing,
A0A803M2L8,truly_missing,
A0A803M2M4,truly_missing,
A0A803M2N3,truly_missing,
A0A803M2N8,truly_missing,
A0A803M2P1,truly_missing,
A0A803M2P5,truly_missing,
A0A803M2S6,truly_missing,
A0A803M2T6,truly_missing,
A0A803M2T8,truly_missing,
A0A803M2U0,truly_missing,
A0A803M2V0,truly_missing,
A0A803M2V3,truly_missing,
A0A803M2W4,truly_missing,
A0A803M2X6,truly_missing,
A0A803M2Z7,truly_missing,
A0A803M306,truly_missing,
A0A803M309,truly_missing,
A0A803M311,truly_missing,
A0A803M317,truly_missing,
A0A803M318,truly_missing,
A0A803M320,truly_missing,
A0A803M323,truly_missing,
A0A803M329,truly_missing,
A0A803M330,truly_missing,
A0A803M336,truly_missing,
A0A803M339,truly_missing,
A0A803M343,truly_missing,
A0A803M348,truly_missing,
A0A803M357,truly_missing,
A0A803M360,truly_missing,
A0A803M367,truly_missing,
A0A803M370,truly_missing,
A0A803M372,truly_missing,
A0A803M378,truly_missing,
A0A803M379,truly_missing,
A0A803M384,truly_missing,
A0A803M387,truly_missing,
A0A803M391,truly_missing,
A0A803M397,truly_missing,
A0A803M3B0,truly_missing,
A0A803M3B1,truly_missing,
A0A803M3B2,truly_missing,
A0A803M3B3,truly_missing,
A0A803M3B6,truly_missing,
A0A803M3C6,truly_missing,
A0A803M3D6,truly_missing,
A0A803M3E1,truly_missing,
A0A803M3F2,truly_missing,
A0A803M3G3,truly_missing,
A0A803M3H1,truly_missing,
A0A803M3H3,truly_missing,
A0A803M3H4,truly_missing,
A0A803M3H5,truly_missing,
A0A803M3I5,truly_missing,
A0A803M3I7,truly_missing,
A0A803M3K5,truly_missing,
A0A803M3L8,truly_missing,
A0A803M3M0,truly_missing,
A0A803M3M8,truly_missing,
A0A803M3M9,truly_missing,
A0A803M3P5,truly_missing,
A0A803M3Q1,truly_missing,
A0A803M3R0,truly_missing,
A0A803M3R1,truly_missing,
A0A803M3R4,truly_missing,
A0A803M3S3,truly_missing,
A0A803M3S7,truly_missing,
A0A803M3S8,truly_missing,
A0A803M3T1,truly_missing,
A0A803M3T7,truly_missing,
A0A803M3U3,truly_missing,
A0A803M3V2,truly_missing,
A0A803M3V3,truly_missing,
A0A803M3V8,truly_missing,
A0A803M3W5,truly_missing,
A0A803M3X3,truly_missing,
A0A803M3X9,truly_missing,
A0A803M3Y5,truly_missing,
A0A803M3Z5,truly_missing,
A0A803M403,truly_missing,
A0A803M435,truly_missing,
A0A803M445,merged_as_alt_id,MQ190607.1
A0A803M450,truly_missing,
A0A803M459,truly_missing,
A0A803M491,truly_missing,
A0A803M4A2,truly_missing,
A0A803M4A5,truly_missing,
A0A803M4A7,truly_missing,
A0A803M4A8,truly_missing,
A0A803M4A9,truly_missing,
A0A803M4B7,truly_missing,
A0A803M4B8,truly_missing,
A0A803M4C0,truly_missing,
A0A803M4D5,truly_missing,
A0A803M4D9,truly_missing,
A0A803M4E5,truly_missing,
A0A803M4E8,truly_missing,
A0A803M4F4,truly_missing,
A0A803M4F5,truly_missing,
A0A803M4F8,truly_missing,
A0A803M4H6,truly_missing,
A0A803M4H9,truly_missing,
A0A803M4I4,truly_missing,
A0A803M4I5,truly_missing,
A0A803M4I6,truly_missing,
A0A803M4J0,truly_missing,
A0A803M4J1,truly_missing,
A0A803M4J3,truly_missing,
A0A803M4J9,truly_missing,
A0A803M4K1,truly_missing,
A0A803M4M2,truly_missing,
A0A803M4M7,truly_missing,
A0A803M4P4,truly_missing,
A0A803M4P6,truly_missing,
A0A803M4Q4,truly_missing,
A0A803M4R1,truly_missing,
A0A803M4R2,truly_missing,
A0A803M4S6,truly_missing,
A0A803M4T2,truly_missing,
A0A803M4T6,truly_missing,
A0A803M4U4,truly_missing,
A0A803M4U6,truly_missing,
A0A803M4U8,truly_missing,
A0A803M4V4,truly_missing,
A0A803M4V7,truly_missing,
A0A803M4W1,truly_missing,
A0A803M4W2,truly_missing,
A0A803M4W5,truly_missing,
A0A803M4W8,truly_missing,
A0A803M4X1,truly_missing,
A0A803M4X4,truly_missing,
A0A803M4Y3,truly_missing,
A0A803M4Y4,truly_missing,
A0A803M4Y5,truly_missing,
A0A803M4Z4,truly_missing,
A0A803M511,truly_missing,
A0A803M527,truly_missing,
A0A803M534,truly_missing,
A0A803M536,truly_missing,
A0A803M537,truly_missing,
A0A803M539,truly_missing,
A0A803M545,truly_missing,
A0A803M554,truly_missing,
A0A803M565,truly_missing,
A0A803M567,truly_missing,
A0A803M568,truly_missing,
A0A803M570,truly_missing,
A0A803M578,truly_missing,
A0A803M582,truly_missing,
A0A803M589,truly_missing,
A0A803M5A0,truly_missing,
A0A803M5A4,truly_missing,
A0A803M5A9,truly_missing,
A0A803M5B2,truly_missing,
A0A803M5B4,truly_missing,
A0A803M5B6,truly_missing,
A0A803M5B9,truly_missing,
A0A803M5C2,truly_missing,
A0A803M5C3,truly_missing,
A0A803M5D4,truly_missing,
A0A803M5D5,truly_missing,
A0A803M5D7,truly_missing,
A0A803M5E1,truly_missing,
A0A803M5E2,truly_missing,
A0A803M5E4,truly_missing,
A0A803M5E9,truly_missing,
A0A803M5F0,truly_missing,
A0A803M5F3,truly_missing,
A0A803M5F9,truly_missing,
A0A803M5G8,truly_missing,
A0A803M5H5,truly_missing,
A0A803M5H6,truly_missing,
A0A803M5H7,truly_missing,
A0A803M5I5,truly_missing,
A0A803M5K3,truly_missing,
A0A803M5K4,truly_missing,
A0A803M5K6,truly_missing,
A0A803M5K9,truly_missing,
A0A803M5L0,truly_missing,
A0A803M5L1,truly_missing,
A0A803M5L3,truly_missing,
A0A803M5M4,truly_missing,
A0A803M5N4,truly_missing,
A0A803M5N7,truly_missing,
A0A803M5N8,truly_missing,
A0A803M5P0,truly_missing,
A0A803M5P2,truly_missing,
A0A803M5S2,truly_missing,
A0A803M5S6,truly_missing,
A0A803M5S8,truly_missing,
A0A803M5S9,truly_missing,
A0A803M5T1,truly_missing,
A0A803M5T6,truly_missing,
A0A803M5T7,truly_missing,
A0A803M5U0,truly_missing,
A0A803M5U4,truly_missing,
A0A803M5U9,truly_missing,
A0A803M5V4,truly_missing,
A0A803M5V6,truly_missing,
A0A803M5W2,truly_missing,
A0A803M5W3,truly_missing,
A0A803M5W7,truly_missing,
A0A803M5X0,truly_missing,
A0A803M5X1,truly_missing,
A0A803M5X2,truly_missing,
A0A803M5X5,truly_missing,
A0A803M5X6,truly_missing,
A0A803M5X7,truly_missing,
A0A803M5X8,truly_missing,
A0A803M5X9,truly_missing,
A0A803M5Z2,truly_missing,
A0A803M609,truly_missing,
A0A803M613,truly_missing,
A0A803M616,truly_missing,
A0A803M623,truly_missing,
A0A803M637,truly_missing,
A0A803M638,truly_missing,
A0A803M646,truly_missing,
A0A803M671,truly_missing,
A0A803M681,truly_missing,
A0A803M6A8,truly_missing,
A0A803M6B2,truly_missing,
A0A803M6B9,truly_missing,
A0A803M6C1,truly_missing,
A0A803M6C9,truly_missing,
A0A803M6F9,truly_missing,
A0A803M6G1,truly_missing,
A0A803M6G3,truly_missing,
A0A803M6H6,truly_missing,
A0A803M6H9,truly_missing,
A0A803M6I0,truly_missing,
A0A803M6I2,merged_as_alt_id,GeneID:110699718
A0A803M6I3,truly_missing,
A0A803M6I6,truly_missing,
A0A803M6J3,truly_missing,
A0A803M6J6,truly_missing,
A0A803M6J8,truly_missing,
A0A803M6K1,truly_missing,
A0A803M6K7,truly_missing,
A0A803M6L4,truly_missing,
A0A803M6L8,truly_missing,
A0A803M6M7,truly_missing,
A0A803M6N2,truly_missing,
A0A803M6N4,truly_missing,
A0A803M6N7,truly_missing,
A0A803M6N9,truly_missing,
A0A803M6P6,truly_missing,
A0A803M6P8,truly_missing,
A0A803M6Q7,truly_missing,
A0A803M6Q8,truly_missing,
A0A803M6R1,truly_missing,
A0A803M6T5,truly_missing,
A0A803M6T8,truly_missing,
A0A803M6V0,truly_missing,
A0A803M6V1,truly_missing,
A0A803M6V5,truly_missing,
A0A803M6W2,truly_missing,
A0A803M6X2,truly_missing,
A0A803M6X3,truly_missing,
A0A803M6X6,truly_missing,
A0A803M6X9,truly_missing,
A0A803M6Y2,truly_missing,
A0A803M6Y4,truly_missing,
A0A803M6Y7,truly_missing,
A0A803M6Y8,truly_missing,
A0A803M6Z0,truly_missing,
A0A803M717,truly_missing,
A0A803M719,truly_missing,
A0A803M721,truly_missing,
A0A803M724,truly_missing,
A0A803M726,truly_missing,
A0A803M727,truly_missing,
A0A803M728,truly_missing,
A0A803M730,truly_missing,
A0A803M737,truly_missing,
A0A803M740,truly_missing,
A0A803M746,truly_missing,
A0A803M748,truly_missing,
A0A803M752,truly_missing,
A0A803M788,truly_missing,
A0A803M789,truly_missing,
A0A803M791,truly_missing,
A0A803M7A5,truly_missing,
A0A803M7B2,truly_missing,
A0A803M7C7,truly_missing,
A0A803M7C8,truly_missing,
A0A803M7D1,truly_missing,
A0A803M7D2,truly_missing,
A0A803M7D6,truly_missing,
A0A803M7D7,truly_missing,
A0A803M7E3,truly_missing,
A0A803M7E6,truly_missing,
A0A803M7G2,truly_missing,
A0A803M7H4,truly_missing,
A0A803M7H7,truly_missing,
A0A803M7I0,truly_missing,
A0A803M7I4,truly_missing,
A0A803M7I7,truly_missing,
A0A803M7J5,truly_missing,
A0A803M7K8,truly_missing,
A0A803M7L8,truly_missing,
A0A803M7M6,truly_missing,
A0A803M7M8,truly_missing,
A0A803M7M9,truly_missing,
A0A803M7N0,truly_missing,
A0A803M7N5,truly_missing,
A0A803M7P3,truly_missing,
A0A803M7P7,truly_missing,
A0A803M7P8,truly_missing,
A0A803M7Q1,truly_missing,
A0A803M7Q6,truly_missing,
A0A803M7Q7,truly_missing,
A0A803M7Q8,truly_missing,
A0A803M7Q9,truly_missing,
A0A803M7R0,truly_missing,
A0A803M7R1,truly_missing,
A0A803M7R2,truly_missing,
A0A803M7R7,truly_missing,
A0A803M7R9,truly_missing,
A0A803M7S3,truly_missing,
A0A803M7S5,truly_missing,
A0A803M7T4,truly_missing,
A0A803M7U2,truly_missing,
A0A803M7U4,truly_missing,
A0A803M7V7,truly_missing,
A0A803M7W3,truly_missing,
A0A803M7W6,truly_missing,
A0A803M7X3,truly_missing,
A0A803M7Z5,truly_missing,
A0A803M802,truly_missing,
A0A803M804,truly_missing,
A0A803M806,truly_missing,
A0A803M808,truly_missing,
A0A803M809,truly_missing,
A0A803M811,truly_missing,
A0A803M812,truly_missing,
A0A803M813,truly_missing,
A0A803M818,truly_missing,
A0A803M819,truly_missing,
A0A803M824,truly_missing,
A0A803M845,truly_missing,
A0A803M850,truly_missing,
A0A803M852,truly_missing,
A0A803M855,truly_missing,
A0A803M864,truly_missing,
A0A803M865,truly_missing,
A0A803M871,truly_missing,
A0A803M887,truly_missing,
A0A803M888,truly_missing,
A0A803M891,truly_missing,
A0A803M8A3,truly_missing,
A0A803M8B7,truly_missing,
A0A803M8B8,truly_missing,
A0A803M8C2,truly_missing,
A0A803M8D6,truly_missing,
A0A803M8D7,truly_missing,
A0A803M8E2,truly_missing,
A0A803M8E5,truly_missing,
A0A803M8E7,truly_missing,
A0A803M8E8,truly_missing,
A0A803M8F5,truly_missing,
A0A803M8F6,truly_missing,
A0A803M8F9,truly_missing,
A0A803M8G1,truly_missing,
A0A803M8G7,truly_missing,
A0A803M8I1,truly_missing,
A0A803M8I2,truly_missing,
A0A803M8I3,truly_missing,
A0A803M8I4,truly_missing,
A0A803M8I6,truly_missing,
A0A803M8I7,truly_missing,
A0A803M8J1,truly_missing,
A0A803M8J2,truly_missing,
A0A803M8J3,truly_missing,
A0A803M8J4,truly_missing,
A0A803M8J5,truly_missing,
A0A803M8J7,truly_missing,
A0A803M8J8,truly_missing,
A0A803M8K2,truly_missing,
A0A803M8K6,truly_missing,
A0A803M8K7,truly_missing,
A0A803M8K8,truly_missing,
A0A803M8K9,truly_missing,
A0A803M8L0,truly_missing,
A0A803M8L1,truly_missing,
A0A803M8L3,truly_missing,
A0A803M8L4,truly_missing,
A0A803M8L5,truly_missing,
A0A803M8L6,truly_missing,
A0A803M8M7,truly_missing,
A0A803M8N4,truly_missing,
A0A803M8N7,truly_missing,
A0A803M8P8,truly_missing,
A0A803M8Q2,truly_missing,
A0A803M8Q6,truly_missing,
A0A803M8Q8,truly_missing,
A0A803M8Q9,truly_missing,
A0A803M8R2,truly_missing,
A0A803M8R5,truly_missing,
A0A803M8R6,truly_missing,
A0A803M8R7,truly_missing,
A0A803M8R9,truly_missing,
A0A803M8T3,truly_missing,
A0A803M8U2,truly_missing,
A0A803M8U7,truly_missing,
A0A803M8U9,truly_missing,
A0A803M8V0,truly_missing,
A0A803M8V3,truly_missing,
A0A803M8V4,truly_missing,
A0A803M8W0,truly_missing,
A0A803M8W1,truly_missing,
A0A803M8W5,truly_missing,
A0A803M8W9,truly_missing,
A0A803M8X0,truly_missing,
A0A803M8X2,truly_missing,
A0A803M8X7,truly_missing,
A0A803M8X8,truly_missing,
A0A803M8Y3,truly_missing,
A0A803M8Z1,truly_missing,
A0A803M8Z3,truly_missing,
A0A803M8Z4,truly_missing,
A0A803M902,truly_missing,
A0A803M904,truly_missing,
A0A803M913,truly_missing,
A0A803M918,truly_missing,
A0A803M926,truly_missing,
A0A803M931,truly_missing,
A0A803M945,truly_missing,
A0A803M946,truly_missing,
A0A803M947,truly_missing,
A0A803M954,truly_missing,
A0A803M956,truly_missing,
A0A803M963,truly_missing,
A0A803M970,truly_missing,
A0A803M971,truly_missing,
A0A803M979,truly_missing,
A0A803M980,truly_missing,
A0A803M981,truly_missing,
A0A803M989,truly_missing,
A0A803M9A5,truly_missing,
A0A803M9B5,truly_missing,
A0A803M9C1,truly_missing,
A0A803M9C6,truly_missing,
A0A803M9C8,truly_missing,
A0A803M9D2,truly_missing,
A0A803M9D9,truly_missing,
A0A803M9E8,truly_missing,
A0A803M9E9,truly_missing,
A0A803M9F1,truly_missing,
A0A803M9F3,truly_missing,
A0A803M9G0,truly_missing,
A0A803M9I8,truly_missing,
A0A803M9J1,truly_missing,
A0A803M9J6,truly_missing,
A0A803M9K2,truly_missing,
A0A803M9K3,truly_missing,
A0A803M9L5,truly_missing,
A0A803M9L6,truly_missing,
A0A803M9L8,truly_missing,
A0A803M9M5,truly_missing,
A0A803M9M6,truly_missing,
A0A803M9M9,truly_missing,
A0A803M9N0,truly_missing,
A0A803M9N1,truly_missing,
A0A803M9P2,truly_missing,
A0A803M9Q4,truly_missing,
A0A803M9R0,truly_missing,
A0A803M9R2,truly_missing,
A0A803M9R9,truly_missing,
A0A803M9S0,truly_missing,
A0A803M9S2,truly_missing,
A0A803M9S9,truly_missing,
A0A803M9T0,truly_missing,
A0A803M9U0,truly_missing,
A0A803M9U9,truly_missing,
A0A803M9V1,truly_missing,
A0A803M9V5,truly_missing,
A0A803M9V8,truly_missing,
A0A803M9W0,truly_missing,
A0A803M9W1,truly_missing,
A0A803M9W6,truly_missing,
A0A803M9X4,truly_missing,
A0A803M9X6,truly_missing,
A0A803M9Z2,truly_missing,
A0A803M9Z8,truly_missing,
A0A803MA01,truly_missing,
A0A803MA05,truly_missing,
A0A803MA06,truly_missing,
A0A803MA10,truly_missing,
A0A803MA12,truly_missing,
A0A803MA15,truly_missing,
A0A803MA18,truly_missing,
A0A803MA28,truly_missing,
A0A803MA30,truly_missing,
A0A803MA31,truly_missing,
A0A803MA32,truly_missing,
A0A803MA33,truly_missing,
A0A803MA37,truly_missing,
A0A803MA38,truly_missing,
A0A803MA41,truly_missing,
A0A803MA44,truly_missing,
A0A803MA46,truly_missing,
A0A803MA47,truly_missing,
A0A803MA49,truly_missing,
A0A803MA52,truly_missing,
A0A803MA55,truly_missing,
A0A803MA59,truly_missing,
A0A803MA63,truly_missing,
A0A803MA64,truly_missing,
A0A803MA68,truly_missing,
A0A803MA72,truly_missing,
A0A803MA80,truly_missing,
A0A803MA88,truly_missing,
A0A803MA90,truly_missing,
A0A803MA98,truly_missing,
A0A803MAA1,truly_missing,
A0A803MAB0,truly_missing,
A0A803MAB3,truly_missing,
A0A803MAB9,truly_missing,
A0A803MAC2,truly_missing,
A0A803MAC8,truly_missing,
A0A803MAD5,truly_missing,
A0A803MAE4,truly_missing,
A0A803MAE5,truly_missing,
A0A803MAE6,truly_missing,
A0A803MAF7,truly_missing,
A0A803MAF8,truly_missing,
A0A803MAF9,truly_missing,
A0A803MAG4,truly_missing,
A0A803MAG8,truly_missing,
A0A803MAI2,truly_missing,
A0A803MAI8,truly_missing,
A0A803MAI9,truly_missing,
A0A803MAJ1,truly_missing,
A0A803MAJ3,truly_missing,
A0A803MAJ5,truly_missing,
A0A803MAJ7,truly_missing,
A0A803MAK6,truly_missing,
A0A803MAK9,truly_missing,
A0A803MAL4,truly_missing,
A0A803MAL5,truly_missing,
A0A803MAL6,truly_missing,
A0A803MAM0,truly_missing,
A0A803MAM1,truly_missing,
A0A803MAM2,truly_missing,
A0A803MAN6,truly_missing,
A0A803MAQ6,truly_missing,
A0A803MAR5,truly_missing,
A0A803MAR6,merged_as_alt_id,GeneID:110698145
A0A803MAR7,truly_missing,
A0A803MAR8,truly_missing,
A0A803MAS7,truly_missing,
A0A803MAT1,truly_missing,
A0A803MAT3,truly_missing,
A0A803MAU1,truly_missing,
A0A803MAU8,truly_missing,
A0A803MAW3,truly_missing,
A0A803MAX0,truly_missing,
A0A803MAX4,truly_missing,
A0A803MAY0,truly_missing,
A0A803MAY1,truly_missing,
A0A803MAY2,truly_missing,
A0A803MAY4,truly_missing,
A0A803MAZ4,truly_missing,
A0A803MB10,truly_missing,
A0A803MB11,truly_missing,
A0A803MB30,truly_missing,
A0A803MB34,truly_missing,
A0A803MB37,truly_missing,
A0A803MB38,truly_missing,
A0A803MB41,truly_missing,
A0A803MB50,truly_missing,
A0A803MB59,truly_missing,
A0A803MB61,truly_missing,
A0A803MB63,truly_missing,
A0A803MB65,truly_missing,
A0A803MB76,truly_missing,
A0A803MB78,truly_missing,
A0A803MB98,truly_missing,
A0A803MB99,truly_missing,
A0A803MBB6,truly_missing,
A0A803MBC1,truly_missing,
A0A803MBC7,truly_missing,
A0A803MBD4,truly_missing,
A0A803MBF2,truly_missing,
A0A803MBF5,truly_missing,
A0A803MBF7,truly_missing,
A0A803MBF9,truly_missing,
A0A803MBG8,truly_missing,
A0A803MBG9,truly_missing,
A0A803MBH4,truly_missing,
A0A803MBI0,truly_missing,
A0A803MBI4,truly_missing,
A0A803MBI6,truly_missing,
A0A803MBI9,truly_missing,
A0A803MBJ2,truly_missing,
A0A803MBJ6,truly_missing,
A0A803MBJ8,truly_missing,
A0A803MBJ9,truly_missing,
A0A803MBK2,truly_missing,
A0A803MBK3,truly_missing,
A0A803MBL8,truly_missing,
A0A803MBL9,truly_missing,
A0A803MBM2,truly_missing,
A0A803MBM4,truly_missing,
A0A803MBM9,truly_missing,
A0A803MBP0,truly_missing,
A0A803MBP1,truly_missing,
A0A803MBP5,truly_missing,
A0A803MBQ0,truly_missing,
A0A803MBQ5,truly_missing,
A0A803MBQ9,truly_missing,
A0A803MBR1,truly_missing,
A0A803MBS1,truly_missing,
A0A803MBS9,truly_missing,
A0A803MBT4,truly_missing,
A0A803MBT8,truly_missing,
A0A803MBU5,truly_missing,
A0A803MBU9,truly_missing,
A0A803MBV0,truly_missing,
A0A803MBV1,truly_missing,
A0A803MBV2,truly_missing,
A0A803MBV6,truly_missing,
A0A803MBW1,truly_missing,
A0A803MBW6,truly_missing,
A0A803MBW9,truly_missing,
A0A803MBX0,truly_missing,
A0A803MBX9,truly_missing,
A0A803MBY0,truly_missing,
A0A803MBZ3,truly_missing,
A0A803MC03,truly_missing,
A0A803MC13,truly_missing,
A0A803MC40,truly_missing,
A0A803MC43,truly_missing,
A0A803MC44,truly_missing,
A0A803MC46,truly_missing,
A0A803MC47,truly_missing,
A0A803MC48,truly_missing,
A0A803MC49,truly_missing,
A0A803MC50,truly_missing,
A0A803MC55,truly_missing,
A0A803MC59,truly_missing,
A0A803MC60,truly_missing,
A0A803MC71,truly_missing,
A0A803MC75,truly_missing,
A0A803MC78,truly_missing,
A0A803MC79,truly_missing,
A0A803MC80,truly_missing,
A0A803MC85,truly_missing,
A0A803MC86,truly_missing,
A0A803MC88,truly_missing,
A0A803MC96,truly_missing,
A0A803MCA1,truly_missing,
A0A803MCA2,truly_missing,
A0A803MCB4,truly_missing,
A0A803MCB5,truly_missing,
A0A803MCC3,truly_missing,
A0A803MCD5,truly_missing,
A0A803MCE6,truly_missing,
A0A803MCE8,truly_missing,
A0A803MCF1,truly_missing,
A0A803MCF7,truly_missing,
A0A803MCG9,truly_missing,
A0A803MCI1,truly_missing,
A0A803MCJ7,truly_missing,
A0A803MCJ9,truly_missing,
A0A803MCK0,truly_missing,
A0A803MCK1,truly_missing,
A0A803MCK4,truly_missing,
A0A803MCL4,truly_missing,
A0A803MCL6,truly_missing,
A0A803MCM0,truly_missing,
A0A803MCM8,truly_missing,
A0A803MCM9,truly_missing,
A0A803MCN2,truly_missing,
A0A803MCQ2,truly_missing,
A0A803MCR3,truly_missing,
A0A803MCS1,truly_missing,
A0A803MCS2,truly_missing,
A0A803MCS3,truly_missing,
A0A803MCT3,truly_missing,
A0A803MCU8,truly_missing,
A0A803MCV6,truly_missing,
A0A803MCW5,truly_missing,
A0A803MCX1,truly_missing,
A0A803MCZ9,truly_missing,
A0A803MD00,truly_missing,
A0A803MD01,truly_missing,
A0A803MD28,truly_missing,
A0A803MD43,truly_missing,
A0A803MD56,truly_missing,
A0A803MD60,truly_missing,
A0A803MD63,truly_missing,
A0A803MD64,truly_missing,
A0A803MD65,truly_missing,
A0A803MD71,truly_missing,
A0A803MD80,truly_missing,
A0A803MD87,truly_missing,
A0A803MD88,truly_missing,
A0A803MD92,truly_missing,
A0A803MD94,truly_missing,
A0A803MD96,truly_missing,
A0A803MDA5,truly_missing,
A0A803MDB9,truly_missing,
A0A803MDD8,truly_missing,
A0A803MDD9,truly_missing,
A0A803MDE6,truly_missing,
A0A803MDE8,truly_missing,
A0A803MDF0,truly_missing,
A0A803MDG7,truly_missing,
A0A803MDI1,truly_missing,
A0A803MDI6,truly_missing,
A0A803MDI8,truly_missing,
A0A803MDJ0,truly_missing,
A0A803MDJ1,truly_missing,
A0A803MDK0,truly_missing,
A0A803MDK2,truly_missing,
A0A803MDL4,truly_missing,
A0A803MDM4,truly_missing,
A0A803MDN9,truly_missing,
A0A803MDP3,truly_missing,
A0A803MDP8,truly_missing,
A0A803MDR7,truly_missing,
A0A803MDS7,truly_missing,
A0A803MDT2,truly_missing,
A0A803MDT3,truly_missing,
A0A803MDT4,truly_missing,
A0A803MDT8,truly_missing,
A0A803MDU0,truly_missing,
A0A803MDU2,truly_missing,
A0A803MDU7,truly_missing,
A0A803MDU8,truly_missing,
A0A803MDV0,truly_missing,
A0A803MDV1,truly_missing,
A0A803MDV4,truly_missing,
A0A803MDV6,truly_missing,
A0A803MDV7,truly_missing,
A0A803MDV9,truly_missing,
A0A803MDW0,truly_missing,
A0A803MDW5,truly_missing,
A0A803MDW8,truly_missing,
A0A803MDX4,truly_missing,
A0A803MDX7,truly_missing,
A0A803MDY3,truly_missing,
A0A803MDY5,truly_missing,
A0A803MDZ6,truly_missing,
A0A803ME08,truly_missing,
A0A803ME11,truly_missing,
A0A803ME14,truly_missing,
A0A803ME22,truly_missing,
A0A803ME30,truly_missing,
A0A803ME31,truly_missing,
A0A803ME32,truly_missing,
A0A803ME34,truly_missing,
A0A803ME36,truly_missing,
A0A803ME39,truly_missing,
A0A803ME40,truly_missing,
A0A803ME43,truly_missing,
A0A803ME47,truly_missing,
A0A803ME48,truly_missing,
A0A803ME49,truly_missing,
A0A803ME50,truly_missing,
A0A803ME52,truly_missing,
A0A803ME62,truly_missing,
A0A803ME66,truly_missing,
A0A803ME79,truly_missing,
A0A803ME84,truly_missing,
A0A803ME87,truly_missing,
A0A803ME89,truly_missing,
A0A803ME90,truly_missing,
A0A803ME93,truly_missing,
A0A803ME95,truly_missing,
A0A803ME96,truly_missing,
A0A803ME97,truly_missing,
A0A803MEA0,truly_missing,
A0A803MEA2,truly_missing,
A0A803MEA6,truly_missing,
A0A803MEB0,truly_missing,
A0A803MEB5,truly_missing,
A0A803MEB7,truly_missing,
A0A803MEC3,truly_missing,
A0A803MEE5,truly_missing,
A0A803MEE6,truly_missing,
A0A803MEF6,truly_missing,
A0A803MEF9,truly_missing,
A0A803MEG1,truly_missing,
A0A803MEG5,truly_missing,
A0A803MEG6,truly_missing,
A0A803MEH4,truly_missing,
A0A803MEH5,truly_missing,
A0A803MEH9,truly_missing,
A0A803MEI1,truly_missing,
A0A803MEI3,truly_missing,
A0A803MEI4,truly_missing,
A0A803MEI5,truly_missing,
A0A803MEJ1,truly_missing,
A0A803MEJ3,truly_missing,
A0A803MEJ4,truly_missing,
A0A803MEK2,truly_missing,
A0A803MEK4,truly_missing,
A0A803MEK7,truly_missing,
A0A803MEL7,truly_missing,
A0A803MEM2,truly_missing,
A0A803MEM4,truly_missing,
A0A803MEM6,truly_missing,
A0A803MEN1,truly_missing,
A0A803MEP7,truly_missing,
A0A803MER1,truly_missing,
A0A803MER3,truly_missing,
A0A803MER6,truly_missing,
A0A803MES4,truly_missing,
A0A803MES5,truly_missing,
A0A803MET1,truly_missing,
A0A803MET3,truly_missing,
A0A803MET5,truly_missing,
A0A803MET9,truly_missing,
A0A803MEU5,truly_missing,
A0A803MEU6,truly_missing,
A0A803MEX2,truly_missing,
A0A803MEX5,truly_missing,
A0A803MEY8,truly_missing,
A0A803MEZ2,truly_missing,
A0A803MEZ3,truly_missing,
A0A803MEZ9,truly_missing,
A0A803MF01,truly_missing,
A0A803MF02,truly_missing,
A0A803MF05,truly_missing,
A0A803MF08,truly_missing,
A0A803MF11,truly_missing,
A0A803MF27,truly_missing,
A0A803MF32,truly_missing,
A0A803MF34,truly_missing,
A0A803MF38,truly_missing,
A0A803MF39,truly_missing,
A0A803MF46,truly_missing,
A0A803MF47,truly_missing,
A0A803MF50,truly_missing,
A0A803MF61,truly_missing,
A0A803MF64,truly_missing,
A0A803MF67,truly_missing,
A0A803MF68,truly_missing,
A0A803MF70,truly_missing,
A0A803MF79,truly_missing,
A0A803MF80,truly_missing,
A0A803MF83,truly_missing,
A0A803MF96,truly_missing,
A0A803MFA2,truly_missing,
A0A803MFA4,truly_missing,
A0A803MFA5,truly_missing,
A0A803MFB0,truly_missing,
A0A803MFB3,truly_missing,
A0A803MFB4,truly_missing,
A0A803MFB5,truly_missing,
A0A803MFB8,truly_missing,
A0A803MFB9,truly_missing,
A0A803MFC0,truly_missing,
A0A803MFC8,truly_missing,
A0A803MFD1,truly_missing,
A0A803MFD2,truly_missing,
A0A803MFD3,truly_missing,
A0A803MFD7,truly_missing,
A0A803MFE2,truly_missing,
A0A803MFE6,truly_missing,
A0A803MFE7,truly_missing,
A0A803MFF0,truly_missing,
A0A803MFF3,truly_missing,
A0A803MFG3,truly_missing,
A0A803MFG4,truly_missing,
A0A803MFH1,truly_missing,
A0A803MFH7,truly_missing,
A0A803MFI1,truly_missing,
A0A803MFI9,truly_missing,
A0A803MFJ5,truly_missing,
A0A803MFJ8,truly_missing,
A0A803MFK0,truly_missing,
A0A803MFL1,truly_missing,
A0A803MFL3,truly_missing,
A0A803MFM3,truly_missing,
A0A803MFN5,truly_missing,
A0A803MFP4,truly_missing,
A0A803MFP6,truly_missing,
A0A803MFP7,truly_missing,
A0A803MFR2,truly_missing,
A0A803MFS2,truly_missing,
A0A803MFS4,truly_missing,
A0A803MFS8,truly_missing,
A0A803MFS9,truly_missing,
A0A803MFT1,truly_missing,
A0A803MFT5,truly_missing,
A0A803MFT9,truly_missing,
A0A803MFU2,truly_missing,
A0A803MFU3,truly_missing,
A0A803MFU5,truly_missing,
A0A803MFU9,truly_missing,
A0A803MFV3,truly_missing,
A0A803MFV4,truly_missing,
A0A803MFV7,truly_missing,
A0A803MFW5,truly_missing,
A0A803MFW6,truly_missing,
A0A803MFX8,truly_missing,
A0A803MFY1,truly_missing,
A0A803MFY2,truly_missing,
A0A803MFY4,truly_missing,
A0A803MFY5,truly_missing,
A0A803MFY6,truly_missing,
A0A803MG04,truly_missing,
A0A803MG07,truly_missing,
A0A803MG09,truly_missing,
A0A803MG13,truly_missing,
A0A803MG14,truly_missing,
A0A803MG15,truly_missing,
A0A803MG16,truly_missing,
A0A803MG18,truly_missing,
A0A803MG21,truly_missing,
A0A803MG22,truly_missing,
A0A803MG23,truly_missing,
A0A803MG24,truly_missing,
A0A803MG26,truly_missing,
A0A803MG31,truly_missing,
A0A803MG37,truly_missing,
A0A803MG45,truly_missing,
A0A803MG49,truly_missing,
A0A803MG50,truly_missing,
A0A803MG52,truly_missing,
A0A803MG53,truly_missing,
A0A803MG56,truly_missing,
A0A803MG57,truly_missing,
A0A803MG63,truly_missing,
A0A803MG74,truly_missing,
A0A803MG78,truly_missing,
A0A803MG81,truly_missing,
A0A803MGA1,truly_missing,
A0A803MGB2,truly_missing,
A0A803MGC2,truly_missing,
A0A803MGD8,truly_missing,
A0A803MGE8,truly_missing,
A0A803MGF1,truly_missing,
A0A803MGF7,truly_missing,
A0A803MGG0,truly_missing,
A0A803MGG2,truly_missing,
A0A803MGG4,truly_missing,
A0A803MGI2,truly_missing,
A0A803MGI9,truly_missing,
A0A803MGJ9,truly_missing,
A0A803MGK9,truly_missing,
A0A803MGL1,truly_missing,
A0A803MGL4,truly_missing,
A0A803MGL6,truly_missing,
A0A803MGL7,truly_missing,
A0A803MGL8,truly_missing,
A0A803MGN0,truly_missing,
A0A803MGN7,truly_missing,
A0A803MGP1,truly_missing,
A0A803MGP4,truly_missing,
A0A803MGP9,truly_missing,
A0A803MGQ4,truly_missing,
A0A803MGQ5,truly_missing,
A0A803MGR0,truly_missing,
A0A803MGR1,truly_missing,
A0A803MGR3,truly_missing,
A0A803MGS6,truly_missing,
A0A803MGS7,truly_missing,
A0A803MGT1,truly_missing,
A0A803MGT2,truly_missing,
A0A803MGT3,truly_missing,
A0A803MGT9,truly_missing,
A0A803MGU4,truly_missing,
A0A803MGU6,truly_missing,
A0A803MGU9,truly_missing,
A0A803MGW1,truly_missing,
A0A803MGX0,truly_missing,
A0A803MGX1,truly_missing,
A0A803MGX2,truly_missing,
A0A803MGX4,truly_missing,
A0A803MGY4,truly_missing,
A0A803MGY6,truly_missing,
A0A803MGY9,truly_missing,
A0A803MGZ0,truly_missing,
A0A803MGZ3,truly_missing,
A0A803MGZ9,truly_missing,
A0A803MH07,truly_missing,
A0A803MH39,truly_missing,
A0A803MH44,truly_missing,
A0A803MH45,truly_missing,
A0A803MH50,truly_missing,
A0A803MH53,truly_missing,
A0A803MH54,truly_missing,
A0A803MH56,truly_missing,
A0A803MH78,truly_missing,
A0A803MH79,truly_missing,
A0A803MH89,truly_missing,
A0A803MH92,truly_missing,
A0A803MH93,truly_missing,
A0A803MHA6,truly_missing,
A0A803MHB0,truly_missing,
A0A803MHB3,truly_missing,
A0A803MHB6,truly_missing,
A0A803MHB8,truly_missing,
A0A803MHC5,truly_missing,
A0A803MHC8,truly_missing,
A0A803MHE0,truly_missing,
A0A803MHE4,truly_missing,
A0A803MHE6,truly_missing,
A0A803MHF2,truly_missing,
A0A803MHG2,truly_missing,
A0A803MHI1,truly_missing,
A0A803MHI2,truly_missing,
A0A803MHI5,truly_missing,
A0A803MHI7,truly_missing,
A0A803MHJ1,truly_missing,
A0A803MHK0,truly_missing,
A0A803MHM9,truly_missing,
A0A803MHN4,truly_missing,
A0A803MHP5,truly_missing,
A0A803MHQ6,truly_missing,
A0A803MHR1,truly_missing,
A0A803MHS1,truly_missing,
A0A803MHS3,truly_missing,
A0A803MHS4,truly_missing,
A0A803MHT5,truly_missing,
A0A803MHU1,truly_missing,
A0A803MHU4,truly_missing,
A0A803MHU8,truly_missing,
A0A803MHV1,truly_missing,
A0A803MHV9,truly_missing,
A0A803MHW4,truly_missing,
A0A803MHX0,truly_missing,
A0A803MHX7,truly_missing,
A0A803MHY3,truly_missing,
A0A803MHY5,truly_missing,
A0A803MHZ8,truly_missing,
A0A803MI05,truly_missing,
A0A803MI15,truly_missing,
A0A803MI23,truly_missing,
A0A803MI26,truly_missing,
A0A803MI30,truly_missing,
A0A803MI34,truly_missing,
A0A803MI37,truly_missing,
A0A803MI38,truly_missing,
A0A803MI40,truly_missing,
A0A803MI41,truly_missing,
A0A803MI52,truly_missing,
A0A803MI63,truly_missing,
A0A803MI83,truly_missing,
A0A803MI87,merged_as_alt_id,GeneID:110702841
A0A803MI91,truly_missing,
A0A803MI98,truly_missing,
A0A803MIA8,truly_missing,
A0A803MIB7,truly_missing,
A0A803MIB8,truly_missing,
A0A803MIC6,truly_missing,
A0A803MIC8,truly_missing,
A0A803MID3,truly_missing,
A0A803MIE6,truly_missing,
A0A803MIF3,truly_missing,
A0A803MIF4,truly_missing,
A0A803MIF7,truly_missing,
A0A803MIG7,truly_missing,
A0A803MII0,truly_missing,
A0A803MII5,truly_missing,
A0A803MII9,truly_missing,
A0A803MIK5,truly_missing,
A0A803MIM4,truly_missing,
A0A803MIN0,truly_missing,
A0A803MIP0,truly_missing,
A0A803MIP1,truly_missing,
A0A803MIP5,truly_missing,
A0A803MIP9,truly_missing,
A0A803MIQ3,truly_missing,
A0A803MIR0,truly_missing,
A0A803MIR1,truly_missing,
A0A803MIR4,truly_missing,
A0A803MIR9,truly_missing,
A0A803MIS2,truly_missing,
A0A803MIS7,truly_missing,
A0A803MIS9,truly_missing,
A0A803MIT7,truly_missing,
A0A803MIU3,truly_missing,
A0A803MIU8,truly_missing,
A0A803MIV0,truly_missing,
A0A803MIV1,truly_missing,
A0A803MIV9,truly_missing,
A0A803MIX2,truly_missing,
A0A803MIY2,truly_missing,
A0A803MIY4,truly_missing,
A0A803MIY9,truly_missing,
A0A803MIZ4,truly_missing,
A0A803MIZ8,truly_missing,
A0A803MIZ9,truly_missing,
A0A803MJ00,truly_missing,
A0A803MJ05,truly_missing,
A0A803MJ06,truly_missing,
A0A803MJ07,truly_missing,
A0A803MJ09,truly_missing,
A0A803MJ14,truly_missing,
A0A803MJ24,truly_missing,
A0A803MJ25,truly_missing,
A0A803MJ26,truly_missing,
A0A803MJ29,truly_missing,
A0A803MJ30,truly_missing,
A0A803MJ32,truly_missing,
A0A803MJ34,truly_missing,
A0A803MJ38,truly_missing,
A0A803MJ39,truly_missing,
A0A803MJ41,truly_missing,
A0A803MJ43,truly_missing,
A0A803MJ45,truly_missing,
A0A803MJ46,truly_missing,
A0A803MJ53,truly_missing,
A0A803MJ55,truly_missing,
A0A803MJ69,truly_missing,
A0A803MJ70,truly_missing,
A0A803MJ71,truly_missing,
A0A803MJ80,truly_missing,
A0A803MJ84,truly_missing,
A0A803MJ85,truly_missing,
A0A803MJ92,truly_missing,
A0A803MJA2,truly_missing,
A0A803MJA3,truly_missing,
A0A803MJA6,truly_missing,
A0A803MJB1,truly_missing,
A0A803MJC3,truly_missing,
A0A803MJC6,truly_missing,
A0A803MJC8,truly_missing,
A0A803MJD0,truly_missing,
A0A803MJD8,truly_missing,
A0A803MJE2,truly_missing,
A0A803MJE4,truly_missing,
A0A803MJF0,truly_missing,
A0A803MJG6,truly_missing,
A0A803MJI7,truly_missing,
A0A803MJK2,truly_missing,
A0A803MJL6,truly_missing,
A0A803MJL7,truly_missing,
A0A803MJL8,truly_missing,
A0A803MJM0,truly_missing,
A0A803MJM2,truly_missing,
A0A803MJN3,truly_missing,
A0A803MJN5,truly_missing,
A0A803MJN9,truly_missing,
A0A803MJP7,truly_missing,
A0A803MJQ7,truly_missing,
A0A803MJR9,truly_missing,
A0A803MJS0,truly_missing,
A0A803MJU7,truly_missing,
A0A803MJU8,truly_missing,
A0A803MJU9,truly_missing,
A0A803MJV6,truly_missing,
A0A803MJW2,truly_missing,
A0A803MJW3,truly_missing,
A0A803MJW8,truly_missing,
A0A803MJX3,truly_missing,
A0A803MJX5,truly_missing,
A0A803MJX6,truly_missing,
A0A803MJX8,truly_missing,
A0A803MJY8,truly_missing,
A0A803MJZ1,truly_missing,
A0A803MJZ4,truly_missing,
A0A803MK01,truly_missing,
A0A803MK02,truly_missing,
A0A803MK06,truly_missing,
A0A803MK08,truly_missing,
A0A803MK13,truly_missing,
A0A803MK28,truly_missing,
A0A803MK30,truly_missing,
A0A803MK31,truly_missing,
A0A803MK34,truly_missing,
A0A803MK37,truly_missing,
A0A803MK41,truly_missing,
A0A803MK43,truly_missing,
A0A803MK47,truly_missing,
A0A803MK49,truly_missing,
A0A803MK51,truly_missing,
A0A803MK53,truly_missing,
A0A803MK55,truly_missing,
A0A803MK59,truly_missing,
A0A803MK91,truly_missing,
A0A803MKA6,truly_missing,
A0A803MKB1,truly_missing,
A0A803MKB4,truly_missing,
A0A803MKC1,truly_missing,
A0A803MKC2,truly_missing,
A0A803MKC3,truly_missing,
A0A803MKD1,truly_missing,
A0A803MKD2,truly_missing,
A0A803MKE1,truly_missing,
A0A803MKE6,truly_missing,
A0A803MKF3,truly_missing,
A0A803MKF7,truly_missing,
A0A803MKG3,truly_missing,
A0A803MKG6,truly_missing,
A0A803MKG9,truly_missing,
A0A803MKH1,truly_missing,
A0A803MKH2,truly_missing,
A0A803MKH3,truly_missing,
A0A803MKH5,truly_missing,
A0A803MKH6,truly_missing,
A0A803MKH7,truly_missing,
A0A803MKI0,truly_missing,
A0A803MKI1,truly_missing,
A0A803MKI2,truly_missing,
A0A803MKI4,truly_missing,
A0A803MKI8,truly_missing,
A0A803MKJ1,truly_missing,
A0A803MKJ7,truly_missing,
A0A803MKJ9,truly_missing,
A0A803MKK0,truly_missing,
A0A803MKK1,truly_missing,
A0A803MKK2,truly_missing,
A0A803MKK7,truly_missing,
A0A803MKL1,truly_missing,
A0A803MKL2,truly_missing,
A0A803MKL9,truly_missing,
A0A803MKM0,truly_missing,
A0A803MKM2,truly_missing,
A0A803MKM4,truly_missing,
A0A803MKN6,truly_missing,
A0A803MKQ2,truly_missing,
A0A803MKQ6,truly_missing,
A0A803MKQ9,truly_missing,
A0A803MKR0,truly_missing,
A0A803MKR2,truly_missing,
A0A803MKR9,truly_missing,
A0A803MKS3,truly_missing,
A0A803MKS5,truly_missing,
A0A803MKU8,truly_missing,
A0A803MKV6,truly_missing,
A0A803MKV9,truly_missing,
A0A803MKW4,truly_missing,
A0A803MKW7,truly_missing,
A0A803MKX0,truly_missing,
A0A803MKX1,truly_missing,
A0A803MKX5,truly_missing,
A0A803MKX6,truly_missing,
A0A803MKY7,truly_missing,
A0A803MKZ7,truly_missing,
A0A803ML01,truly_missing,
A0A803ML02,truly_missing,
A0A803ML03,truly_missing,
A0A803ML04,truly_missing,
A0A803ML05,truly_missing,
A0A803ML15,truly_missing,
A0A803ML18,truly_missing,
A0A803ML26,truly_missing,
A0A803ML30,truly_missing,
A0A803ML34,truly_missing,
A0A803ML38,truly_missing,
A0A803ML44,truly_missing,
A0A803ML49,truly_missing,
A0A803ML59,truly_missing,
A0A803ML61,truly_missing,
A0A803ML66,truly_missing,
A0A803ML71,truly_missing,
A0A803ML72,truly_missing,
A0A803ML90,truly_missing,
A0A803MLA4,truly_missing,
A0A803MLB6,truly_missing,
A0A803MLC0,truly_missing,
A0A803MLC1,truly_missing,
A0A803MLC2,truly_missing,
A0A803MLD1,truly_missing,
A0A803MLD2,truly_missing,
A0A803MLD3,truly_missing,
A0A803MLD4,truly_missing,
A0A803MLD9,truly_missing,
A0A803MLE6,truly_missing,
A0A803MLF2,truly_missing,
A0A803MLF5,truly_missing,
A0A803MLF7,truly_missing,
A0A803MLG8,truly_missing,
A0A803MLH0,truly_missing,
A0A803MLH1,truly_missing,
A0A803MLH9,truly_missing,
A0A803MLI0,truly_missing,
A0A803MLI2,truly_missing,
A0A803MLI3,truly_missing,
A0A803MLI8,truly_missing,
A0A803MLJ2,truly_missing,
A0A803MLJ5,truly_missing,
A0A803MLJ6,truly_missing,
A0A803MLJ7,truly_missing,
A0A803MLK2,truly_missing,
A0A803MLK3,truly_missing,
A0A803MLK8,truly_missing,
A0A803MLL2,truly_missing,
A0A803MLL6,truly_missing,
A0A803MLN3,truly_missing,
A0A803MLN5,truly_missing,
A0A803MLP2,truly_missing,
A0A803MLP3,truly_missing,
A0A803MLQ5,truly_missing,
A0A803MLQ7,truly_missing,
A0A803MLR0,truly_missing,
A0A803MLR3,truly_missing,
A0A803MLS3,truly_missing,
A0A803MLS4,truly_missing,
A0A803MLS5,truly_missing,
A0A803MLT1,truly_missing,
A0A803MLT5,truly_missing,
A0A803MLT6,truly_missing,
A0A803MLU2,truly_missing,
A0A803MLU7,truly_missing,
A0A803MLU9,truly_missing,
A0A803MLV1,truly_missing,
A0A803MLW7,truly_missing,
A0A803MLW8,truly_missing,
A0A803MLX7,truly_missing,
A0A803MLX8,truly_missing,
A0A803MLX9,truly_missing,
A0A803MLY6,truly_missing,
A0A803MLZ6,truly_missing,
A0A803MLZ7,truly_missing,
A0A803MLZ8,truly_missing,
A0A803MLZ9,truly_missing,
A0A803MM00,truly_missing,
A0A803MM04,truly_missing,
A0A803MM06,truly_missing,
A0A803MM08,truly_missing,
A0A803MM10,truly_missing,
A0A803MM11,truly_missing,
A0A803MM13,truly_missing,
A0A803MM14,truly_missing,
A0A803MM16,truly_missing,
A0A803MM22,truly_missing,
A0A803MM24,truly_missing,
A0A803MM35,truly_missing,
A0A803MM37,truly_missing,
A0A803MM38,truly_missing,
A0A803MM50,truly_missing,
A0A803MM53,truly_missing,
A0A803MM58,truly_missing,
A0A803MM61,truly_missing,
A0A803MM64,truly_missing,
A0A803MM68,truly_missing,
A0A803MM69,truly_missing,
A0A803MM75,truly_missing,
A0A803MM85,truly_missing,
A0A803MM87,truly_missing,
A0A803MM90,truly_missing,
A0A803MM91,truly_missing,
A0A803MM93,truly_missing,
A0A803MM97,truly_missing,
A0A803MMA0,truly_missing,
A0A803MMA7,truly_missing,
A0A803MMB5,truly_missing,
A0A803MMB6,truly_missing,
A0A803MME0,truly_missing,
A0A803MME9,truly_missing,
A0A803MMF1,truly_missing,
A0A803MMG3,truly_missing,
A0A803MMG4,truly_missing,
A0A803MMG5,truly_missing,
A0A803MMH1,truly_missing,
A0A803MMH9,truly_missing,
A0A803MMI4,truly_missing,
A0A803MMI6,truly_missing,
A0A803MMI7,truly_missing,
A0A803MMJ7,truly_missing,
A0A803MMJ8,truly_missing,
A0A803MMJ9,truly_missing,
A0A803MMK0,truly_missing,
A0A803MMK4,truly_missing,
A0A803MML1,truly_missing,
A0A803MMN3,truly_missing,
A0A803MMN6,truly_missing,
A0A803MMN9,truly_missing,
A0A803MMP2,truly_missing,
A0A803MMP4,truly_missing,
A0A803MMP6,truly_missing,
A0A803MMQ3,truly_missing,
A0A803MMQ6,truly_missing,
A0A803MMR0,truly_missing,
A0A803MMR1,truly_missing,
A0A803MMR6,truly_missing,
A0A803MMS5,truly_missing,
A0A803MMT7,truly_missing,
A0A803MMU1,truly_missing,
A0A803MMU3,truly_missing,
A0A803MMU9,truly_missing,
A0A803MMW2,truly_missing,
A0A803MMW6,truly_missing,
A0A803MMW7,truly_missing,
A0A803MMW8,truly_missing,
A0A803MMX5,truly_missing,
A0A803MMX8,truly_missing,
A0A803MMX9,truly_missing,
A0A803MMY0,truly_missing,
A0A803MMY4,truly_missing,
A0A803MMY5,truly_missing,
A0A803MMZ3,truly_missing,
A0A803MN01,truly_missing,
A0A803MN07,truly_missing,
A0A803MN11,truly_missing,
A0A803MN13,truly_missing,
A0A803MN17,truly_missing,
A0A803MN21,truly_missing,
A0A803MN30,truly_missing,
A0A803MN37,truly_missing,
A0A803MN38,truly_missing,
A0A803MN40,truly_missing,
A0A803MN44,truly_missing,
A0A803MN49,truly_missing,
A0A803MN50,truly_missing,
A0A803MN59,truly_missing,
A0A803MN67,truly_missing,
A0A803MN69,truly_missing,
A0A803MN70,truly_missing,
A0A803MN72,truly_missing,
A0A803MN80,merged_as_alt_id,GeneID:110704735
A0A803MN86,truly_missing,
A0A803MN90,truly_missing,
A0A803MN99,truly_missing,
A0A803MNA1,truly_missing,
A0A803MNA4,truly_missing,
A0A803MNA9,truly_missing,
A0A803MNB9,truly_missing,
A0A803MNC2,truly_missing,
A0A803MNC6,truly_missing,
A0A803MNC7,truly_missing,
A0A803MND1,truly_missing,
A0A803MND4,truly_missing,
A0A803MND6,truly_missing,
A0A803MND7,truly_missing,
A0A803MND8,truly_missing,
A0A803MND9,truly_missing,
A0A803MNE3,truly_missing,
A0A803MNE8,truly_missing,
A0A803MNE9,truly_missing,
A0A803MNF0,truly_missing,
A0A803MNF1,truly_missing,
A0A803MNF6,truly_missing,
A0A803MNF9,truly_missing,
A0A803MNH4,truly_missing,
A0A803MNH6,truly_missing,
A0A803MNJ0,truly_missing,
A0A803MNJ9,truly_missing,
A0A803MNK7,truly_missing,
A0A803MNL2,truly_missing,
A0A803MNL3,truly_missing,
A0A803MNL4,truly_missing,
A0A803MNL5,truly_missing,
A0A803MNM0,truly_missing,
A0A803MNN4,truly_missing,
A0A803MNN6,truly_missing,
A0A803MNN7,truly_missing,
A0A803MNP4,truly_missing,
A0A803MNP9,truly_missing,
A0A803MNQ4,truly_missing,
A0A803MNR9,truly_missing,
A0A803MNS5,truly_missing,
A0A803MNS8,truly_missing,
A0A803MNT0,truly_missing,
A0A803MNV6,truly_missing,
A0A803MNV9,truly_missing,
A0A803MNW8,truly_missing,
A0A803MNX8,truly_missing,
A0A803MNX9,truly_missing,
A0A803MNY0,truly_missing,
A0A803MNY3,truly_missing,
A0A803MNY8,truly_missing,
A0A803MNZ3,truly_missing,
A0A803MNZ5,truly_missing,
A0A803MNZ7,truly_missing,
A0A803MNZ9,truly_missing,
A0A803MP09,truly_missing,
A0A803MP16,truly_missing,
A0A803MP23,truly_missing,
A0A803MP26,truly_missing,
A0A803MP28,truly_missing,
A0A803MP36,truly_missing,
A0A803MP45,truly_missing,
A0A803MP49,truly_missing,
A0A803MP50,truly_missing,
A0A803MP55,truly_missing,
A0A803MP56,truly_missing,
A0A803MP69,truly_missing,
A0A803MP98,truly_missing,
A0A803MPA9,truly_missing,
A0A803MPB0,truly_missing,
A0A803MPC2,truly_missing,
A0A803MPC4,truly_missing,
A0A803MPC7,truly_missing,
A0A803MPD4,truly_missing,
A0A803MPE3,truly_missing,
A0A803MPE8,truly_missing,
A0A803MPG0,truly_missing,
A0A803MPG6,truly_missing,
A0A803MPG7,truly_missing,
A0A803MPH0,truly_missing,
A0A803MPI4,truly_missing,
A0A803MPI7,truly_missing,
A0A803MPJ3,truly_missing,
A0A803MPJ4,truly_missing,
A0A803MPJ9,truly_missing,
A0A803MPK3,truly_missing,
A0A803MPK5,truly_missing,
A0A803MPL5,truly_missing,
A0A803MPL7,truly_missing,
A0A803MPM3,truly_missing,
A0A803MPM4,truly_missing,
A0A803MPN1,truly_missing,
A0A803MPP1,truly_missing,
A0A803MPP6,truly_missing,
A0A803MPQ6,truly_missing,
A0A803MPR6,truly_missing,
A0A803MPR8,truly_missing,
A0A803MPS3,truly_missing,
A0A803MPS7,truly_missing,
A0A803MPU3,truly_missing,
A0A803MPV1,truly_missing,
A0A803MPV5,truly_missing,
A0A803MPV6,truly_missing,
A0A803MPY0,truly_missing,
A0A803MPY6,truly_missing,
A0A803MQ00,truly_missing,
A0A803MQ01,truly_missing,
A0A803MQ31,truly_missing,
A0A803MQ37,truly_missing,
A0A803MQ41,truly_missing,
A0A803MQ49,truly_missing,
A0A803MQ53,truly_missing,
A0A803MQ54,truly_missing,
A0A803MQ61,truly_missing,
A0A803MQ66,truly_missing,
A0A803MQ68,truly_missing,
A0A803MQ72,truly_missing,
A0A803MQ75,truly_missing,
A0A803MQ85,truly_missing,
A0A803MQ87,truly_missing,
A0A803MQ95,truly_missing,
A0A803MQ98,truly_missing,
A0A803MQB4,truly_missing,
A0A803MQB7,truly_missing,
A0A803MQB8,truly_missing,
A0A803MQC3,truly_missing,
A0A803MQC8,truly_missing,
A0A803MQD3,truly_missing,
A0A803MQE1,truly_missing,
A0A803MQE4,truly_missing,
A0A803MQE5,truly_missing,
A0A803MQE6,truly_missing,
A0A803MQE8,truly_missing,
A0A803MQH0,truly_missing,
A0A803MQH1,truly_missing,
A0A803MQH3,truly_missing,
A0A803MQH4,truly_missing,
A0A803MQH5,truly_missing,
A0A803MQJ6,truly_missing,
A0A803MQK5,truly_missing,
A0A803MQL2,truly_missing,
A0A803MQL4,truly_missing,
A0A803MQL5,truly_missing,
A0A803MQM5,truly_missing,
A0A803MQM7,truly_missing,
A0A803MQN0,truly_missing,
A0A803MQN1,truly_missing,
A0A803MQN4,truly_missing,
A0A803MQN6,truly_missing,
A0A803MQN7,truly_missing,
A0A803MQP3,truly_missing,
A0A803MQP5,truly_missing,
A0A803MQQ1,truly_missing,
A0A803MQQ5,truly_missing,
A0A803MQQ6,truly_missing,
A0A803MQQ9,truly_missing,
A0A803MQR0,truly_missing,
A0A803MQR5,truly_missing,
A0A803MQR6,truly_missing,
A0A803MQR7,truly_missing,
A0A803MQR9,truly_missing,
A0A803MQT6,truly_missing,
A0A803MQU3,truly_missing,
A0A803MQV3,truly_missing,
A0A803MQV6,truly_missing,
A0A803MQW0,truly_missing,
A0A803MQW2,truly_missing,
A0A803MQX2,truly_missing,
A0A803MQX4,truly_missing,
A0A803MQX5,truly_missing,
A0A803MQX8,truly_missing,
A0A803MQY3,truly_missing,
A0A803MQZ4,truly_missing,
A0A803MR03,truly_missing,
A0A803MR04,truly_missing,
A0A803MR15,truly_missing,
A0A803MR18,truly_missing,
A0A803MR24,truly_missing,
A0A803MR25,truly_missing,
A0A803MR29,truly_missing,
A0A803MR30,truly_missing,
A0A803MR39,truly_missing,
A0A803MR40,truly_missing,
A0A803MR50,truly_missing,
A0A803MR53,truly_missing,
A0A803MR57,truly_missing,
A0A803MR59,truly_missing,
A0A803MR61,truly_missing,
A0A803MR67,truly_missing,
A0A803MR71,truly_missing,
A0A803MR78,truly_missing,
A0A803MR90,truly_missing,
A0A803MR92,truly_missing,
A0A803MRA0,truly_missing,
A0A803MRA3,truly_missing,
A0A803MRB8,truly_missing,
A0A803MRC0,truly_missing,
A0A803MRC6,truly_missing,
A0A803MRD0,truly_missing,
A0A803MRD3,truly_missing,
A0A803MRE2,truly_missing,
A0A803MRE4,truly_missing,
A0A803MRE9,truly_missing,
A0A803MRF5,truly_missing,
A0A803MRG6,truly_missing,
A0A803MRH1,truly_missing,
A0A803MRH4,truly_missing,
A0A803MRJ6,truly_missing,
A0A803MRK0,truly_missing,
A0A803MRK3,truly_missing,
A0A803MRM0,truly_missing,
A0A803MRM4,truly_missing,
A0A803MRM6,truly_missing,
A0A803MRN3,truly_missing,
A0A803MRN8,truly_missing,
A0A803MRP0,truly_missing,
A0A803MRP1,truly_missing,
A0A803MRP2,truly_missing,
A0A803MRQ1,truly_missing,
A0A803MRQ4,truly_missing,
A0A803MRQ6,truly_missing,
A0A803MRQ7,truly_missing,
A0A803MRR6,truly_missing,
A0A803MRR9,truly_missing,
A0A803MRS6,truly_missing,
A0A803MRT3,truly_missing,
A0A803MRT8,truly_missing,
A0A803MRT9,truly_missing,
A0A803MRU2,truly_missing,
A0A803MRU3,truly_missing,
A0A803MRX5,truly_missing,
A0A803MRX7,truly_missing,
A0A803MRX8,truly_missing,
A0A803MRZ9,truly_missing,
A0A803MS00,truly_missing,
A0A803MS12,truly_missing,
A0A803MS19,truly_missing,
A0A803MS21,truly_missing,
A0A803MS22,truly_missing,
A0A803MS26,truly_missing,
A0A803MS32,truly_missing,
A0A803MS48,truly_missing,
A0A803MS53,truly_missing,
A0A803MS58,truly_missing,
A0A803MS65,truly_missing,
A0A803MS66,truly_missing,
A0A803MS70,truly_missing,
A0A803MS75,truly_missing,
A0A803MS79,truly_missing,
A0A803MSA1,truly_missing,
A0A803MSA6,truly_missing,
A0A803MSA9,truly_missing,
A0A803MSC2,truly_missing,
A0A803MSD6,truly_missing,
A0A803MSE3,truly_missing,
A0A803MSE6,truly_missing,
A0A803MSF0,truly_missing,
A0A803MSF1,truly_missing,
A0A803MSF3,truly_missing,
A0A803MSF5,truly_missing,
A0A803MSG2,truly_missing,
A0A803MSG4,truly_missing,
A0A803MSG5,truly_missing,
A0A803MSG9,truly_missing,
A0A803MSH0,truly_missing,
A0A803MSH4,truly_missing,
A0A803MSH6,truly_missing,
A0A803MSI2,truly_missing,
A0A803MSI5,truly_missing,
A0A803MSI6,truly_missing,
A0A803MSI7,truly_missing,
A0A803MSI8,truly_missing,
A0A803MSJ0,truly_missing,
A0A803MSJ5,truly_missing,
A0A803MSJ8,truly_missing,
A0A803MSJ9,truly_missing,
A0A803MSK4,truly_missing,
A0A803MSK8,truly_missing,
A0A803MSK9,truly_missing,
A0A803MSL3,truly_missing,
A0A803MSL6,truly_missing,
A0A803MSM2,truly_missing,
A0A803MSM5,truly_missing,
A0A803MSN3,truly_missing,
A0A803MSN5,truly_missing,
A0A803MSP0,truly_missing,
A0A803MSQ1,truly_missing,
A0A803MSR0,truly_missing,
A0A803MSR6,truly_missing,
A0A803MSS4,truly_missing,
A0A803MST2,truly_missing,
A0A803MST6,truly_missing,
A0A803MSU0,truly_missing,
A0A803MSV8,truly_missing,
A0A803MSW1,truly_missing,
A0A803MSX1,truly_missing,
A0A803MSX4,truly_missing,
A0A803MSX6,truly_missing,
A0A803MSY6,truly_missing,
A0A803MT04,truly_missing,
A0A803MT10,truly_missing,
A0A803MT15,truly_missing,
A0A803MT33,truly_missing,
A0A803MT35,truly_missing,
A0A803MT37,truly_missing,
A0A803MT61,truly_missing,
A0A803MT62,truly_missing,
A0A803MT65,merged_as_alt_id,GeneID:110704095
A0A803MT70,truly_missing,
A0A803MT71,truly_missing,
A0A803MT72,truly_missing,
A0A803MT74,truly_missing,
A0A803MT77,truly_missing,
A0A803MT88,truly_missing,
A0A803MT91,truly_missing,
A0A803MTA0,truly_missing,
A0A803MTB2,truly_missing,
A0A803MTB3,merged_as_alt_id,GeneID:110704131
A0A803MTB4,merged_as_alt_id,GeneID:110704132
A0A803MTB5,merged_as_alt_id,GeneID:110704133
A0A803MTB7,merged_as_alt_id,GeneID:110704063
A0A803MTC2,truly_missing,
A0A803MTC5,truly_missing,
A0A803MTG1,truly_missing,
A0A803MTH9,truly_missing,
A0A803MTJ6,truly_missing,
A0A803MTJ8,truly_missing,
A0A803MTK0,truly_missing,
A0A803MTK3,truly_missing,
A0A803MTL4,truly_missing,
A0A803MTL8,truly_missing,
A0A803MTL9,truly_missing,
A0A803MTM0,truly_missing,
A0A803MTM2,truly_missing,
A0A803MTM6,truly_missing,
A0A803MTN3,truly_missing,
A0A803MTN9,truly_missing,
A0A803MTP5,truly_missing,
A0A803MTQ0,truly_missing,
A0A803MTQ8,truly_missing,
A0A803MTR7,truly_missing,
A0A803MTS9,truly_missing,
A0A803MTV0,truly_missing,
A0A803MTV7,truly_missing,
A0A803MTX1,truly_missing,
A0A803MTY1,truly_missing,
A0A803MTY2,truly_missing,
A0A803MTY3,truly_missing,
A0A803MTY4,truly_missing,
A0A803MTZ8,truly_missing,
A0A803MU00,truly_missing,
A0A803MU01,truly_missing,
A0A803MU07,truly_missing,
A0A803MU18,truly_missing,
A0A803MU23,truly_missing,
A0A803MU52,truly_missing,
A0A803MU58,truly_missing,
A0A803MU64,truly_missing,
A0A803MU74,truly_missing,
A0A803MU84,truly_missing,
A0A803MU87,truly_missing,
A0A803MU89,truly_missing,
A0A803MU91,truly_missing,
A0A803MU92,truly_missing,
A0A803MU95,truly_missing,
A0A803MUB7,truly_missing,
A0A803MUC6,truly_missing,
A0A803MUC7,truly_missing,
A0A803MUC8,truly_missing,
A0A803MUD9,truly_missing,
A0A803MUE4,truly_missing,
A0A803MUE5,truly_missing,
A0A803MUF9,truly_missing,
A0A803MUG5,truly_missing,
A0A803MUG7,truly_missing,
A0A803MUG9,truly_missing,
A0A803MUH1,truly_missing,
A0A803MUI1,truly_missing,
A0A803MUJ0,truly_missing,
A0A803MUJ4,truly_missing,
A0A803MUJ6,truly_missing,
A0A803MUL1,truly_missing,
A0A803MUL7,truly_missing,
A0A803MUM3,truly_missing,
A0A803MUN5,truly_missing,
A0A803MUP0,truly_missing,
A0A803MUP3,truly_missing,
A0A803MUP4,truly_missing,
A0A803MUQ6,truly_missing,
A0A803MUR9,truly_missing,
A0A803MUS2,truly_missing,
A0A803MUT3,truly_missing,
A0A803MUU6,truly_missing,
A0A803MUU9,truly_missing,
A0A803MUV1,truly_missing,
A0A803MUV4,truly_missing,
A0A803MUV7,truly_missing,
A0A803MUW3,truly_missing,
A0A803MUX3,truly_missing,
A0A803MUY1,truly_missing,
A0A803MUY5,truly_missing,
A0A803MUZ0,truly_missing,
A0A803MUZ4,truly_missing,
A0A803MV03,truly_missing,
A0A803MV04,truly_missing,
A0A803MV07,truly_missing,
A0A803MV08,truly_missing,
A0A803MV10,truly_missing,
A0A803MV11,truly_missing,
A0A803MV19,truly_missing,
A0A803MV25,truly_missing,
A0A803MV28,truly_missing,
A0A803MV29,truly_missing,
A0A803MV32,truly_missing,
A0A803MV33,truly_missing,
A0A803MV34,truly_missing,
A0A803MV38,truly_missing,
A0A803MV61,truly_missing,
A0A803MV67,truly_missing,
A0A803MV71,truly_missing,
A0A803MV75,truly_missing,
A0A803MV91,truly_missing,
A0A803MV92,truly_missing,
A0A803MV94,truly_missing,
A0A803MV97,truly_missing,
A0A803MV98,truly_missing,
A0A803MV99,truly_missing,
A0A803MVA3,truly_missing,
A0A803MVA7,truly_missing,
A0A803MVA8,truly_missing,
A0A803MVB3,truly_missing,
A0A803MVB7,truly_missing,
A0A803MVB8,truly_missing,
A0A803MVC7,truly_missing,
A0A803MVC8,truly_missing,
A0A803MVC9,truly_missing,
A0A803MVD0,truly_missing,
A0A803MVD3,truly_missing,
A0A803MVD4,truly_missing,
A0A803MVD6,truly_missing,
A0A803MVF6,truly_missing,
A0A803MVH7,truly_missing,
A0A803MVI3,truly_missing,
A0A803MVK6,truly_missing,
A0A803MVL3,truly_missing,
A0A803MVM5,truly_missing,
A0A803MVN6,truly_missing,
A0A803MVN7,truly_missing,
A0A803MVP3,truly_missing,
A0A803MVP6,truly_missing,
A0A803MVQ2,truly_missing,
A0A803MVQ4,truly_missing,
A0A803MVQ7,truly_missing,
A0A803MVT0,truly_missing,
A0A803MVT1,truly_missing,
A0A803MVT8,truly_missing,
A0A803MVU1,truly_missing,
A0A803MVU8,truly_missing,
A0A803MVW1,truly_missing,
A0A803MVX5,merged_as_alt_id,GeneID:110700153
A0A803MVX7,truly_missing,
A0A803MVY1,truly_missing,
A0A803MW05,merged_as_alt_id,GeneID:110700178
A0A803MW09,truly_missing,
A0A803MW13,truly_missing,
A0A803MW19,truly_missing,
A0A803MW22,truly_missing,
A0A803MW40,truly_missing,
A0A803MW46,truly_missing,
A0A803MW61,truly_missing,
A0A803MW63,truly_missing,
A0A803MW70,truly_missing,
A0A803MW78,truly_missing,
A0A803MW89,truly_missing,
A0A803MWA8,truly_missing,
A0A803MWD0,truly_missing,
A0A803MWE7,truly_missing,
A0A803MWH0,truly_missing,
A0A803MWI0,truly_missing,
A0A803MWI4,truly_missing,
A0A803MWI6,truly_missing,
A0A803MWJ0,truly_missing,
A0A803MWJ1,truly_missing,
A0A803MWJ2,truly_missing,
A0A803MWJ3,truly_missing,
A0A803MWK3,truly_missing,
A0A803MWK5,truly_missing,
A0A803MWK9,truly_missing,
A0A803MWL6,truly_missing,
A0A803MWM0,truly_missing,
A0A803MWM2,truly_missing,
A0A803MWM8,truly_missing,
A0A803MWN2,truly_missing,
A0A803MWQ7,truly_missing,
A0A803MWS2,truly_missing,
A0A803MWS3,truly_missing,
A0A803MWT3,truly_missing,
A0A803MWT5,truly_missing,
A0A803MWT7,truly_missing,
A0A803MWT8,truly_missing,
A0A803MWU8,truly_missing,
A0A803MWV4,truly_missing,
A0A803MWV5,truly_missing,
A0A803MWX0,truly_missing,
A0A803MWZ1,merged_as_alt_id,GeneID:110703675
A0A803MWZ3,truly_missing,
A0A803MWZ7,truly_missing,
A0A803MWZ9,truly_missing,
A0A803MX00,truly_missing,
A0A803MX26,truly_missing,
A0A803MX27,truly_missing,
A0A803MX29,truly_missing,
A0A803MX32,truly_missing,
A0A803MX37,truly_missing,
A0A803MX45,truly_missing,
A0A803MX51,truly_missing,
A0A803MX56,truly_missing,
A0A803MX57,truly_missing,
A0A803MX63,truly_missing,
A0A803MX66,truly_missing,
A0A803MX77,truly_missing,
A0A803MX79,truly_missing,
A0A803MX90,truly_missing,
A0A803MXA3,truly_missing,
A0A803MXA4,truly_missing,
A0A803MXA9,truly_missing,
A0A803MXB8,truly_missing,
A0A803MXC2,truly_missing,
A0A803MXC3,truly_missing,
A0A803MXC6,truly_missing,
A0A803MXD0,truly_missing,
A0A803MXE1,truly_missing,
A0A803MXE5,truly_missing,
A0A803MXE7,truly_missing,
A0A803MXH0,truly_missing,
A0A803MXI6,truly_missing,
A0A803MXI7,truly_missing,
A0A803MXJ0,truly_missing,
A0A803MXK1,truly_missing,
A0A803MXK2,truly_missing,
A0A803MXK5,truly_missing,
A0A803MXL5,truly_missing,
A0A803MXL9,truly_missing,
A0A803MXM0,truly_missing,
A0A803MXP6,truly_missing,
A0A803MXQ7,truly_missing,
A0A803MXQ8,truly_missing,
A0A803MXR2,truly_missing,
A0A803MXS0,truly_missing,
A0A803MXS6,truly_missing,
A0A803MXT0,truly_missing,
A0A803MXT9,truly_missing,
A0A803MXW9,truly_missing,
A0A803MXX3,truly_missing,
A0A803MXX4,truly_missing,
A0A803MXX7,truly_missing,
A0A803MXZ0,truly_missing,
A0A803MXZ7,truly_missing,
A0A803MY33,truly_missing,
A0A803MY40,truly_missing,
A0A803MY41,truly_missing,
A0A803MY53,truly_missing,
A0A803MY66,truly_missing,
A0A803MY81,truly_missing,
A0A803MY88,truly_missing,
A0A803MY89,truly_missing,
A0A803MY93,truly_missing,
A0A803MY94,truly_missing,
A0A803MYA1,truly_missing,
A0A803MYC1,truly_missing,
A0A803MYD6,truly_missing,
A0A803MYE1,truly_missing,
A0A803MYE7,truly_missing,
A0A803MYF1,truly_missing,
A0A803MYF7,truly_missing,
A0A803MYH1,truly_missing,
A0A803MYH4,truly_missing,
A0A803MYH6,truly_missing,
A0A803MYI6,truly_missing,
A0A803MYJ8,truly_missing,
A0A803MYK7,truly_missing,
A0A803MYL1,truly_missing,
A0A803MYL5,truly_missing,
A0A803MYM0,truly_missing,
A0A803MYN1,truly_missing,
A0A803MYP0,truly_missing,
A0A803MYP9,truly_missing,
A0A803MYQ1,truly_missing,
A0A803MYQ5,truly_missing,
A0A803MYR1,truly_missing,
A0A803MYR3,truly_missing,
A0A803MYR7,truly_missing,
A0A803MYS8,truly_missing,
A0A803MYS9,truly_missing,
A0A803MYU5,truly_missing,
A0A803MYU9,truly_missing,
A0A803MYV9,truly_missing,
A0A803MYW0,truly_missing,
A0A803MYX3,truly_missing,
A0A803MYX4,truly_missing,
A0A803MZ00,truly_missing,
A0A803MZ02,truly_missing,
A0A803MZ05,truly_missing,
A0A803MZ10,truly_missing,
A0A803MZ21,truly_missing,
A0A803MZ23,truly_missing,
A0A803MZ29,truly_missing,
A0A803MZ34,truly_missing,
A0A803MZ35,truly_missing,
A0A803MZ39,truly_missing,
A0A803MZ43,truly_missing,
A0A803MZ47,truly_missing,
A0A803MZ53,truly_missing,
A0A803MZ55,truly_missing,
A0A803MZ59,truly_missing,
A0A803MZ61,truly_missing,
A0A803MZ74,truly_missing,
A0A803MZ91,truly_missing,
A0A803MZ94,truly_missing,
A0A803MZB1,truly_missing,
A0A803MZB6,truly_missing,
A0A803MZB7,truly_missing,
A0A803MZB9,truly_missing,
A0A803MZD8,truly_missing,
A0A803MZF4,truly_missing,
A0A803MZF9,truly_missing,
A0A803MZG2,truly_missing,
A0A803MZH7,truly_missing,
A0A803MZI5,truly_missing,
A0A803MZI6,truly_missing,
A0A803MZI9,truly_missing,
A0A803MZJ2,truly_missing,
A0A803MZJ8,truly_missing,
A0A803MZK1,truly_missing,
A0A803MZL5,truly_missing,
A0A803MZL9,truly_missing,
A0A803MZM0,truly_missing,
A0A803MZM3,truly_missing,
A0A803MZM4,truly_missing,
A0A803MZM8,truly_missing,
A0A803MZP1,truly_missing,
A0A803MZP7,truly_missing,
A0A803MZP8,truly_missing,
A0A803MZP9,truly_missing,
A0A803MZQ6,truly_missing,
A0A803MZQ9,truly_missing,
A0A803MZR3,truly_missing,
A0A803MZS6,truly_missing,
A0A803MZT7,truly_missing,
A0A803MZU9,truly_missing,
A0A803MZW2,truly_missing,
A0A803MZZ6,truly_missing,
A0A803N000,truly_missing,
A0A803N007,truly_missing,
A0A803N008,truly_missing,
A0A803N011,truly_missing,
A0A803N017,truly_missing,
A0A803N024,truly_missing,
A0A803N025,truly_missing,
A0A803N034,truly_missing,
A0A803N041,truly_missing,
A0A803N044,truly_missing,
A0A803N051,truly_missing,
A0A803N052,truly_missing,
A0A803N056,truly_missing,
A0A803N062,truly_missing,
A0A803N065,truly_missing,
A0A803N067,truly_missing,
A0A803N084,truly_missing,
A0A803N0A7,truly_missing,
A0A803N0C2,truly_missing,
A0A803N0D2,truly_missing,
A0A803N0F4,truly_missing,
A0A803N0G2,truly_missing,
A0A803N0H0,truly_missing,
A0A803N0H3,truly_missing,
A0A803N0H4,truly_missing,
A0A803N0J7,truly_missing,
A0A803N0L0,truly_missing,
A0A803N0L3,truly_missing,
A0A803N0L7,truly_missing,
A0A803N0M3,truly_missing,
A0A803N0P4,truly_missing,
A0A803N0P9,truly_missing,
A0A803N0Q4,truly_missing,
A0A803N0U0,truly_missing,
A0A803N0U2,truly_missing,
A0A803N0V2,truly_missing,
A0A803N0V3,truly_missing,
A0A803N0X1,truly_missing,
A0A803N0X4,truly_missing,
A0A803N0X8,truly_missing,
A0A803N0Z0,truly_missing,
A0A803N106,truly_missing,
A0A803N108,truly_missing,
A0A803N116,truly_missing,
A0A803N122,truly_missing,
A0A803N126,truly_missing,
A0A803N128,truly_missing,
A0A803N137,truly_missing,
A0A803N138,truly_missing,
A0A803N154,truly_missing,
A0A803N156,truly_missing,
A0A803N163,truly_missing,
A0A803N166,truly_missing,
A0A803N171,truly_missing,
A0A803N172,truly_missing,
A0A803N173,truly_missing,
A0A803N174,truly_missing,
A0A803N180,truly_missing,
A0A803N185,truly_missing,
A0A803N1A8,truly_missing,
A0A803N1B4,truly_missing,
A0A803N1D3,truly_missing,
A0A803N1D4,truly_missing,
A0A803N1D7,truly_missing,
A0A803N1E2,truly_missing,
A0A803N1E8,truly_missing,
A0A803N1G1,truly_missing,
A0A803N1G4,truly_missing,
A0A803N1G7,truly_missing,
A0A803N1H5,truly_missing,
A0A803N1I9,truly_missing,
A0A803N1J3,truly_missing,
A0A803N1J7,truly_missing,
A0A803N1L4,truly_missing,
A0A803N1M5,truly_missing,
A0A803N1N9,truly_missing,
A0A803N1Q3,truly_missing,
A0A803N1Q4,truly_missing,
A0A803N1R2,truly_missing,
A0A803N1T2,truly_missing,
A0A803N1U8,truly_missing,
A0A803N1X0,truly_missing,
A0A803N1X7,truly_missing,
A0A803N1Y1,truly_missing,
A0A803N1Y2,truly_missing,
A0A803N1Y9,truly_missing,
A0A803N1Z8,truly_missing,
A0A803N206,truly_missing,
A0A803N216,truly_missing,
A0A803N221,truly_missing,
A0A803N237,truly_missing,
A0A803N255,truly_missing,
A0A803N277,truly_missing,
A0A803N281,truly_missing,
A0A803N2A6,truly_missing,
A0A803N2A7,truly_missing,
A0A803N2C1,truly_missing,
A0A803N2C3,truly_missing,
A0A803N2C8,truly_missing,
A0A803N2D1,truly_missing,
A0A803N2F5,truly_missing,
A0A803N2F9,truly_missing,
A0A803N2G9,truly_missing,
A0A803N2K7,truly_missing,
A0A803N2K9,truly_missing,
A0A803N2L1,truly_missing,
A0A803N2M0,truly_missing,
A0A803N2M6,truly_missing,
A0A803N2M7,truly_missing,
A0A803N2N1,truly_missing,
A0A803N2P0,truly_missing,
A0A803N2P9,truly_missing,
A0A803N2Q2,truly_missing,
A0A803N2Q5,truly_missing,
A0A803N2Q8,truly_missing,
A0A803N2S4,truly_missing,
A0A803N2S6,truly_missing,
A0A803N2T6,truly_missing,
A0A803N2U5,truly_missing,
A0A803N2U8,truly_missing,
A0A803N2V8,truly_missing,
A0A803N2W2,truly_missing,
A0A803N2W3,truly_missing,
A0A803N2W4,truly_missing,
A0A803N2W9,truly_missing,
A0A803N308,truly_missing,
A0A803N314,truly_missing,
A0A803N325,truly_missing,
A0A803N330,truly_missing,
A0A803N332,truly_missing,
A0A803N344,truly_missing,
A0A803N347,truly_missing,
A0A803N348,truly_missing,
A0A803N357,truly_missing,
A0A803N358,truly_missing,
A0A803N360,truly_missing,
A0A803N362,truly_missing,
A0A803N365,truly_missing,
A0A803N369,truly_missing,
A0A803N375,truly_missing,
A0A803N382,truly_missing,
A0A803N390,truly_missing,
A0A803N392,truly_missing,
A0A803N397,truly_missing,
A0A803N3C1,truly_missing,
A0A803N3D0,truly_missing,
A0A803N3D5,truly_missing,
A0A803N3E5,truly_missing,
A0A803N3E6,truly_missing,
A0A803N3E9,truly_missing,
A0A803N3F1,truly_missing,
A0A803N3F7,truly_missing,
A0A803N3G0,truly_missing,
A0A803N3G4,truly_missing,
A0A803N3G6,truly_missing,
A0A803N3G7,truly_missing,
A0A803N3H0,truly_missing,
A0A803N3H2,truly_missing,
A0A803N3H3,truly_missing,
A0A803N3H4,truly_missing,
A0A803N3I1,truly_missing,
A0A803N3J1,truly_missing,
A0A803N3J5,truly_missing,
A0A803N3J7,truly_missing,
A0A803N3K0,truly_missing,
A0A803N3L3,truly_missing,
A0A803N3L6,truly_missing,
A0A803N3L9,truly_missing,
A0A803N3N8,truly_missing,
A0A803N3P5,truly_missing,
A0A803N3P6,truly_missing,
A0A803N3P7,merged_as_alt_id,GeneID:110704653
A0A803N3Q1,truly_missing,
A0A803N3Q2,truly_missing,
A0A803N3R2,merged_as_alt_id,GeneID:110704656
A0A803N3U5,truly_missing,
A0A803N3U6,truly_missing,
A0A803N3V3,truly_missing,
A0A803N3V6,truly_missing,
A0A803N3X5,truly_missing,
A0A803N3X9,truly_missing,
A0A803N3Y1,truly_missing,
A0A803N3Z4,truly_missing,
A0A803N427,truly_missing,
A0A803N438,truly_missing,
A0A803N440,truly_missing,
A0A803N441,truly_missing,
A0A803N447,truly_missing,
A0A803N449,truly_missing,
A0A803N464,truly_missing,
A0A803N474,truly_missing,
A0A803N477,truly_missing,
A0A803N4A1,truly_missing,
A0A803N4A4,truly_missing,
A0A803N4A7,truly_missing,
A0A803N4A9,truly_missing,
A0A803N4B0,truly_missing,
A0A803N4C5,truly_missing,
A0A803N4D3,truly_missing,
A0A803N4D6,truly_missing,
A0A803N4G4,truly_missing,
A0A803N4H7,truly_missing,
A0A803N4I7,truly_missing,
A0A803N4I8,truly_missing,
A0A803N4J1,truly_missing,
A0A803N4J5,truly_missing,
A0A803N4J8,truly_missing,
A0A803N4K0,truly_missing,
A0A803N4L1,truly_missing,
A0A803N4M9,truly_missing,
A0A803N4N0,truly_missing,
A0A803N4N3,truly_missing,
A0A803N4N5,truly_missing,
A0A803N4P7,truly_missing,
A0A803N4P9,truly_missing,
A0A803N4Q6,truly_missing,
A0A803N4Q7,truly_missing,
A0A803N4R2,truly_missing,
A0A803N4R6,truly_missing,
A0A803N4S0,truly_missing,
A0A803N4S4,truly_missing,
A0A803N4W0,truly_missing,
A0A803N4X9,truly_missing,
A0A803N4Y6,truly_missing,
A0A803N4Y7,truly_missing,
A0A803N4Z8,truly_missing,
A0A803N4Z9,truly_missing,
A0A803N514,truly_missing,
A0A803N515,truly_missing,
A0A803N519,truly_missing,
A0A803N522,truly_missing,
A0A803N525,truly_missing,
A0A803N531,truly_missing,
A0A803N532,truly_missing,
A0A803N534,truly_missing,
A0A803N535,truly_missing,
A0A803N539,truly_missing,
A0A803N540,truly_missing,
A0A803N545,truly_missing,
A0A803N546,truly_missing,
A0A803N551,truly_missing,
A0A803N552,truly_missing,
A0A803N564,truly_missing,
A0A803N582,truly_missing,
A0A803N586,truly_missing,
A0A803N594,truly_missing,
A0A803N598,truly_missing,
A0A803N599,truly_missing,
A0A803N5A1,truly_missing,
A0A803N5A2,truly_missing,
A0A803N5A4,truly_missing,
A0A803N5A9,truly_missing,
A0A803N5B1,truly_missing,
A0A803N5C2,truly_missing,
A0A803N5C3,truly_missing,
A0A803N5C4,truly_missing,
A0A803N5C7,truly_missing,
A0A803N5C8,truly_missing,
A0A803N5D1,truly_missing,
A0A803N5D2,truly_missing,
A0A803N5D3,truly_missing,
A0A803N5D6,truly_missing,
A0A803N5F0,truly_missing,
A0A803N5F3,truly_missing,
A0A803N5G5,truly_missing,
A0A803N5I3,truly_missing,
A0A803N5I4,truly_missing,
A0A803N5I9,truly_missing,
A0A803N5J3,truly_missing,
A0A803N5P2,truly_missing,
A0A803N5P9,truly_missing,
A0A803N5R1,truly_missing,
A0A803N5T5,truly_missing,
A0A803N5T6,truly_missing,
A0A803N5U4,truly_missing,
A0A803N5V5,truly_missing,
A0A803N5V8,truly_missing,
A0A803N5W7,truly_missing,
A0A803N5W9,truly_missing,
A0A803N5X4,truly_missing,
A0A803N5Y9,truly_missing,
A0A803N5Z1,truly_missing,
A0A803N5Z3,truly_missing,
A0A803N5Z5,truly_missing,
A0A803N604,truly_missing,
A0A803N617,truly_missing,
A0A803N629,truly_missing,
A0A803N634,truly_missing,
A0A803N648,truly_missing,
A0A803N654,truly_missing,
A0A803N662,truly_missing,
A0A803N678,truly_missing,
A0A803N682,truly_missing,
A0A803N6A2,truly_missing,
A0A803N6B1,truly_missing,
A0A803N6C9,truly_missing,
A0A803N6D1,truly_missing,
A0A803N6D9,truly_missing,
A0A803N6F3,truly_missing,
A0A803N6G6,truly_missing,
A0A803N6H1,truly_missing,
A0A803N6I1,truly_missing,
A0A803N6J7,truly_missing,
A0A803N6J8,truly_missing,
A0A803N6K3,truly_missing,
A0A803N6K8,truly_missing,
A0A803N6K9,truly_missing,
A0A803N6L2,truly_missing,
A0A803N6L3,truly_missing,
A0A803N6N6,truly_missing,
A0A803N6P1,truly_missing,
A0A803N6P3,truly_missing,
A0A803N6P4,truly_missing,
A0A803N6P5,truly_missing,
A0A803N6Q4,truly_missing,
A0A803N6Q5,truly_missing,
A0A803N6Q9,truly_missing,
A0A803N6R3,truly_missing,
A0A803N6S0,truly_missing,
A0A803N6S1,truly_missing,
A0A803N6S3,truly_missing,
A0A803N6U0,truly_missing,
A0A803N6U2,truly_missing,
A0A803N6U9,truly_missing,
A0A803N6V1,truly_missing,
A0A803N6W2,truly_missing,
A0A803N6X2,truly_missing,
A0A803N6Y4,truly_missing,
A0A803N6Z5,truly_missing,
A0A803N6Z7,truly_missing,
A0A803N715,truly_missing,
A0A803N722,truly_missing,
A0A803N744,truly_missing,
A0A803N747,truly_missing,
A0A803N755,truly_missing,
A0A803N758,truly_missing,
A0A803N767,truly_missing,
A0A803N769,truly_missing,
A0A803N7A2,truly_missing,
A0A803N7A7,truly_missing,
A0A803N7B0,truly_missing,
A0A803N7B7,truly_missing,
A0A803N7C9,truly_missing,
A0A803N7D3,truly_missing,
A0A803N7E3,truly_missing,
A0A803N7E5,truly_missing,
A0A803N7G8,truly_missing,
A0A803N7H0,truly_missing,
A0A803N7H3,truly_missing,
A0A803N7H4,truly_missing,
A0A803N7I0,truly_missing,
A0A803N7J5,truly_missing,
A0A803N7K2,truly_missing,
A0A803N7K8,truly_missing,
A0A803N7K9,truly_missing,
A0A803N7L1,truly_missing,
A0A803N7L3,truly_missing,
A0A803N7N5,truly_missing,
A0A803N7N8,truly_missing,
A0A803N7P7,truly_missing,
A0A803N7Q0,truly_missing,
A0A803N7Q2,truly_missing,
A0A803N7Q3,truly_missing,
A0A803N7Q4,truly_missing,
A0A803N7Q5,truly_missing,
A0A803N7Q6,truly_missing,
A0A803N7Q7,truly_missing,
A0A803N7R2,truly_missing,
A0A803N7S4,truly_missing,
A0A803N7T8,truly_missing,
A0A803N7U5,truly_missing,
A0A803N7U6,truly_missing,
A0A803N7V2,truly_missing,
A0A803N7V6,truly_missing,
A0A803N7Z2,truly_missing,
A0A803N7Z3,truly_missing,
A0A803N7Z8,truly_missing,
A0A803N800,truly_missing,
A0A803N814,truly_missing,
A0A803N869,truly_missing,
A0A803N879,truly_missing,
A0A803N881,truly_missing,
A0A803N884,truly_missing,
A0A803N887,truly_missing,
A0A803N888,truly_missing,
A0A803N891,truly_missing,
A0A803N8D7,truly_missing,
A0A803N8D9,truly_missing,
A0A803N8E1,truly_missing,
A0A803N8E2,truly_missing,
A0A803N8F8,truly_missing,
A0A803N8H8,truly_missing,
A0A803N8I0,truly_missing,
A0A803N8I4,truly_missing,
A0A803N8I5,truly_missing,
A0A803N8J3,truly_missing,
A0A803N8L3,truly_missing,
A0A803N8L9,truly_missing,
A0A803N8N6,truly_missing,
A0A803N8N8,truly_missing,
A0A803N8R3,truly_missing,
A0A803N8R7,truly_missing,
A0A803N8S0,truly_missing,
A0A803N8S5,truly_missing,
A0A803N8T4,truly_missing,
A0A803N8T5,truly_missing,
A0A803N8T9,truly_missing,
A0A803N8U0,truly_missing,
A0A803N8V8,truly_missing,
A0A803N8W4,truly_missing,
A0A803N8W5,truly_missing,
A0A803N8Z5,truly_missing,
A0A803N8Z7,truly_missing,
A0A803N900,truly_missing,
A0A803N906,truly_missing,
A0A803N918,truly_missing,
A0A803N922,truly_missing,
A0A803N929,truly_missing,
A0A803N945,truly_missing,
A0A803N949,truly_missing,
A0A803N951,truly_missing,
A0A803N953,truly_missing,
A0A803N955,truly_missing,
A0A803N957,truly_missing,
A0A803N980,truly_missing,
A0A803N983,truly_missing,
A0A803N9A0,truly_missing,
A0A803N9A5,truly_missing,
A0A803N9B8,truly_missing,
A0A803N9F7,truly_missing,
A0A803N9G5,truly_missing,
A0A803N9H3,truly_missing,
A0A803N9I0,truly_missing,
A0A803N9I3,truly_missing,
A0A803N9J1,truly_missing,
A0A803N9J3,truly_missing,
A0A803N9J5,truly_missing,
A0A803N9J8,truly_missing,
A0A803N9L6,truly_missing,
A0A803N9M7,truly_missing,
A0A803N9N8,truly_missing,
A0A803N9P1,truly_missing,
A0A803N9P7,truly_missing,
A0A803N9R8,truly_missing,
A0A803N9S1,truly_missing,
A0A803N9T3,truly_missing,
A0A803N9U2,truly_missing,
A0A803N9U4,truly_missing,
A0A803N9W2,truly_missing,
A0A803N9W3,truly_missing,
A0A803N9W5,truly_missing,
A0A803N9Z2,truly_missing,
A0A803N9Z7,truly_missing,
A0A803N9Z9,truly_missing,
A0A803NA11,truly_missing,
A0A803NA13,truly_missing,
A0A803NA19,truly_missing,
A0A803NA29,truly_missing,
A0A803NA33,truly_missing,
A0A803NA44,truly_missing,
A0A803NA61,truly_missing,
A0A803NA64,truly_missing,
A0A803NA66,truly_missing,
A0A803NA79,truly_missing,
A0A803NA82,truly_missing,
A0A803NA87,truly_missing,
A0A803NA95,truly_missing,
A0A803NAA4,truly_missing,
A0A803NAB1,truly_missing,
A0A803NAD3,truly_missing,
A0A803NAD4,truly_missing,
A0A803NAD5,truly_missing,
A0A803NAD6,truly_missing,
A0A803NAF2,truly_missing,
A0A803NAF9,truly_missing,
A0A803NAG0,truly_missing,
A0A803NAH0,truly_missing,
A0A803NAJ6,truly_missing,
A0A803NAJ8,truly_missing,
A0A803NAK3,truly_missing,
A0A803NAK7,truly_missing,
A0A803NAL8,truly_missing,
A0A803NAM5,truly_missing,
A0A803NAP7,truly_missing,
A0A803NAQ6,truly_missing,
A0A803NAR6,truly_missing,
A0A803NAS0,truly_missing,
A0A803NAT3,truly_missing,
A0A803NAT6,truly_missing,
A0A803NAU7,truly_missing,
A0A803NAV8,truly_missing,
A0A803NAW3,truly_missing,
A0A803NAX2,truly_missing,
A0A803NAX4,truly_missing,
A0A803NAX5,truly_missing,
A0A803NAX7,truly_missing,
A0A803NAZ5,truly_missing,
A0A803NAZ6,truly_missing,
A0A803NAZ7,truly_missing,
A0A803NAZ9,truly_missing,
A0A803NB23,truly_missing,
A0A803NB28,truly_missing,
A0A803NB31,truly_missing,
A0A803NB35,truly_missing,
A0A803NB47,truly_missing,
A0A803NB55,truly_missing,
A0A803NB60,truly_missing,
A0A803NB62,truly_missing,
A0A803NB67,truly_missing,
A0A803NB99,truly_missing,
A0A803NBA8,truly_missing,
A0A803NBB4,truly_missing,
A0A803NBB5,truly_missing,
A0A803NBC5,truly_missing,
A0A803NBD5,truly_missing,
A0A803NBD9,truly_missing,
A0A803NBE5,truly_missing,
A0A803NBF1,truly_missing,
A0A803NBG1,truly_missing,
A0A803NBH0,truly_missing,
A0A803NBH7,truly_missing,
A0A803NBI8,truly_missing,
A0A803NBJ4,truly_missing,
A0A803NBJ8,truly_missing,
A0A803NBK8,truly_missing,
A0A803NBN4,truly_missing,
A0A803NBN5,truly_missing,
A0A803NBN6,truly_missing,
A0A803NBP6,truly_missing,
A0A803NBQ1,truly_missing,
A0A803NBQ5,truly_missing,
A0A803NBR9,truly_missing,
A0A803NBS2,truly_missing,
A0A803NBS3,truly_missing,
A0A803NBS8,truly_missing,
A0A803NBT3,truly_missing,
A0A803NBU6,truly_missing,
A0A803NBW2,truly_missing,
A0A803NBW5,truly_missing,
A0A803NBY5,truly_missing,
A0A803NC01,truly_missing,
A0A803NC02,truly_missing,
A0A803NC04,truly_missing,
A0A803NC14,truly_missing,
A0A803NC18,truly_missing,
A0A803NC34,truly_missing,
A0A803NC39,truly_missing,
A0A803NC51,truly_missing,
A0A803NC52,truly_missing,
A0A803NC67,truly_missing,
A0A803NC85,truly_missing,
A0A803NCA0,truly_missing,
A0A803NCB3,truly_missing,
A0A803NCC0,truly_missing,
A0A803NCC2,truly_missing,
A0A803NCC4,truly_missing,
A0A803NCC6,truly_missing,
A0A803NCC9,truly_missing,
A0A803NCE1,truly_missing,
A0A803NCE2,truly_missing,
A0A803NCE3,truly_missing,
A0A803NCG3,truly_missing,
A0A803NCG5,truly_missing,
A0A803NCG6,truly_missing,
A0A803NCH7,truly_missing,
A0A803NCI7,truly_missing,
A0A803NCI8,truly_missing,
A0A803NCJ2,truly_missing,
A0A803NCN3,truly_missing,
A0A803NCN5,truly_missing,
A0A803NCP1,truly_missing,
A0A803NCP6,truly_missing,
A0A803NCR7,truly_missing,
A0A803NCS0,truly_missing,
A0A803NCT1,truly_missing,
A0A803NCT9,truly_missing,
A0A803NCU1,truly_missing,
A0A803NCU4,truly_missing,
A0A803NCU5,truly_missing,
A0A803NCU6,truly_missing,
A0A803NCU9,truly_missing,
A0A803NCV0,truly_missing,
A0A803NCV2,truly_missing,
A0A803NCV7,truly_missing,
A0A803NCV8,truly_missing,
A0A803NCX2,truly_missing,
A0A803NCY2,truly_missing,
A0A803NCY6,truly_missing,
A0A803NCY8,truly_missing,
A0A803NCZ5,truly_missing,
A0A803ND02,truly_missing,
A0A803ND06,truly_missing,
A0A803ND12,truly_missing,
A0A803ND19,truly_missing,
A0A803ND23,truly_missing,
A0A803ND33,truly_missing,
A0A803ND39,truly_missing,
A0A803ND40,truly_missing,
A0A803ND44,truly_missing,
A0A803ND46,truly_missing,
A0A803ND59,truly_missing,
A0A803ND61,truly_missing,
A0A803ND73,truly_missing,
A0A803ND82,truly_missing,
A0A803ND87,truly_missing,
A0A803ND92,truly_missing,
A0A803ND93,truly_missing,
A0A803NDD7,truly_missing,
A0A803NDE9,truly_missing,
A0A803NDG6,truly_missing,
A0A803NDI0,truly_missing,
A0A803NDJ1,truly_missing,
A0A803NDK1,truly_missing,
A0A803NDM6,truly_missing,
A0A803NDN4,truly_missing,
A0A803NDQ6,truly_missing,
A0A803NDS0,truly_missing,
A0A803NDS7,truly_missing,
A0A803NDT1,truly_missing,
A0A803NDT2,truly_missing,
A0A803NDT3,truly_missing,
A0A803NDV7,truly_missing,
A0A803NDW0,truly_missing,
A0A803NDX1,truly_missing,
A0A803NDX7,truly_missing,
A0A803NDZ6,truly_missing,
A0A803NE02,truly_missing,
A0A803NE05,truly_missing,
A0A803NE10,truly_missing,
A0A803NE18,truly_missing,
A0A803NE19,truly_missing,
A0A803NE21,truly_missing,
A0A803NE35,truly_missing,
A0A803NE47,truly_missing,
A0A803NE57,truly_missing,
A0A803NE61,truly_missing,
A0A803NE62,truly_missing,
A0A803NE63,truly_missing,
A0A803NE71,truly_missing,
A0A803NE74,truly_missing,
A0A803NE84,truly_missing,
A0A803NE87,truly_missing,
A0A803NE88,truly_missing,
A0A803NE89,truly_missing,
A0A803NE98,truly_missing,
A0A803NEC6,truly_missing,
A0A803NEF1,truly_missing,
A0A803NEH3,truly_missing,
A0A803NEH6,truly_missing,
A0A803NEL2,truly_missing,
A0A803NEM5,truly_missing,
A0A803NEN0,truly_missing,
A0A803NEN1,truly_missing,
A0A803NEN2,truly_missing,
A0A803NEQ0,merged_as_alt_id,GeneID:110703983
A0A803NEQ1,truly_missing,
A0A803NEQ8,truly_missing,
A0A803NER2,truly_missing,
A0A803NER5,truly_missing,
A0A803NET0,truly_missing,
A0A803NET1,truly_missing,
A0A803NET4,truly_missing,
A0A803NEU7,truly_missing,
A0A803NEV0,truly_missing,
A0A803NEW2,truly_missing,
A0A803NEW5,truly_missing,
A0A803NEW7,truly_missing,
A0A803NEW9,truly_missing,
A0A803NF05,truly_missing,
A0A803NF08,truly_missing,
A0A803NF10,truly_missing,
A0A803NF12,truly_missing,
A0A803NF20,truly_missing,
A0A803NF22,truly_missing,
A0A803NF24,truly_missing,
A0A803NF27,truly_missing,
A0A803NF44,truly_missing,
A0A803NF52,truly_missing,
A0A803NF58,truly_missing,
A0A810UXT1,merged_as_alt_id,BCM73445.1
A0A810V0M0,truly_missing,
A0A810V284,merged_as_alt_id,BCM73446.1
A0A810V3D6,truly_missing,
A0ACM8RFZ6,merged_as_alt_id,A0A1B2AS12
AOZ20509.1,truly_missing,
AOZ20510.1,truly_missing,
AOZ20518.1,truly_missing,
AOZ20520.1,truly_missing,
AOZ20533.1,truly_missing,
AOZ20538.1,truly_missing,
AOZ20552.1,merged_as_alt_id,QNZ92683.1
AOZ20556.1,truly_missing,
AOZ20559.1,truly_missing,
AOZ20567.1,truly_missing,
AOZ20573.1,merged_as_alt_id,WXH74601.1
AOZ20574.1,truly_missing,
AOZ20576.1,truly_missing,
AOZ20577.1,merged_as_alt_id,WXH74418.1
AOZ20580.1,truly_missing,
AOZ20585.1,truly_missing,
AOZ20586.1,truly_missing,
AUG33528.1,truly_missing,
AUG33556.1,truly_missing,
AUG33557.1,truly_missing,
AUG33562.1,truly_missing,
AUG33577.1,truly_missing,
AUG33589.1,merged_as_alt_id,AUG33605.1
AUG33590.1,merged_as_alt_id,AUG33604.1
AUG33595.1,merged_as_alt_id,WXH74592.1
AUG33598.1,merged_as_alt_id,WXH74421.1
BCM73447.1,truly_missing,
BCM73448.1,truly_missing,
BHP89107.1,truly_missing,
BHP89108.1,truly_missing,
BHP89109.1,truly_missing,
CN781927.1,merged_as_alt_id,CN781928.1
GeneID:110698347,truly_missing,
GeneID:110698348,truly_missing,
GeneID:110698488,merged_as_alt_id,GeneID:110698490
GeneID:110698847,truly_missing,
GeneID:110698931,truly_missing,
GeneID:110699152,truly_missing,
GeneID:110699160,truly_missing,
GeneID:110699161,truly_missing,
GeneID:110699163,truly_missing,
GeneID:110699164,truly_missing,
GeneID:110699165,truly_missing,
GeneID:110699174,truly_missing,
GeneID:110699192,truly_missing,
GeneID:110699193,truly_missing,
GeneID:110699194,truly_missing,
GeneID:110699200,truly_missing,
GeneID:110699201,truly_missing,
GeneID:110699202,truly_missing,
GeneID:110699203,truly_missing,
GeneID:110699207,truly_missing,
GeneID:110699211,truly_missing,
GeneID:110699212,truly_missing,
GeneID:110699214,truly_missing,
GeneID:110699217,truly_missing,
GeneID:110699218,truly_missing,
GeneID:110699220,truly_missing,
GeneID:110699223,truly_missing,
GeneID:110699224,truly_missing,
GeneID:110699229,truly_missing,
GeneID:110699231,truly_missing,
GeneID:110699237,truly_missing,
GeneID:110699238,truly_missing,
GeneID:110699239,truly_missing,
GeneID:110699241,truly_missing,
GeneID:110699242,truly_missing,
GeneID:110699250,truly_missing,
GeneID:110699254,truly_missing,
GeneID:110699261,truly_missing,
GeneID:110699273,truly_missing,
GeneID:110699274,truly_missing,
GeneID:110699276,truly_missing,
GeneID:110699286,truly_missing,
GeneID:110699288,truly_missing,
GeneID:110699289,truly_missing,
GeneID:110699290,truly_missing,
GeneID:110699293,truly_missing,
GeneID:110699294,truly_missing,
GeneID:110699296,truly_missing,
GeneID:110699297,truly_missing,
GeneID:110699298,truly_missing,
GeneID:110699302,truly_missing,
GeneID:110699305,truly_missing,
GeneID:110699307,truly_missing,
GeneID:110699316,truly_missing,
GeneID:110699320,truly_missing,
GeneID:110699326,truly_missing,
GeneID:110699332,truly_missing,
GeneID:110699335,truly_missing,
GeneID:110699343,truly_missing,
GeneID:110699345,truly_missing,
GeneID:110699347,truly_missing,
GeneID:110699350,truly_missing,
GeneID:110699355,truly_missing,
GeneID:110699357,truly_missing,
GeneID:110699358,truly_missing,
GeneID:110699365,truly_missing,
GeneID:110699371,truly_missing,
GeneID:110699372,truly_missing,
GeneID:110699374,truly_missing,
GeneID:110699375,truly_missing,
GeneID:110699376,truly_missing,
GeneID:110699377,truly_missing,
GeneID:110699378,truly_missing,
GeneID:110699379,truly_missing,
GeneID:110699380,truly_missing,
GeneID:110699381,truly_missing,
GeneID:110699382,truly_missing,
GeneID:110699389,truly_missing,
GeneID:110699391,truly_missing,
GeneID:110699392,truly_missing,
GeneID:110699394,truly_missing,
GeneID:110699396,truly_missing,
GeneID:110699397,truly_missing,
GeneID:110699400,truly_missing,
GeneID:110699402,truly_missing,
GeneID:110699408,truly_missing,
GeneID:110699409,truly_missing,
GeneID:110699412,truly_missing,
GeneID:110699418,truly_missing,
GeneID:110699425,truly_missing,
GeneID:110699431,truly_missing,
GeneID:110699432,truly_missing,
GeneID:110699434,truly_missing,
GeneID:110699439,truly_missing,
GeneID:110699442,truly_missing,
GeneID:110699445,truly_missing,
GeneID:110699446,truly_missing,
GeneID:110699447,truly_missing,
GeneID:110699450,truly_missing,
GeneID:110699462,truly_missing,
GeneID:110699463,truly_missing,
GeneID:110699464,truly_missing,
GeneID:110699465,truly_missing,
GeneID:110699466,truly_missing,
GeneID:110699469,truly_missing,
GeneID:110699470,truly_missing,
GeneID:110699480,truly_missing,
GeneID:110699481,truly_missing,
GeneID:110699485,truly_missing,
GeneID:110699487,truly_missing,
GeneID:110699493,truly_missing,
GeneID:110699494,truly_missing,
GeneID:110699500,truly_missing,
GeneID:110699508,truly_missing,
GeneID:110699512,truly_missing,
GeneID:110699513,truly_missing,
GeneID:110699526,truly_missing,
GeneID:110699527,truly_missing,
GeneID:110699532,truly_missing,
GeneID:110699533,truly_missing,
GeneID:110699534,truly_missing,
GeneID:110699535,truly_missing,
GeneID:110699536,truly_missing,
GeneID:110699543,truly_missing,
GeneID:110699546,truly_missing,
GeneID:110699552,truly_missing,
GeneID:110699556,truly_missing,
GeneID:110699557,truly_missing,
GeneID:110699560,truly_missing,
GeneID:110699565,truly_missing,
GeneID:110699567,truly_missing,
GeneID:110699577,truly_missing,
GeneID:110699579,truly_missing,
GeneID:110699582,truly_missing,
GeneID:110699588,truly_missing,
GeneID:110699589,truly_missing,
GeneID:110699590,truly_missing,
GeneID:110699592,truly_missing,
GeneID:110699593,truly_missing,
GeneID:110699599,truly_missing,
GeneID:110699602,truly_missing,
GeneID:110699611,truly_missing,
GeneID:110699614,truly_missing,
GeneID:110699616,truly_missing,
GeneID:110699618,truly_missing,
GeneID:110699619,truly_missing,
GeneID:110699620,truly_missing,
GeneID:110699632,truly_missing,
GeneID:110699633,truly_missing,
GeneID:110699636,truly_missing,
GeneID:110699653,truly_missing,
GeneID:110699655,truly_missing,
GeneID:110699657,truly_missing,
GeneID:110699659,truly_missing,
GeneID:110699664,truly_missing,
GeneID:110699665,truly_missing,
GeneID:110699668,truly_missing,
GeneID:110699681,truly_missing,
GeneID:110699683,truly_missing,
GeneID:110699684,truly_missing,
GeneID:110699686,merged_as_alt_id,GeneID:110701345
GeneID:110699698,truly_missing,
GeneID:110699709,truly_missing,
GeneID:110699710,truly_missing,
GeneID:110699712,truly_missing,
GeneID:110699713,truly_missing,
GeneID:110699714,truly_missing,
GeneID:110699715,truly_missing,
GeneID:110699721,truly_missing,
GeneID:110699722,truly_missing,
GeneID:110699728,truly_missing,
GeneID:110699729,truly_missing,
GeneID:110699730,truly_missing,
GeneID:110699740,truly_missing,
GeneID:110699749,truly_missing,
GeneID:110699750,truly_missing,
GeneID:110699754,truly_missing,
GeneID:110699755,truly_missing,
GeneID:110699757,truly_missing,
GeneID:110699760,truly_missing,
GeneID:110699764,truly_missing,
GeneID:110699770,truly_missing,
GeneID:110699771,truly_missing,
GeneID:110699772,truly_missing,
GeneID:110699776,truly_missing,
GeneID:110699777,truly_missing,
GeneID:110699778,truly_missing,
GeneID:110699779,truly_missing,
GeneID:110699780,truly_missing,
GeneID:110699781,truly_missing,
GeneID:110699782,truly_missing,
GeneID:110699784,truly_missing,
GeneID:110699788,truly_missing,
GeneID:110699789,truly_missing,
GeneID:110699790,truly_missing,
GeneID:110699791,truly_missing,
GeneID:110699793,truly_missing,
GeneID:110699799,truly_missing,
GeneID:110699804,truly_missing,
GeneID:110699807,truly_missing,
GeneID:110699808,truly_missing,
GeneID:110699815,truly_missing,
GeneID:110699819,truly_missing,
GeneID:110699820,truly_missing,
GeneID:110699824,truly_missing,
GeneID:110699826,truly_missing,
GeneID:110699827,truly_missing,
GeneID:110699828,truly_missing,
GeneID:110699829,truly_missing,
GeneID:110699832,truly_missing,
GeneID:110699834,truly_missing,
GeneID:110699835,truly_missing,
GeneID:110699836,truly_missing,
GeneID:110699837,truly_missing,
GeneID:110699838,truly_missing,
GeneID:110699841,merged_as_alt_id,GeneID:110699844
GeneID:110699842,truly_missing,
GeneID:110699845,truly_missing,
GeneID:110699846,truly_missing,
GeneID:110699849,truly_missing,
GeneID:110699851,truly_missing,
GeneID:110699854,truly_missing,
GeneID:110699858,truly_missing,
GeneID:110699859,truly_missing,
GeneID:110699861,truly_missing,
GeneID:110699862,truly_missing,
GeneID:110699863,truly_missing,
GeneID:110699864,truly_missing,
GeneID:110699865,truly_missing,
GeneID:110699872,truly_missing,
GeneID:110699878,truly_missing,
GeneID:110699883,truly_missing,
GeneID:110699886,truly_missing,
GeneID:110699889,truly_missing,
GeneID:110699905,truly_missing,
GeneID:110699909,truly_missing,
GeneID:110699910,truly_missing,
GeneID:110699911,truly_missing,
GeneID:110699915,truly_missing,
GeneID:110699924,truly_missing,
GeneID:110699925,truly_missing,
GeneID:110699926,truly_missing,
GeneID:110699927,truly_missing,
GeneID:110699930,truly_missing,
GeneID:110699937,truly_missing,
GeneID:110699953,truly_missing,
GeneID:110699959,truly_missing,
GeneID:110699961,truly_missing,
GeneID:110699969,truly_missing,
GeneID:110699974,truly_missing,
GeneID:110699975,truly_missing,
GeneID:110699978,truly_missing,
GeneID:110699979,truly_missing,
GeneID:110699980,truly_missing,
GeneID:110699981,truly_missing,
GeneID:110699984,truly_missing,
GeneID:110699988,truly_missing,
GeneID:110699997,truly_missing,
GeneID:110699999,truly_missing,
GeneID:110700000,truly_missing,
GeneID:110700002,truly_missing,
GeneID:110700003,truly_missing,
GeneID:110700004,merged_as_alt_id,GeneID:110700005
GeneID:110700012,truly_missing,
GeneID:110700015,truly_missing,
GeneID:110700016,truly_missing,
GeneID:110700021,truly_missing,
GeneID:110700022,truly_missing,
GeneID:110700028,truly_missing,
GeneID:110700029,truly_missing,
GeneID:110700030,truly_missing,
GeneID:110700033,truly_missing,
GeneID:110700039,truly_missing,
GeneID:110700042,truly_missing,
GeneID:110700043,truly_missing,
GeneID:110700057,truly_missing,
GeneID:110700067,truly_missing,
GeneID:110700069,truly_missing,
GeneID:110700077,truly_missing,
GeneID:110700081,truly_missing,
GeneID:110700082,truly_missing,
GeneID:110700083,truly_missing,
GeneID:110700084,truly_missing,
GeneID:110700086,truly_missing,
GeneID:110700091,truly_missing,
GeneID:110700092,truly_missing,
GeneID:110700103,truly_missing,
GeneID:110700105,truly_missing,
GeneID:110700107,truly_missing,
GeneID:110700108,truly_missing,
GeneID:110700110,truly_missing,
GeneID:110700113,truly_missing,
GeneID:110700117,truly_missing,
GeneID:110700119,truly_missing,
GeneID:110700124,truly_missing,
GeneID:110700127,truly_missing,
GeneID:110700136,truly_missing,
GeneID:110700138,truly_missing,
GeneID:110700141,truly_missing,
GeneID:110700143,truly_missing,
GeneID:110700147,truly_missing,
GeneID:110700149,truly_missing,
GeneID:110700151,truly_missing,
GeneID:110700154,truly_missing,
GeneID:110700164,truly_missing,
GeneID:110700165,truly_missing,
GeneID:110700166,truly_missing,
GeneID:110700174,truly_missing,
GeneID:110700188,truly_missing,
GeneID:110700194,truly_missing,
GeneID:110700198,truly_missing,
GeneID:110700200,truly_missing,
GeneID:110700202,truly_missing,
GeneID:110700210,truly_missing,
GeneID:110700212,truly_missing,
GeneID:110700213,truly_missing,
GeneID:110700214,truly_missing,
GeneID:110700220,truly_missing,
GeneID:110700222,truly_missing,
GeneID:110700228,truly_missing,
GeneID:110700229,truly_missing,
GeneID:110700246,truly_missing,
GeneID:110700250,truly_missing,
GeneID:110700257,truly_missing,
GeneID:110700259,truly_missing,
GeneID:110700261,truly_missing,
GeneID:110700263,truly_missing,
GeneID:110700264,truly_missing,
GeneID:110700279,truly_missing,
GeneID:110700288,truly_missing,
GeneID:110700295,truly_missing,
GeneID:110700296,truly_missing,
GeneID:110700301,truly_missing,
GeneID:110700304,truly_missing,
GeneID:110700305,truly_missing,
GeneID:110700311,truly_missing,
GeneID:110700314,truly_missing,
GeneID:110700318,truly_missing,
GeneID:110700322,truly_missing,
GeneID:110700325,truly_missing,
GeneID:110700326,truly_missing,
GeneID:110700327,truly_missing,
GeneID:110700330,truly_missing,
GeneID:110700332,truly_missing,
GeneID:110700334,truly_missing,
GeneID:110700336,truly_missing,
GeneID:110700345,truly_missing,
GeneID:110700347,truly_missing,
GeneID:110700350,truly_missing,
GeneID:110700354,truly_missing,
GeneID:110700355,truly_missing,
GeneID:110700357,truly_missing,
GeneID:110700358,truly_missing,
GeneID:110700360,truly_missing,
GeneID:110700361,truly_missing,
GeneID:110700362,truly_missing,
GeneID:110700365,truly_missing,
GeneID:110700367,truly_missing,
GeneID:110700368,truly_missing,
GeneID:110700369,truly_missing,
GeneID:110700370,truly_missing,
GeneID:110700376,truly_missing,
GeneID:110700381,truly_missing,
GeneID:110700383,truly_missing,
GeneID:110700388,truly_missing,
GeneID:110700391,truly_missing,
GeneID:110700393,truly_missing,
GeneID:110700394,truly_missing,
GeneID:110700398,truly_missing,
GeneID:110700402,truly_missing,
GeneID:110700404,truly_missing,
GeneID:110700406,truly_missing,
GeneID:110700417,truly_missing,
GeneID:110700418,truly_missing,
GeneID:110700420,truly_missing,
GeneID:110700422,truly_missing,
GeneID:110700423,truly_missing,
GeneID:110700435,truly_missing,
GeneID:110700436,truly_missing,
GeneID:110700437,truly_missing,
GeneID:110700439,truly_missing,
GeneID:110700445,truly_missing,
GeneID:110700446,truly_missing,
GeneID:110700447,truly_missing,
GeneID:110700453,truly_missing,
GeneID:110700457,truly_missing,
GeneID:110700464,truly_missing,
GeneID:110700465,truly_missing,
GeneID:110700467,truly_missing,
GeneID:110700469,truly_missing,
GeneID:110700474,truly_missing,
GeneID:110700475,truly_missing,
GeneID:110700478,truly_missing,
GeneID:110700481,truly_missing,
GeneID:110700484,truly_missing,
GeneID:110700489,truly_missing,
GeneID:110700490,truly_missing,
GeneID:110700491,truly_missing,
GeneID:110700492,truly_missing,
GeneID:110700495,truly_missing,
GeneID:110700504,truly_missing,
GeneID:110700506,truly_missing,
GeneID:110700507,truly_missing,
GeneID:110700510,truly_missing,
GeneID:110700515,truly_missing,
GeneID:110700518,truly_missing,
GeneID:110700520,truly_missing,
GeneID:110700521,truly_missing,
GeneID:110700524,truly_missing,
GeneID:110700525,truly_missing,
GeneID:110700529,truly_missing,
GeneID:110700534,truly_missing,
GeneID:110700535,truly_missing,
GeneID:110700544,truly_missing,
GeneID:110700545,truly_missing,
GeneID:110700546,truly_missing,
GeneID:110700548,truly_missing,
GeneID:110700550,truly_missing,
GeneID:110700552,truly_missing,
GeneID:110700553,truly_missing,
GeneID:110700560,truly_missing,
GeneID:110700561,truly_missing,
GeneID:110700567,truly_missing,
GeneID:110700569,truly_missing,
GeneID:110700570,truly_missing,
GeneID:110700571,truly_missing,
GeneID:110700572,truly_missing,
GeneID:110700574,truly_missing,
GeneID:110700577,truly_missing,
GeneID:110700578,truly_missing,
GeneID:110700584,truly_missing,
GeneID:110700593,truly_missing,
GeneID:110700594,truly_missing,
GeneID:110700596,truly_missing,
GeneID:110700604,truly_missing,
GeneID:110700605,truly_missing,
GeneID:110700608,truly_missing,
GeneID:110700609,truly_missing,
GeneID:110700610,truly_missing,
GeneID:110700615,truly_missing,
GeneID:110700616,truly_missing,
GeneID:110700618,truly_missing,
GeneID:110700628,truly_missing,
GeneID:110700629,truly_missing,
GeneID:110700632,truly_missing,
GeneID:110700633,truly_missing,
GeneID:110700636,truly_missing,
GeneID:110700640,truly_missing,
GeneID:110700644,truly_missing,
GeneID:110700645,truly_missing,
GeneID:110700647,truly_missing,
GeneID:110700650,truly_missing,
GeneID:110700652,truly_missing,
GeneID:110700658,truly_missing,
GeneID:110700661,truly_missing,
GeneID:110700662,truly_missing,
GeneID:110700663,truly_missing,
GeneID:110700669,truly_missing,
GeneID:110700670,truly_missing,
GeneID:110700671,truly_missing,
GeneID:110700672,truly_missing,
GeneID:110700675,truly_missing,
GeneID:110700683,truly_missing,
GeneID:110700688,truly_missing,
GeneID:110700690,truly_missing,
GeneID:110700698,truly_missing,
GeneID:110700699,truly_missing,
GeneID:110700702,truly_missing,
GeneID:110700709,truly_missing,
GeneID:110700711,truly_missing,
GeneID:110700717,truly_missing,
GeneID:110700730,truly_missing,
GeneID:110700732,truly_missing,
GeneID:110700733,truly_missing,
GeneID:110700735,truly_missing,
GeneID:110700736,truly_missing,
GeneID:110700737,truly_missing,
GeneID:110700738,truly_missing,
GeneID:110700744,truly_missing,
GeneID:110700746,truly_missing,
GeneID:110700749,truly_missing,
GeneID:110700753,truly_missing,
GeneID:110700758,truly_missing,
GeneID:110700759,truly_missing,
GeneID:110700760,truly_missing,
GeneID:110700761,truly_missing,
GeneID:110700762,truly_missing,
GeneID:110700763,truly_missing,
GeneID:110700765,truly_missing,
GeneID:110700768,truly_missing,
GeneID:110700769,truly_missing,
GeneID:110700770,truly_missing,
GeneID:110700773,truly_missing,
GeneID:110700774,truly_missing,
GeneID:110700778,truly_missing,
GeneID:110700779,truly_missing,
GeneID:110700781,truly_missing,
GeneID:110700782,truly_missing,
GeneID:110700788,truly_missing,
GeneID:110700793,truly_missing,
GeneID:110700795,truly_missing,
GeneID:110700800,truly_missing,
GeneID:110700801,truly_missing,
GeneID:110700803,truly_missing,
GeneID:110700805,truly_missing,
GeneID:110700808,truly_missing,
GeneID:110700812,truly_missing,
GeneID:110700814,truly_missing,
GeneID:110700815,truly_missing,
GeneID:110700816,truly_missing,
GeneID:110700818,truly_missing,
GeneID:110700819,truly_missing,
GeneID:110700820,truly_missing,
GeneID:110700823,truly_missing,
GeneID:110700825,truly_missing,
GeneID:110700826,truly_missing,
GeneID:110700827,truly_missing,
GeneID:110700829,truly_missing,
GeneID:110700830,truly_missing,
GeneID:110700832,truly_missing,
GeneID:110700834,truly_missing,
GeneID:110700836,truly_missing,
GeneID:110700837,truly_missing,
GeneID:110700838,truly_missing,
GeneID:110700841,truly_missing,
GeneID:110700846,truly_missing,
GeneID:110700848,truly_missing,
GeneID:110700849,truly_missing,
GeneID:110700851,truly_missing,
GeneID:110700852,truly_missing,
GeneID:110700856,truly_missing,
GeneID:110700857,truly_missing,
GeneID:110700858,truly_missing,
GeneID:110700859,truly_missing,
GeneID:110700863,truly_missing,
GeneID:110700864,truly_missing,
GeneID:110700865,truly_missing,
GeneID:110700866,truly_missing,
GeneID:110700868,truly_missing,
GeneID:110700870,truly_missing,
GeneID:110700871,truly_missing,
GeneID:110700872,truly_missing,
GeneID:110700874,truly_missing,
GeneID:110700875,truly_missing,
GeneID:110700878,truly_missing,
GeneID:110700879,truly_missing,
GeneID:110700880,truly_missing,
GeneID:110700881,truly_missing,
GeneID:110700885,truly_missing,
GeneID:110700890,truly_missing,
GeneID:110700891,truly_missing,
GeneID:110700894,truly_missing,
GeneID:110700896,truly_missing,
GeneID:110700897,truly_missing,
GeneID:110700900,truly_missing,
GeneID:110700920,truly_missing,
GeneID:110700923,truly_missing,
GeneID:110700928,truly_missing,
GeneID:110700930,truly_missing,
GeneID:110700931,truly_missing,
GeneID:110700937,truly_missing,
GeneID:110700964,truly_missing,
GeneID:110700965,truly_missing,
GeneID:110700968,truly_missing,
GeneID:110700970,truly_missing,
GeneID:110700971,truly_missing,
GeneID:110700973,truly_missing,
GeneID:110700976,truly_missing,
GeneID:110700979,truly_missing,
GeneID:110700981,truly_missing,
GeneID:110700982,truly_missing,
GeneID:110700987,truly_missing,
GeneID:110700989,truly_missing,
GeneID:110700991,truly_missing,
GeneID:110701000,truly_missing,
GeneID:110701012,truly_missing,
GeneID:110701013,truly_missing,
GeneID:110701014,truly_missing,
GeneID:110701015,truly_missing,
GeneID:110701016,truly_missing,
GeneID:110701017,truly_missing,
GeneID:110701018,truly_missing,
GeneID:110701019,truly_missing,
GeneID:110701021,truly_missing,
GeneID:110701026,truly_missing,
GeneID:110701028,truly_missing,
GeneID:110701029,truly_missing,
GeneID:110701033,truly_missing,
GeneID:110701034,truly_missing,
GeneID:110701037,truly_missing,
GeneID:110701039,truly_missing,
GeneID:110701040,truly_missing,
GeneID:110701041,truly_missing,
GeneID:110701045,truly_missing,
GeneID:110701052,truly_missing,
GeneID:110701053,truly_missing,
GeneID:110701054,truly_missing,
GeneID:110701055,truly_missing,
GeneID:110701059,truly_missing,
GeneID:110701060,truly_missing,
GeneID:110701063,truly_missing,
GeneID:110701064,truly_missing,
GeneID:110701068,truly_missing,
GeneID:110701070,truly_missing,
GeneID:110701073,truly_missing,
GeneID:110701082,truly_missing,
GeneID:110701089,truly_missing,
GeneID:110701093,truly_missing,
GeneID:110701102,truly_missing,
GeneID:110701106,truly_missing,
GeneID:110701108,truly_missing,
GeneID:110701109,truly_missing,
GeneID:110701122,truly_missing,
GeneID:110701123,truly_missing,
GeneID:110701124,truly_missing,
GeneID:110701126,truly_missing,
GeneID:110701129,truly_missing,
GeneID:110701131,truly_missing,
GeneID:110701132,truly_missing,
GeneID:110701134,truly_missing,
GeneID:110701135,truly_missing,
GeneID:110701141,truly_missing,
GeneID:110701145,truly_missing,
GeneID:110701146,merged_as_alt_id,GeneID:110701438
GeneID:110701147,merged_as_alt_id,GeneID:110701153
GeneID:110701148,truly_missing,
GeneID:110701149,truly_missing,
GeneID:110701150,truly_missing,
GeneID:110701152,merged_as_alt_id,GeneID:110701434
GeneID:110701156,truly_missing,
GeneID:110701160,truly_missing,
GeneID:110701162,truly_missing,
GeneID:110701164,truly_missing,
GeneID:110701165,truly_missing,
GeneID:110701166,truly_missing,
GeneID:110701170,truly_missing,
GeneID:110701176,truly_missing,
GeneID:110701177,truly_missing,
GeneID:110701181,truly_missing,
GeneID:110701193,truly_missing,
GeneID:110701201,truly_missing,
GeneID:110701211,truly_missing,
GeneID:110701214,truly_missing,
GeneID:110701215,truly_missing,
GeneID:110701216,truly_missing,
GeneID:110701217,truly_missing,
GeneID:110701219,truly_missing,
GeneID:110701220,truly_missing,
GeneID:110701225,truly_missing,
GeneID:110701226,truly_missing,
GeneID:110701235,truly_missing,
GeneID:110701236,truly_missing,
GeneID:110701238,truly_missing,
GeneID:110701240,truly_missing,
GeneID:110701245,truly_missing,
GeneID:110701252,truly_missing,
GeneID:110701254,truly_missing,
GeneID:110701261,truly_missing,
GeneID:110701263,truly_missing,
GeneID:110701268,truly_missing,
GeneID:110701271,truly_missing,
GeneID:110701275,truly_missing,
GeneID:110701287,truly_missing,
GeneID:110701291,truly_missing,
GeneID:110701298,truly_missing,
GeneID:110701306,truly_missing,
GeneID:110701312,truly_missing,
GeneID:110701316,truly_missing,
GeneID:110701324,truly_missing,
GeneID:110701325,truly_missing,
GeneID:110701326,truly_missing,
GeneID:110701329,truly_missing,
GeneID:110701332,truly_missing,
GeneID:110701337,truly_missing,
GeneID:110701340,truly_missing,
GeneID:110701347,truly_missing,
GeneID:110701348,truly_missing,
GeneID:110701349,truly_missing,
GeneID:110701351,truly_missing,
GeneID:110701352,truly_missing,
GeneID:110701354,truly_missing,
GeneID:110701357,truly_missing,
GeneID:110701358,truly_missing,
GeneID:110701360,truly_missing,
GeneID:110701368,truly_missing,
GeneID:110701373,truly_missing,
GeneID:110701375,truly_missing,
GeneID:110701381,truly_missing,
GeneID:110701387,truly_missing,
GeneID:110701388,truly_missing,
GeneID:110701393,truly_missing,
GeneID:110701394,truly_missing,
GeneID:110701396,truly_missing,
GeneID:110701398,truly_missing,
GeneID:110701407,truly_missing,
GeneID:110701412,truly_missing,
GeneID:110701414,truly_missing,
GeneID:110701415,truly_missing,
GeneID:110701416,truly_missing,
GeneID:110701417,truly_missing,
GeneID:110701420,truly_missing,
GeneID:110701421,truly_missing,
GeneID:110701423,truly_missing,
GeneID:110701424,truly_missing,
GeneID:110701425,truly_missing,
GeneID:110701427,truly_missing,
GeneID:110701431,truly_missing,
GeneID:110701435,truly_missing,
GeneID:110701437,truly_missing,
GeneID:110701440,truly_missing,
GeneID:110701443,truly_missing,
GeneID:110701449,truly_missing,
GeneID:110701450,truly_missing,
GeneID:110701451,truly_missing,
GeneID:110701452,truly_missing,
GeneID:110701453,truly_missing,
GeneID:110701457,truly_missing,
GeneID:110701459,truly_missing,
GeneID:110701461,truly_missing,
GeneID:110701466,truly_missing,
GeneID:110701468,truly_missing,
GeneID:110701471,truly_missing,
GeneID:110701475,truly_missing,
GeneID:110701477,truly_missing,
GeneID:110701480,truly_missing,
GeneID:110701483,truly_missing,
GeneID:110701487,truly_missing,
GeneID:110701488,truly_missing,
GeneID:110701502,truly_missing,
GeneID:110701503,truly_missing,
GeneID:110701504,truly_missing,
GeneID:110701505,truly_missing,
GeneID:110701511,truly_missing,
GeneID:110701512,truly_missing,
GeneID:110701513,truly_missing,
GeneID:110701515,truly_missing,
GeneID:110701517,truly_missing,
GeneID:110701519,truly_missing,
GeneID:110701523,truly_missing,
GeneID:110701524,truly_missing,
GeneID:110701532,truly_missing,
GeneID:110701533,truly_missing,
GeneID:110701535,truly_missing,
GeneID:110701536,truly_missing,
GeneID:110701538,truly_missing,
GeneID:110701540,truly_missing,
GeneID:110701543,truly_missing,
GeneID:110701546,truly_missing,
GeneID:110701547,truly_missing,
GeneID:110701548,truly_missing,
GeneID:110701550,truly_missing,
GeneID:110701553,truly_missing,
GeneID:110701555,truly_missing,
GeneID:110701564,truly_missing,
GeneID:110701565,truly_missing,
GeneID:110701566,truly_missing,
GeneID:110701567,truly_missing,
GeneID:110701570,truly_missing,
GeneID:110701573,truly_missing,
GeneID:110701575,truly_missing,
GeneID:110701576,truly_missing,
GeneID:110701577,truly_missing,
GeneID:110701579,truly_missing,
GeneID:110701585,truly_missing,
GeneID:110701586,truly_missing,
GeneID:110701589,truly_missing,
GeneID:110701590,truly_missing,
GeneID:110701591,truly_missing,
GeneID:110701595,truly_missing,
GeneID:110701601,truly_missing,
GeneID:110701607,truly_missing,
GeneID:110701626,truly_missing,
GeneID:110701627,truly_missing,
GeneID:110701631,truly_missing,
GeneID:110701632,truly_missing,
GeneID:110701645,truly_missing,
GeneID:110701647,truly_missing,
GeneID:110701651,truly_missing,
GeneID:110701652,truly_missing,
GeneID:110701654,truly_missing,
GeneID:110701655,truly_missing,
GeneID:110701656,truly_missing,
GeneID:110701661,truly_missing,
GeneID:110701666,truly_missing,
GeneID:110701667,truly_missing,
GeneID:110701670,truly_missing,
GeneID:110701671,truly_missing,
GeneID:110701673,truly_missing,
GeneID:110701675,truly_missing,
GeneID:110701677,truly_missing,
GeneID:110701683,truly_missing,
GeneID:110701684,truly_missing,
GeneID:110701685,truly_missing,
GeneID:110701688,truly_missing,
GeneID:110701692,truly_missing,
GeneID:110701693,truly_missing,
GeneID:110701696,truly_missing,
GeneID:110701698,truly_missing,
GeneID:110701700,truly_missing,
GeneID:110701704,truly_missing,
GeneID:110701705,truly_missing,
GeneID:110701711,truly_missing,
GeneID:110701715,truly_missing,
GeneID:110701719,truly_missing,
GeneID:110701722,truly_missing,
GeneID:110701728,truly_missing,
GeneID:110701729,truly_missing,
GeneID:110701731,truly_missing,
GeneID:110701732,truly_missing,
GeneID:110701735,truly_missing,
GeneID:110701744,truly_missing,
GeneID:110701748,truly_missing,
GeneID:110701750,truly_missing,
GeneID:110701760,truly_missing,
GeneID:110701777,truly_missing,
GeneID:110701779,truly_missing,
GeneID:110701780,truly_missing,
GeneID:110701781,truly_missing,
GeneID:110701782,truly_missing,
GeneID:110701783,truly_missing,
GeneID:110701787,truly_missing,
GeneID:110701788,truly_missing,
GeneID:110701789,truly_missing,
GeneID:110701790,truly_missing,
GeneID:110701792,truly_missing,
GeneID:110701795,truly_missing,
GeneID:110701796,truly_missing,
GeneID:110701798,truly_missing,
GeneID:110701807,truly_missing,
GeneID:110701810,truly_missing,
GeneID:110701811,truly_missing,
GeneID:110701812,truly_missing,
GeneID:110701813,truly_missing,
GeneID:110701821,truly_missing,
GeneID:110701822,truly_missing,
GeneID:110701823,truly_missing,
GeneID:110701824,truly_missing,
GeneID:110701828,truly_missing,
GeneID:110701836,truly_missing,
GeneID:110701840,truly_missing,
GeneID:110701841,truly_missing,
GeneID:110701843,truly_missing,
GeneID:110701848,truly_missing,
GeneID:110701857,truly_missing,
GeneID:110701859,truly_missing,
GeneID:110701864,truly_missing,
GeneID:110701865,truly_missing,
GeneID:110701866,truly_missing,
GeneID:110701868,truly_missing,
GeneID:110701873,truly_missing,
GeneID:110701875,truly_missing,
GeneID:110701878,truly_missing,
GeneID:110701882,truly_missing,
GeneID:110701891,truly_missing,
GeneID:110701896,truly_missing,
GeneID:110701901,truly_missing,
GeneID:110701903,truly_missing,
GeneID:110701905,truly_missing,
GeneID:110701908,truly_missing,
GeneID:110701911,truly_missing,
GeneID:110701913,truly_missing,
GeneID:110701915,truly_missing,
GeneID:110702039,merged_as_alt_id,GeneID:110710663
GeneID:110702185,merged_as_alt_id,GeneID:110702936
GeneID:110702226,truly_missing,
GeneID:110702237,merged_as_alt_id,GeneID:110703182
GeneID:110702328,truly_missing,
GeneID:110702721,truly_missing,
GeneID:110702724,truly_missing,
GeneID:110702730,truly_missing,
GeneID:110702736,truly_missing,
GeneID:110702737,truly_missing,
GeneID:110702741,truly_missing,
GeneID:110702742,truly_missing,
GeneID:110702744,truly_missing,
GeneID:110703198,merged_as_alt_id,GeneID:110703578
GeneID:110703201,merged_as_alt_id,GeneID:110703582
GeneID:110703706,truly_missing,
GeneID:110703787,truly_missing,
GeneID:110703809,merged_as_alt_id,GeneID:110714082
GeneID:110703810,merged_as_alt_id,GeneID:110714083
GeneID:110704286,truly_missing,
GeneID:110705475,merged_as_alt_id,GeneID:110705647
GeneID:110706029,merged_as_alt_id,GeneID:110716145
GeneID:110706184,merged_as_alt_id,GeneID:110717725
GeneID:110706241,merged_as_alt_id,GeneID:110715762
GeneID:110706862,merged_as_alt_id,GeneID:110709418
GeneID:110707179,merged_as_alt_id,GeneID:110710825
GeneID:110707275,merged_as_alt_id,GeneID:110707276
GeneID:110707393,merged_as_alt_id,GeneID:110712850
GeneID:110707524,merged_as_alt_id,GeneID:110708685
GeneID:110707572,merged_as_alt_id,GeneID:110716622
GeneID:110707897,merged_as_alt_id,GeneID:110707901
GeneID:110707912,merged_as_alt_id,GeneID:110707919
GeneID:110708280,truly_missing,
GeneID:110708787,merged_as_alt_id,GeneID:110708793
GeneID:110708790,merged_as_alt_id,GeneID:110708792
GeneID:110709076,merged_as_alt_id,GeneID:110713688
GeneID:110709320,merged_as_alt_id,GeneID:110709536
GeneID:110709572,truly_missing,
GeneID:110710452,merged_as_alt_id,GeneID:110710453
GeneID:110710608,merged_as_alt_id,GeneID:110717564
GeneID:110710662,merged_as_alt_id,GeneID:110718191
GeneID:110711638,truly_missing,
GeneID:110712307,truly_missing,
GeneID:110712516,truly_missing,
GeneID:110713625,merged_as_alt_id,PA540286.1
GeneID:110714383,truly_missing,
GeneID:110714703,truly_missing,
GeneID:110716028,merged_as_alt_id,GeneID:110716039
GeneID:110716513,merged_as_alt_id,GeneID:110717607
GeneID:110716514,truly_missing,
GeneID:110718335,truly_missing,
GeneID:110718336,truly_missing,
GeneID:110718339,truly_missing,
GeneID:110718342,truly_missing,
GeneID:110718345,truly_missing,
GeneID:32958925,truly_missing,
GeneID:32958927,truly_missing,
GeneID:32958928,truly_missing,
GeneID:32958929,truly_missing,
GeneID:32958930,truly_missing,
GeneID:32958931,truly_missing,
GeneID:32958932,truly_missing,
GeneID:32958933,truly_missing,
GeneID:32958935,truly_missing,
GeneID:32958937,truly_missing,
GeneID:32958940,truly_missing,
GeneID:32958941,truly_missing,
GeneID:32958942,truly_missing,
GeneID:32958946,truly_missing,
GeneID:32958947,truly_missing,
GeneID:32958948,truly_missing,
GeneID:32958949,truly_missing,
GeneID:32958950,truly_missing,
GeneID:32958952,truly_missing,
GeneID:32958953,truly_missing,
GeneID:32958954,truly_missing,
GeneID:32958955,truly_missing,
GeneID:32958956,truly_missing,
GeneID:32958957,truly_missing,
GeneID:32958958,truly_missing,
GeneID:32958959,truly_missing,
GeneID:32958960,truly_missing,
GeneID:32958961,truly_missing,
GeneID:32958962,truly_missing,
GeneID:32958964,truly_missing,
GeneID:32958965,truly_missing,
GeneID:32958966,truly_missing,
GeneID:32958967,truly_missing,
GeneID:32958968,truly_missing,
GeneID:32958969,truly_missing,
GeneID:32958970,truly_missing,
GeneID:32958972,truly_missing,
GeneID:32958973,truly_missing,
GeneID:32958974,truly_missing,
GeneID:32958975,truly_missing,
GeneID:32958976,truly_missing,
GeneID:32958977,truly_missing,
GeneID:32958978,truly_missing,
GeneID:32958979,truly_missing,
GeneID:32958980,truly_missing,
GeneID:32958981,truly_missing,
GeneID:32958982,truly_missing,
GeneID:32958983,truly_missing,
GeneID:32958984,truly_missing,
GeneID:32958987,truly_missing,
GeneID:32958991,truly_missing,
GeneID:32958992,truly_missing,
GeneID:32958995,truly_missing,
GeneID:32958996,truly_missing,
GeneID:32958997,truly_missing,
GeneID:32958998,truly_missing,
GeneID:32958999,truly_missing,
GeneID:32959000,truly_missing,
GeneID:32959001,truly_missing,
GeneID:32959002,truly_missing,
GeneID:32959010,truly_missing,
GeneID:32959011,truly_missing,
GeneID:32959012,truly_missing,
GeneID:32959013,truly_missing,
GeneID:32959015,truly_missing,
GeneID:32959016,truly_missing,
GeneID:32959020,truly_missing,
GeneID:32959021,truly_missing,
GeneID:32959023,truly_missing,
GeneID:32959024,truly_missing,
GeneID:32959026,truly_missing,
GeneID:32959029,truly_missing,
GeneID:32959030,truly_missing,
GeneID:32959031,truly_missing,
GeneID:32959038,truly_missing,
GeneID:32959039,truly_missing,
GeneID:32959046,truly_missing,
GeneID:32959047,truly_missing,
GeneID:32959048,truly_missing,
GeneID:39331929,truly_missing,
GeneID:39331936,truly_missing,
GeneID:39331940,truly_missing,
GeneID:39331941,truly_missing,
GeneID:39331961,truly_missing,
L0P192,merged_as_alt_id,WXH74522.1
MB120064.1,merged_as_alt_id,OG158711.1
MB126317.1,merged_as_alt_id,MQ190599.1
MB126318.1,merged_as_alt_id,MQ190601.1
MB126319.1,merged_as_alt_id,MQ190603.1
MB126320.1,merged_as_alt_id,MQ190605.1
MB126321.1,truly_missing,
MB126322.1,truly_missing,
MB126323.1,merged_as_alt_id,MQ190611.1
MB126324.1,merged_as_alt_id,ON129459.1
MB126326.1,merged_as_alt_id,MQ190582.1
MD388836.1,truly_missing,
MD388837.1,truly_missing,
MD388842.1,truly_missing,
MD388843.1,truly_missing,
MD388844.1,truly_missing,
MD388845.1,truly_missing,
MD388846.1,truly_missing,
MD388847.1,truly_missing,
MD388848.1,truly_missing,
MD388849.1,truly_missing,
MD388850.1,truly_missing,
MD388851.1,truly_missing,
MG755046.1,merged_as_alt_id,MW460262.1
MG755047.1,truly_missing,
MG755048.1,truly_missing,
MG755049.1,truly_missing,
MG755050.1,truly_missing,
MG755051.1,merged_as_alt_id,MG755071.1
MG755052.1,truly_missing,
MG755053.1,truly_missing,
MG755054.1,truly_missing,
MG755055.1,truly_missing,
MG755056.1,truly_missing,
MG755057.1,truly_missing,
MG755058.1,truly_missing,
MG755059.1,merged_as_alt_id,MW460261.1
MG755060.1,truly_missing,
MG755061.1,truly_missing,
MG755062.1,truly_missing,
MG755063.1,truly_missing,
MG755064.1,truly_missing,
MG755065.1,truly_missing,
MG755066.1,truly_missing,
MG755069.1,truly_missing,
MG755070.1,truly_missing,
MG784317.1,merged_as_alt_id,MW460266.1
MG784318.1,truly_missing,
MG784319.1,truly_missing,
MG784320.1,truly_missing,
MG784321.1,truly_missing,
MG784322.1,merged_as_alt_id,MG784341.1
MG784323.1,truly_missing,
MG784324.1,truly_missing,
MG784325.1,truly_missing,
MG784326.1,truly_missing,
MG784327.1,truly_missing,
MG784328.1,truly_missing,
MG784329.1,truly_missing,
MG784330.1,truly_missing,
MG784331.1,truly_missing,
MG784332.1,truly_missing,
MG784333.1,merged_as_alt_id,MG784339.1
MG784334.1,truly_missing,
MG784335.1,truly_missing,
MG784336.1,truly_missing,
MG784337.1,truly_missing,
MG784338.1,truly_missing,
MN862646.1,merged_as_alt_id,MN862652.1
MN862647.1,truly_missing,
MN862648.1,truly_missing,
MN862649.1,truly_missing,
MN862650.1,truly_missing,
MN862651.1,truly_missing,
MN862654.1,merged_as_alt_id,MN862658.1
MN862655.1,merged_as_alt_id,MN862659.1
MQ190594.1,truly_missing,
MQ190596.1,truly_missing,
MQ190613.1,truly_missing,
MW460257.1,truly_missing,
MW460258.1,truly_missing,
MW460259.1,truly_missing,
MW460260.1,truly_missing,
MW460263.1,truly_missing,
MW460264.1,truly_missing,
MW460265.1,truly_missing,
OR248574.1,merged_as_alt_id,OR248577.1
OR248575.1,truly_missing,
OR248576.1,truly_missing,
OR248578.1,merged_as_alt_id,OR248581.1
OR248579.1,truly_missing,
OR248580.1,truly_missing,
OR248583.1,merged_as_alt_id,OR248587.1
OR248584.1,truly_missing,
OR248585.1,merged_as_alt_id,OR248589.1
OR248586.1,truly_missing,
OR248588.1,truly_missing,
OR248590.1,merged_as_alt_id,OR248592.1
OR248591.1,truly_missing,
OR248593.1,merged_as_alt_id,OR248596.1
OR248594.1,truly_missing,
OR248595.1,truly_missing,
OR248597.1,merged_as_alt_id,OR248598.1
OR248601.1,merged_as_alt_id,OR248610.1
OR248602.1,truly_missing,
OR248603.1,truly_missing,
OR248604.1,truly_missing,
OR248605.1,truly_missing,
OR248606.1,truly_missing,
OR248607.1,truly_missing,
OR248608.1,truly_missing,
OR248609.1,truly_missing,
OR248611.1,merged_as_alt_id,OR248620.1
OR248612.1,truly_missing,
OR248613.1,truly_missing,
OR248614.1,truly_missing,
OR248615.1,truly_missing,
OR248616.1,truly_missing,
OR248617.1,truly_missing,
OR248618.1,truly_missing,
OR248619.1,truly_missing,
OR248621.1,merged_as_alt_id,OR248627.1
OR248622.1,truly_missing,
OR248623.1,truly_missing,
OR248624.1,truly_missing,
OR248625.1,truly_missing,
OR248626.1,truly_missing,
OR248628.1,merged_as_alt_id,OR248634.1
OR248629.1,truly_missing,
OR248630.1,truly_missing,
OR248631.1,truly_missing,
OR248632.1,truly_missing,
OR248633.1,truly_missing,
OR248635.1,merged_as_alt_id,OR248643.1
OR248636.1,truly_missing,
OR248637.1,truly_missing,
OR248638.1,truly_missing,
OR248639.1,truly_missing,
OR248640.1,truly_missing,
OR248641.1,truly_missing,
OR248642.1,truly_missing,
OR248644.1,merged_as_alt_id,OR248645.1
PA267570.1,truly_missing,
PA267571.1,truly_missing,
PA267573.1,truly_missing,
PA267574.1,truly_missing,
PA267579.1,truly_missing,
PA267580.1,truly_missing,
PA267581.1,truly_missing,
PA267582.1,truly_missing,
PA267583.1,truly_missing,
PA267584.1,truly_missing,
PQ271592.1,merged_as_alt_id,PQ271606.1
PQ271593.1,truly_missing,
PQ271594.1,truly_missing,
PQ271595.1,truly_missing,
PQ271596.1,truly_missing,
PQ271597.1,truly_missing,
PQ271598.1,truly_missing,
PQ271599.1,truly_missing,
PQ271600.1,truly_missing,
PQ271601.1,truly_missing,
PQ271602.1,truly_missing,
PQ271603.1,truly_missing,
PQ271604.1,truly_missing,
PQ271605.1,truly_missing,
Q06AW1,truly_missing,
Q6Q384,truly_missing,
Q6Q385,truly_missing,
Q8L5T3,truly_missing,
QAR48980.1,merged_as_alt_id,WXH74348.1
QAR48981.1,merged_as_alt_id,WXH74523.1
QAR48989.1,truly_missing,
QAR48991.1,merged_as_alt_id,WXH74359.1
QAR49004.1,merged_as_alt_id,WXH74372.1
QAR49009.1,truly_missing,
QAR49031.1,truly_missing,
QAR49039.1,merged_as_alt_id,WXH74406.1
QAR49045.1,truly_missing,
QAR49047.1,merged_as_alt_id,WXH74417.1
QAR49051.1,truly_missing,
QAR49056.1,truly_missing,
QNZ92669.1,truly_missing,
QNZ92670.1,truly_missing,
QNZ92671.1,truly_missing,
QNZ92672.1,truly_missing,
QNZ92673.1,truly_missing,
QNZ92674.1,truly_missing,
QNZ92675.1,truly_missing,
QNZ92676.1,truly_missing,
QNZ92677.1,truly_missing,
QNZ92678.1,truly_missing,
QNZ92679.1,truly_missing,
QNZ92680.1,truly_missing,
QNZ92681.1,truly_missing,
QNZ92682.1,merged_as_alt_id,WXH74597.1
QNZ92684.1,truly_missing,
QNZ92685.1,truly_missing,
QNZ92686.1,truly_missing,
QNZ92687.1,truly_missing,
QNZ92688.1,truly_missing,
QNZ92689.1,truly_missing,
QNZ92690.1,truly_missing,
QNZ92691.1,truly_missing,
QNZ92692.1,truly_missing,
QNZ92693.1,truly_missing,
QNZ92694.1,truly_missing,
QNZ92695.1,truly_missing,
QNZ92696.1,truly_missing,
QNZ92697.1,truly_missing,
QNZ92698.1,truly_missing,
QNZ92699.1,truly_missing,
QNZ92700.1,truly_missing,
QNZ92701.1,truly_missing,
QNZ92702.1,truly_missing,
QNZ92703.1,truly_missing,
QNZ92704.1,truly_missing,
QNZ92705.1,truly_missing,
QNZ92706.1,truly_missing,
QNZ92707.1,truly_missing,
QNZ92708.1,truly_missing,
QNZ92709.1,truly_missing,
QNZ92710.1,truly_missing,
QNZ92711.1,truly_missing,
QNZ92712.1,truly_missing,
QNZ92713.1,truly_missing,
QNZ92714.1,truly_missing,
QNZ92715.1,truly_missing,
QNZ92716.1,truly_missing,
QNZ92717.1,truly_missing,
QNZ92718.1,truly_missing,
QNZ92719.1,truly_missing,
QNZ92720.1,truly_missing,
QNZ92721.1,truly_missing,
QNZ92722.1,truly_missing,
QNZ92723.1,truly_missing,
QNZ92724.1,truly_missing,
QNZ92725.1,truly_missing,
QNZ92726.1,truly_missing,
QNZ92727.1,truly_missing,
QNZ92728.1,truly_missing,
QNZ92729.1,truly_missing,
QNZ92730.1,truly_missing,
QNZ92731.1,truly_missing,
QNZ92732.1,truly_missing,
QNZ92733.1,truly_missing,
QNZ92734.1,truly_missing,
QNZ92735.1,truly_missing,
QNZ92736.1,truly_missing,
QNZ92737.1,truly_missing,
QNZ92738.1,truly_missing,
QNZ92739.1,truly_missing,
QNZ92740.1,merged_as_alt_id,WXH74524.1
QNZ92741.1,truly_missing,
QNZ92742.1,truly_missing,
QNZ92743.1,truly_missing,
QNZ92744.1,truly_missing,
QNZ92745.1,truly_missing,
QNZ92746.1,truly_missing,
QNZ92747.1,truly_missing,
QNZ92748.1,truly_missing,
QNZ92749.1,truly_missing,
QNZ92750.1,truly_missing,
QNZ92751.1,truly_missing,
QNZ92752.1,truly_missing,
QNZ92753.1,truly_missing,
QNZ92754.1,truly_missing,
QNZ92755.1,truly_missing,
QNZ92756.1,truly_missing,
QOI16634.1,merged_as_alt_id,QOI16640.1
QOI16635.1,truly_missing,
QOI16636.1,truly_missing,
QOI16637.1,truly_missing,
QOI16638.1,truly_missing,
QOI16639.1,truly_missing,
QOI16642.1,merged_as_alt_id,QOI16646.1
QOI16643.1,merged_as_alt_id,QOI16647.1
QOI16645.1,truly_missing,
QPN53680.1,truly_missing,
QPN53681.1,truly_missing,
QPN53682.1,truly_missing,
QPN53683.1,truly_missing,
QPN53684.1,truly_missing,
QPN53686.1,truly_missing,
QPN53687.1,truly_missing,
QPN53688.1,truly_missing,
QPN53689.1,truly_missing,
QPN53690.1,truly_missing,
QPN53691.1,truly_missing,
QPN53692.1,truly_missing,
QPN53693.1,truly_missing,
QPN53694.1,truly_missing,
QPN53695.1,truly_missing,
QPN53696.1,truly_missing,
QPN53697.1,truly_missing,
QPN53698.1,truly_missing,
QPN53699.1,truly_missing,
QPN53700.1,truly_missing,
QPN53701.1,truly_missing,
QPN53702.1,truly_missing,
QPN53703.1,truly_missing,
QPN53704.1,truly_missing,
QPN53705.1,truly_missing,
QPN53706.1,truly_missing,
QPN53707.1,truly_missing,
QPN53708.1,truly_missing,
QPN53709.1,truly_missing,
QPN53710.1,truly_missing,
QPN53711.1,truly_missing,
QPN53712.1,truly_missing,
QPN53713.1,truly_missing,
QPN53714.1,truly_missing,
QPN53715.1,truly_missing,
QPN53716.1,truly_missing,
QPN53717.1,truly_missing,
QPN53718.1,truly_missing,
QPN53719.1,truly_missing,
QPN53720.1,truly_missing,
QPN53721.1,truly_missing,
QPN53722.1,truly_missing,
QPN53723.1,truly_missing,
QPN53724.1,truly_missing,
QPN53725.1,truly_missing,
QPN53726.1,truly_missing,
QPN53727.1,truly_missing,
QPN53728.1,truly_missing,
QPN53729.1,truly_missing,
QPN53730.1,truly_missing,
QPN53731.1,truly_missing,
QPN53732.1,truly_missing,
QPN53733.1,truly_missing,
QPN53734.1,truly_missing,
QPN53735.1,truly_missing,
QPN53736.1,truly_missing,
QPN53737.1,truly_missing,
QPN53738.1,truly_missing,
QPN53739.1,truly_missing,
QPN53740.1,truly_missing,
QPN53741.1,truly_missing,
QPN53742.1,truly_missing,
QPN53743.1,truly_missing,
QPN53744.1,truly_missing,
QPN53745.1,truly_missing,
QPN53746.1,truly_missing,
QPN53747.1,truly_missing,
QPN53749.1,truly_missing,
QPN53750.1,truly_missing,
QPN53751.1,truly_missing,
QPN53752.1,truly_missing,
QPN53753.1,truly_missing,
QPN53754.1,truly_missing,
QPN53755.1,truly_missing,
QPN53756.1,truly_missing,
QPN53757.1,truly_missing,
QPN53759.1,truly_missing,
QPN53760.1,truly_missing,
QPN53761.1,truly_missing,
QPN53762.1,truly_missing,
QPN53763.1,truly_missing,
QV058466.1,merged_as_alt_id,QV058467.1
W5VXM2,truly_missing,
WMY25208.1,truly_missing,
WMY25209.1,truly_missing,
WMY25210.1,truly_missing,
WMY25211.1,truly_missing,
WMY25212.1,truly_missing,
WMY25213.1,truly_missing,
WMY25214.1,truly_missing,
WMY25215.1,truly_missing,
WMY25216.1,truly_missing,
WMY25217.1,truly_missing,
WMY25218.1,truly_missing,
WMY25219.1,truly_missing,
WMY25220.1,truly_missing,
WMY25221.1,truly_missing,
WMY25222.1,truly_missing,
WMY25223.1,truly_missing,
WMY25224.1,truly_missing,
WMY25225.1,truly_missing,
WMY25226.1,truly_missing,
WOJ37982.1,truly_missing,
WOJ37983.1,truly_missing,
WOJ37984.1,truly_missing,
WOW88859.1,truly_missing,
WXH73650.1,truly_missing,
WXH73651.1,truly_missing,
WXH73652.1,truly_missing,
WXH73653.1,truly_missing,
WXH73654.1,truly_missing,
WXH73655.1,truly_missing,
WXH73656.1,truly_missing,
WXH73657.1,truly_missing,
WXH73658.1,truly_missing,
WXH73659.1,truly_missing,
WXH73660.1,truly_missing,
WXH73661.1,truly_missing,
WXH73662.1,truly_missing,
WXH73663.1,truly_missing,
WXH73664.1,truly_missing,
WXH73665.1,truly_missing,
WXH73666.1,truly_missing,
WXH73667.1,truly_missing,
WXH73668.1,truly_missing,
WXH73669.1,truly_missing,
WXH73670.1,truly_missing,
WXH73671.1,truly_missing,
WXH73672.1,truly_missing,
WXH73673.1,truly_missing,
WXH73674.1,truly_missing,
WXH73675.1,truly_missing,
WXH73676.1,truly_missing,
WXH73677.1,truly_missing,
WXH73678.1,truly_missing,
WXH73679.1,truly_missing,
WXH73680.1,truly_missing,
WXH73681.1,truly_missing,
WXH73682.1,truly_missing,
WXH73683.1,truly_missing,
WXH73684.1,truly_missing,
WXH73685.1,truly_missing,
WXH73686.1,truly_missing,
WXH73687.1,truly_missing,
WXH73688.1,truly_missing,
WXH73689.1,truly_missing,
WXH73690.1,truly_missing,
WXH73691.1,truly_missing,
WXH73692.1,truly_missing,
WXH73693.1,truly_missing,
WXH73694.1,truly_missing,
WXH73695.1,merged_as_alt_id,WXH74565.1
WXH73696.1,truly_missing,
WXH73697.1,truly_missing,
WXH73698.1,truly_missing,
WXH73699.1,truly_missing,
WXH73700.1,truly_missing,
WXH73701.1,truly_missing,
WXH73702.1,truly_missing,
WXH73703.1,truly_missing,
WXH73704.1,truly_missing,
WXH73705.1,truly_missing,
WXH73706.1,truly_missing,
WXH73707.1,truly_missing,
WXH73709.1,truly_missing,
WXH73710.1,truly_missing,
WXH73711.1,truly_missing,
WXH73712.1,truly_missing,
WXH73713.1,truly_missing,
WXH73714.1,truly_missing,
WXH73715.1,merged_as_alt_id,WXH74603.1
WXH73716.1,truly_missing,
WXH73717.1,truly_missing,
WXH73718.1,truly_missing,
WXH73719.1,truly_missing,
WXH73720.1,truly_missing,
WXH73721.1,truly_missing,
WXH73722.1,truly_missing,
WXH73723.1,truly_missing,
WXH73724.1,truly_missing,
WXH73725.1,truly_missing,
WXH73726.1,truly_missing,
WXH73727.1,truly_missing,
WXH73728.1,truly_missing,
WXH73729.1,truly_missing,
WXH73730.1,truly_missing,
WXH73731.1,truly_missing,
WXH73732.1,truly_missing,
WXH73733.1,truly_missing,
WXH73734.1,truly_missing,
WXH73735.1,truly_missing,
WXH73736.1,truly_missing,
WXH73737.1,truly_missing,
WXH73738.1,truly_missing,
WXH73739.1,truly_missing,
WXH73740.1,truly_missing,
WXH73741.1,truly_missing,
WXH73742.1,truly_missing,
WXH73743.1,truly_missing,
WXH73744.1,truly_missing,
WXH73745.1,truly_missing,
WXH73746.1,truly_missing,
WXH73747.1,truly_missing,
WXH73748.1,truly_missing,
WXH73749.1,truly_missing,
WXH73750.1,truly_missing,
WXH73751.1,truly_missing,
WXH73752.1,truly_missing,
WXH73753.1,truly_missing,
WXH73754.1,truly_missing,
WXH73755.1,truly_missing,
WXH73756.1,truly_missing,
WXH73757.1,truly_missing,
WXH73758.1,truly_missing,
WXH73759.1,truly_missing,
WXH73760.1,truly_missing,
WXH73761.1,truly_missing,
WXH73762.1,truly_missing,
WXH73763.1,truly_missing,
WXH73764.1,truly_missing,
WXH73765.1,truly_missing,
WXH73766.1,truly_missing,
WXH73767.1,truly_missing,
WXH73768.1,truly_missing,
WXH73769.1,truly_missing,
WXH73770.1,truly_missing,
WXH73771.1,truly_missing,
WXH73772.1,truly_missing,
WXH73773.1,truly_missing,
WXH73774.1,truly_missing,
WXH73775.1,truly_missing,
WXH73776.1,truly_missing,
WXH73777.1,truly_missing,
WXH73778.1,truly_missing,
WXH73779.1,truly_missing,
WXH73780.1,truly_missing,
WXH73781.1,truly_missing,
WXH73782.1,truly_missing,
WXH73783.1,truly_missing,
WXH73784.1,truly_missing,
WXH73785.1,truly_missing,
WXH73786.1,truly_missing,
WXH73787.1,truly_missing,
WXH73788.1,truly_missing,
WXH73789.1,truly_missing,
WXH73790.1,truly_missing,
WXH73791.1,truly_missing,
WXH73792.1,truly_missing,
WXH73793.1,truly_missing,
WXH73794.1,truly_missing,
WXH73795.1,truly_missing,
WXH73796.1,truly_missing,
WXH73797.1,truly_missing,
WXH73798.1,truly_missing,
WXH73799.1,truly_missing,
WXH73800.1,truly_missing,
WXH73801.1,truly_missing,
WXH73802.1,truly_missing,
WXH73803.1,truly_missing,
WXH73804.1,truly_missing,
WXH73805.1,truly_missing,
WXH73806.1,truly_missing,
WXH73807.1,truly_missing,
WXH73808.1,truly_missing,
WXH73809.1,truly_missing,
WXH73810.1,truly_missing,
WXH73811.1,truly_missing,
WXH73812.1,truly_missing,
WXH73813.1,truly_missing,
WXH73814.1,truly_missing,
WXH73815.1,truly_missing,
WXH73816.1,truly_missing,
WXH73817.1,truly_missing,
WXH73818.1,truly_missing,
WXH73819.1,truly_missing,
WXH73820.1,truly_missing,
WXH73821.1,truly_missing,
WXH73822.1,truly_missing,
WXH73823.1,truly_missing,
WXH73824.1,truly_missing,
WXH73825.1,truly_missing,
WXH73826.1,truly_missing,
WXH73827.1,truly_missing,
WXH73828.1,truly_missing,
WXH73829.1,truly_missing,
WXH73830.1,truly_missing,
WXH73831.1,truly_missing,
WXH73832.1,truly_missing,
WXH73833.1,truly_missing,
WXH73834.1,truly_missing,
WXH73835.1,truly_missing,
WXH73836.1,truly_missing,
WXH73837.1,truly_missing,
WXH73838.1,truly_missing,
WXH73839.1,truly_missing,
WXH73840.1,truly_missing,
WXH73841.1,truly_missing,
WXH73842.1,truly_missing,
WXH73843.1,truly_missing,
WXH73844.1,truly_missing,
WXH73845.1,truly_missing,
WXH73846.1,truly_missing,
WXH73847.1,truly_missing,
WXH73848.1,truly_missing,
WXH73849.1,truly_missing,
WXH73850.1,truly_missing,
WXH73851.1,truly_missing,
WXH73852.1,truly_missing,
WXH73853.1,truly_missing,
WXH73854.1,truly_missing,
WXH73855.1,truly_missing,
WXH73856.1,merged_as_alt_id,WXH74378.1
WXH73857.1,truly_missing,
WXH73858.1,truly_missing,
WXH73859.1,truly_missing,
WXH73860.1,truly_missing,
WXH73861.1,truly_missing,
WXH73862.1,truly_missing,
WXH73863.1,truly_missing,
WXH73864.1,truly_missing,
WXH73865.1,truly_missing,
WXH73866.1,truly_missing,
WXH73867.1,truly_missing,
WXH73868.1,truly_missing,
WXH73869.1,truly_missing,
WXH73870.1,truly_missing,
WXH73871.1,truly_missing,
WXH73872.1,truly_missing,
WXH73873.1,truly_missing,
WXH73874.1,truly_missing,
WXH73875.1,truly_missing,
WXH73876.1,truly_missing,
WXH73877.1,truly_missing,
WXH73878.1,truly_missing,
WXH73879.1,truly_missing,
WXH73880.1,truly_missing,
WXH73881.1,truly_missing,
WXH73882.1,truly_missing,
WXH73883.1,truly_missing,
WXH73884.1,truly_missing,
WXH73885.1,truly_missing,
WXH73886.1,truly_missing,
WXH73887.1,truly_missing,
WXH73888.1,truly_missing,
WXH73889.1,truly_missing,
WXH73890.1,truly_missing,
WXH73891.1,truly_missing,
WXH73892.1,truly_missing,
WXH73893.1,truly_missing,
WXH73894.1,truly_missing,
WXH73895.1,truly_missing,
WXH73896.1,truly_missing,
WXH73897.1,truly_missing,
WXH73898.1,truly_missing,
WXH73899.1,truly_missing,
WXH73900.1,truly_missing,
WXH73901.1,truly_missing,
WXH73902.1,truly_missing,
WXH73903.1,truly_missing,
WXH73904.1,truly_missing,
WXH73905.1,truly_missing,
WXH73906.1,truly_missing,
WXH73907.1,truly_missing,
WXH73908.1,truly_missing,
WXH73909.1,truly_missing,
WXH73910.1,truly_missing,
WXH73911.1,truly_missing,
WXH73912.1,truly_missing,
WXH73914.1,truly_missing,
WXH73915.1,truly_missing,
WXH73916.1,truly_missing,
WXH73917.1,truly_missing,
WXH73918.1,truly_missing,
WXH73919.1,truly_missing,
WXH73920.1,truly_missing,
WXH73921.1,truly_missing,
WXH73922.1,truly_missing,
WXH73923.1,truly_missing,
WXH73925.1,truly_missing,
WXH73926.1,truly_missing,
WXH73927.1,truly_missing,
WXH73928.1,truly_missing,
WXH73929.1,truly_missing,
WXH73931.1,truly_missing,
WXH73932.1,truly_missing,
WXH73933.1,truly_missing,
WXH73934.1,truly_missing,
WXH73935.1,truly_missing,
WXH73936.1,truly_missing,
WXH73937.1,truly_missing,
WXH73938.1,truly_missing,
WXH73940.1,truly_missing,
WXH73941.1,truly_missing,
WXH73942.1,truly_missing,
WXH73943.1,truly_missing,
WXH73944.1,truly_missing,
WXH73945.1,truly_missing,
WXH73946.1,truly_missing,
WXH73947.1,truly_missing,
WXH73948.1,truly_missing,
WXH73949.1,truly_missing,
WXH73950.1,truly_missing,
WXH73951.1,truly_missing,
WXH73953.1,truly_missing,
WXH73954.1,truly_missing,
WXH73955.1,truly_missing,
WXH73956.1,truly_missing,
WXH73957.1,truly_missing,
WXH73958.1,truly_missing,
WXH73959.1,truly_missing,
WXH73960.1,truly_missing,
WXH73961.1,truly_missing,
WXH73962.1,truly_missing,
WXH73963.1,truly_missing,
WXH73964.1,truly_missing,
WXH73965.1,truly_missing,
WXH73966.1,truly_missing,
WXH73967.1,truly_missing,
WXH73968.1,truly_missing,
WXH73969.1,truly_missing,
WXH73970.1,truly_missing,
WXH73971.1,truly_missing,
WXH73972.1,truly_missing,
WXH73973.1,truly_missing,
WXH73974.1,truly_missing,
WXH73975.1,truly_missing,
WXH73976.1,truly_missing,
WXH73977.1,truly_missing,
WXH73978.1,truly_missing,
WXH73979.1,truly_missing,
WXH73980.1,truly_missing,
WXH73981.1,truly_missing,
WXH73982.1,truly_missing,
WXH73983.1,truly_missing,
WXH73984.1,truly_missing,
WXH73985.1,truly_missing,
WXH73986.1,truly_missing,
WXH73987.1,truly_missing,
WXH73989.1,truly_missing,
WXH73990.1,truly_missing,
WXH73991.1,truly_missing,
WXH73992.1,truly_missing,
WXH73993.1,truly_missing,
WXH73994.1,truly_missing,
WXH73995.1,truly_missing,
WXH73996.1,truly_missing,
WXH73997.1,truly_missing,
WXH73998.1,truly_missing,
WXH73999.1,truly_missing,
WXH74000.1,truly_missing,
WXH74001.1,truly_missing,
WXH74002.1,truly_missing,
WXH74003.1,truly_missing,
WXH74004.1,truly_missing,
WXH74005.1,truly_missing,
WXH74006.1,truly_missing,
WXH74007.1,truly_missing,
WXH74008.1,truly_missing,
WXH74009.1,truly_missing,
WXH74010.1,truly_missing,
WXH74011.1,truly_missing,
WXH74012.1,truly_missing,
WXH74013.1,truly_missing,
WXH74014.1,truly_missing,
WXH74015.1,truly_missing,
WXH74016.1,truly_missing,
WXH74017.1,truly_missing,
WXH74018.1,truly_missing,
WXH74019.1,truly_missing,
WXH74020.1,truly_missing,
WXH74021.1,truly_missing,
WXH74022.1,truly_missing,
WXH74023.1,truly_missing,
WXH74024.1,truly_missing,
WXH74025.1,truly_missing,
WXH74026.1,truly_missing,
WXH74027.1,truly_missing,
WXH74028.1,truly_missing,
WXH74029.1,truly_missing,
WXH74030.1,truly_missing,
WXH74031.1,truly_missing,
WXH74032.1,truly_missing,
WXH74033.1,truly_missing,
WXH74034.1,truly_missing,
WXH74035.1,truly_missing,
WXH74036.1,truly_missing,
WXH74037.1,truly_missing,
WXH74038.1,truly_missing,
WXH74039.1,truly_missing,
WXH74040.1,truly_missing,
WXH74041.1,truly_missing,
WXH74042.1,truly_missing,
WXH74043.1,truly_missing,
WXH74044.1,truly_missing,
WXH74045.1,truly_missing,
WXH74046.1,truly_missing,
WXH74047.1,truly_missing,
WXH74048.1,truly_missing,
WXH74049.1,truly_missing,
WXH74050.1,truly_missing,
WXH74051.1,truly_missing,
WXH74052.1,truly_missing,
WXH74053.1,truly_missing,
WXH74054.1,truly_missing,
WXH74055.1,truly_missing,
WXH74056.1,truly_missing,
WXH74057.1,truly_missing,
WXH74058.1,truly_missing,
WXH74059.1,truly_missing,
WXH74060.1,truly_missing,
WXH74061.1,truly_missing,
WXH74062.1,truly_missing,
WXH74063.1,truly_missing,
WXH74064.1,truly_missing,
WXH74065.1,truly_missing,
WXH74066.1,truly_missing,
WXH74067.1,truly_missing,
WXH74068.1,truly_missing,
WXH74069.1,truly_missing,
WXH74070.1,truly_missing,
WXH74071.1,truly_missing,
WXH74072.1,truly_missing,
WXH74073.1,truly_missing,
WXH74074.1,truly_missing,
WXH74075.1,truly_missing,
WXH74076.1,truly_missing,
WXH74077.1,truly_missing,
WXH74078.1,truly_missing,
WXH74079.1,truly_missing,
WXH74080.1,truly_missing,
WXH74081.1,truly_missing,
WXH74082.1,truly_missing,
WXH74083.1,truly_missing,
WXH74084.1,truly_missing,
WXH74085.1,truly_missing,
WXH74086.1,truly_missing,
WXH74087.1,truly_missing,
WXH74088.1,truly_missing,
WXH74089.1,truly_missing,
WXH74090.1,truly_missing,
WXH74091.1,truly_missing,
WXH74092.1,truly_missing,
WXH74093.1,truly_missing,
WXH74094.1,truly_missing,
WXH74095.1,truly_missing,
WXH74096.1,truly_missing,
WXH74097.1,truly_missing,
WXH74098.1,truly_missing,
WXH74099.1,truly_missing,
WXH74100.1,truly_missing,
WXH74101.1,truly_missing,
WXH74102.1,truly_missing,
WXH74103.1,truly_missing,
WXH74104.1,truly_missing,
WXH74105.1,truly_missing,
WXH74106.1,truly_missing,
WXH74107.1,truly_missing,
WXH74108.1,truly_missing,
WXH74109.1,truly_missing,
WXH74110.1,truly_missing,
WXH74111.1,truly_missing,
WXH74112.1,truly_missing,
WXH74113.1,truly_missing,
WXH74114.1,truly_missing,
WXH74115.1,truly_missing,
WXH74116.1,truly_missing,
WXH74117.1,truly_missing,
WXH74118.1,truly_missing,
WXH74119.1,truly_missing,
WXH74120.1,truly_missing,
WXH74121.1,truly_missing,
WXH74122.1,truly_missing,
WXH74123.1,truly_missing,
WXH74124.1,truly_missing,
WXH74125.1,truly_missing,
WXH74126.1,truly_missing,
WXH74127.1,truly_missing,
WXH74128.1,truly_missing,
WXH74129.1,truly_missing,
WXH74130.1,truly_missing,
WXH74131.1,truly_missing,
WXH74132.1,truly_missing,
WXH74133.1,truly_missing,
WXH74134.1,truly_missing,
WXH74135.1,truly_missing,
WXH74136.1,truly_missing,
WXH74137.1,truly_missing,
WXH74138.1,truly_missing,
WXH74139.1,truly_missing,
WXH74140.1,truly_missing,
WXH74141.1,truly_missing,
WXH74142.1,truly_missing,
WXH74143.1,truly_missing,
WXH74144.1,truly_missing,
WXH74145.1,truly_missing,
WXH74146.1,truly_missing,
WXH74147.1,truly_missing,
WXH74148.1,truly_missing,
WXH74149.1,truly_missing,
WXH74150.1,truly_missing,
WXH74151.1,truly_missing,
WXH74152.1,truly_missing,
WXH74153.1,truly_missing,
WXH74154.1,truly_missing,
WXH74155.1,truly_missing,
WXH74156.1,truly_missing,
WXH74157.1,truly_missing,
WXH74158.1,truly_missing,
WXH74159.1,truly_missing,
WXH74160.1,truly_missing,
WXH74161.1,truly_missing,
WXH74162.1,truly_missing,
WXH74163.1,truly_missing,
WXH74164.1,truly_missing,
WXH74165.1,truly_missing,
WXH74166.1,truly_missing,
WXH74167.1,truly_missing,
WXH74168.1,truly_missing,
WXH74169.1,truly_missing,
WXH74170.1,truly_missing,
WXH74171.1,truly_missing,
WXH74172.1,truly_missing,
WXH74173.1,truly_missing,
WXH74174.1,truly_missing,
WXH74175.1,truly_missing,
WXH74176.1,truly_missing,
WXH74177.1,truly_missing,
WXH74178.1,truly_missing,
WXH74179.1,truly_missing,
WXH74180.1,truly_missing,
WXH74181.1,truly_missing,
WXH74182.1,truly_missing,
WXH74183.1,truly_missing,
WXH74184.1,truly_missing,
WXH74185.1,truly_missing,
WXH74186.1,truly_missing,
WXH74187.1,truly_missing,
WXH74188.1,truly_missing,
WXH74189.1,truly_missing,
WXH74190.1,truly_missing,
WXH74191.1,truly_missing,
WXH74192.1,truly_missing,
WXH74193.1,truly_missing,
WXH74194.1,truly_missing,
WXH74195.1,truly_missing,
WXH74196.1,truly_missing,
WXH74197.1,truly_missing,
WXH74198.1,truly_missing,
WXH74199.1,truly_missing,
WXH74200.1,truly_missing,
WXH74201.1,truly_missing,
WXH74202.1,truly_missing,
WXH74203.1,truly_missing,
WXH74204.1,truly_missing,
WXH74205.1,truly_missing,
WXH74206.1,truly_missing,
WXH74207.1,truly_missing,
WXH74208.1,truly_missing,
WXH74209.1,truly_missing,
WXH74210.1,truly_missing,
WXH74211.1,truly_missing,
WXH74212.1,truly_missing,
WXH74213.1,truly_missing,
WXH74214.1,truly_missing,
WXH74215.1,truly_missing,
WXH74216.1,truly_missing,
WXH74217.1,truly_missing,
WXH74218.1,truly_missing,
WXH74219.1,truly_missing,
WXH74220.1,truly_missing,
WXH74221.1,truly_missing,
WXH74222.1,truly_missing,
WXH74223.1,truly_missing,
WXH74224.1,truly_missing,
WXH74225.1,truly_missing,
WXH74226.1,truly_missing,
WXH74227.1,truly_missing,
WXH74228.1,truly_missing,
WXH74229.1,truly_missing,
WXH74230.1,truly_missing,
WXH74231.1,truly_missing,
WXH74232.1,truly_missing,
WXH74233.1,truly_missing,
WXH74234.1,truly_missing,
WXH74235.1,truly_missing,
WXH74236.1,truly_missing,
WXH74237.1,truly_missing,
WXH74238.1,truly_missing,
WXH74239.1,truly_missing,
WXH74240.1,truly_missing,
WXH74241.1,truly_missing,
WXH74242.1,truly_missing,
WXH74243.1,truly_missing,
WXH74244.1,truly_missing,
WXH74245.1,truly_missing,
WXH74246.1,truly_missing,
WXH74247.1,truly_missing,
WXH74248.1,truly_missing,
WXH74249.1,truly_missing,
WXH74250.1,truly_missing,
WXH74251.1,truly_missing,
WXH74252.1,truly_missing,
WXH74253.1,truly_missing,
WXH74254.1,truly_missing,
WXH74255.1,truly_missing,
WXH74256.1,truly_missing,
WXH74257.1,truly_missing,
WXH74258.1,truly_missing,
WXH74259.1,truly_missing,
WXH74260.1,truly_missing,
WXH74261.1,truly_missing,
WXH74262.1,truly_missing,
WXH74263.1,truly_missing,
WXH74264.1,truly_missing,
WXH74265.1,truly_missing,
WXH74266.1,truly_missing,
WXH74267.1,truly_missing,
WXH74268.1,truly_missing,
WXH74269.1,truly_missing,
WXH74270.1,truly_missing,
WXH74271.1,truly_missing,
WXH74272.1,truly_missing,
WXH74273.1,truly_missing,
WXH74274.1,truly_missing,
WXH74275.1,truly_missing,
WXH74276.1,truly_missing,
WXH74277.1,truly_missing,
WXH74278.1,truly_missing,
WXH74279.1,truly_missing,
WXH74280.1,truly_missing,
WXH74281.1,truly_missing,
WXH74282.1,truly_missing,
WXH74283.1,truly_missing,
WXH74284.1,truly_missing,
WXH74285.1,truly_missing,
WXH74286.1,truly_missing,
WXH74287.1,truly_missing,
WXH74288.1,truly_missing,
WXH74289.1,truly_missing,
WXH74290.1,truly_missing,
WXH74291.1,truly_missing,
WXH74292.1,truly_missing,
WXH74293.1,truly_missing,
WXH74294.1,truly_missing,
WXH74295.1,truly_missing,
WXH74296.1,truly_missing,
WXH74297.1,truly_missing,
WXH74298.1,truly_missing,
WXH74299.1,truly_missing,
WXH74300.1,truly_missing,
WXH74301.1,truly_missing,
WXH74302.1,truly_missing,
WXH74303.1,truly_missing,
WXH74304.1,truly_missing,
WXH74305.1,truly_missing,
WXH74306.1,truly_missing,
WXH74307.1,truly_missing,
WXH74308.1,truly_missing,
WXH74309.1,truly_missing,
WXH74310.1,truly_missing,
WXH74311.1,truly_missing,
WXH74312.1,truly_missing,
WXH74313.1,truly_missing,
WXH74314.1,truly_missing,
WXH74315.1,truly_missing,
WXH74316.1,truly_missing,
WXH74317.1,truly_missing,
WXH74318.1,truly_missing,
WXH74319.1,truly_missing,
WXH74320.1,truly_missing,
WXH74321.1,truly_missing,
WXH74322.1,truly_missing,
WXH74323.1,truly_missing,
WXH74324.1,truly_missing,
WXH74325.1,truly_missing,
WXH74326.1,merged_as_alt_id,WXH74340.1
WXH74327.1,truly_missing,
WXH74328.1,truly_missing,
WXH74329.1,truly_missing,
WXH74330.1,truly_missing,
WXH74331.1,truly_missing,
WXH74332.1,truly_missing,
WXH74333.1,truly_missing,
WXH74334.1,truly_missing,
WXH74335.1,truly_missing,
WXH74336.1,truly_missing,
WXH74337.1,truly_missing,
WXH74338.1,truly_missing,
WXH74339.1,truly_missing,
WXH74341.1,truly_missing,
WXH74342.1,truly_missing,
WXH74343.1,truly_missing,
WXH74344.1,truly_missing,
WXH74345.1,truly_missing,
WXH74346.1,truly_missing,
WXH74347.1,truly_missing,
WXH74349.1,truly_missing,
WXH74350.1,truly_missing,
WXH74351.1,truly_missing,
WXH74352.1,truly_missing,
WXH74353.1,truly_missing,
WXH74354.1,truly_missing,
WXH74355.1,truly_missing,
WXH74356.1,truly_missing,
WXH74357.1,truly_missing,
WXH74358.1,truly_missing,
WXH74360.1,truly_missing,
WXH74361.1,truly_missing,
WXH74362.1,truly_missing,
WXH74363.1,truly_missing,
WXH74364.1,truly_missing,
WXH74365.1,truly_missing,
WXH74366.1,truly_missing,
WXH74367.1,truly_missing,
WXH74368.1,truly_missing,
WXH74369.1,truly_missing,
WXH74370.1,truly_missing,
WXH74371.1,truly_missing,
WXH74373.1,truly_missing,
WXH74374.1,truly_missing,
WXH74375.1,truly_missing,
WXH74376.1,truly_missing,
WXH74377.1,truly_missing,
WXH74379.1,truly_missing,
WXH74380.1,truly_missing,
WXH74381.1,truly_missing,
WXH74382.1,truly_missing,
WXH74383.1,truly_missing,
WXH74384.1,truly_missing,
WXH74385.1,truly_missing,
WXH74386.1,truly_missing,
WXH74387.1,truly_missing,
WXH74388.1,truly_missing,
WXH74389.1,truly_missing,
WXH74390.1,truly_missing,
WXH74391.1,truly_missing,
WXH74392.1,truly_missing,
WXH74393.1,truly_missing,
WXH74394.1,truly_missing,
WXH74395.1,truly_missing,
WXH74396.1,truly_missing,
WXH74397.1,truly_missing,
WXH74398.1,truly_missing,
WXH74399.1,truly_missing,
WXH74400.1,truly_missing,
WXH74401.1,truly_missing,
WXH74402.1,truly_missing,
WXH74403.1,truly_missing,
WXH74404.1,truly_missing,
WXH74405.1,truly_missing,
WXH74407.1,truly_missing,
WXH74408.1,truly_missing,
WXH74409.1,truly_missing,
WXH74410.1,truly_missing,
WXH74411.1,truly_missing,
WXH74412.1,truly_missing,
WXH74413.1,truly_missing,
WXH74414.1,truly_missing,
WXH74415.1,truly_missing,
WXH74416.1,truly_missing,
WXH74419.1,truly_missing,
WXH74420.1,truly_missing,
WXH74422.1,truly_missing,
WXH74423.1,truly_missing,
WXH74424.1,truly_missing,
WXH74425.1,truly_missing,
WXH74426.1,truly_missing,
WXH74427.1,truly_missing,
WXH74428.1,truly_missing,
WXH74429.1,truly_missing,
WXH74430.1,truly_missing,
WXH74431.1,truly_missing,
WXH74432.1,truly_missing,
WXH74520.1,truly_missing,
WXH74521.1,truly_missing,
WXH74525.1,truly_missing,
WXH74527.1,truly_missing,
WXH74531.1,truly_missing,
WXH74534.1,truly_missing,
WXH74535.1,truly_missing,
WXH74542.1,truly_missing,
WXH74549.1,truly_missing,
WXH74550.1,truly_missing,
WXH74551.1,truly_missing,
WXH74553.1,truly_missing,
WXH74554.1,truly_missing,
WXH74555.1,truly_missing,
WXH74556.1,truly_missing,
WXH74558.1,truly_missing,
WXH74559.1,truly_missing,
WXH74560.1,truly_missing,
WXH74563.1,truly_missing,
WXH74567.1,truly_missing,
WXH74568.1,truly_missing,
WXH74569.1,truly_missing,
WXH74572.1,truly_missing,
WXH74574.1,truly_missing,
WXH74575.1,truly_missing,
WXH74576.1,truly_missing,
WXH74577.1,truly_missing,
WXH74581.1,truly_missing,
WXH74582.1,truly_missing,
WXH74583.1,truly_missing,
WXH74584.1,truly_missing,
WXH74585.1,truly_missing,
WXH74586.1,truly_missing,
WXH74587.1,truly_missing,
WXH74588.1,truly_missing,
WXH74589.1,truly_missing,
WXH74590.1,truly_missing,
WXH74594.1,truly_missing,
WXH74599.1,truly_missing,
WXH74600.1,truly_missing,
WXH74604.1,truly_missing,
WXH74605.1,truly_missing,
WXH74606.1,truly_missing,
XAL80644.1,truly_missing,
XM_021880481.1,truly_missing,
cqi:110681607,merged_as_alt_id,cqi:110681606
cqi:110681726,truly_missing,
cqi:110681737,merged_as_alt_id,cqi:110681735
cqi:110682770,truly_missing,
cqi:110683149,merged_as_alt_id,MB120065.1
cqi:110683788,merged_as_alt_id,cqi:110683786
cqi:110684072,truly_missing,
cqi:110684272,truly_missing,
cqi:110684530,merged_as_alt_id,cqi:110681632
cqi:110684571,merged_as_alt_id,cqi:110684570
cqi:110684868,truly_missing,
cqi:110684936,merged_as_alt_id,GeneID:110716788
cqi:110684941,truly_missing,
cqi:110685023,merged_as_alt_id,cqi:110685018
cqi:110685025,merged_as_alt_id,PA267587.1
cqi:110685039,merged_as_alt_id,PA267588.1
cqi:110685192,merged_as_alt_id,cqi:110685190
cqi:110685246,truly_missing,
cqi:110685342,merged_as_alt_id,cqi:110685314
cqi:110685403,truly_missing,
cqi:110685404,merged_as_alt_id,cqi:110685402
cqi:110685490,merged_as_alt_id,cqi:110685489
cqi:110685860,merged_as_alt_id,GeneID:110716423
cqi:110686016,truly_missing,
cqi:110686291,merged_as_alt_id,GeneID:110716249
cqi:110686369,truly_missing,
cqi:110686404,truly_missing,
cqi:110686406,truly_missing,
cqi:110686582,merged_as_alt_id,cqi:110686577
cqi:110686779,truly_missing,
cqi:110686937,merged_as_alt_id,cqi:110681831
cqi:110687018,truly_missing,
cqi:110687019,truly_missing,
cqi:110687020,truly_missing,
cqi:110687129,truly_missing,
cqi:110687136,truly_missing,
cqi:110687143,truly_missing,
cqi:110687154,merged_as_alt_id,GeneID:110710889
cqi:110687234,truly_missing,
cqi:110687254,truly_missing,
cqi:110687532,merged_as_alt_id,cqi:110687515
cqi:110687540,merged_as_alt_id,cqi:110687538
cqi:110687541,merged_as_alt_id,cqi:110687539
cqi:110687566,merged_as_alt_id,cqi:110687564
cqi:110688107,truly_missing,
cqi:110688160,truly_missing,
cqi:110688179,truly_missing,
cqi:110688338,merged_as_alt_id,cqi:110688337
cqi:110688452,truly_missing,
cqi:110688568,merged_as_alt_id,cqi:110682633
cqi:110688833,truly_missing,
cqi:110689117,merged_as_alt_id,GeneID:110715250
cqi:110689454,merged_as_alt_id,cqi:110689453
cqi:110689540,merged_as_alt_id,cqi:110689539
cqi:110689584,merged_as_alt_id,GeneID:110712517
cqi:110689598,merged_as_alt_id,cqi:110684621
cqi:110689609,truly_missing,
cqi:110689610,merged_as_alt_id,PA540279.1
cqi:110689732,truly_missing,
cqi:110689798,merged_as_alt_id,cqi:110682364
cqi:110689799,truly_missing,
cqi:110689943,truly_missing,
cqi:110690051,truly_missing,
cqi:110690210,merged_as_alt_id,cqi:110686765
cqi:110690244,merged_as_alt_id,A0A803NBL4
cqi:110690245,merged_as_alt_id,A0A803NBL3
cqi:110690251,merged_as_alt_id,cqi:110685492
cqi:110690391,merged_as_alt_id,cqi:110687016
cqi:110690392,merged_as_alt_id,cqi:110687015
cqi:110690421,truly_missing,
cqi:110690629,truly_missing,
cqi:110690636,truly_missing,
cqi:110690637,truly_missing,
cqi:110690670,merged_as_alt_id,cqi:110690669
cqi:110690815,merged_as_alt_id,cqi:110690814
cqi:110690823,truly_missing,
cqi:110690824,merged_as_alt_id,cqi:110682863
cqi:110690828,merged_as_alt_id,cqi:110690825
cqi:110691013,merged_as_alt_id,PA540299.1
cqi:110691014,merged_as_alt_id,PA540302.1
cqi:110691017,merged_as_alt_id,PA540300.1
cqi:110691206,truly_missing,
cqi:110691209,truly_missing,
cqi:110691224,merged_as_alt_id,cqi:110691218
cqi:110691265,truly_missing,
cqi:110691325,truly_missing,
cqi:110691327,merged_as_alt_id,cqi:110690616
cqi:110691586,truly_missing,
cqi:110691735,merged_as_alt_id,PA267592.1
cqi:110691814,truly_missing,
cqi:110692010,merged_as_alt_id,cqi:110692007
cqi:110692235,merged_as_alt_id,cqi:110692233
cqi:110692422,truly_missing,
cqi:110692525,merged_as_alt_id,cqi:110686316
cqi:110692532,merged_as_alt_id,cqi:110690249
cqi:110692673,merged_as_alt_id,cqi:110684097
cqi:110692744,merged_as_alt_id,cqi:110692733
cqi:110692832,merged_as_alt_id,cqi:110684548
cqi:110693015,merged_as_alt_id,cqi:110690150
cqi:110693026,merged_as_alt_id,cqi:110693020
cqi:110693027,merged_as_alt_id,cqi:110693022
cqi:110693175,merged_as_alt_id,cqi:110693159
cqi:110693231,merged_as_alt_id,cqi:110693218
cqi:110693325,merged_as_alt_id,cqi:110693324
cqi:110693432,merged_as_alt_id,cqi:110693430
cqi:110693439,merged_as_alt_id,cqi:110693437
cqi:110693508,truly_missing,
cqi:110693521,merged_as_alt_id,cqi:110683391
cqi:110693771,merged_as_alt_id,cqi:110693722
cqi:110693806,truly_missing,
cqi:110694127,truly_missing,
cqi:110694147,truly_missing,
cqi:110694536,merged_as_alt_id,cqi:110694148
cqi:110694604,merged_as_alt_id,cqi:110694146
cqi:110695012,merged_as_alt_id,GeneID:110713264
cqi:110695034,merged_as_alt_id,cqi:110682641
cqi:110695168,merged_as_alt_id,cqi:110694060
cqi:110695289,merged_as_alt_id,cqi:110695288
cqi:110695352,merged_as_alt_id,cqi:110695349
cqi:110695435,merged_as_alt_id,cqi:110682717
cqi:110695506,truly_missing,
cqi:110695648,merged_as_alt_id,cqi:110695647
cqi:110695691,truly_missing,
cqi:110695699,merged_as_alt_id,cqi:110695689
cqi:110695815,merged_as_alt_id,PA540276.1
cqi:110695896,merged_as_alt_id,cqi:110695895
cqi:110695982,merged_as_alt_id,cqi:110686605
cqi:110695984,merged_as_alt_id,cqi:110686608
cqi:110696011,merged_as_alt_id,cqi:110696008
cqi:110696095,merged_as_alt_id,PA540305.1
cqi:110696159,merged_as_alt_id,cqi:110696158
cqi:110696268,merged_as_alt_id,GeneID:110716553
cqi:110696398,merged_as_alt_id,cqi:110696391
cqi:110696435,merged_as_alt_id,cqi:110689531
cqi:110696467,truly_missing,
cqi:110696505,merged_as_alt_id,cqi:110689418
cqi:110696507,truly_missing,
cqi:110696522,merged_as_alt_id,cqi:110689326
cqi:110696667,merged_as_alt_id,cqi:110686444
cqi:110696725,truly_missing,
cqi:110696733,truly_missing,
cqi:110696957,merged_as_alt_id,cqi:110684485
cqi:110696958,truly_missing,
cqi:110696960,merged_as_alt_id,cqi:110688441
cqi:110697021,truly_missing,
cqi:110697025,truly_missing,
cqi:110697026,truly_missing,
cqi:110697047,truly_missing,
cqi:110697048,truly_missing,
cqi:110697084,merged_as_alt_id,PA540275.1
cqi:110697097,merged_as_alt_id,cqi:110697095
cqi:110697099,merged_as_alt_id,cqi:110697096
cqi:110697391,merged_as_alt_id,GeneID:110717609
cqi:110697392,merged_as_alt_id,cqi:110697207
cqi:110697393,merged_as_alt_id,GeneID:110714382
cqi:110697443,merged_as_alt_id,cqi:110684634
cqi:110697445,merged_as_alt_id,cqi:110684636
cqi:110697523,merged_as_alt_id,cqi:110695832
cqi:110697658,merged_as_alt_id,cqi:110692302
cqi:110697826,merged_as_alt_id,cqi:110697785
cqi:110697866,truly_missing,
cqi:110698003,merged_as_alt_id,PA540288.1
cqi:110698023,truly_missing,
cqi:110698091,truly_missing,
cqi:110698137,merged_as_alt_id,GeneID:110698137
cqi:110698138,merged_as_alt_id,GeneID:110698138
cqi:110698139,merged_as_alt_id,GeneID:110698139
cqi:110698140,merged_as_alt_id,GeneID:110698140
cqi:110698141,merged_as_alt_id,GeneID:110698141
cqi:110698143,merged_as_alt_id,GeneID:110698143
cqi:110698144,merged_as_alt_id,GeneID:110698144
cqi:110698146,merged_as_alt_id,GeneID:110698146
cqi:110698148,merged_as_alt_id,GeneID:110698148
cqi:110698149,merged_as_alt_id,GeneID:110698149
cqi:110698150,merged_as_alt_id,GeneID:110698150
cqi:110698151,merged_as_alt_id,GeneID:110698151
cqi:110698153,merged_as_alt_id,GeneID:110698153
cqi:110698154,merged_as_alt_id,GeneID:110698154
cqi:110698156,merged_as_alt_id,GeneID:110698156
cqi:110698157,merged_as_alt_id,GeneID:110698157
cqi:110698158,merged_as_alt_id,GeneID:110698158
cqi:110698159,merged_as_alt_id,GeneID:110698159
cqi:110698161,merged_as_alt_id,GeneID:110698161
cqi:110698162,merged_as_alt_id,GeneID:110698162
cqi:110698163,merged_as_alt_id,GeneID:110698163
cqi:110698164,merged_as_alt_id,GeneID:110698164
cqi:110698166,merged_as_alt_id,GeneID:110698166
cqi:110698168,merged_as_alt_id,GeneID:110698168
cqi:110698169,merged_as_alt_id,GeneID:110698169
cqi:110698210,merged_as_alt_id,GeneID:110698210
cqi:110698213,merged_as_alt_id,GeneID:110698213
cqi:110698214,merged_as_alt_id,GeneID:110698214
cqi:110698215,merged_as_alt_id,GeneID:110698215
cqi:110698216,merged_as_alt_id,GeneID:110698216
cqi:110698217,merged_as_alt_id,GeneID:110698217
cqi:110698218,merged_as_alt_id,GeneID:110698218
cqi:110698219,merged_as_alt_id,GeneID:110698219
cqi:110698220,merged_as_alt_id,GeneID:110698220
cqi:110698221,merged_as_alt_id,GeneID:110698221
cqi:110698223,merged_as_alt_id,GeneID:110698223
cqi:110698224,merged_as_alt_id,GeneID:110698224
cqi:110698225,merged_as_alt_id,GeneID:110698225
cqi:110698228,merged_as_alt_id,GeneID:110698228
cqi:110698229,merged_as_alt_id,GeneID:110698229
cqi:110698230,merged_as_alt_id,GeneID:110698230
cqi:110698233,merged_as_alt_id,GeneID:110698233
cqi:110698234,merged_as_alt_id,GeneID:110698234
cqi:110698235,merged_as_alt_id,GeneID:110698235
cqi:110698237,merged_as_alt_id,GeneID:110698237
cqi:110698238,merged_as_alt_id,GeneID:110698238
cqi:110698239,merged_as_alt_id,GeneID:110698239
cqi:110698241,merged_as_alt_id,GeneID:110698241
cqi:110698242,merged_as_alt_id,GeneID:110698242
cqi:110698243,merged_as_alt_id,GeneID:110698243
cqi:110698244,merged_as_alt_id,GeneID:110698244
cqi:110698245,merged_as_alt_id,GeneID:110698245
cqi:110698246,merged_as_alt_id,GeneID:110698246
cqi:110698248,merged_as_alt_id,GeneID:110698248
cqi:110698249,merged_as_alt_id,GeneID:110698249
cqi:110698250,merged_as_alt_id,GeneID:110698250
cqi:110698251,merged_as_alt_id,GeneID:110698251
cqi:110698252,merged_as_alt_id,GeneID:110698252
cqi:110698254,merged_as_alt_id,GeneID:110698254
cqi:110698256,merged_as_alt_id,GeneID:110698256
cqi:110698257,merged_as_alt_id,GeneID:110698257
cqi:110698258,merged_as_alt_id,GeneID:110698258
cqi:110698260,merged_as_alt_id,GeneID:110698260
cqi:110698261,merged_as_alt_id,GeneID:110698261
cqi:110698262,merged_as_alt_id,GeneID:110698262
cqi:110698263,merged_as_alt_id,GeneID:110698263
cqi:110698265,merged_as_alt_id,GeneID:110698265
cqi:110698267,merged_as_alt_id,GeneID:110698267
cqi:110698268,merged_as_alt_id,GeneID:110698268
cqi:110698269,merged_as_alt_id,GeneID:110698269
cqi:110698319,merged_as_alt_id,GeneID:110698319
cqi:110698325,merged_as_alt_id,GeneID:110698325
cqi:110698327,merged_as_alt_id,GeneID:110698327
cqi:110698329,merged_as_alt_id,GeneID:110698329
cqi:110698330,merged_as_alt_id,GeneID:110698330
cqi:110698331,merged_as_alt_id,GeneID:110698331
cqi:110698333,merged_as_alt_id,GeneID:110698333
cqi:110698340,merged_as_alt_id,GeneID:110698340
cqi:110698341,merged_as_alt_id,cqi:110692064
cqi:110698347,merged_as_alt_id,GeneID:110708858
cqi:110698348,merged_as_alt_id,GeneID:110708857
cqi:110698350,merged_as_alt_id,GeneID:110698350
cqi:110698378,merged_as_alt_id,GeneID:110698378
cqi:110698381,merged_as_alt_id,GeneID:110698381
cqi:110698382,merged_as_alt_id,GeneID:110698382
cqi:110698383,merged_as_alt_id,GeneID:110698383
cqi:110698385,merged_as_alt_id,GeneID:110698385
cqi:110698386,merged_as_alt_id,GeneID:110698386
cqi:110698387,merged_as_alt_id,GeneID:110698387
cqi:110698388,merged_as_alt_id,GeneID:110698388
cqi:110698389,merged_as_alt_id,GeneID:110698389
cqi:110698390,merged_as_alt_id,GeneID:110698390
cqi:110698392,merged_as_alt_id,GeneID:110698392
cqi:110698393,merged_as_alt_id,GeneID:110698393
cqi:110698394,merged_as_alt_id,GeneID:110698394
cqi:110698395,merged_as_alt_id,GeneID:110698395
cqi:110698396,merged_as_alt_id,GeneID:110698396
cqi:110698397,merged_as_alt_id,GeneID:110698397
cqi:110698404,merged_as_alt_id,GeneID:110698404
cqi:110698405,merged_as_alt_id,GeneID:110698405
cqi:110698406,merged_as_alt_id,GeneID:110698406
cqi:110698407,merged_as_alt_id,GeneID:110698407
cqi:110698408,merged_as_alt_id,GeneID:110698408
cqi:110698409,merged_as_alt_id,GeneID:110698409
cqi:110698410,merged_as_alt_id,GeneID:110698410
cqi:110698412,merged_as_alt_id,GeneID:110698412
cqi:110698416,merged_as_alt_id,cqi:110696275
cqi:110698490,merged_as_alt_id,cqi:110698488
cqi:110698639,truly_missing,
cqi:110698697,merged_as_alt_id,cqi:110698692
cqi:110698822,merged_as_alt_id,GeneID:110698822
cqi:110698828,merged_as_alt_id,GeneID:110698828
cqi:110698830,merged_as_alt_id,GeneID:110698830
cqi:110698831,merged_as_alt_id,GeneID:110698831
cqi:110698832,merged_as_alt_id,GeneID:110698832
cqi:110698833,merged_as_alt_id,GeneID:110698833
cqi:110698834,merged_as_alt_id,GeneID:110698834
cqi:110698835,merged_as_alt_id,GeneID:110698835
cqi:110698836,merged_as_alt_id,GeneID:110698836
cqi:110698837,merged_as_alt_id,GeneID:110698837
cqi:110698838,merged_as_alt_id,GeneID:110698838
cqi:110698839,merged_as_alt_id,GeneID:110698839
cqi:110698840,merged_as_alt_id,GeneID:110698840
cqi:110698841,merged_as_alt_id,GeneID:110698841
cqi:110698843,merged_as_alt_id,GeneID:110698843
cqi:110698844,merged_as_alt_id,GeneID:110698844
cqi:110698847,merged_as_alt_id,GeneID:110706744
cqi:110698848,merged_as_alt_id,GeneID:110698848
cqi:110698849,merged_as_alt_id,GeneID:110698849
cqi:110698850,merged_as_alt_id,GeneID:110698850
cqi:110698851,merged_as_alt_id,GeneID:110698851
cqi:110698853,merged_as_alt_id,GeneID:110698853
cqi:110698854,merged_as_alt_id,GeneID:110698854
cqi:110698855,merged_as_alt_id,GeneID:110698855
cqi:110698858,merged_as_alt_id,GeneID:110698858
cqi:110698859,merged_as_alt_id,GeneID:110698859
cqi:110698860,merged_as_alt_id,GeneID:110698860
cqi:110698861,merged_as_alt_id,GeneID:110698861
cqi:110698862,merged_as_alt_id,GeneID:110698862
cqi:110698864,merged_as_alt_id,GeneID:110698864
cqi:110698865,merged_as_alt_id,GeneID:110698865
cqi:110698904,merged_as_alt_id,GeneID:110698904
cqi:110698905,merged_as_alt_id,GeneID:110698905
cqi:110698906,merged_as_alt_id,GeneID:110698906
cqi:110698909,merged_as_alt_id,GeneID:110698909
cqi:110698910,merged_as_alt_id,GeneID:110698910
cqi:110698911,merged_as_alt_id,GeneID:110698911
cqi:110698913,merged_as_alt_id,GeneID:110698913
cqi:110698914,merged_as_alt_id,GeneID:110698914
cqi:110698915,merged_as_alt_id,GeneID:110698915
cqi:110698916,merged_as_alt_id,GeneID:110698916
cqi:110698917,merged_as_alt_id,GeneID:110698917
cqi:110698918,merged_as_alt_id,GeneID:110698918
cqi:110698919,merged_as_alt_id,GeneID:110698919
cqi:110698920,merged_as_alt_id,GeneID:110698920
cqi:110698926,merged_as_alt_id,GeneID:110698926
cqi:110698927,merged_as_alt_id,GeneID:110698927
cqi:110698928,merged_as_alt_id,GeneID:110698928
cqi:110698929,merged_as_alt_id,GeneID:110698929
cqi:110698930,merged_as_alt_id,GeneID:110698930
cqi:110698931,truly_missing,
cqi:110698932,merged_as_alt_id,GeneID:110698932
cqi:110698937,merged_as_alt_id,GeneID:110698937
cqi:110698938,merged_as_alt_id,GeneID:110698938
cqi:110698939,merged_as_alt_id,GeneID:110698939
cqi:110698941,merged_as_alt_id,GeneID:110698941
cqi:110698942,merged_as_alt_id,GeneID:110698942
cqi:110698943,merged_as_alt_id,GeneID:110698943
cqi:110698944,merged_as_alt_id,GeneID:110698944
cqi:110698945,merged_as_alt_id,GeneID:110698945
cqi:110698946,merged_as_alt_id,GeneID:110698946
cqi:110698947,merged_as_alt_id,GeneID:110698947
cqi:110698949,merged_as_alt_id,GeneID:110698949
cqi:110698950,merged_as_alt_id,GeneID:110698950
cqi:110698951,merged_as_alt_id,GeneID:110698951
cqi:110698952,merged_as_alt_id,GeneID:110698952
cqi:110698953,merged_as_alt_id,GeneID:110698953
cqi:110698954,merged_as_alt_id,GeneID:110698954
cqi:110698955,merged_as_alt_id,GeneID:110698955
cqi:110698956,merged_as_alt_id,GeneID:110698956
cqi:110698957,merged_as_alt_id,GeneID:110698957
cqi:110698959,merged_as_alt_id,GeneID:110698959
cqi:110698960,merged_as_alt_id,GeneID:110698960
cqi:110698961,merged_as_alt_id,GeneID:110698961
cqi:110698962,merged_as_alt_id,GeneID:110698962
cqi:110698965,merged_as_alt_id,GeneID:110698965
cqi:110698966,merged_as_alt_id,GeneID:110698966
cqi:110698967,merged_as_alt_id,GeneID:110698967
cqi:110698971,merged_as_alt_id,GeneID:110698971
cqi:110698999,merged_as_alt_id,GeneID:110698999
cqi:110699000,merged_as_alt_id,GeneID:110699000
cqi:110699004,merged_as_alt_id,GeneID:110699004
cqi:110699073,merged_as_alt_id,GeneID:110699073
cqi:110699075,merged_as_alt_id,GeneID:110699075
cqi:110699076,merged_as_alt_id,GeneID:110699076
cqi:110699077,merged_as_alt_id,GeneID:110699077
cqi:110699080,merged_as_alt_id,GeneID:110699080
cqi:110699081,merged_as_alt_id,GeneID:110699081
cqi:110699082,merged_as_alt_id,GeneID:110699082
cqi:110699083,merged_as_alt_id,GeneID:110699083
cqi:110699084,merged_as_alt_id,GeneID:110699084
cqi:110699085,merged_as_alt_id,GeneID:110699085
cqi:110699086,merged_as_alt_id,GeneID:110699086
cqi:110699088,merged_as_alt_id,GeneID:110699088
cqi:110699092,merged_as_alt_id,GeneID:110699092
cqi:110699114,merged_as_alt_id,GeneID:110699114
cqi:110699119,merged_as_alt_id,GeneID:110699119
cqi:110699120,merged_as_alt_id,GeneID:110699120
cqi:110699122,merged_as_alt_id,GeneID:110699122
cqi:110699123,merged_as_alt_id,GeneID:110699123
cqi:110699125,merged_as_alt_id,GeneID:110699125
cqi:110699127,merged_as_alt_id,GeneID:110699127
cqi:110699128,merged_as_alt_id,GeneID:110699128
cqi:110699129,merged_as_alt_id,GeneID:110699129
cqi:110699130,merged_as_alt_id,GeneID:110699130
cqi:110699131,merged_as_alt_id,GeneID:110699131
cqi:110699133,truly_missing,
cqi:110699141,merged_as_alt_id,GeneID:110699141
cqi:110699142,merged_as_alt_id,GeneID:110699142
cqi:110699143,merged_as_alt_id,GeneID:110699143
cqi:110699144,merged_as_alt_id,GeneID:110699144
cqi:110699147,merged_as_alt_id,cqi:110699146
cqi:110699201,truly_missing,
cqi:110699202,truly_missing,
cqi:110699203,merged_as_alt_id,cqi:110699200
cqi:110699242,merged_as_alt_id,cqi:110685568
cqi:110699246,merged_as_alt_id,cqi:110693984
cqi:110699247,merged_as_alt_id,cqi:110693986
cqi:110699383,merged_as_alt_id,MQ190609.1
cqi:110699412,merged_as_alt_id,cqi:110693988
cqi:110699413,merged_as_alt_id,cqi:110693989
cqi:110699450,merged_as_alt_id,cqi:110693990
cqi:110699536,merged_as_alt_id,GeneID:110716787
cqi:110699639,truly_missing,
cqi:110699640,merged_as_alt_id,cqi:110685007
cqi:110699653,merged_as_alt_id,cqi:110682069
cqi:110699694,merged_as_alt_id,cqi:110687768
cqi:110699732,merged_as_alt_id,cqi:110697948
cqi:110699779,merged_as_alt_id,cqi:110696748
cqi:110699844,merged_as_alt_id,cqi:110699841
cqi:110699845,merged_as_alt_id,cqi:110699842
cqi:110699909,merged_as_alt_id,cqi:110696429
cqi:110699910,merged_as_alt_id,cqi:110696458
cqi:110699959,merged_as_alt_id,cqi:110682861
cqi:110700004,truly_missing,
cqi:110700005,truly_missing,
cqi:110700281,merged_as_alt_id,PA267567.1
cqi:110700827,merged_as_alt_id,cqi:110700826
cqi:110700921,merged_as_alt_id,cqi:110682537
cqi:110701191,truly_missing,
cqi:110701345,merged_as_alt_id,cqi:110699686
cqi:110701425,merged_as_alt_id,cqi:110701421
cqi:110701434,merged_as_alt_id,cqi:110701152
cqi:110701438,merged_as_alt_id,cqi:110701146
cqi:110701534,merged_as_alt_id,cqi:110696383
cqi:110702086,merged_as_alt_id,PA267594.1
cqi:110702157,merged_as_alt_id,GeneID:110702157
cqi:110702162,merged_as_alt_id,GeneID:110702162
cqi:110702163,merged_as_alt_id,GeneID:110702163
cqi:110702224,merged_as_alt_id,GeneID:110702224
cqi:110702225,merged_as_alt_id,GeneID:110702225
cqi:110702226,merged_as_alt_id,GeneID:110716403
cqi:110702227,merged_as_alt_id,GeneID:110702227
cqi:110702229,merged_as_alt_id,GeneID:110702229
cqi:110702234,merged_as_alt_id,GeneID:110702234
cqi:110702238,merged_as_alt_id,cqi:110687023
cqi:110702241,merged_as_alt_id,GeneID:110702241
cqi:110702242,merged_as_alt_id,GeneID:110702242
cqi:110702243,merged_as_alt_id,GeneID:110702243
cqi:110702251,merged_as_alt_id,GeneID:110702251
cqi:110702255,merged_as_alt_id,GeneID:110702255
cqi:110702256,merged_as_alt_id,GeneID:110702256
cqi:110702263,merged_as_alt_id,GeneID:110702263
cqi:110702265,merged_as_alt_id,GeneID:110702265
cqi:110702266,merged_as_alt_id,GeneID:110702266
cqi:110702268,merged_as_alt_id,GeneID:110702268
cqi:110702269,merged_as_alt_id,GeneID:110702269
cqi:110702271,merged_as_alt_id,GeneID:110702271
cqi:110702276,merged_as_alt_id,GeneID:110702276
cqi:110702277,merged_as_alt_id,GeneID:110702277
cqi:110702281,merged_as_alt_id,GeneID:110702281
cqi:110702282,merged_as_alt_id,GeneID:110702282
cqi:110702283,merged_as_alt_id,GeneID:110702283
cqi:110702284,merged_as_alt_id,GeneID:110702284
cqi:110702286,merged_as_alt_id,GeneID:110702286
cqi:110702287,merged_as_alt_id,GeneID:110702287
cqi:110702288,merged_as_alt_id,GeneID:110702288
cqi:110702289,merged_as_alt_id,GeneID:110702289
cqi:110702292,merged_as_alt_id,GeneID:110702292
cqi:110702293,merged_as_alt_id,GeneID:110702293
cqi:110702295,merged_as_alt_id,GeneID:110702295
cqi:110702297,merged_as_alt_id,GeneID:110702297
cqi:110702298,merged_as_alt_id,GeneID:110702298
cqi:110702299,merged_as_alt_id,GeneID:110702299
cqi:110702302,merged_as_alt_id,GeneID:110702302
cqi:110702303,merged_as_alt_id,GeneID:110702303
cqi:110702304,merged_as_alt_id,GeneID:110702304
cqi:110702306,merged_as_alt_id,GeneID:110702306
cqi:110702307,merged_as_alt_id,GeneID:110702307
cqi:110702309,merged_as_alt_id,GeneID:110702309
cqi:110702310,merged_as_alt_id,GeneID:110702310
cqi:110702311,merged_as_alt_id,GeneID:110702311
cqi:110702312,merged_as_alt_id,GeneID:110702312
cqi:110702313,merged_as_alt_id,GeneID:110702313
cqi:110702315,merged_as_alt_id,GeneID:110702315
cqi:110702316,merged_as_alt_id,GeneID:110702316
cqi:110702317,merged_as_alt_id,GeneID:110702317
cqi:110702318,merged_as_alt_id,GeneID:110702318
cqi:110702320,merged_as_alt_id,GeneID:110702320
cqi:110702321,merged_as_alt_id,GeneID:110702321
cqi:110702323,merged_as_alt_id,GeneID:110702323
cqi:110702324,merged_as_alt_id,GeneID:110702324
cqi:110702326,merged_as_alt_id,GeneID:110702326
cqi:110702327,merged_as_alt_id,GeneID:110702327
cqi:110702328,truly_missing,
cqi:110702329,merged_as_alt_id,GeneID:110702329
cqi:110702330,merged_as_alt_id,GeneID:110702330
cqi:110702332,merged_as_alt_id,GeneID:110702332
cqi:110702333,merged_as_alt_id,GeneID:110702333
cqi:110702335,merged_as_alt_id,GeneID:110702335
cqi:110702336,merged_as_alt_id,GeneID:110702336
cqi:110702338,merged_as_alt_id,GeneID:110702338
cqi:110702339,merged_as_alt_id,GeneID:110702339
cqi:110702342,merged_as_alt_id,GeneID:110702342
cqi:110702343,merged_as_alt_id,GeneID:110702343
cqi:110702344,merged_as_alt_id,GeneID:110702344
cqi:110702345,merged_as_alt_id,GeneID:110702345
cqi:110702346,merged_as_alt_id,GeneID:110702346
cqi:110702347,merged_as_alt_id,GeneID:110702347
cqi:110702348,merged_as_alt_id,GeneID:110702348
cqi:110702350,merged_as_alt_id,GeneID:110702350
cqi:110702352,merged_as_alt_id,GeneID:110702352
cqi:110702353,merged_as_alt_id,GeneID:110702353
cqi:110702354,merged_as_alt_id,GeneID:110702354
cqi:110702355,merged_as_alt_id,GeneID:110702355
cqi:110702357,merged_as_alt_id,GeneID:110702357
cqi:110702358,merged_as_alt_id,GeneID:110702358
cqi:110702359,merged_as_alt_id,GeneID:110702359
cqi:110702361,merged_as_alt_id,GeneID:110702361
cqi:110702363,merged_as_alt_id,GeneID:110702363
cqi:110702365,merged_as_alt_id,GeneID:110702365
cqi:110702367,merged_as_alt_id,GeneID:110702367
cqi:110702401,merged_as_alt_id,GeneID:110702401
cqi:110702405,merged_as_alt_id,cqi:110687350
cqi:110702443,merged_as_alt_id,MQ190584.1
cqi:110702446,merged_as_alt_id,cqi:110682661
cqi:110702642,truly_missing,
cqi:110702691,merged_as_alt_id,GeneID:110702691
cqi:110702692,merged_as_alt_id,GeneID:110702692
cqi:110702693,merged_as_alt_id,GeneID:110702693
cqi:110702694,merged_as_alt_id,GeneID:110702694
cqi:110702696,merged_as_alt_id,GeneID:110702696
cqi:110702697,merged_as_alt_id,GeneID:110702697
cqi:110702698,merged_as_alt_id,GeneID:110702698
cqi:110702699,merged_as_alt_id,GeneID:110702699
cqi:110702700,merged_as_alt_id,GeneID:110702700
cqi:110702702,merged_as_alt_id,GeneID:110702702
cqi:110702703,merged_as_alt_id,GeneID:110702703
cqi:110702704,merged_as_alt_id,GeneID:110702704
cqi:110702705,merged_as_alt_id,GeneID:110702705
cqi:110702706,merged_as_alt_id,GeneID:110702706
cqi:110702707,merged_as_alt_id,GeneID:110702707
cqi:110702708,merged_as_alt_id,GeneID:110702708
cqi:110702709,merged_as_alt_id,GeneID:110702709
cqi:110702710,merged_as_alt_id,GeneID:110702710
cqi:110702728,merged_as_alt_id,XM_021880480.1
cqi:110702730,merged_as_alt_id,GeneID:110717119
cqi:110702799,merged_as_alt_id,GeneID:110702799
cqi:110702800,merged_as_alt_id,GeneID:110702800
cqi:110702801,merged_as_alt_id,GeneID:110702801
cqi:110702802,merged_as_alt_id,GeneID:110702802
cqi:110702803,merged_as_alt_id,GeneID:110702803
cqi:110702804,merged_as_alt_id,GeneID:110702804
cqi:110702806,merged_as_alt_id,GeneID:110702806
cqi:110702807,merged_as_alt_id,GeneID:110702807
cqi:110702808,merged_as_alt_id,GeneID:110702808
cqi:110702809,merged_as_alt_id,GeneID:110702809
cqi:110702810,merged_as_alt_id,GeneID:110702810
cqi:110702811,merged_as_alt_id,GeneID:110702811
cqi:110702815,merged_as_alt_id,GeneID:110702815
cqi:110702816,merged_as_alt_id,GeneID:110702816
cqi:110702817,merged_as_alt_id,GeneID:110702817
cqi:110702820,merged_as_alt_id,GeneID:110702820
cqi:110702837,merged_as_alt_id,GeneID:110702837
cqi:110702838,merged_as_alt_id,GeneID:110702838
cqi:110702839,merged_as_alt_id,GeneID:110702839
cqi:110702840,merged_as_alt_id,GeneID:110702840
cqi:110702843,merged_as_alt_id,GeneID:110702843
cqi:110702844,merged_as_alt_id,GeneID:110702844
cqi:110702848,merged_as_alt_id,GeneID:110702848
cqi:110702849,merged_as_alt_id,GeneID:110702849
cqi:110702850,merged_as_alt_id,GeneID:110702850
cqi:110702852,merged_as_alt_id,GeneID:110702852
cqi:110702853,merged_as_alt_id,GeneID:110702853
cqi:110702854,merged_as_alt_id,GeneID:110702854
cqi:110702936,merged_as_alt_id,cqi:110702185
cqi:110702981,merged_as_alt_id,PA540280.1
cqi:110702982,merged_as_alt_id,GeneID:110702982
cqi:110702983,merged_as_alt_id,GeneID:110702983
cqi:110702984,merged_as_alt_id,GeneID:110702984
cqi:110702985,merged_as_alt_id,GeneID:110702985
cqi:110702986,merged_as_alt_id,GeneID:110702986
cqi:110702987,merged_as_alt_id,GeneID:110702987
cqi:110702989,merged_as_alt_id,GeneID:110702989
cqi:110702990,merged_as_alt_id,GeneID:110702990
cqi:110702991,merged_as_alt_id,GeneID:110702991
cqi:110702992,merged_as_alt_id,GeneID:110702992
cqi:110702993,merged_as_alt_id,GeneID:110702993
cqi:110702994,merged_as_alt_id,GeneID:110702994
cqi:110702995,merged_as_alt_id,cqi:110702905
cqi:110702997,merged_as_alt_id,GeneID:110702997
cqi:110702998,merged_as_alt_id,GeneID:110702998
cqi:110702999,merged_as_alt_id,GeneID:110702999
cqi:110703000,merged_as_alt_id,GeneID:110703000
cqi:110703001,merged_as_alt_id,GeneID:110703001
cqi:110703002,merged_as_alt_id,GeneID:110703002
cqi:110703003,merged_as_alt_id,GeneID:110703003
cqi:110703005,merged_as_alt_id,GeneID:110703005
cqi:110703006,merged_as_alt_id,GeneID:110703006
cqi:110703007,merged_as_alt_id,GeneID:110703007
cqi:110703008,merged_as_alt_id,GeneID:110703008
cqi:110703009,merged_as_alt_id,GeneID:110703009
cqi:110703010,merged_as_alt_id,GeneID:110703010
cqi:110703011,merged_as_alt_id,GeneID:110703011
cqi:110703014,merged_as_alt_id,GeneID:110703014
cqi:110703015,merged_as_alt_id,GeneID:110703015
cqi:110703016,merged_as_alt_id,GeneID:110703016
cqi:110703022,merged_as_alt_id,GeneID:110703022
cqi:110703023,merged_as_alt_id,GeneID:110703023
cqi:110703024,merged_as_alt_id,GeneID:110703024
cqi:110703025,merged_as_alt_id,GeneID:110703025
cqi:110703028,merged_as_alt_id,GeneID:110703028
cqi:110703029,merged_as_alt_id,GeneID:110703029
cqi:110703030,merged_as_alt_id,GeneID:110703030
cqi:110703031,merged_as_alt_id,GeneID:110703031
cqi:110703045,merged_as_alt_id,GeneID:110703045
cqi:110703050,merged_as_alt_id,GeneID:110703050
cqi:110703051,merged_as_alt_id,GeneID:110703051
cqi:110703052,merged_as_alt_id,GeneID:110703052
cqi:110703053,merged_as_alt_id,GeneID:110703053
cqi:110703054,merged_as_alt_id,GeneID:110703054
cqi:110703055,merged_as_alt_id,GeneID:110703055
cqi:110703056,merged_as_alt_id,GeneID:110703056
cqi:110703057,merged_as_alt_id,GeneID:110703057
cqi:110703058,merged_as_alt_id,GeneID:110703058
cqi:110703060,merged_as_alt_id,GeneID:110703060
cqi:110703061,merged_as_alt_id,GeneID:110703061
cqi:110703062,merged_as_alt_id,GeneID:110703062
cqi:110703065,merged_as_alt_id,GeneID:110703065
cqi:110703066,merged_as_alt_id,GeneID:110703066
cqi:110703068,merged_as_alt_id,GeneID:110703068
cqi:110703069,merged_as_alt_id,GeneID:110703069
cqi:110703071,merged_as_alt_id,GeneID:110703071
cqi:110703073,merged_as_alt_id,GeneID:110703073
cqi:110703074,merged_as_alt_id,GeneID:110703074
cqi:110703076,merged_as_alt_id,GeneID:110703076
cqi:110703077,merged_as_alt_id,GeneID:110703077
cqi:110703080,merged_as_alt_id,GeneID:110703080
cqi:110703081,merged_as_alt_id,GeneID:110703081
cqi:110703083,merged_as_alt_id,GeneID:110703083
cqi:110703084,merged_as_alt_id,GeneID:110703084
cqi:110703086,merged_as_alt_id,GeneID:110703086
cqi:110703087,merged_as_alt_id,GeneID:110703087
cqi:110703088,merged_as_alt_id,GeneID:110703088
cqi:110703092,merged_as_alt_id,GeneID:110703092
cqi:110703093,merged_as_alt_id,GeneID:110703093
cqi:110703095,merged_as_alt_id,GeneID:110703095
cqi:110703100,merged_as_alt_id,GeneID:110703100
cqi:110703101,merged_as_alt_id,GeneID:110703101
cqi:110703102,merged_as_alt_id,GeneID:110703102
cqi:110703103,merged_as_alt_id,GeneID:110703103
cqi:110703104,merged_as_alt_id,GeneID:110703104
cqi:110703106,merged_as_alt_id,GeneID:110703106
cqi:110703108,merged_as_alt_id,GeneID:110703108
cqi:110703109,merged_as_alt_id,GeneID:110703109
cqi:110703111,merged_as_alt_id,GeneID:110703111
cqi:110703113,merged_as_alt_id,GeneID:110703113
cqi:110703114,merged_as_alt_id,GeneID:110703114
cqi:110703115,merged_as_alt_id,GeneID:110703115
cqi:110703117,merged_as_alt_id,GeneID:110703117
cqi:110703118,merged_as_alt_id,GeneID:110703118
cqi:110703119,merged_as_alt_id,GeneID:110703119
cqi:110703120,merged_as_alt_id,cqi:110692229
cqi:110703122,merged_as_alt_id,GeneID:110703122
cqi:110703123,merged_as_alt_id,GeneID:110703123
cqi:110703124,merged_as_alt_id,GeneID:110703124
cqi:110703125,merged_as_alt_id,GeneID:110703125
cqi:110703126,merged_as_alt_id,GeneID:110703126
cqi:110703127,merged_as_alt_id,GeneID:110703127
cqi:110703128,merged_as_alt_id,GeneID:110703128
cqi:110703129,merged_as_alt_id,GeneID:110703129
cqi:110703132,merged_as_alt_id,GeneID:110703132
cqi:110703135,merged_as_alt_id,GeneID:110703135
cqi:110703136,merged_as_alt_id,GeneID:110703136
cqi:110703139,merged_as_alt_id,GeneID:110703139
cqi:110703140,merged_as_alt_id,GeneID:110703140
cqi:110703144,merged_as_alt_id,GeneID:110703144
cqi:110703162,merged_as_alt_id,GeneID:110703162
cqi:110703171,merged_as_alt_id,GeneID:110703171
cqi:110703173,merged_as_alt_id,GeneID:110703173
cqi:110703174,merged_as_alt_id,GeneID:110703174
cqi:110703175,merged_as_alt_id,GeneID:110703175
cqi:110703181,merged_as_alt_id,cqi:110702239
cqi:110703492,merged_as_alt_id,GeneID:110703492
cqi:110703497,merged_as_alt_id,GeneID:110703497
cqi:110703498,merged_as_alt_id,GeneID:110703498
cqi:110703499,merged_as_alt_id,GeneID:110703499
cqi:110703500,merged_as_alt_id,GeneID:110703500
cqi:110703502,merged_as_alt_id,GeneID:110703502
cqi:110703503,merged_as_alt_id,GeneID:110703503
cqi:110703504,merged_as_alt_id,GeneID:110703504
cqi:110703505,merged_as_alt_id,GeneID:110703505
cqi:110703506,merged_as_alt_id,GeneID:110703506
cqi:110703507,merged_as_alt_id,GeneID:110703507
cqi:110703508,merged_as_alt_id,GeneID:110703508
cqi:110703510,merged_as_alt_id,GeneID:110703510
cqi:110703511,merged_as_alt_id,GeneID:110703511
cqi:110703513,merged_as_alt_id,GeneID:110703513
cqi:110703529,merged_as_alt_id,GeneID:110703529
cqi:110703532,merged_as_alt_id,GeneID:110703532
cqi:110703534,merged_as_alt_id,GeneID:110703534
cqi:110703548,merged_as_alt_id,GeneID:110703548
cqi:110703566,merged_as_alt_id,GeneID:110703566
cqi:110703571,merged_as_alt_id,GeneID:110703571
cqi:110703573,merged_as_alt_id,GeneID:110703573
cqi:110703574,merged_as_alt_id,GeneID:110703574
cqi:110703575,merged_as_alt_id,cqi:110693078
cqi:110703580,merged_as_alt_id,cqi:110703200
cqi:110703582,merged_as_alt_id,cqi:110703201
cqi:110703665,merged_as_alt_id,GeneID:110703665
cqi:110703666,merged_as_alt_id,GeneID:110703666
cqi:110703668,merged_as_alt_id,GeneID:110703668
cqi:110703669,merged_as_alt_id,GeneID:110703669
cqi:110703670,merged_as_alt_id,GeneID:110703670
cqi:110703671,merged_as_alt_id,GeneID:110703671
cqi:110703672,merged_as_alt_id,GeneID:110703672
cqi:110703673,merged_as_alt_id,GeneID:110703673
cqi:110703676,merged_as_alt_id,GeneID:110703676
cqi:110703678,merged_as_alt_id,GeneID:110703678
cqi:110703679,merged_as_alt_id,GeneID:110703679
cqi:110703680,merged_as_alt_id,GeneID:110703680
cqi:110703681,merged_as_alt_id,GeneID:110703681
cqi:110703684,merged_as_alt_id,GeneID:110703684
cqi:110703685,merged_as_alt_id,GeneID:110703685
cqi:110703686,merged_as_alt_id,GeneID:110703686
cqi:110703687,merged_as_alt_id,GeneID:110703687
cqi:110703689,merged_as_alt_id,GeneID:110703689
cqi:110703690,merged_as_alt_id,GeneID:110703690
cqi:110703691,merged_as_alt_id,GeneID:110703691
cqi:110703693,merged_as_alt_id,GeneID:110703693
cqi:110703694,merged_as_alt_id,GeneID:110703694
cqi:110703695,merged_as_alt_id,GeneID:110703695
cqi:110703696,merged_as_alt_id,GeneID:110703696
cqi:110703697,merged_as_alt_id,GeneID:110703697
cqi:110703698,merged_as_alt_id,GeneID:110703698
cqi:110703699,merged_as_alt_id,GeneID:110703699
cqi:110703700,merged_as_alt_id,GeneID:110703700
cqi:110703701,merged_as_alt_id,GeneID:110703701
cqi:110703705,merged_as_alt_id,GeneID:110703705
cqi:110703706,merged_as_alt_id,GeneID:110710890
cqi:110703711,merged_as_alt_id,GeneID:110703711
cqi:110703715,merged_as_alt_id,GeneID:110703715
cqi:110703747,merged_as_alt_id,GeneID:110703747
cqi:110703748,merged_as_alt_id,GeneID:110703748
cqi:110703750,merged_as_alt_id,GeneID:110703750
cqi:110703752,merged_as_alt_id,GeneID:110703752
cqi:110703753,merged_as_alt_id,GeneID:110703753
cqi:110703754,merged_as_alt_id,GeneID:110703754
cqi:110703755,merged_as_alt_id,GeneID:110703755
cqi:110703756,merged_as_alt_id,GeneID:110703756
cqi:110703757,merged_as_alt_id,GeneID:110703757
cqi:110703758,merged_as_alt_id,GeneID:110703758
cqi:110703759,merged_as_alt_id,GeneID:110703759
cqi:110703760,merged_as_alt_id,GeneID:110703760
cqi:110703761,truly_missing,
cqi:110703763,merged_as_alt_id,GeneID:110703761
cqi:110703765,merged_as_alt_id,GeneID:110703765
cqi:110703771,merged_as_alt_id,cqi:110699888
cqi:110703775,merged_as_alt_id,GeneID:110703775
cqi:110703785,merged_as_alt_id,GeneID:110703785
cqi:110703786,merged_as_alt_id,GeneID:110703786
cqi:110703787,merged_as_alt_id,GeneID:110715988
cqi:110703788,merged_as_alt_id,GeneID:110703788
cqi:110703789,merged_as_alt_id,GeneID:110703789
cqi:110703791,merged_as_alt_id,GeneID:110703791
cqi:110703799,merged_as_alt_id,cqi:110684552
cqi:110703802,merged_as_alt_id,GeneID:110703802
cqi:110703803,merged_as_alt_id,GeneID:110703803
cqi:110703810,merged_as_alt_id,cqi:110690385
cqi:110703823,merged_as_alt_id,GeneID:110703823
cqi:110703825,merged_as_alt_id,GeneID:110703825
cqi:110703826,merged_as_alt_id,GeneID:110703826
cqi:110703851,merged_as_alt_id,GeneID:110703851
cqi:110703852,merged_as_alt_id,GeneID:110703852
cqi:110703854,merged_as_alt_id,GeneID:110703854
cqi:110703855,merged_as_alt_id,GeneID:110703855
cqi:110703857,merged_as_alt_id,GeneID:110703857
cqi:110703859,merged_as_alt_id,GeneID:110703859
cqi:110703860,merged_as_alt_id,GeneID:110703860
cqi:110703861,merged_as_alt_id,GeneID:110703861
cqi:110703862,merged_as_alt_id,GeneID:110703862
cqi:110703863,merged_as_alt_id,GeneID:110703863
cqi:110703864,merged_as_alt_id,GeneID:110703864
cqi:110703866,merged_as_alt_id,GeneID:110703866
cqi:110703867,merged_as_alt_id,GeneID:110703867
cqi:110703868,merged_as_alt_id,GeneID:110703868
cqi:110703870,merged_as_alt_id,GeneID:110703870
cqi:110703871,merged_as_alt_id,GeneID:110703871
cqi:110703872,merged_as_alt_id,GeneID:110703872
cqi:110703873,merged_as_alt_id,GeneID:110703873
cqi:110703874,merged_as_alt_id,GeneID:110703874
cqi:110703875,merged_as_alt_id,GeneID:110703875
cqi:110703876,merged_as_alt_id,GeneID:110703876
cqi:110703878,merged_as_alt_id,GeneID:110703878
cqi:110703879,merged_as_alt_id,GeneID:110703879
cqi:110703882,merged_as_alt_id,GeneID:110703882
cqi:110703883,merged_as_alt_id,GeneID:110703883
cqi:110703884,merged_as_alt_id,GeneID:110703884
cqi:110703885,merged_as_alt_id,GeneID:110703885
cqi:110703887,merged_as_alt_id,GeneID:110703887
cqi:110703889,merged_as_alt_id,GeneID:110703889
cqi:110703948,merged_as_alt_id,cqi:110682048
cqi:110703977,merged_as_alt_id,GeneID:110703977
cqi:110703978,merged_as_alt_id,GeneID:110703978
cqi:110703982,merged_as_alt_id,GeneID:110703982
cqi:110703984,merged_as_alt_id,GeneID:110703984
cqi:110703985,merged_as_alt_id,GeneID:110703985
cqi:110703990,merged_as_alt_id,GeneID:110703990
cqi:110703992,merged_as_alt_id,GeneID:110703992
cqi:110703993,merged_as_alt_id,GeneID:110703993
cqi:110703995,merged_as_alt_id,GeneID:110703995
cqi:110703997,merged_as_alt_id,GeneID:110703997
cqi:110703998,merged_as_alt_id,GeneID:110703998
cqi:110704014,merged_as_alt_id,cqi:110690281
cqi:110704032,merged_as_alt_id,cqi:110694174
cqi:110704035,merged_as_alt_id,GeneID:110704035
cqi:110704036,merged_as_alt_id,GeneID:110704036
cqi:110704038,merged_as_alt_id,GeneID:110704038
cqi:110704039,merged_as_alt_id,GeneID:110704039
cqi:110704040,merged_as_alt_id,GeneID:110704040
cqi:110704041,merged_as_alt_id,GeneID:110704041
cqi:110704042,merged_as_alt_id,GeneID:110704042
cqi:110704044,merged_as_alt_id,GeneID:110704044
cqi:110704045,merged_as_alt_id,GeneID:110704045
cqi:110704046,merged_as_alt_id,GeneID:110704046
cqi:110704047,merged_as_alt_id,GeneID:110704047
cqi:110704049,merged_as_alt_id,GeneID:110704049
cqi:110704050,merged_as_alt_id,GeneID:110704050
cqi:110704051,merged_as_alt_id,GeneID:110704051
cqi:110704053,merged_as_alt_id,GeneID:110704053
cqi:110704055,merged_as_alt_id,GeneID:110704055
cqi:110704056,merged_as_alt_id,GeneID:110704056
cqi:110704057,merged_as_alt_id,GeneID:110704057
cqi:110704059,merged_as_alt_id,GeneID:110704059
cqi:110704060,merged_as_alt_id,GeneID:110704060
cqi:110704061,merged_as_alt_id,GeneID:110704061
cqi:110704064,merged_as_alt_id,GeneID:110704064
cqi:110704065,merged_as_alt_id,GeneID:110704065
cqi:110704066,merged_as_alt_id,GeneID:110704066
cqi:110704069,merged_as_alt_id,GeneID:110704069
cqi:110704072,merged_as_alt_id,GeneID:110704072
cqi:110704073,merged_as_alt_id,GeneID:110704073
cqi:110704074,merged_as_alt_id,GeneID:110704074
cqi:110704076,merged_as_alt_id,GeneID:110704076
cqi:110704077,merged_as_alt_id,GeneID:110704077
cqi:110704091,merged_as_alt_id,GeneID:110704091
cqi:110704092,merged_as_alt_id,GeneID:110704092
cqi:110704093,merged_as_alt_id,GeneID:110704093
cqi:110704094,merged_as_alt_id,GeneID:110704094
cqi:110704096,merged_as_alt_id,GeneID:110704096
cqi:110704098,merged_as_alt_id,GeneID:110704098
cqi:110704099,merged_as_alt_id,GeneID:110704099
cqi:110704100,merged_as_alt_id,GeneID:110704100
cqi:110704101,merged_as_alt_id,GeneID:110704101
cqi:110704103,merged_as_alt_id,GeneID:110704103
cqi:110704104,merged_as_alt_id,GeneID:110704104
cqi:110704105,merged_as_alt_id,GeneID:110704105
cqi:110704106,merged_as_alt_id,GeneID:110704106
cqi:110704107,merged_as_alt_id,GeneID:110704107
cqi:110704108,merged_as_alt_id,GeneID:110704108
cqi:110704109,merged_as_alt_id,GeneID:110704109
cqi:110704110,merged_as_alt_id,GeneID:110704110
cqi:110704111,merged_as_alt_id,GeneID:110704111
cqi:110704113,merged_as_alt_id,GeneID:110704113
cqi:110704114,merged_as_alt_id,GeneID:110704114
cqi:110704115,merged_as_alt_id,GeneID:110704115
cqi:110704116,merged_as_alt_id,GeneID:110704116
cqi:110704117,merged_as_alt_id,GeneID:110704117
cqi:110704118,merged_as_alt_id,GeneID:110704118
cqi:110704120,merged_as_alt_id,GeneID:110704120
cqi:110704121,merged_as_alt_id,GeneID:110704121
cqi:110704122,merged_as_alt_id,GeneID:110704122
cqi:110704126,merged_as_alt_id,GeneID:110704126
cqi:110704127,merged_as_alt_id,GeneID:110704127
cqi:110704128,merged_as_alt_id,GeneID:110704128
cqi:110704129,merged_as_alt_id,GeneID:110704129
cqi:110704130,merged_as_alt_id,GeneID:110704130
cqi:110704135,merged_as_alt_id,GeneID:110704135
cqi:110704136,merged_as_alt_id,cqi:110703988
cqi:110704137,merged_as_alt_id,cqi:110703989
cqi:110704145,truly_missing,
cqi:110704146,truly_missing,
cqi:110704147,merged_as_alt_id,cqi:110704144
cqi:110704201,merged_as_alt_id,GeneID:110704201
cqi:110704202,merged_as_alt_id,GeneID:110704202
cqi:110704204,merged_as_alt_id,GeneID:110704204
cqi:110704205,merged_as_alt_id,GeneID:110704205
cqi:110704206,merged_as_alt_id,GeneID:110704206
cqi:110704208,merged_as_alt_id,GeneID:110704208
cqi:110704209,merged_as_alt_id,GeneID:110704209
cqi:110704210,merged_as_alt_id,GeneID:110704210
cqi:110704211,merged_as_alt_id,GeneID:110704211
cqi:110704212,merged_as_alt_id,GeneID:110704212
cqi:110704215,merged_as_alt_id,GeneID:110704215
cqi:110704216,merged_as_alt_id,GeneID:110704216
cqi:110704217,merged_as_alt_id,GeneID:110704217
cqi:110704224,merged_as_alt_id,GeneID:110704224
cqi:110704226,merged_as_alt_id,GeneID:110704226
cqi:110704229,merged_as_alt_id,GeneID:110704229
cqi:110704230,merged_as_alt_id,GeneID:110704230
cqi:110704231,merged_as_alt_id,GeneID:110704231
cqi:110704232,merged_as_alt_id,GeneID:110704232
cqi:110704233,merged_as_alt_id,GeneID:110704233
cqi:110704234,merged_as_alt_id,GeneID:110704234
cqi:110704235,merged_as_alt_id,GeneID:110704235
cqi:110704236,merged_as_alt_id,GeneID:110704236
cqi:110704280,merged_as_alt_id,GeneID:110704280
cqi:110704281,merged_as_alt_id,GeneID:110704281
cqi:110704283,merged_as_alt_id,GeneID:110704283
cqi:110704284,merged_as_alt_id,GeneID:110704284
cqi:110704285,merged_as_alt_id,GeneID:110704285
cqi:110704286,truly_missing,
cqi:110704288,merged_as_alt_id,GeneID:110704288
cqi:110704289,merged_as_alt_id,GeneID:110704289
cqi:110704291,merged_as_alt_id,GeneID:110704291
cqi:110704292,merged_as_alt_id,GeneID:110704292
cqi:110704293,merged_as_alt_id,GeneID:110704293
cqi:110704357,merged_as_alt_id,GeneID:110704357
cqi:110704361,merged_as_alt_id,GeneID:110704361
cqi:110704362,merged_as_alt_id,GeneID:110704362
cqi:110704365,merged_as_alt_id,GeneID:110704365
cqi:110704366,merged_as_alt_id,GeneID:110704366
cqi:110704367,merged_as_alt_id,GeneID:110704367
cqi:110704370,merged_as_alt_id,GeneID:110704370
cqi:110704371,merged_as_alt_id,GeneID:110704371
cqi:110704373,merged_as_alt_id,GeneID:110704373
cqi:110704374,merged_as_alt_id,GeneID:110704374
cqi:110704375,merged_as_alt_id,GeneID:110704375
cqi:110704376,merged_as_alt_id,GeneID:110704376
cqi:110704377,merged_as_alt_id,GeneID:110704377
cqi:110704378,merged_as_alt_id,GeneID:110704378
cqi:110704379,merged_as_alt_id,GeneID:110704379
cqi:110704380,merged_as_alt_id,GeneID:110704380
cqi:110704383,merged_as_alt_id,GeneID:110704383
cqi:110704384,merged_as_alt_id,GeneID:110704384
cqi:110704385,merged_as_alt_id,GeneID:110704385
cqi:110704386,merged_as_alt_id,GeneID:110704386
cqi:110704387,merged_as_alt_id,GeneID:110704387
cqi:110704389,merged_as_alt_id,GeneID:110704389
cqi:110704390,merged_as_alt_id,GeneID:110704390
cqi:110704391,merged_as_alt_id,GeneID:110704391
cqi:110704392,merged_as_alt_id,GeneID:110704392
cqi:110704394,merged_as_alt_id,GeneID:110704394
cqi:110704395,merged_as_alt_id,GeneID:110704395
cqi:110704476,merged_as_alt_id,cqi:110691554
cqi:110704493,merged_as_alt_id,cqi:110689736
cqi:110704502,truly_missing,
cqi:110704529,merged_as_alt_id,GeneID:110704529
cqi:110704535,merged_as_alt_id,GeneID:110704535
cqi:110704536,merged_as_alt_id,GeneID:110704536
cqi:110704538,merged_as_alt_id,GeneID:110704538
cqi:110704539,merged_as_alt_id,GeneID:110704539
cqi:110704540,merged_as_alt_id,GeneID:110704540
cqi:110704541,merged_as_alt_id,GeneID:110704541
cqi:110704542,merged_as_alt_id,GeneID:110704542
cqi:110704575,merged_as_alt_id,cqi:110683575
cqi:110704579,merged_as_alt_id,GeneID:110704579
cqi:110704580,merged_as_alt_id,GeneID:110704580
cqi:110704582,merged_as_alt_id,GeneID:110704582
cqi:110704583,merged_as_alt_id,GeneID:110704583
cqi:110704649,merged_as_alt_id,GeneID:110704649
cqi:110704650,merged_as_alt_id,GeneID:110704650
cqi:110704651,merged_as_alt_id,GeneID:110704651
cqi:110704655,merged_as_alt_id,GeneID:110704655
cqi:110704658,merged_as_alt_id,GeneID:110704658
cqi:110704668,merged_as_alt_id,GeneID:110704668
cqi:110704669,merged_as_alt_id,GeneID:110704669
cqi:110704670,merged_as_alt_id,GeneID:110704670
cqi:110704671,merged_as_alt_id,GeneID:110704671
cqi:110704673,merged_as_alt_id,GeneID:110704673
cqi:110704674,merged_as_alt_id,GeneID:110704674
cqi:110704675,merged_as_alt_id,GeneID:110704675
cqi:110704676,merged_as_alt_id,GeneID:110704676
cqi:110704677,merged_as_alt_id,GeneID:110704677
cqi:110704678,merged_as_alt_id,GeneID:110704678
cqi:110704680,merged_as_alt_id,GeneID:110704680
cqi:110704682,merged_as_alt_id,GeneID:110704682
cqi:110704683,merged_as_alt_id,GeneID:110704683
cqi:110704684,merged_as_alt_id,GeneID:110704684
cqi:110704685,merged_as_alt_id,GeneID:110704685
cqi:110704686,merged_as_alt_id,GeneID:110704686
cqi:110704687,merged_as_alt_id,GeneID:110704687
cqi:110704690,merged_as_alt_id,GeneID:110704690
cqi:110704691,merged_as_alt_id,GeneID:110704691
cqi:110704710,merged_as_alt_id,GeneID:110704710
cqi:110704711,merged_as_alt_id,GeneID:110704711
cqi:110704712,merged_as_alt_id,GeneID:110704712
cqi:110704713,merged_as_alt_id,GeneID:110704713
cqi:110704715,merged_as_alt_id,GeneID:110704715
cqi:110704719,merged_as_alt_id,GeneID:110704719
cqi:110704720,merged_as_alt_id,GeneID:110704720
cqi:110704722,merged_as_alt_id,GeneID:110704722
cqi:110704723,merged_as_alt_id,GeneID:110704723
cqi:110704724,merged_as_alt_id,GeneID:110704724
cqi:110704725,merged_as_alt_id,GeneID:110704725
cqi:110704726,merged_as_alt_id,GeneID:110704726
cqi:110704727,merged_as_alt_id,GeneID:110704727
cqi:110704728,merged_as_alt_id,GeneID:110704728
cqi:110704729,merged_as_alt_id,GeneID:110704729
cqi:110704730,merged_as_alt_id,GeneID:110704730
cqi:110704731,merged_as_alt_id,GeneID:110704731
cqi:110704733,merged_as_alt_id,GeneID:110704733
cqi:110704734,merged_as_alt_id,GeneID:110704734
cqi:110704736,merged_as_alt_id,GeneID:110704736
cqi:110704737,merged_as_alt_id,GeneID:110704737
cqi:110704837,merged_as_alt_id,GeneID:110704837
cqi:110704841,merged_as_alt_id,GeneID:110704841
cqi:110704842,merged_as_alt_id,GeneID:110704842
cqi:110704844,merged_as_alt_id,GeneID:110704844
cqi:110704845,merged_as_alt_id,GeneID:110704845
cqi:110704846,merged_as_alt_id,GeneID:110704846
cqi:110704848,merged_as_alt_id,GeneID:110704848
cqi:110704851,merged_as_alt_id,GeneID:110704851
cqi:110704852,merged_as_alt_id,GeneID:110704852
cqi:110704854,merged_as_alt_id,GeneID:110704854
cqi:110704855,merged_as_alt_id,GeneID:110704855
cqi:110704856,merged_as_alt_id,GeneID:110704856
cqi:110704858,merged_as_alt_id,GeneID:110704858
cqi:110704861,merged_as_alt_id,GeneID:110704861
cqi:110704862,merged_as_alt_id,GeneID:110704862
cqi:110704864,merged_as_alt_id,GeneID:110704864
cqi:110704867,merged_as_alt_id,GeneID:110704867
cqi:110704872,merged_as_alt_id,GeneID:110704872
cqi:110704875,merged_as_alt_id,GeneID:110704875
cqi:110704876,merged_as_alt_id,GeneID:110704876
cqi:110704878,merged_as_alt_id,GeneID:110704878
cqi:110704879,merged_as_alt_id,GeneID:110704879
cqi:110704880,merged_as_alt_id,GeneID:110704880
cqi:110704881,merged_as_alt_id,GeneID:110704881
cqi:110704882,merged_as_alt_id,GeneID:110704882
cqi:110704885,merged_as_alt_id,GeneID:110704885
cqi:110704886,merged_as_alt_id,GeneID:110704886
cqi:110704887,merged_as_alt_id,GeneID:110704887
cqi:110704888,merged_as_alt_id,GeneID:110704888
cqi:110704890,merged_as_alt_id,GeneID:110704890
cqi:110704891,merged_as_alt_id,GeneID:110704891
cqi:110704892,merged_as_alt_id,GeneID:110704892
cqi:110704895,merged_as_alt_id,GeneID:110704895
cqi:110705091,merged_as_alt_id,cqi:110694080
cqi:110705191,merged_as_alt_id,cqi:110697128
cqi:110705235,merged_as_alt_id,GeneID:110705235
cqi:110705252,merged_as_alt_id,GeneID:110705252
cqi:110705253,merged_as_alt_id,GeneID:110705253
cqi:110705254,merged_as_alt_id,GeneID:110705254
cqi:110705256,merged_as_alt_id,GeneID:110705256
cqi:110705257,merged_as_alt_id,GeneID:110705257
cqi:110705258,merged_as_alt_id,GeneID:110705258
cqi:110705260,merged_as_alt_id,GeneID:110705260
cqi:110705261,merged_as_alt_id,GeneID:110705261
cqi:110705263,merged_as_alt_id,GeneID:110705263
cqi:110705265,merged_as_alt_id,GeneID:110705265
cqi:110705266,merged_as_alt_id,GeneID:110705266
cqi:110705269,merged_as_alt_id,GeneID:110705269
cqi:110705270,merged_as_alt_id,GeneID:110705270
cqi:110705271,merged_as_alt_id,GeneID:110705271
cqi:110705272,merged_as_alt_id,GeneID:110705272
cqi:110705275,merged_as_alt_id,GeneID:110705275
cqi:110705276,merged_as_alt_id,GeneID:110705276
cqi:110705277,merged_as_alt_id,GeneID:110705277
cqi:110705278,merged_as_alt_id,GeneID:110705278
cqi:110705279,merged_as_alt_id,GeneID:110705279
cqi:110705280,merged_as_alt_id,GeneID:110705280
cqi:110705298,merged_as_alt_id,cqi:110701692
cqi:110705326,merged_as_alt_id,GeneID:110705326
cqi:110705327,merged_as_alt_id,PA540304.1
cqi:110705339,merged_as_alt_id,GeneID:110705339
cqi:110705340,merged_as_alt_id,cqi:110696309
cqi:110705341,merged_as_alt_id,cqi:110696310
cqi:110705342,merged_as_alt_id,cqi:110696311
cqi:110705377,merged_as_alt_id,cqi:110682365
cqi:110705496,merged_as_alt_id,cqi:110687349
pdb|5ZV6|A,truly_missing,
